rule_id,entity_id,entity_origin,target_origin,compound_name,synonyms,compound_class,subclass,formula,exact_mass,ion_mode,adduct,reported_precursor_mz,reported_fragments,reported_neutral_losses,literature_status,derivation_id,evidence_ids,review_status,review_note
cmp_12822fcd1f86c3,entity_12822fcd1f86c3ce,reported,reported,Betanin,,betalain,,C24H26N2O13,550.14348890125,positive,[M+H]+,551.1508,"[389.09, 345.1, 343.09, 299.1, 297.08, 281.09, 269.09, 255.11, 253.09, 194.04, 166.05, 178.05, 176.07, 166.05, 150.05, 138.05, 132.04, 106.6];[];253.09;194.04;166.05;178.05;176.07;150.05;138.05;132.04;106.6;389.09;345.1;343.09;299.1;297.08;281.09;269.09;255.11;522.15;521.14;519.16;518.15;517.15;516.14;515.13;514.12;513.11;511.16;509.14;508.13;507.16;506.15;505.15;504.14;503.13;501.15;500.14;499.13;498.13;497.12;495.1;493.15;491.17;490.16;489.15;488.14;487.13;486.13;485.12;483.14;481.15;479.13;478.12;477.15;476.14;475.13;473.16;472.15;471.14;470.13;469.12;465.15;463.13;462.13;461.12;460.11;459.14;458.13;457.12;447.14;445.12;443.11;429.13;427.11;425.1;419.11;417.09;389.1;388.09;387.08;386.07;382.11;375.12;373.1;372.1;371.09;370.08;369.07;368.1;366.12;364.1;361.1;360.1;359.12;358.11;357.11;356.1;355.09;354.08;353.08;352.1;351.06;349.1;347.09;345.11;344.1;343.13;342.09;341.09;340.1;339.1;338.09;337.08;335.09;331.09;330.12;329.11;328.1;327.1;326.09;325.09;324.08;323.08;322.09;320.08;319.09;317.08;316.07;315.1;314.09;313.09;312.11;311.1;310.09;307.08;306.07;303.1;301.08;300.07;299.07;298.06;297.1;296.09;294.1;288.11;287.1;286.09;285.1;284.08;283.07;282.06;281.08;280.07;279.09;273.1;271.08;270.07;268.09;267.06;265.08;264.07;263.07;262.06;255.09;254.08;253.08;252.06;251.07;250.08;249.05;247.07;245.06;237.09;235.07;233.06;231.04;223.07;222.06;220.06;211.07;209.06;208.05;207.08;205.06;196.06;195.05;193.04;192.03;191.05;182.08;181.05;180.04;179.03;177.04;176.03;167.07;166.09;165.05;164.05;163.04;147.04;146.04;145.05;135.04;134.04;130.04;124.04;123.04;119.05;111.04;110.06;109.03;108.02;107.05;106.04",,reported,,claim_10c59f13dac73dbc;claim_80f572ddf539ca4b;chunk_f82a0901b6c23600badc;chunk_5057b9cf26c3cd7dd9c5;chunk_7211ddd1008a82f5deaf;chunk_98b5fb693a18377a06b1;chunk_185a54d9c1554c086b1f;chunk_b2f5215d26a079ab47fc;chunk_a39f52376cd9c963f1ba,candidate,"Betanin is listed as compound #3 with retention time 3.43, relative Rt 1, chemical formula C24H26N2O13, theoretical m/z 551.1508, observed m/z 551.1483, mass accuracy -4.54 ppm, and fragments 389.09, 345.10, 343.09, 299.10, 297.08, 281.09, 269.09, 255.11, 253.09, 194.04, 166.05, 178.05, 176.07, 166.05, 150.05, 138.05, 132.04, 106.6."
cmp_1cffd0c2c566ec,entity_1cffd0c2c566ecac,reported,reported,18-chloro-17-decarboxy-betanin,,betalain,,,,positive,,,"[379, 343, 333, 299, 297, 255, 253, 150]",,reported,,claim_0c548a0c243d4f7b;claim_53381148a2fac105,candidate,The compound 18-chloro-17-decarboxy-betanin (2a) is mentioned with its fragmentation pattern.
cmp_52721104398e4d,entity_52721104398e4d3a,reported,reported,18-chloro-betanin,,betalain,,,,positive,[M+H]+,,"[423, 387, 377, 341, 331, 287, 251, 150, 295, 297, 253]",,reported,,claim_c76754e64c518f4b,candidate,Compound 18-chloro-betanin is identified in the text.
cmp_c63ef914c38130,entity_c63ef914c38130fd,reported,reported,"18-chloro-2,17-bidecarboxy-betanin",,betalain,,,,,,,"[335, 299, 289, 255, 253, 150]",,reported,,claim_fc17aa479c8bd6dc;claim_147779b3fef98e76;claim_692ab7e47921bbb1,candidate,"Compound 18-chloro-2,17-bidecarboxy-betanin is listed in Table 3."
cmp_dc93e29b365096,entity_dc93e29b3650969f,reported,reported,betanidin,,betalain,,C18H16N2O8,388.0906654811,positive,[M+H]+,389.0979,[];253.09;194.04;166.05;178.05;176.07;150.05;138.05;132.04;106.6;343.09;299.1;297.08;281.09;269.09;255.08;361.1;360.1;359.09;358.08;357.11;356.1;355.09;354.08;353.08;352.07;351.06;349.1;347.09;346.08;345.11;344.1;342.08;341.08;340.08;339.1;338.09;337.08;336.07;335.09;333.11;331.09;330.08;329.11;328.11;327.1;326.09;325.08;324.07;323.07;319.09;318.1;317.08;316.07;315.1;314.09;313.08;312.07;311.1;310.09;309.09;308.08;307.07;305.11;304.08;303.1;302.1;301.08;300.07;299.07;298.09;297.06;296.08;291.1;288.09;287.1;286.09;285.09;284.12;283.07;282.1;280.07;279.06;275.1;274.09;273.09;272.08;271.07;270.08;267.06;266.05;265.08;264.07;263.07;262.06;260.09;259.08;258.08;257.09;256.1;254.08;253.08;252.07;251.07;250.06;249.09;248.04;247.07;246.08;245.06;244.06;242.08;240.07;235.07;234.08;233.06;232.06;230.08;228.07;223.07;222.06;220.06;218.08;216.07;211.07;209.06;208.05;207.05;206.04;205.06;204.07;202.05;196.06;195.05;193.04;192.05;191.05;190.05;182.04;181.05;180.04;179.03;177.04;176.03;174.05;169.04;168.07;167.08;165.05;164.05;163.04;162.03;152.07;151.04;149.05;148.04;147.04;146.04;144.03;142.01;137.02;136.04;135.04;134.04;126.05;124.04;123.04;119.05;118.04;114.02;111.04;110.02;109.03;108.02;107.05;106.04;100.04;255.11,,reported,,claim_b3409821677c4f10;chunk_604c7281d5352cd71b73;chunk_2d9dd1faec7e052d9650;chunk_8172f7e7f178901209b2,candidate,Betanidin is listed as a compound in Table 1.
cmp_1ad3c6cd6014c7,entity_1ad3c6cd6014c707,reported,reported,neobetanin,,betalain,,C24H24N2O13,548.12783883679,positive,[M+H]+,549.1351,[];255.08;253.09;194.04;178.05;176.07;166.05;150.05;132.04;343.09;299.1;297.08;281.09;269.09;520.13;519.12;517.15;516.14;515.13;514.12;513.11;512.11;511.1;509.14;507.12;506.12;505.15;504.14;503.13;502.12;501.11;497.12;496.11;495.1;493.09;491.13;490.12;489.11;488.14;487.13;486.13;485.12;484.11;483.1;479.13;477.11;476.11;474.13;473.12;471.14;469.12;468.12;467.11;461.12;460.11;459.1;458.1;456.12;455.11;451.11;443.11;441.09;433.12;425.1;423.08;417.09;415.08;387.08;386.07;385.07;384.06;373.1;371.09;370.08;369.07;368.06;367.06;359.09;358.08;357.11;356.1;355.09;354.08;353.08;352.07;351.09;350.09;347.09;345.07;342.09;341.09;340.07;339.1;338.09;337.08;336.07;334.09;333.07;329.08;327.1;326.09;325.09;324.08;323.08;322.09;321.08;320.08;319.07;317.08;315.06;314.05;313.08;312.11;311.1;310.09;308.09;307.08;306.07;302.07;301.08;299.07;298.06;297.1;296.09;294.1;293.09;285.1;283.07;282.06;280.09;279.06;278.05;277.05;276.09;273.1;271.08;270.07;268.09;267.09;265.05;264.04;263.07;262.06;261.05;255.09;254.08;253.07;252.06;251.07;250.08;249.05;247.03;237.08;235.07;233.06;231.04;221.06;209.06;207.05;206.03;193.04;192.03;191.06;190.05;181.05;180.04;179.03;177.04;176.03;167.07;165.05;164.05;163.04;162.05;149.05;148.04;147.04;146.04;145.05;136.08;135.04;134.04;130.04;123.04;119.05;111.04;109.03;108.02;107.05;106.04;106.06,,reported,,claim_9d845747eed627e1;chunk_f0a2d0db1aad93dc174a;chunk_ad5844dad00adf5d2084;chunk_9403b9ee5700fe0ec3bb;chunk_6d17a155e997faa0c330,candidate,Neobetanin is listed as a compound in Table 1.
cmp_8d69a655ba3c9a,entity_8d69a655ba3c9a7e,reported,reported,2-O-Glucosyl-betanin,,betalain,,,,,,,[],,reported,,claim_b5a08ed54d749441,candidate,2-O-Glucosyl-betanin is listed as a compound in Table 1.
cmp_7486d541e979f1,entity_7486d541e979f1d3,reported,reported,18-chloro-2-decarboxy-betanin,,betalain,,,,positive,,,"[379, 343, 333, 297, 253, 150, 132]",,reported,,claim_18405b4c2a674eff,candidate,Compound 4a is identified as 18-chloro-2-decarboxy-betanin.
cmp_2161f2c12be6c7,entity_2161f2c12be6c7e3,reported,reported,monochloro-betanin 1a,,betalain,,,,,,,,,reported,,claim_b1ce262145437447,candidate,The window refers to monochloro-betanin 1a as a chlorinated derivative of betanin.
cmp_f5f280c1f41c4d,entity_f5f280c1f41c4d25,reported,reported,monochloro-17-decarboxy-betanin 2a,,betalain,,,,,,,,,reported,,claim_172a1512021bc9f1,candidate,The window mentions monochloro-17-decarboxy-betanin 2a as a chlorinated derivative.
cmp_84a5f7337f9986,entity_84a5f7337f99863b,reported,reported,"monochloro-2,17-decarboxy-betanin 6a",,betalain,,,,,,,,,reported,,claim_bcdc6c228fc656c3,candidate,"The window mentions monochloro-2,17-decarboxy-betanin 6a as a chlorinated derivative."
cmp_4edae395b4203c,entity_4edae395b4203c5a,reported,reported,betanidin 5,,betalain,,,,,,,,,reported,,claim_341c9572b83604be,candidate,The window mentions betanidin 5 as a chlorination product with low stability.
cmp_d8c48cad1e6cb7,entity_d8c48cad1e6cb780,reported,reported,betanin 1,,betalain,,,,,,,,,reported,,claim_a348d9fd71b3df5f,candidate,The window refers to betanin 1 as a precursor for chlorination.
cmp_efe80b36aa4941,entity_efe80b36aa4941eb,reported,reported,17-decarboxy-betanin 2,,betalain,,,,,,,,,reported,,claim_3a055b35c9231033,candidate,The window mentions 17-decarboxy-betanin 2 as a precursor.
cmp_708bce734f2966,entity_708bce734f296636,reported,reported,"2,17-decarboxy-betanin 6",,betalain,,,,,,,,,reported,,claim_50d002e8261d7e85,candidate,"The window mentions 2,17-decarboxy-betanin 6 as a precursor."
cmp_3d908e0340f0d1,entity_3d908e0340f0d185,reported,reported,"15,17-bidecarboxy-betanin",,betalain,,C22H27N2O9,463.17165545520004,positive,[M+H]+,,"['m/z 301', 'm/z 257', 'm/z 255']",,reported,,claim_2b4e2c0303e7886d;chunk_367d9966abf7e591bd3f;claim_d1dcc0663e273f6e,candidate,"Compound 3 is identified as 15,17-bidecarboxy-betanin."
cmp_bb0400884db0bb,entity_bb0400884db0bb96,reported,reported,(Iso)betanin,,betalain,,C24H27N2O13+,551.15131393348,positive,[M+H]+,,"['150.0549', '343.0931', '389.0987', '390.1021', '391.1041', '551.1522']",,reported,,claim_f6ba0433a45b36a1;chunk_c83c76f5455641dc67db,candidate,"Compound listed in Table 3 with m/z 551.15130, formula C24H27N2O13+, and MS fragments."
cmp_a8b07afb39bf10,entity_a8b07afb39bf10fc,reported,reported,18-chloro-15-decarboxy-betanin,,betalain,,,,positive,[M+H]+,,"[379, 343, 333, 297, 253, 251, 150, 132]",,reported,,claim_b941909cf7ad9209,candidate,Compound 3a is identified as 18-chloro-15-decarboxy-betanin.
cmp_df401f885ccc84,entity_df401f885ccc8471,reported,reported,"2,17-bidecarboxy-betanin",,betalain,,,,,,,,,reported,,claim_d2e768c5bf03fbec;claim_31d993010bc95cb3,candidate,"The text refers to precursors 1, 2, and 6, which are betanin, 17-decarboxy-betanin, and 2,17-bidecarboxy-betanin."
cmp_6f473a3b9ed42d,entity_6f473a3b9ed42db7,reported,reported,Isobetanin,,betalain,,C24H26N2O13,550.14348890125,positive,[M+H]+,551.1508,477;389;253.09;194.04;166.05;178.05;176.07;150.05;138.05;132.04;106.6;343.09;299.1;297.08;281.09;269.09;255.08;522.15;521.14;519.16;518.15;517.15;516.14;515.13;514.12;513.11;511.16;509.14;508.13;507.16;506.15;505.15;504.14;503.13;501.15;500.14;499.13;498.13;497.12;495.1;493.15;491.17;490.16;489.15;488.14;487.13;486.13;485.12;483.14;481.15;479.13;478.12;477.15;476.14;475.13;473.16;472.15;471.14;470.13;469.12;465.15;463.13;462.13;461.12;460.11;459.14;458.13;457.12;447.14;445.12;443.11;429.13;427.11;425.1;419.11;417.09;389.1;388.09;387.08;386.07;382.11;375.12;373.1;372.1;371.09;370.08;369.07;368.1;366.12;364.1;361.1;360.1;359.12;358.11;357.11;356.1;355.09;354.08;353.08;352.1;351.06;349.1;347.09;345.11;344.1;343.13;342.09;341.09;340.1;339.1;338.09;337.08;335.09;331.09;330.12;329.11;328.1;327.1;326.09;325.09;324.08;323.08;322.09;320.08;319.09;317.08;316.07;315.1;314.09;313.09;312.11;311.1;310.09;307.08;306.07;303.1;301.08;300.07;299.07;298.06;297.1;296.09;294.1;288.11;287.1;286.09;285.1;284.08;283.07;282.06;281.08;280.07;279.09;273.1;271.08;270.07;268.09;267.06;265.08;264.07;263.07;262.06;255.09;254.08;253.08;252.06;251.07;250.08;249.05;247.07;245.06;237.09;235.07;233.06;231.04;223.07;222.06;220.06;211.07;209.06;208.05;207.08;205.06;196.06;195.05;193.04;192.03;191.05;182.08;181.05;180.04;179.03;177.04;176.03;167.07;166.09;165.05;164.05;163.04;147.04;146.04;145.05;135.04;134.04;130.04;124.04;123.04;119.05;111.04;110.06;109.03;108.02;107.05;106.04;255.11,,reported,,chunk_f82a0901b6c23600badc;chunk_5057b9cf26c3cd7dd9c5;chunk_5a93b1bf7c684ebe607a;chunk_48a59759c2e737bfde8f;chunk_a8c4f6b9d9c11bee7535,candidate,Structured compound record mined from local corpus text.
cmp_abe976d64d9cda,entity_abe976d64d9cdace,reported,reported,Vulgaxanthin I,,betalain,,C14H17N3O7,339.10664989819,positive,[M+H]+,,323;294;277,,reported,,chunk_f82a0901b6c23600badc,candidate,Structured compound record mined from local corpus text.
cmp_3931ac0ae66a84,entity_3931ac0ae66a84a2,reported,reported,Vulgaxanthin II,,betalain,,C14H16N2O8,340.0906654811,positive,[M+H]+,,327;302;279,,reported,,chunk_f82a0901b6c23600badc,candidate,Structured compound record mined from local corpus text.
cmp_6537836980c319,entity_6537836980c31978,reported,reported,Indicaxanthin,,betalain,,C14H16N2O6,308.10083624196,positive,[M+H]+,,,,reported,,chunk_f82a0901b6c23600badc,candidate,Structured compound record mined from local corpus text.
cmp_bb2b8a522a8db6,entity_bb2b8a522a8db6f1,reported,reported,Decarboxyneobetanin et al. (,,betalain,,C23H24N2O11,504.13800959765,positive,[M+H]+,,343;297,,reported,,chunk_f0a2d0db1aad93dc174a,candidate,Structured compound record mined from local corpus text.
cmp_5a264227eea012,entity_5a264227eea012c1,reported,reported,Decarboxybetanin,,betalain,,C23H26N2O11,506.15365966211,positive,[M+H]+,,370;194,,reported,,chunk_f0a2d0db1aad93dc174a,candidate,Structured compound record mined from local corpus text.
cmp_51cd907a028516,entity_51cd907a02851614,reported,reported,Asparagine bx (Vulgaxantin III),,betalain,,C13H16N3O7,326.09882486596,positive,[M+H]+,,,,reported,,chunk_8be1af21e1ec24a36735,candidate,Structured compound record mined from local corpus text.
cmp_7c11f0b81ae022,entity_7c11f0b81ae0226b,reported,reported,Serine bx,,betalain,,C12H15N2O7,299.0879258293,positive,[M+H]+,,,,reported,,chunk_179b53ac4d2fce945329,candidate,Structured compound record mined from local corpus text.
cmp_e5f5f3e2109a98,entity_e5f5f3e2109a9874,reported,reported,Glutamine bx (Vulgaxanthin I),,betalain,,C14H18N3O7,340.11447493042,positive,[M+H]+,,,,reported,,chunk_179b53ac4d2fce945329,candidate,Structured compound record mined from local corpus text.
cmp_bf257245e3c24b,entity_bf257245e3c24b07,reported,reported,"2,17-Bidecarboxy-2,3-Glutamic acid bx",,betalain,,C22H23N2O9,459.14035532628003,positive,[M+H]+,,,,reported,,chunk_179b53ac4d2fce945329,candidate,Structured compound record mined from local corpus text.
cmp_93f6337181483b,entity_93f6337181483b79,reported,reported,Glutamic acid bx (Vulgaxanthin II),,betalain,,C14H17N2O8,341.09849051333,positive,[M+H]+,,,,reported,,chunk_b95a21f686d977feb7af,candidate,Structured compound record mined from local corpus text.
cmp_31aa73bab41c7d,entity_31aa73bab41c7d77,reported,reported,γ-Aminobutyric acid bx,,betalain,,C13H17N2O6,297.10866127419,positive,[M+H]+,,,,reported,,chunk_b95a21f686d977feb7af,candidate,Structured compound record mined from local corpus text.
cmp_fd2bcf134a1c6b,entity_fd2bcf134a1c6bdc,reported,reported,Proline bx (Indicaxanthin),,betalain,,C14H17N2O6,309.10866127419,positive,[M+H]+,,,,reported,,chunk_b95a21f686d977feb7af,candidate,Structured compound record mined from local corpus text.
cmp_fbdd71954027b6,entity_fbdd71954027b678,reported,reported,Betanin /Isobetanin,,betalain,,C24H27N2O13,551.15131393348,positive,[M+H]+,,,,reported,,chunk_b95a21f686d977feb7af,candidate,Structured compound record mined from local corpus text.
cmp_c64b783656dd4a,entity_c64b783656dd4ab8,reported,reported,Dopamine bx (Miraxanthin V),,betalain,,C17H19N2O6,347.12431133865,positive,[M+H]+,,,,reported,,chunk_39c8a27e8a2c1bad5fa3,candidate,Structured compound record mined from local corpus text.
cmp_2b43c80ebf878c,entity_2b43c80ebf878cb2,reported,reported,Tyrosine bx (Portulacaxanthin II),,betalain,,C18H19N2O7,375.11922595822,positive,[M+H]+,,,,reported,,chunk_39c8a27e8a2c1bad5fa3,candidate,Structured compound record mined from local corpus text.
cmp_f1594d566fcee5,entity_f1594d566fcee521,reported,reported,"4,15-Dehydro- betanin (Neobetanin )",,betalain,,C24H25N2O13,549.13566386902,positive,[M+H]+,,,,reported,,chunk_39c8a27e8a2c1bad5fa3,candidate,Structured compound record mined from local corpus text.
cmp_d70212df70addd,entity_d70212df70adddd2,reported,reported,Valine bx,,betalain,,C14H18N2O6,310.11648630642003,positive,[M+H]+,,,,reported,,chunk_8485f6939f535ba3aa00,candidate,Structured compound record mined from local corpus text.
cmp_6594dcd756b6c8,entity_6594dcd756b6c83d,reported,reported,Leucine bx (Vulgaxanthin IV),,betalain,,C15H21N2O6,325.13996140311,positive,[M+H]+,,,,reported,,chunk_8485f6939f535ba3aa00,candidate,Structured compound record mined from local corpus text.
cmp_48ad36ed2b076a,entity_48ad36ed2b076ab7,reported,reported,Phenylalanine bx,,betalain,,C18H19N2O6,359.12431133865,positive,[M+H]+,,,,reported,,chunk_ac42342b59621972e55d,candidate,Structured compound record mined from local corpus text.
cmp_db242f35fe5d73,entity_db242f35fe5d7354,reported,reported,Tryptophan bx,,betalain,,C20H20N3O6,398.13521037531,positive,[M+H]+,,,,reported,,chunk_ac42342b59621972e55d,candidate,Structured compound record mined from local corpus text.
cmp_231c36f3d94f81,entity_231c36f3d94f8119,reported,reported,17-Decarboxy-betanin,,betalain,,C23H26N2O11,506.15365966211,positive,[M+H]+,507.1609,55;345.1;299.1;297.08;281.09;255.11;253.09;194.04;178.05;176.07;150.05;138.05;132.04;106.06;478.16;477.15;475.17;474.16;473.16;472.15;471.14;470.13;469.12;467.17;465.15;464.14;463.17;462.16;461.16;460.15;459.14;457.16;456.15;455.14;454.14;453.13;451.11;449.16;447.18;446.17;445.16;444.15;443.14;442.14;441.13;439.15;437.16;435.14;434.13;433.16;432.15;431.14;429.17;428.16;427.15;426.14;425.13;421.16;419.14;418.14;417.13;416.12;415.15;414.14;413.13;403.15;401.13;399.12;385.14;383.12;382.11;381.11;375.12;373.1;369.11;368.1;366.12;364.1;358.11;357.11;356.1;355.09;352.1;351.09;345.11;344.1;343.09;342.09;341.09;340.1;339.09;338.09;337.08;331.13;330.12;329.11;328.11;327.1;326.09;325.09;324.08;323.08;322.09;320.08;317.11;316.11;315.13;313.12;312.11;311.1;310.09;309.09;307.08;306.07;305.11;303.1;301.12;300.11;299.14;298.09;297.12;296.09;295.11;294.1;293.09;291.1;288.11;287.1;286.09;285.1;283.11;282.1;280.09;279.09;275.1;273.1;272.08;271.08;270.07;269.09;268.09;267.09;259.11;257.09;256.08;255.09;254.08;253.07;252.06;250.08;249.08;243.11;241.1;240.09;239.08;238.07;237.09;236.08;235.06;227.12;225.1;223.07;221.09;220.08;219.08;218.07;209.09;207.08;205.06;203.08;201.07;196.06;195.05;193.1;192.03;191.08;189.07;187.05;182.08;181.05;180.04;179.08;177.04;167.08;166.09;165.05;164.05;163.09;161.07;152.07;151.09;149.07;147.04;146.04;145.05;136.08;135.04;134.04;130.04;124.04;123.04;119.05;111.04;110.06;109.03;108.02;107.05;106.04,,reported,,chunk_ac42342b59621972e55d;chunk_6fd34ce473bbe06c7d2c;chunk_88375951a81847cfbe7f;chunk_0769deaa4319c5bcedab,candidate,Structured compound record mined from local corpus text.
cmp_f646a50441d14a,entity_f646a50441d14a86,reported,reported,2-Decarboxy-neobetanin,,betalain,,C23H24N2O11,504.13800959765,positive,[M+H]+,505.1453,343.09;299.1;297.08;281.09;269.09;255.08;253.09;194.04;178.05;176.07;150.05;138.05;132.04;106.06;485.12;479.13;477.11;476.11;474.13;473.12;472.15;471.14;470.13;469.12;468.12;467.11;461.12;460.11;459.1;458.1;457.12;456.12;455.11;454.14;453.13;452.12;451.11;450.11;447.14;444.15;443.11;442.14;441.09;438.11;437.1;435.14;434.11;433.12;432.12;431.11;430.14;429.13;426.14;425.1;424.13;423.08;417.17;416.16;415.15;413.1;408.13;407.12;399.16;398.15;397.14;373.1;371.09;355.09;354.08;342.08;341.08;340.07;329.11;328.11;327.1;326.09;325.08;324.07;323.1;317.08;315.06;314.05;313.08;312.11;311.1;310.09;307.11;306.1;303.1;301.08;299.07;298.06;297.1;296.11;294.1;293.09;285.1;283.07;282.06;281.1;280.08;279.09;278.1;276.09;275.08;273.1;271.08;270.07;268.09;267.09;261.08;258.08;257.07;255.09;254.08;253.07;252.06;251.08;250.08;249.08;237.08;235.07;234.06;233.06;221.06;220.05;209.06;208.05;207.04;206.03;204.05;193.04;192.05;180.03;177.07;176.06;175.05;165.05;163.06;162.05;161.04;160.06;149.05;148.04;147.07;145.05;143.03;136.08;135.04;134.06;133.05;127.04;123.04;121.06;120.08;119.05;118.07;111.04;109.03;108.02;107.05;106.04;103.05;101.02,,reported,,chunk_ac42342b59621972e55d;chunk_16526064ef1607e694e6;chunk_ec44366c20a12d85ebb2,candidate,Structured compound record mined from local corpus text.
cmp_aa54d431f60f1b,entity_aa54d431f60f1b89,reported,reported,(Iso)Amaranthin,,betalain,,C30H35N2O19,727.1834019087399,,,,,,reported,,chunk_58ebf6f0ecf2499feb48,candidate,Structured compound record mined from local corpus text.
cmp_63adb2c420084c,entity_63adb2c420084c3c,reported,reported,17-Decarboxy-(iso)amaranthin,,betalain,,C29H35N2O17,683.1935726696,,,,,,reported,,chunk_c83c76f5455641dc67db,candidate,Structured compound record mined from local corpus text.
cmp_046c9b05ef7a56,entity_046c9b05ef7a5636,reported,reported,"(2, 15 or 17)-Decarboxy-(iso)betanin",,betalain,,C23H27N2O11,507.16148469434,,,,,,reported,,chunk_5d4d6c48c5e038a5ce89,candidate,Structured compound record mined from local corpus text.
cmp_a8cf5847d7ceca,entity_a8cf5847d7ceca1f,reported,reported,"(2, 15 or 17)-Decarboxy(iso)",,betalain,,C23H27N2O11,507.16148469434,,,,,,reported,,chunk_4a3eebe3025351d8e634,candidate,Structured compound record mined from local corpus text.
cmp_33c50577fe5083,entity_33c50577fe50831b,reported,reported,"(2, 15 or 17)-Decarboxy-(iso)",,betalain,,C17H17N2O6,345.10866127419,,,,,,reported,,chunk_4a3eebe3025351d8e634,candidate,Structured compound record mined from local corpus text.
cmp_3d3bb75184db27,entity_3d3bb75184db2730,reported,reported,Amaranthin,,betalain,,C30H34N2O19,726.1755768765099,,,727.1829,698.18;697.17;695.19;694.19;693.18;692.17;691.16;690.15;689.15;687.19;685.17;683.19;682.19;681.18;680.17;679.16;677.18;676.17;675.17;674.16;673.15;671.14;669.18;667.2;665.18;664.17;663.17;662.16;661.15;659.17;657.18;655.16;654.15;653.18;652.17;651.17;649.19;648.18;647.17;646.16;645.16;641.18;639.17;638.16;637.15;636.14;635.17;634.16;633.16;625.19;623.17;621.16;619.14;607.18;605.16;603.15;601.13;558.15;551.15;550.14;549.14;545.14;535.16;534.15;533.14;532.13;531.12;523.16;522.15;521.14;519.16;518.13;517.15;516.13;515.13;514.12;513.11;511.16;509.14;507.16;505.15;504.14;503.13;502.13;501.12;500.12;499.13;498.13;497.12;495.1;493.15;491.13;489.15;488.14;487.13;486.12;485.13;484.12;483.11;482.11;481.15;479.13;478.12;477.15;476.14;475.13;473.13;472.12;471.14;470.13;469.12;465.15;463.13;462.12;461.13;460.11;459.14;458.13;457.13;456.13;455.12;449.13;447.11;446.11;445.13;444.13;443.12;433.13;431.12;430.11;429.1;428.09;427.12;426.12;425.11;415.12;413.11;411.09;389.1;388.09;387.08;386.07;375.12;373.1;372.1;371.09;370.08;369.07;361.1;360.1;359.12;358.11;357.11;356.1;355.09;354.08;353.08;351.06;349.1;347.09;345.11;343.13;342.09;341.11;340.1;339.1;338.09;337.08;335.09;331.09;329.11;327.1;326.09;325.09;324.08;323.08;319.09;317.08;316.07;315.1;314.09;313.08;307.08;306.07;303.1;301.08;300.07;299.07;298.06;297.1;287.1;285.1;284.08;283.07;282.06;281.08;280.07;279.09;273.1;271.08;270.07;269.09;268.09;267.06;265.08;264.07;263.07;262.06;255.09;253.08;252.06;251.07;250.08;249.05;247.07;245.06;237.09;235.07;233.06;231.04;223.07;211.07;207.08;205.06;196.06;194.04;193.04;182.08;180.04;179.03;178.05;177.04;165.05;164.05;163.04;147.04;146.04;135.04;134.04;130.04;123.04;119.05;111.04;109.03;108.02;107.05;106.04,,reported,,chunk_0183c95265773c499897;chunk_764c9d20c36c8eb636d3,candidate,Structured compound record mined from local corpus text.
cmp_64818f42fdf603,entity_64818f42fdf603ee,reported,reported,Betalamic acid,,betalain,,C9H9NO5,211.04807239235,positive,[M+H]+,212.0553,194.04;166.05;148.04;138.05;120.04;106.03;389.09;345.1;343.09;299.1;297.08;281.09;269.09;255.11,,reported,,chunk_0183c95265773c499897;chunk_08bc69e91bb6ef88479b;chunk_6309dedd94a62644476a,candidate,Structured compound record mined from local corpus text.
cmp_d6d605b7b67fdc,entity_d6d605b7b67fdca0,reported,reported,Isoamaranhthin,,betalain,,C30H35N2O19,727.1834019087399,,,,,,reported,,chunk_5057b9cf26c3cd7dd9c5,candidate,Structured compound record mined from local corpus text.
cmp_92bb34d8a53417,entity_92bb34d8a5341708,reported,reported,Decarboxy-dehydro-(iso)amaranthin,,betalain,,C29H33N2O17,681.17792260514,,,,,,reported,,chunk_82b6b4fff489f1c1a7f7,candidate,Structured compound record mined from local corpus text.
cmp_4d75908e326880,entity_4d75908e326880fb,reported,reported,(2 or 17)-Decarboxy(iso)-betanin,,betalain,,C23H27N2O11,507.16148469434,,,,,,reported,,chunk_5ca73587e685dd23c207,candidate,Structured compound record mined from local corpus text.
cmp_3ab42a50461ec0,entity_3ab42a50461ec02d,reported,reported,(2 or 17)-Decarboxy-neobetanin,,betalain,,C23H25N2O11,505.14583462988,,,,,,reported,,chunk_5ca73587e685dd23c207,candidate,Structured compound record mined from local corpus text.
cmp_b4dea8e602bde8,entity_b4dea8e602bde831,reported,reported,6′ -O-Feruloyl-betanin,,betalain,,C34H35N2O16,727.19865805003,,,,,,reported,,chunk_7b3c30e8ee66e2cf9e9e,candidate,Structured compound record mined from local corpus text.
cmp_27d99887934eea,entity_27d99887934eeabc,reported,reported,nl: -Glc,,betalain,,C16H17N2O4,301.11883203505,positive,[M+H]+,,257;255;164;162;150;132;212;200;176;253;251;331;297;295;287;379;343;333,,reported,,chunk_6728239b8e00bff5424c;chunk_6d000622e583807e58e7;chunk_afbdef08147047c8f727;chunk_c7f6416d93feb3a50d18,candidate,Structured compound record mined from local corpus text.
cmp_c9f12ee56ae109,entity_c9f12ee56ae109af,reported,reported,15-decarboxy-betanin,,betalain,,C23H26N2O11,506.15365966211,positive,[M+H]+,507.1609,299;255;253;214;55;345.1;299.1;297.08;281.09;255.11;253.09;194.04;178.05;176.07;150.05;138.05;132.04;106.06;479.17;478.16;477.15;475.17;473.16;472.15;471.14;470.13;469.12;467.17;465.15;464.14;463.17;462.16;461.16;460.15;459.14;455.14;454.14;453.13;451.11;449.16;448.15;447.14;445.16;444.15;443.14;442.14;441.13;437.16;435.14;434.13;432.15;431.14;429.17;427.15;426.14;425.13;419.14;418.14;417.13;416.12;414.14;413.13;409.14;408.13;401.13;399.12;396.13;383.12;382.11;381.11;375.12;373.1;369.11;368.1;366.12;364.1;358.11;357.11;356.1;355.09;352.1;351.09;348.11;346.09;345.11;344.1;343.09;342.09;341.09;340.1;339.09;338.09;337.08;334.09;331.13;330.12;329.11;328.11;327.1;326.09;325.09;324.08;323.08;322.09;321.08;320.08;319.07;317.11;316.11;315.13;314.13;313.12;312.11;311.1;310.09;307.08;306.07;305.11;303.1;302.07;301.12;300.11;298.09;297.1;296.09;295.11;294.1;293.09;291.1;288.11;287.1;286.09;285.1;284.12;283.11;282.1;280.09;279.09;276.09;275.1;273.1;272.08;271.08;270.07;269.13;268.09;267.09;259.11;257.09;256.08;255.09;254.08;253.07;252.06;250.08;249.08;243.11;241.1;240.09;237.09;236.08;235.06;223.07;221.09;220.06;219.08;209.09;207.08;205.06;204.07;202.05;196.06;195.05;193.1;192.03;191.08;190.05;189.07;182.08;181.05;180.04;179.08;177.04;176.03;167.08;166.09;165.05;164.05;163.04;162.05;152.07;149.05;148.04;147.04;146.04;145.05;136.08;135.04;134.04;130.04;124.04;123.04;119.05;111.04;110.06;109.03;108.02;107.05;106.04,,reported,,chunk_6728239b8e00bff5424c;chunk_c38516e1a5ad8f5aef05;chunk_56f38b1e1a09d04a44b5;chunk_6d17a155e997faa0c330,candidate,Structured compound record mined from local corpus text.
cmp_386f398d7ea8f7,entity_386f398d7ea8f7f8,reported,reported,"2,15-bidecarboxy-betanin",,betalain,,C22H27N2O9,463.17165545520004,positive,[M+H]+,,257;255;202,,reported,,chunk_6728239b8e00bff5424c;claim_80d59072f35b26e3,candidate,Structured compound record mined from local corpus text.
cmp_101985cf1f94d9,entity_101985cf1f94d966,reported,reported,"2,15-bidecarboxy-xanbetanin",,betalain,,C22H25N2O9,461.15600539074,positive,[M+H]+,,,,reported,,chunk_6d000622e583807e58e7,candidate,Structured compound record mined from local corpus text.
cmp_a09de6077b5584,entity_a09de6077b5584b0,reported,reported,"2,15,17-tridecarboxy-neobetanin",,betalain,,C21H24N2O7,416.15835111937,positive,[M+H]+,417.1656,417.17;349.11;271.09;255.11;159.04;130.03;399.16;398.15;397.14;396.13;395.12;391.15;390.14;389.13;388.13;387.16;386.15;385.14;384.13;383.12;382.15;381.14;380.14;379.13;375.16;373.14;372.13;371.12;370.12;369.14;368.14;367.13;366.12;365.11;363.13;361.14;359.12;357.14;356.14;355.13;354.12;353.11;351.13;350.13;349.12;345.14;344.14;343.13;342.12;341.11;340.11;339.13;338.12;337.12;331.13;329.15;327.13;326.13;325.12;324.11;323.1;321.12;320.11;319.11;315.13;314.12;313.12;312.11;311.1;310.09;309.12;308.12;307.11;302.1;301.12;300.11;299.11;298.09;297.12;296.11;295.11;294.1;293.09;288.11;286.09;285.1;284.09;283.11;282.1;281.09;279.09;278.1;276.09;273.1;271.08;270.07;269.13;268.09;267.11;266.1;254.1;253.1;241.13;240.09;239.12;237.1;236.09;229.1;227.08;226.07;225.1;224.09;223.12;213.1;211.09;210.08;197.11;195.09;180.06;179.06;178.05;177.04;176.07;175.02;165.08;164.07;163.06;162.05;161.04;160.04;159.03;152.07;151.06;150.05;149.04;148.04;147.07;146.08;145.05;144.04;143.03;139.06;138.09;137.08;136.08;135.04;134.06;133.08;132.07;131.03;129.05;127.04;124.04;123.04;122.06;121.05;120.04;119.03;118.03;117.02;116.05;115.04;114.03;113.02;111.04;110.06;109.03;108.04;107.07;106.07;105.05;104.05;103.04;102.03;101.02;100.02;99.01;97.03;95.05;93.03;92.03;91.04;90.03;89.02;88.02;87.01;86.04;85.03;83.01;78.03;77.06;76.02;75.04;74.04;73.03;72.02;71.01;69;67.02;63.04;62.04;61.03;60.02;59.01;58;57.03;56.03;55.02;53;51.02;49.03;47.01;46;45;44.03;43.02;42.03;41.03,,reported,,chunk_6d000622e583807e58e7;chunk_d12aa39677775155a72d;chunk_06b8796a92c6a20988cc,candidate,Structured compound record mined from local corpus text.
cmp_f3a90a5b31ffaf,entity_f3a90a5b31ffaff0,reported,reported,"2,15-bidecarboxy-xanneobetanin",,betalain,,C22H23N2O9,459.14035532628003,positive,[M+H]+,,,,reported,,chunk_6d000622e583807e58e7,candidate,Structured compound record mined from local corpus text.
cmp_cc8b757fa91cda,entity_cc8b757fa91cda44,reported,reported,Ethanolamine-6-decarboxy-betaxanthin,,betalain,,C10H14N2O3,210.10044231879,,,,,,reported,,chunk_2e6f478d84bd1adaa34f,candidate,Structured compound record mined from local corpus text.
cmp_f71baae03be8f4,entity_f71baae03be8f452,reported,reported,Glycine-6-decarboxy-betaxanthin,,betalain,,C10H12N2O4,224.0797068739,,,,,,reported,,chunk_2e6f478d84bd1adaa34f,candidate,Structured compound record mined from local corpus text.
cmp_8bda59727906d3,entity_8bda59727906d389,reported,reported,γ-Aminobutyric acid-6-decarboxy-betaxanthin,,betalain,,C12H16N2O4,252.11100700282,,,,,,reported,,chunk_2e6f478d84bd1adaa34f,candidate,Structured compound record mined from local corpus text.
cmp_a35dbcf1cfb8f9,entity_a35dbcf1cfb8f976,reported,reported,Serine-6-decarboxy-betaxanthin,,betalain,,C11H14N2O5,254.09027155793,,,,,,reported,,chunk_6c673d6f1f93d305ea43,candidate,Structured compound record mined from local corpus text.
cmp_fc5165198cfdb0,entity_fc5165198cfdb09a,reported,reported,Histamine-6-decarboxy-betaxanthin,,betalain,,C13H16N4O2,260.12732577254,,,,,,reported,,chunk_6c673d6f1f93d305ea43,candidate,Structured compound record mined from local corpus text.
cmp_1574e5e89370df,entity_1574e5e89370df1f,reported,reported,Norvaline-6-decarboxy-betaxanthin,,betalain,,C13H18N2O4,266.12665706728,,,,,,reported,,chunk_6c673d6f1f93d305ea43,candidate,Structured compound record mined from local corpus text.
cmp_06d22cd6823ec9,entity_06d22cd6823ec973,reported,reported,Threonine-6-decarboxy-betaxanthin,,betalain,,C12H16N2O5,268.10592162239,,,,,,reported,,chunk_6c673d6f1f93d305ea43,candidate,Structured compound record mined from local corpus text.
cmp_c2c858bb552850,entity_c2c858bb552850de,reported,reported,Phenylethylamine-6-decarboxy-betaxanthin,,betalain,,C16H18N2O2,270.13682782814,,,,,,reported,,chunk_6c673d6f1f93d305ea43,candidate,Structured compound record mined from local corpus text.
cmp_866d468dd32606,entity_866d468dd326063a,reported,reported,Hydroxyproline-6-decarboxy-betaxanthin,,betalain,,C13H17N2O5,281.11374665462,,,,,,reported,,chunk_8bbe0b841f24bbec6e03,candidate,Structured compound record mined from local corpus text.
cmp_4920996bfe1a50,entity_4920996bfe1a50cc,reported,reported,Asparagine-6-decarboxy-betaxanthin,,betalain,,C12H15N3O5,281.10117059459,,,,,,reported,,chunk_8bbe0b841f24bbec6e03,candidate,Structured compound record mined from local corpus text.
cmp_d51b7cee67dc9c,entity_d51b7cee67dc9c60,reported,reported,Tyramine-6-decarboxy-betaxanthin,,betalain,,C16H18N2O3,286.13174244771,,,,,,reported,,chunk_8bbe0b841f24bbec6e03,candidate,Structured compound record mined from local corpus text.
cmp_2a0241154596be,entity_2a0241154596bee0,reported,reported,Glutamine-6-decarboxy-betaxanthin,,betalain,,C13H17N3O5,295.11682065905,,,,,,reported,,chunk_8bbe0b841f24bbec6e03,candidate,Structured compound record mined from local corpus text.
cmp_357e1c20bd01da,entity_357e1c20bd01da32,reported,reported,Methionine-6-decarboxy-betaxanthin,,betalain,,C13H18N2O4S,298.09872824168,,,,,,reported,,chunk_9d96a87c6a016fdc4c9a,candidate,Structured compound record mined from local corpus text.
cmp_886822a2f7fc49,entity_886822a2f7fc49a6,reported,reported,Dopamine-6-decarboxy-betaxanthin,,betalain,,C16H18N2O4,302.12665706728,,,,,,reported,,chunk_9d96a87c6a016fdc4c9a;claim_d43a04e7f96e8445,candidate,Structured compound record mined from local corpus text.
cmp_4b0e5e81c3d3b4,entity_4b0e5e81c3d3b402,reported,reported,Histidine-6-decarboxy-betaxanthin,,betalain,,C14H16N4O4,304.11715501168,,,,,,reported,,chunk_9d96a87c6a016fdc4c9a,candidate,Structured compound record mined from local corpus text.
cmp_3585d69f59ceac,entity_3585d69f59ceac52,reported,reported,Methionine sulfoxide-6-decarboxy-betaxanthin,,betalain,,C13H18N2O5S,314.09364286125,,,,,,reported,,chunk_9d96a87c6a016fdc4c9a,candidate,Structured compound record mined from local corpus text.
cmp_9496c0733f9d7b,entity_9496c0733f9d7be4,reported,reported,Arginine-6-decarboxy-betaxanthin,,betalain,,C14H21N5O4,323.15935417726,,,,,,reported,,chunk_dc31888782636c918168,candidate,Structured compound record mined from local corpus text.
cmp_4c8c06c0d169a8,entity_4c8c06c0d169a8ac,reported,reported,Tyrosine-6-decarboxy-betaxanthin,,betalain,,C17H18N2O5,330.12157168685,,,,,,reported,,chunk_dc31888782636c918168,candidate,Structured compound record mined from local corpus text.
cmp_a1937fd58efd8a,entity_a1937fd58efd8a0e,reported,reported,DOPA-6-decarboxy-betaxanthin,,betalain,,C17H18N2O6,346.11648630642003,,,,,,reported,,chunk_dc31888782636c918168,candidate,Structured compound record mined from local corpus text.
cmp_2fb09f27b76039,entity_2fb09f27b7603910,reported,reported,boxy‐betanin,,betalain,,C16H17N2O4,301.11883203505,positive,[M+H]+,,,,reported,,chunk_71cd414e96c1d54d759c,candidate,Structured compound record mined from local corpus text.
cmp_8dff9c48adb2e7,entity_8dff9c48adb2e777,reported,reported,6′‐feruloyl‐betanin,,betalain,,C34H35N2O16,727.19865805003,positive,[M+H]+,,,,reported,,chunk_98b5fb693a18377a06b1,candidate,Structured compound record mined from local corpus text.
cmp_39d820fd40a9e2,entity_39d820fd40a9e20d,reported,reported,Ethanolamine‐betaxanthin,,betalain,,C12H14N2O5,266.09027155793,positive,[M+H]+,,,,reported,,chunk_d2cec9626b23e720267e,candidate,Structured compound record mined from local corpus text.
cmp_2e476a78e7b6cd,entity_2e476a78e7b6cd94,reported,reported,betaxanthin,,betalain,,C12H14N2O5,266.09027155793,positive,[M+H]+,,,,reported,,chunk_d2cec9626b23e720267e,candidate,Structured compound record mined from local corpus text.
cmp_4b77c6b8224b9c,entity_4b77c6b8224b9cc6,reported,reported,Threonine‐beta‐xanthin,,betalain,,C13H16N2O7,312.09575086153,positive,[M+H]+,,59,,reported,,chunk_c80c5e5749ff84090db1,candidate,Structured compound record mined from local corpus text.
cmp_6e823a860c84c9,entity_6e823a860c84c998,reported,reported,xanthin,,betalain,,C13H16N2O7,312.09575086153,positive,[M+H]+,,59,,reported,,chunk_c80c5e5749ff84090db1,candidate,Structured compound record mined from local corpus text.
cmp_32c2cd88436a9b,entity_32c2cd88436a9bfa,reported,reported,Vulgaxanthin,,betalain,,C14H17N387,5604.32266526232,positive,[M+H]+,,,,reported,,chunk_8b101126561ba0c762fe,candidate,Structured compound record mined from local corpus text.
cmp_4e9ec44b57d52c,entity_4e9ec44b57d52cd9,reported,reported,(glutamine‐beta‐ I,,betalain,,C14H17N387,5604.32266526232,positive,[M+H]+,,,,reported,,chunk_8b101126561ba0c762fe,candidate,Structured compound record mined from local corpus text.
cmp_e8240e6ed045d1,entity_e8240e6ed045d173,reported,reported,(leucine‐betaxan‐Vulgaxanthin IV,,betalain,,C15H20N2O6,324.13213637088,positive,[M+H]+,,,,reported,,chunk_68f76b912be8addd589b,candidate,Structured compound record mined from local corpus text.
cmp_87272a07094913,entity_87272a070949138a,reported,reported,(leucine‐betaxan‐(leucine‐betaxan‐thin),,betalain,,C15H20N2O6,324.13213637088,positive,[M+H]+,,,,reported,,chunk_68f76b912be8addd589b,candidate,Structured compound record mined from local corpus text.
cmp_6335b2292414fe,entity_6335b2292414fe33,reported,reported,18-chloro-betanin (1a),,betalain,,C24H26ClN2O13,585.11234158325,positive,[M+H]+,,423;377;341;295;387,,reported,,chunk_3110c305ba6c5f7056f7;chunk_afbdef08147047c8f727,candidate,Structured compound record mined from local corpus text.
cmp_800dc504b26694,entity_800dc504b266948a,reported,reported,18-chloro-15-decarboxy-mechanism,,betalain,,C23H26ClN2O11,541.12251234411,positive,[M+H]+,,379;333;251;343,,reported,,chunk_c7f6416d93feb3a50d18,candidate,Structured compound record mined from local corpus text.
cmp_38f2fb522ab3d4,entity_38f2fb522ab3d4ec,reported,reported,Prebetanin,,betalain,,C24H26N2O16S,630.10030393436,positive,[M+H]+,631.1076,253.09;194.04;166.05;178.05;176.07;150.05;138.05;132.04;106.6;389.09;345.1;343.09;299.1;297.08;281.09;269.09;255.11;602.1;601.1;599.12;598.11;597.1;596.09;595.09;594.08;593.07;591.11;589.1;588.09;587.12;586.11;585.1;584.09;583.09;581.11;580.1;579.09;578.08;577.08;575.06;573.1;571.12;570.12;569.11;568.1;567.09;566.08;565.08;563.1;561.1;559.09;558.08;557.11;556.1;555.09;553.11;552.1;551.1;550.09;549.08;545.11;543.09;542.08;541.08;540.07;539.1;538.09;537.08;533.14;532.13;531.12;527.1;525.08;523.07;517.15;516.14;515.13;514.12;513.11;509.09;507.07;505.15;504.14;503.13;501.15;499.13;498.13;497.12;495.1;493.15;491.13;489.15;488.14;487.13;486.13;485.12;483.14;481.12;479.11;475.13;473.16;471.14;470.13;469.12;463.13;462.07;461.12;460.11;459.14;458.13;457.12;449.06;448.05;447.14;446.08;445.12;444.06;443.11;438.07;437.06;436.05;435.05;432.06;431.05;429.13;427.11;425.1;423.06;422.05;421.04;420.06;419.05;418.04;417.04;410.08;408.06;405.05;404.04;403.03;402.05;400.03;393.05;392.06;391.06;390.05;389.1;388.09;387.08;386.03;380.06;379.03;378.05;377.05;376.05;375.12;374.05;373.1;372.1;371.09;370.08;369.07;368.06;366.05;365.05;364.1;361.1;360.05;359.12;357.11;356.1;355.09;354.08;353.05;351.04;350.03;349.1;348.05;347.04;345.11;344.1;343.13;342.08;341.11;340.1;339.1;338.09;337.08;335.04;334.04;333.03;332.02;331.09;330.04;329.11;327.1;326.09;325.08;324.08;323.08;322.09;320.08;319.09;317.08;316.07;315.1;314.09;313.08;307.08;306.07;303.1;301.08;300.07;299.07;298.06;297.09;294.1;287.1;285.09;284.08;283.07;282.06;281.08;280.07;279.09;271.11;268.08;267.06;265.08;264.07;263.07;262.06;259.01;255.09;253.08;252.06;251.07;250.08;249.05;247.07;245.06;243.02;237.09;235.07;233.06;231.04;225.01;223.07;222.06;220.06;211.07;209.06;208.05;207.08;205.06;196.06;195.05;193.04;192.03;191.05;182.08;181.05;180.04;179.03;177.04;176.03;167.07;166.09;165.05;164.05;163.04;147.04;146.04;145.05;135.04;134.04;130.04;124.04;123.04;119.05;111.04;110.06;109.03;108.02;107.05;106.04,,reported,,chunk_185a54d9c1554c086b1f;chunk_ed6a5031b8a947980827,candidate,Structured compound record mined from local corpus text.
cmp_729b1550edfce7,entity_729b1550edfce7b8,reported,reported,2-decarboxy-xanbetanin,,betalain,,C23H24N2O11,504.13800959765,positive,[M+H]+,505.1453,343.09;299.1;297.08;281.09;269.09;255.08;253.09;194.04;178.05;176.07;150.05;138.05;132.04;106.06,,reported,,chunk_604c7281d5352cd71b73,candidate,Structured compound record mined from local corpus text.
cmp_e05ca0022951c3,entity_e05ca0022951c3c7,reported,reported,Isoprebetanin,,betalain,,C24H26N2O16S,630.10030393436,positive,[M+H]+,631.1076,253.09;194.04;166.05;178.05;176.07;150.05;138.05;132.04;106.6;389.09;345.1;343.09;299.1;297.08;281.09;269.09;255.11;602.1;601.1;599.12;598.11;597.1;596.09;595.09;594.08;593.07;591.11;589.1;588.09;587.12;586.11;585.1;584.09;583.09;581.11;580.1;579.09;578.08;577.08;575.06;573.1;571.12;570.12;569.11;568.1;567.09;566.08;565.08;563.1;561.1;559.09;558.08;557.11;556.1;555.09;553.11;552.1;551.1;550.09;549.08;545.11;543.09;542.08;541.08;540.07;539.1;538.09;537.08;533.14;532.13;531.12;527.1;525.08;523.07;517.15;516.14;515.13;514.12;513.11;509.09;507.07;505.15;504.14;503.13;501.15;499.13;498.13;497.12;495.1;493.15;491.13;489.15;488.14;487.13;486.13;485.12;483.14;481.12;479.11;475.13;473.16;471.14;470.13;469.12;463.13;462.07;461.12;460.11;459.14;458.13;457.12;449.06;448.05;447.14;446.08;445.12;444.06;443.11;438.07;437.06;436.05;435.05;432.06;431.05;429.13;427.11;425.1;423.06;422.05;421.04;420.06;419.05;418.04;417.04;410.08;408.06;405.05;404.04;403.03;402.05;400.03;393.05;392.06;391.06;390.05;389.1;388.09;387.08;386.03;380.06;379.03;378.05;377.05;376.05;375.12;374.05;373.1;372.1;371.09;370.08;369.07;368.06;366.05;365.05;364.1;361.1;360.05;359.12;357.11;356.1;355.09;354.08;353.05;351.04;350.03;349.1;348.05;347.04;345.11;344.1;343.13;342.08;341.11;340.1;339.1;338.09;337.08;335.04;334.04;333.03;332.02;331.09;330.04;329.11;327.1;326.09;325.08;324.08;323.08;322.09;320.08;319.09;317.08;316.07;315.1;314.09;313.08;307.08;306.07;303.1;301.08;300.07;299.07;298.06;297.09;294.1;287.1;285.09;284.08;283.07;282.06;281.08;280.07;279.09;271.11;268.08;267.06;265.08;264.07;263.07;262.06;259.01;255.09;253.08;252.06;251.07;250.08;249.05;247.07;245.06;243.02;237.09;235.07;233.06;231.04;225.01;223.07;222.06;220.06;211.07;209.06;208.05;207.08;205.06;196.06;195.05;193.04;192.03;191.05;182.08;181.05;180.04;179.03;177.04;176.03;167.07;166.09;165.05;164.05;163.04;147.04;146.04;145.05;135.04;134.04;130.04;124.04;123.04;119.05;111.04;110.06;109.03;108.02;107.05;106.04,,reported,,chunk_5a93b1bf7c684ebe607a;chunk_6732a62550715089c26f,candidate,Structured compound record mined from local corpus text.
cmp_b5761b1ebdd963,entity_b5761b1ebdd96388,reported,reported,2-decarboxy-isoxanbetanin,,betalain,,C23H24N2O11,504.13800959765,positive,[M+H]+,505.1453,343.09;299.1;297.08;281.09;269.09;255.08;253.09;194.04;178.05;176.07;150.05;138.05;132.04;106.06,,reported,,chunk_36f9a1e15ee1c9a6dea3,candidate,Structured compound record mined from local corpus text.
cmp_3cd4231b34e449,entity_3cd4231b34e449b9,reported,reported,"2,17-bidecarboxy-xanbetanin",,betalain,,C22H24N2O9,460.14818035851,positive,[M+H]+,461.1555,55;343.09;299.1;297.08;281.09;269.09;255.08;253.09;194.04;178.05;176.07;150.05;138.05;132.04;106.06,,reported,,chunk_36f9a1e15ee1c9a6dea3,candidate,Structured compound record mined from local corpus text.
cmp_b6daaac55ebfae,entity_b6daaac55ebfaef3,reported,reported,17-decarboxy-isobetanin,,betalain,,C23H26N2O11,506.15365966211,positive,[M+H]+,507.1609,345.1;299.1;297.08;281.09;255.11;253.09;194.04;178.05;176.07;150.05;138.05;132.04;106.06;478.16;477.15;475.17;474.16;473.16;472.15;471.14;470.13;469.12;467.17;465.15;464.14;463.17;462.16;461.16;460.15;459.14;457.16;456.15;455.14;454.14;453.13;451.11;449.16;447.18;446.17;445.16;444.15;443.14;442.14;441.13;439.15;437.16;435.14;434.13;433.16;432.15;431.14;429.17;428.16;427.15;426.14;425.13;421.16;419.14;418.14;417.13;416.12;415.15;414.14;413.13;403.15;401.13;399.12;385.14;383.12;382.11;381.11;375.12;373.1;369.11;368.1;366.12;364.1;358.11;357.11;356.1;355.09;352.1;351.09;345.11;344.1;343.09;342.09;341.09;340.1;339.09;338.09;337.08;331.13;330.12;329.11;328.11;327.1;326.09;325.09;324.08;323.08;322.09;320.08;317.11;316.11;315.13;313.12;312.11;311.1;310.09;309.09;307.08;306.07;305.11;303.1;301.12;300.11;299.14;298.09;297.12;296.09;295.11;294.1;293.09;291.1;288.11;287.1;286.09;285.1;283.11;282.1;280.09;279.09;275.1;273.1;272.08;271.08;270.07;269.09;268.09;267.09;259.11;257.09;256.08;255.09;254.08;253.07;252.06;250.08;249.08;243.11;241.1;240.09;239.08;238.07;237.09;236.08;235.06;227.12;225.1;223.07;221.09;220.08;219.08;218.07;209.09;207.08;205.06;203.08;201.07;196.06;195.05;193.1;192.03;191.08;189.07;187.05;182.08;181.05;180.04;179.08;177.04;167.08;166.09;165.05;164.05;163.09;161.07;152.07;151.09;149.07;147.04;146.04;145.05;136.08;135.04;134.04;130.04;124.04;123.04;119.05;111.04;110.06;109.03;108.02;107.05;106.04,,reported,,chunk_0cad1c16a843ec08c84b;chunk_ea3211529f917eac6ad0;chunk_c1ad2ff7a6e1042caab8,candidate,Structured compound record mined from local corpus text.
cmp_44fd15e72f3dc9,entity_44fd15e72f3dc965,reported,reported,Phyllocactin,,betalain,,C27H28N2O16,636.14388282442,positive,[M+H]+,637.1512,253.09;194.04;166.05;178.05;176.07;150.05;138.05;132.04;106.6;345.1;299.1;297.08;281.09;255.11;608.15;607.14;605.16;604.15;603.15;602.14;601.13;600.12;599.11;597.16;595.14;594.13;593.16;592.15;591.15;590.14;589.13;587.15;586.14;585.14;584.13;583.12;581.1;579.15;577.17;575.15;574.14;573.14;572.13;571.12;569.14;567.15;565.13;564.12;563.15;562.14;561.14;559.16;558.15;557.14;556.13;555.12;551.15;550.14;549.14;548.13;547.12;546.11;545.14;544.13;543.12;535.16;534.15;533.14;532.13;531.12;529.11;523.16;522.15;521.14;519.16;517.15;516.14;515.13;514.12;513.11;511.1;509.14;507.16;505.15;504.14;503.13;501.15;499.13;498.13;497.12;495.1;493.15;491.13;489.15;488.14;487.13;486.13;485.12;481.15;479.13;478.12;477.15;476.14;475.13;473.16;471.14;470.13;469.12;468.11;465.15;463.13;461.12;460.11;459.14;458.13;457.12;455.11;447.14;445.12;444.11;443.11;442.1;441.09;429.1;428.09;427.09;426.1;425.1;424.09;423.08;412.1;411.09;410.08;409.08;408.09;406.08;399.09;398.11;397.1;396.09;395.1;394.09;393.08;392.07;389.1;388.09;387.08;386.07;385.08;383.1;382.09;380.1;375.12;373.1;372.09;371.1;370.08;369.07;367.1;366.09;365.09;361.1;360.1;359.12;358.11;357.11;356.07;355.09;354.09;353.09;351.06;349.1;347.09;345.11;343.13;342.09;341.11;340.1;339.1;338.09;337.08;336.08;335.08;331.09;329.11;327.1;326.09;325.09;324.08;323.08;321.06;320.08;319.09;317.08;316.07;315.1;314.09;313.08;312.11;307.08;306.07;303.1;301.08;300.07;299.07;298.06;297.1;294.1;287.1;285.1;284.08;283.07;282.06;281.08;280.07;279.09;273.1;271.08;270.07;269.09;268.09;267.06;265.08;264.07;263.07;262.06;255.09;253.08;252.06;251.07;250.08;249.05;247.07;245.06;237.09;235.07;233.06;231.04;223.07;222.06;211.07;207.08;205.06;196.06;193.04;192.03;182.08;180.04;179.03;177.04;165.05;164.05;163.04;147.04;146.04;135.04;134.04;130.04;123.04;119.05;111.04;109.03;108.02;107.05;106.04,,reported,,chunk_0cad1c16a843ec08c84b;chunk_e605b162dda8c2e6ca53;chunk_16328953cc580865a80c,candidate,Structured compound record mined from local corpus text.
cmp_d52ec61025dd2c,entity_d52ec61025dd2c55,reported,reported,17-decarboxy-phyllocactin,,betalain,,C26H28N2O14,592.15405358528,positive,[M+H]+,593.1613,71;345.1;299.1;297.08;281.09;255.11;253.09;194.04;178.05;176.07;150.05;138.05;132.04;106.06;564.16;563.15;561.17;560.16;559.16;558.15;557.14;556.13;555.12;553.17;551.15;550.14;549.17;548.16;547.16;546.15;545.14;543.16;542.15;541.15;540.14;539.13;537.11;535.16;533.18;531.16;530.15;529.15;528.14;527.13;525.15;523.16;521.14;520.13;519.16;518.15;517.15;515.17;514.16;513.15;512.14;511.13;507.16;506.15;505.15;504.14;503.13;502.12;501.15;500.14;499.13;491.17;490.16;489.15;488.14;487.13;485.12;479.17;478.16;477.15;475.17;473.16;472.15;471.14;470.13;469.12;468.11;467.11;465.15;463.17;461.16;460.15;459.14;457.16;455.14;454.14;453.13;451.11;449.16;447.14;445.16;444.11;443.14;442.1;441.09;437.16;435.14;434.13;433.16;432.15;431.14;429.1;428.09;427.09;426.1;425.1;424.09;423.08;421.16;419.14;417.13;416.12;415.15;414.14;413.13;412.1;411.09;410.08;409.08;408.09;406.08;403.15;401.13;399.12;398.11;397.1;396.09;395.1;394.09;393.08;392.07;385.14;383.1;382.09;381.11;380.1;372.09;371.1;367.1;366.09;365.09;359.1;358.11;357.08;356.07;355.1;354.09;353.09;345.11;344.1;343.09;342.09;341.09;340.1;339.07;338.09;337.09;336.08;335.08;331.13;329.11;328.11;327.1;326.09;325.08;324.08;323.08;321.06;320.08;317.11;316.11;315.13;313.12;312.11;311.1;310.09;309.09;307.08;306.07;305.11;303.1;301.12;299.14;298.09;297.12;295.11;294.1;293.09;291.1;287.1;285.1;283.11;282.1;280.08;279.09;275.1;273.09;272.08;271.08;270.07;269.09;268.09;267.09;265.06;259.11;257.09;256.08;255.09;254.07;253.07;252.06;250.08;249.08;243.11;241.1;240.09;239.08;238.07;237.09;236.08;235.06;227.12;225.1;223.07;221.09;220.08;219.08;218.07;209.09;207.08;205.06;203.08;201.07;196.06;193.1;192.03;191.08;189.07;187.05;182.08;180.04;179.08;177.04;167.08;165.05;164.05;163.09;161.07;152.07;147.04;146.04;136.08;135.04;134.04;130.04;123.04;119.05;111.04;109.03;108.02;107.05;106.04,,reported,,chunk_b44abcaeed5e9e15a279;chunk_0388405a610f5c876829;chunk_16328953cc580865a80c,candidate,Structured compound record mined from local corpus text.
cmp_71e2e011abe2a5,entity_71e2e011abe2a585,reported,reported,17-decarboxy-neobetanin,,betalain,,C23H24N2O11,504.13800959765,positive,[M+H]+,505.1453,343.09;299.1;297.08;281.09;269.09;255.08;253.09;194.04;178.05;176.07;150.05;138.05;132.04;106.06;487.13;486.13;485.12;484.11;483.1;479.13;477.15;476.14;475.13;474.13;473.12;472.11;471.14;470.13;469.12;468.12;467.11;465.15;463.13;461.16;460.15;459.14;458.13;457.12;456.12;455.11;454.1;453.13;452.12;451.11;449.12;448.15;447.14;446.13;445.16;444.12;443.14;442.1;441.13;439.11;437.1;435.14;433.12;432.12;431.11;430.14;429.09;428.12;427.11;426.11;425.1;424.09;423.12;419.11;417.13;415.11;414.11;413.1;411.12;410.11;409.1;408.1;403.11;401.1;400.09;399.08;398.11;397.1;396.1;395.09;389.1;385.1;384.1;383.09;382.11;381.07;373.1;371.09;369.07;368.1;367.09;366.12;364.1;358.11;357.11;356.1;355.09;354.08;353.08;348.11;346.09;342.08;341.08;340.1;339.1;338.09;337.08;336.07;330.12;329.11;328.1;327.1;326.09;325.08;324.07;323.07;322.09;320.08;315.1;313.12;312.11;311.1;310.09;309.09;308.08;307.07;301.12;300.11;298.09;297.09;296.08;295.07;294.1;288.11;286.09;285.1;283.11;279.08;273.1;271.07;270.07;268.09;267.09;257.09;254.07;241.1;239.08;235.07;234.06;233.06;221.06;220.06;219.08;217.06;207.08;205.06;204.07;203.05;202.05;196.06;195.05;193.06;192.05;191.05;182.08;180.07;179.06;177.04;176.06;175.02;166.09;165.08;164.07;163.06;162.05;161.04;160.04;159.03;151.06;149.04;148.04;147.07;146.06;145.05;144.04;143.03;139.06;136.04;135.07;134.06;133.05;131.03;130.03;129.05;127.04;124.04;123.04;122.02;121.05;120.04;119.03;118.03;117.02;116.05;115.04;113.02;111.04;110.06;108.04;107.07;105.05;104.05;103.04;102.03;101.02;100.02,,reported,,chunk_ad5844dad00adf5d2084;chunk_e08af7729e27b3a0dad9;chunk_6837470739d82353dbe0,candidate,Structured compound record mined from local corpus text.
cmp_bfa09952b648b8,entity_bfa09952b648b87e,reported,reported,Hylocerenin,,betalain,,C30H34N2O17,694.18574763737,positive,[M+H]+,695.193,253.09;194.04;166.05;178.05;176.07;150.05;138.05;132.04;106.6;389.09;345.1;343.09;299.1;297.08;281.09;269.09;255.11;666.19;665.18;663.2;662.2;661.19;660.18;659.17;658.16;657.16;655.2;653.18;652.17;651.2;650.2;649.19;648.18;647.17;645.19;644.18;643.18;642.17;641.16;639.15;637.19;635.21;633.19;632.18;631.18;630.17;629.16;627.18;625.19;623.17;622.16;621.19;620.18;619.18;617.2;616.19;615.18;614.17;613.17;609.19;607.18;606.17;605.16;604.15;603.18;602.17;601.17;593.2;591.18;589.17;587.15;575.19;573.17;571.16;569.14;551.15;550.14;549.14;535.16;534.15;533.14;532.13;531.12;526.16;523.16;522.15;521.14;519.16;517.15;516.14;515.13;514.12;513.11;511.16;509.14;507.16;505.15;504.14;503.13;502.16;501.15;500.14;499.13;498.13;497.12;495.1;493.15;491.13;489.15;488.14;487.13;486.14;485.13;484.14;483.14;482.13;481.15;479.13;478.12;477.15;476.14;475.13;471.14;470.14;469.13;468.13;467.12;465.15;463.13;461.12;460.11;459.14;458.13;457.13;456.15;455.14;454.13;453.14;452.13;451.12;450.12;447.14;445.12;443.11;441.14;440.13;430.13;429.14;427.11;425.14;424.14;423.13;417.14;415.12;414.12;413.14;412.14;411.13;401.14;399.13;398.12;397.11;396.11;395.13;394.13;393.12;389.1;388.09;387.08;386.07;385.15;383.13;381.12;379.1;375.12;373.1;372.1;371.09;370.08;369.07;361.1;360.1;359.12;358.11;357.11;356.1;355.09;354.08;353.08;351.06;349.1;347.09;345.11;343.13;342.09;341.11;340.1;339.1;338.09;337.08;335.09;331.09;329.11;327.1;326.09;325.09;324.08;323.08;319.09;317.08;316.07;315.1;314.09;313.08;307.08;306.07;303.1;301.08;300.07;299.07;298.06;297.1;287.1;285.1;284.08;283.07;282.06;281.08;280.07;279.09;273.1;271.08;270.07;268.09;267.06;265.08;264.07;263.07;262.06;255.09;253.08;252.06;251.07;250.08;249.05;247.07;245.06;237.09;235.07;233.06;231.04;223.07;211.07;207.08;205.06;196.06;193.04;182.08;180.04;179.03;177.04;165.05;164.05;163.04;147.04;146.04;135.04;134.04;130.04;123.04;119.05;111.04;109.03;108.02;107.05;106.04,,reported,,chunk_82673d67884b2f28bb05;chunk_cfb5583531162cc683f3,candidate,Structured compound record mined from local corpus text.
cmp_6d0d3edce75b38,entity_6d0d3edce75b385f,reported,reported,Lampranthin-I,,betalain,,C33H32N2O15,696.18026833377,positive,[M+H]+,697.1875,253.09;194.04;166.05;178.05;176.07;150.05;138.05;132.04;106.6;389.09;345.1;343.09;299.1;297.08;281.09;269.09;255.11,,reported,,chunk_82673d67884b2f28bb05,candidate,Structured compound record mined from local corpus text.
cmp_dc3f3a3d13bb90,entity_dc3f3a3d13bb90c4,reported,reported,Isophyllocactin,,betalain,,C27H28N2O16,636.14388282442,positive,[M+H]+,637.1512,253.09;194.04;166.05;178.05;176.07;150.05;138.05;132.04;106.6;345.1;299.1;297.08;281.09;255.11;608.15;607.14;605.16;604.15;603.15;602.14;601.13;600.12;599.11;597.16;595.14;594.13;593.16;592.15;591.15;590.14;589.13;587.15;586.14;585.14;584.13;583.12;581.1;579.15;577.17;575.15;574.14;573.14;572.13;571.12;569.14;567.15;565.13;564.12;563.15;562.14;561.14;559.16;558.15;557.14;556.13;555.12;551.15;550.14;549.14;548.13;547.12;546.11;545.14;544.13;543.12;535.16;534.15;533.14;532.13;531.12;529.11;523.16;522.15;521.14;519.16;517.15;516.14;515.13;514.12;513.11;511.1;509.14;507.16;505.15;504.14;503.13;501.15;499.13;498.13;497.12;495.1;493.15;491.13;489.15;488.14;487.13;486.13;485.12;481.15;479.13;478.12;477.15;476.14;475.13;473.16;471.14;470.13;469.12;468.11;465.15;463.13;461.12;460.11;459.14;458.13;457.12;455.11;447.14;445.12;444.11;443.11;442.1;441.09;429.1;428.09;427.09;426.1;425.1;424.09;423.08;412.1;411.09;410.08;409.08;408.09;406.08;399.09;398.11;397.1;396.09;395.1;394.09;393.08;392.07;389.1;388.09;387.08;386.07;385.08;383.1;382.09;380.1;375.12;373.1;372.09;371.1;370.08;369.07;367.1;366.09;365.09;361.1;360.1;359.12;358.11;357.11;356.07;355.09;354.09;353.09;351.06;349.1;347.09;345.11;343.13;342.09;341.11;340.1;339.1;338.09;337.08;336.08;335.08;331.09;329.11;327.1;326.09;325.09;324.08;323.08;321.06;320.08;319.09;317.08;316.07;315.1;314.09;313.08;312.11;307.08;306.07;303.1;301.08;300.07;299.07;298.06;297.1;294.1;287.1;285.1;284.08;283.07;282.06;281.08;280.07;279.09;273.1;271.08;270.07;269.09;268.09;267.06;265.08;264.07;263.07;262.06;255.09;253.08;252.06;251.07;250.08;249.05;247.07;245.06;237.09;235.07;233.06;231.04;223.07;222.06;211.07;207.08;205.06;196.06;193.04;192.03;182.08;180.04;179.03;177.04;165.05;164.05;163.04;147.04;146.04;135.04;134.04;130.04;123.04;119.05;111.04;109.03;108.02;107.05;106.04,,reported,,chunk_ead883afefd188e4666e;chunk_0b2bb86e056f142afb34,candidate,Structured compound record mined from local corpus text.
cmp_d458ca67b3c303,entity_d458ca67b3c303bf,reported,reported,17-decarboxy-hylocerenin,,betalain,,C29H34N2O15,650.19591839823,positive,[M+H]+,651.2032,345.1;299.1;297.08;281.09;255.11;253.09;194.04;178.05;176.07;150.05;138.05;132.04;106.06;651.2;650.2;649.19;648.18;635.21;634.2;633.19;632.18;631.18;623.21;622.2;621.19;619.21;618.21;617.2;616.19;615.18;614.17;613.17;611.21;609.19;608.18;607.21;606.21;605.2;604.19;603.18;601.2;600.19;599.19;598.18;597.17;595.16;593.2;591.22;589.2;588.19;587.19;586.18;585.17;583.19;581.2;579.18;578.17;577.2;576.19;575.19;573.21;572.2;571.19;570.18;569.18;565.2;563.19;562.18;561.17;560.16;559.19;558.18;557.18;549.21;547.19;545.18;543.16;531.2;529.18;527.17;526.16;525.15;513.15;507.16;506.15;505.15;502.16;500.14;499.13;491.17;490.16;489.15;488.14;487.13;486.14;485.13;484.14;483.14;482.13;481.12;479.17;478.16;477.15;475.17;473.16;472.15;471.14;470.14;469.13;468.13;467.12;465.15;463.17;461.16;460.15;459.14;457.16;456.15;455.14;454.13;453.13;452.13;451.12;450.12;449.16;447.14;445.16;444.15;443.14;442.14;441.14;440.13;437.16;435.14;434.13;433.16;432.15;431.14;430.13;429.14;427.15;426.14;425.14;424.14;423.13;421.16;419.14;417.14;416.12;415.12;414.12;413.14;412.14;411.13;403.15;401.14;399.13;398.12;397.11;396.11;395.13;394.13;393.12;385.15;383.13;381.12;379.1;358.11;356.1;355.09;345.11;344.1;343.09;342.09;341.09;340.1;338.09;337.08;331.13;329.11;328.11;327.1;326.09;325.08;324.08;323.08;317.11;316.11;315.13;313.12;312.11;311.1;310.09;309.09;307.08;306.07;305.11;303.1;301.12;299.14;298.09;297.12;295.11;293.09;291.1;287.1;285.1;283.11;282.1;280.08;279.09;275.1;273.09;272.08;271.08;270.07;269.09;268.09;267.09;259.11;257.09;256.08;255.09;254.07;253.07;252.06;250.08;249.08;243.11;241.1;240.09;239.08;238.07;237.09;236.08;235.06;227.12;225.1;223.07;221.09;220.08;219.08;218.07;209.09;207.08;205.06;203.08;201.07;196.06;193.1;191.08;189.07;187.05;182.08;180.04;179.08;177.04;167.08;165.05;164.05;163.09;161.07;152.07;147.04;146.04;136.08;135.04;134.04;130.04;123.04;119.05;111.04;109.03;108.02;107.05;106.04,,reported,,chunk_ead883afefd188e4666e;chunk_f3f0c7669494ad6035e3,candidate,Structured compound record mined from local corpus text.
cmp_07f0b70473fa25,entity_07f0b70473fa2541,reported,reported,2-decarboxy-betanin,,betalain,,C23H26N2O11,506.15365966211,positive,[M+H]+,507.1609,56;345.1;299.1;297.08;281.09;255.11;253.09;194.04;178.05;176.07;150.05;138.05;132.04;106.06;489.15;488.14;487.13;486.13;485.12;481.15;479.17;478.12;477.15;476.14;475.13;474.13;473.16;472.15;471.14;470.13;469.12;467.17;465.15;463.17;462.13;461.16;460.15;459.14;458.13;457.12;456.12;455.14;453.13;451.13;449.16;447.18;446.13;445.16;444.12;443.14;441.13;439.11;437.13;436.16;435.14;434.13;433.12;432.12;431.11;430.14;429.13;428.12;427.11;426.11;425.13;421.14;419.14;417.13;416.12;415.11;413.13;412.13;411.12;410.11;409.1;405.13;403.11;402.11;401.1;400.13;399.12;398.11;397.1;391.11;387.12;386.11;385.1;384.1;383.09;376.14;375.12;373.1;371.09;370.12;369.11;368.1;364.14;359.12;357.11;356.1;355.09;345.11;344.1;343.09;341.11;340.11;339.1;338.12;331.13;329.11;328.11;327.1;326.09;325.08;320.11;319.09;317.08;316.07;315.13;314.12;313.12;312.11;311.1;310.09;309.09;303.1;302.1;301.12;300.11;297.1;296.11;294.1;288.11;287.1;286.09;285.1;283.11;282.1;279.09;278.1;276.09;273.09;271.08;270.07;268.09;267.09;237.09;236.08;235.07;223.07;222.06;211.07;207.08;205.06;196.06;180.06;179.06;177.04;175.02;168.03;165.08;164.07;163.06;162.05;161.04;160.04;159.03;152.03;151.06;150.02;149.04;148.04;147.07;146.06;145.05;144.04;143.03;139.06;138.09;137.08;136.08;135.04;134.06;133.05;131.03;130.03;129.05;127.04;124.04;123.04;122.06;121.05;120.04;119.03;118.03;117.02;116.05;115.04;113.02;111.04;110.06;108.04;107.07;105.05;104.05;103.04;102.03;101.02;100.04,,reported,,chunk_8228c6baaa4de3e1383f;chunk_f9fd5acd6896d2224f98;chunk_5adeb0d6e0333c875485,candidate,Structured compound record mined from local corpus text.
cmp_051119b767bcb0,entity_051119b767bcb060,reported,reported,Isolampranthin-I,,betalain,,C33H32N2O15,696.18026833377,positive,[M+H]+,697.1875,253.09;194.04;166.05;178.05;176.07;150.05;138.05,,reported,,chunk_8228c6baaa4de3e1383f,candidate,Structured compound record mined from local corpus text.
cmp_f8ca521f3a3d5f,entity_f8ca521f3a3d5f1b,reported,reported,Isohylocerenin,,betalain,,C30H34N2O17,694.18574763737,positive,[M+H]+,695.193,253.09;194.04;166.05;178.05;176.07;150.05;138.05;132.04;106.6;345.1;299.1;297.08;281.09;255.11;666.19;665.18;663.2;662.2;661.19;660.18;659.17;658.16;657.16;655.2;653.18;652.17;651.2;650.2;649.19;648.18;647.17;645.19;644.18;643.18;642.17;641.16;639.15;637.19;635.21;633.19;632.18;631.18;630.17;629.16;627.18;625.19;623.17;622.16;621.19;620.18;619.18;617.2;616.19;615.18;614.17;613.17;609.19;607.18;606.17;605.16;604.15;603.18;602.17;601.17;593.2;591.18;589.17;587.15;575.19;573.17;571.16;569.14;551.15;550.14;549.14;535.16;534.15;533.14;532.13;531.12;526.16;523.16;522.15;521.14;519.16;517.15;516.14;515.13;514.12;513.11;511.16;509.14;507.16;505.15;504.14;503.13;502.16;501.15;500.14;499.13;498.13;497.12;495.1;493.15;491.13;489.15;488.14;487.13;486.14;485.13;484.14;483.14;482.13;481.15;479.13;478.12;477.15;476.14;475.13;471.14;470.14;469.13;468.13;467.12;465.15;463.13;461.12;460.11;459.14;458.13;457.13;456.15;455.14;454.13;453.14;452.13;451.12;450.12;447.14;445.12;443.11;441.14;440.13;430.13;429.14;427.11;425.14;424.14;423.13;417.14;415.12;414.12;413.14;412.14;411.13;401.14;399.13;398.12;397.11;396.11;395.13;394.13;393.12;389.1;388.09;387.08;386.07;385.15;383.13;381.12;379.1;375.12;373.1;372.1;371.09;370.08;369.07;361.1;360.1;359.12;358.11;357.11;356.1;355.09;354.08;353.08;351.06;349.1;347.09;345.11;343.13;342.09;341.11;340.1;339.1;338.09;337.08;335.09;331.09;329.11;327.1;326.09;325.09;324.08;323.08;319.09;317.08;316.07;315.1;314.09;313.08;307.08;306.07;303.1;301.08;300.07;299.07;298.06;297.1;287.1;285.1;284.08;283.07;282.06;281.08;280.07;279.09;273.1;271.08;270.07;269.09;268.09;267.06;265.08;264.07;263.07;262.06;255.09;253.08;252.06;251.07;250.08;249.05;247.07;245.06;237.09;235.07;233.06;231.04;223.07;211.07;207.08;205.06;196.06;193.04;182.08;180.04;179.03;177.04;165.05;164.05;163.04;147.04;146.04;135.04;134.04;130.04;123.04;119.05;111.04;109.03;108.02;107.05;106.04,,reported,,chunk_39e7f9c94aacbc26cb22;chunk_bf27760df9cc5cd60a6b,candidate,Structured compound record mined from local corpus text.
cmp_c900488f4de263,entity_c900488f4de26327,reported,reported,17-decarboxy-isophyllocactin,,betalain,,C26H28N2O14,592.15405358528,positive,[M+H]+,593.1613,345.1;299.1;297.08;281.09;255.11;253.09;194.04;178.05;176.07;150.05;138.05;132.04;106.06;564.16;563.15;561.17;560.16;559.16;558.15;557.14;556.13;555.12;553.17;551.15;550.14;549.17;548.16;547.16;546.15;545.14;543.16;542.15;541.15;540.14;539.13;537.11;535.16;533.18;531.16;530.15;529.15;528.14;527.13;525.15;523.16;521.14;520.13;519.16;518.15;517.15;515.17;514.16;513.15;512.14;511.13;507.16;506.15;505.15;504.14;503.13;502.12;501.15;500.14;499.13;491.17;490.16;489.15;488.14;487.13;485.12;479.17;478.16;477.15;475.17;473.16;472.15;471.14;470.13;469.12;468.11;467.11;465.15;463.17;461.16;460.15;459.14;457.16;455.14;454.14;453.13;451.11;449.16;447.14;445.16;444.11;443.14;442.1;441.09;437.16;435.14;434.13;433.16;432.15;431.14;429.1;428.09;427.09;426.1;425.1;424.09;423.08;421.16;419.14;417.13;416.12;415.15;414.14;413.13;412.1;411.09;410.08;409.08;408.09;406.08;403.15;401.13;399.12;398.11;397.1;396.09;395.1;394.09;393.08;392.07;385.14;383.1;382.09;381.11;380.1;372.09;371.1;367.1;366.09;365.09;359.1;358.11;357.08;356.07;355.1;354.09;353.09;345.11;344.1;343.09;342.09;341.09;340.1;339.07;338.09;337.09;336.08;335.08;331.13;329.11;328.11;327.1;326.09;325.08;324.08;323.08;321.06;320.08;317.11;316.11;315.13;313.12;312.11;311.1;310.09;309.09;307.08;306.07;305.11;303.1;301.12;299.14;298.09;297.12;295.11;294.1;293.09;291.1;287.1;285.1;283.11;282.1;280.08;279.09;275.1;273.09;272.08;271.08;270.07;269.09;268.09;267.09;265.06;259.11;257.09;256.08;255.09;254.07;253.07;252.06;250.08;249.08;243.11;241.1;240.09;239.08;238.07;237.09;236.08;235.06;227.12;225.1;223.07;221.09;220.08;219.08;218.07;209.09;207.08;205.06;203.08;201.07;196.06;193.1;192.03;191.08;189.07;187.05;182.08;180.04;179.08;177.04;167.08;165.05;164.05;163.09;161.07;152.07;147.04;146.04;136.08;135.04;134.04;130.04;123.04;119.05;111.04;109.03;108.02;107.05;106.04,,reported,,chunk_39e7f9c94aacbc26cb22;chunk_8d9c86c3a5c453630c44,candidate,Structured compound record mined from local corpus text.
cmp_14a8c09457d2f7,entity_14a8c09457d2f7f8,reported,reported,17-decarboxy-isohylocerenin,,betalain,,C29H34N2O15,650.19591839823,positive,[M+H]+,651.2032,345.1;299.1;297.08;281.09;255.11;253.09;194.04;178.05;176.07;150.05;138.05;132.04;106.06;622.2;621.19;619.21;618.21;617.2;616.19;615.18;614.17;613.17;611.21;609.19;608.18;607.21;606.21;605.2;604.19;603.18;601.2;600.19;599.19;598.18;597.17;595.16;593.2;591.22;589.2;588.19;587.19;586.18;585.17;583.19;581.2;579.18;578.17;577.2;576.19;575.19;573.21;572.2;571.19;570.18;569.18;565.2;563.19;562.18;561.17;560.16;559.19;558.18;557.18;549.21;547.19;545.18;543.16;531.2;529.18;527.17;526.16;525.15;513.15;507.16;506.15;505.15;502.16;500.14;499.13;491.17;490.16;489.15;488.14;487.13;486.14;485.13;484.14;483.14;482.13;481.12;479.17;478.16;477.15;475.17;473.16;472.15;471.14;470.14;469.13;468.13;467.12;465.15;463.17;461.16;460.15;459.14;457.16;456.15;455.14;454.13;453.13;452.13;451.12;450.12;449.16;447.14;445.16;444.15;443.14;442.14;441.14;440.13;437.16;435.14;434.13;433.16;432.15;431.14;430.13;429.14;427.15;426.14;425.14;424.14;423.13;421.16;419.14;417.14;416.12;415.12;414.12;413.14;412.14;411.13;403.15;401.14;399.13;398.12;397.11;396.11;395.13;394.13;393.12;385.15;383.13;381.12;379.1;358.11;356.1;355.09;345.11;344.1;343.09;342.09;341.09;340.1;338.09;337.08;331.13;329.11;328.11;327.1;326.09;325.08;324.08;323.08;317.11;316.11;315.13;313.12;312.11;311.1;310.09;309.09;307.08;306.07;305.11;303.1;301.12;299.14;298.09;297.12;295.11;293.09;291.1;287.1;285.1;283.11;282.1;280.08;279.09;275.1;273.09;272.08;271.08;270.07;269.09;268.09;267.09;259.11;257.09;256.08;255.09;254.07;253.07;252.06;250.08;249.08;243.11;241.1;240.09;239.08;238.07;237.09;236.08;235.06;227.12;225.1;223.07;221.09;220.08;219.08;218.07;209.09;207.08;205.06;203.08;201.07;196.06;193.1;191.08;189.07;187.05;182.08;180.04;179.08;177.04;167.08;165.05;164.05;163.09;161.07;152.07;147.04;146.04;136.08;135.04;134.04;130.04;123.04;119.05;111.04;109.03;108.02;107.05;106.04,,reported,,chunk_39e7f9c94aacbc26cb22;chunk_315fbb3caa44e4176257,candidate,Structured compound record mined from local corpus text.
cmp_761c9e2f37b6f9,entity_761c9e2f37b6f936,reported,reported,2-descarboxy-phyllocactin,,betalain,,C26H28N2O14,592.15405358528,positive,[M+H]+,593.1613,345.1;299.1;297.08;281.09;255.11;253.09;194.04;178.05;176.07;150.05;138.05;132.04;106.06,,reported,,chunk_70f8c51bdb8f198362e3,candidate,Structured compound record mined from local corpus text.
cmp_882f9bb245f459,entity_882f9bb245f4597d,reported,reported,2-descarboxy-isophyllocactin,,betalain,,C26H28N2O14,592.15405358528,positive,[M+H]+,593.1613,345.1;299.1;297.08;281.09;255.11;253.09;194.04;178.05;176.07;150.05;138.05;132.04;106.06,,reported,,chunk_449079aa1e56ca82affc,candidate,Structured compound record mined from local corpus text.
cmp_348f8206e0f746,entity_348f8206e0f74627,reported,reported,2-decarboxy-xanneobetanin,,betalain,,C23H22N2O11,502.12235953319,positive,[M+H]+,503.1296,341.07;327.06;313.08;295.07;277.07;267.07;253.06;251.08;221.07;195.09;132.04;106.06,,reported,,chunk_14d78bace3360ff7fd2a,candidate,Structured compound record mined from local corpus text.
cmp_056ea2b6ee3461,entity_056ea2b6ee346128,reported,reported,Neophyllocactin,,betalain,,C27H26N2O16,634.12823275996,positive,[M+H]+,635.1355,255.08;253.09;194.04;178.05;176.07;166.05;150.05;132.04;606.13;605.12;603.15;602.14;601.13;600.12;599.11;598.11;597.1;595.14;593.12;592.12;591.15;590.14;589.13;588.12;587.11;585.14;584.13;583.12;582.11;581.1;579.09;577.13;575.15;573.14;572.13;571.12;570.11;569.1;567.12;565.13;563.11;562.11;561.14;560.13;559.12;557.14;556.13;555.12;554.12;553.11;549.14;548.13;547.12;546.11;545.1;544.1;543.12;542.12;541.11;533.14;532.13;531.12;530.12;529.11;527.09;521.14;520.13;519.12;515.13;514.12;513.11;512.11;511.1;509.08;507.12;505.15;503.13;502.12;501.11;497.12;496.11;495.1;493.09;491.13;489.11;487.13;486.13;485.12;484.11;483.1;479.13;477.11;476.11;474.13;473.12;469.12;468.12;467.11;461.12;459.1;458.1;456.12;455.11;454.1;443.11;442.1;441.09;439.11;438.1;437.1;429.1;428.09;427.09;426.1;425.1;424.09;423.08;417.09;415.08;413.11;412.1;411.09;410.08;409.08;408.09;406.08;399.09;398.11;397.1;396.09;395.1;394.09;393.08;392.07;387.08;386.07;385.07;384.06;383.1;382.09;380.1;373.1;371.09;370.08;369.07;368.06;367.06;366.09;365.09;359.1;358.08;357.11;356.07;355.09;354.09;353.08;352.07;351.09;347.09;345.07;343.1;342.09;341.09;340.07;339.07;338.09;337.08;336.08;335.08;333.07;329.08;327.1;325.08;324.08;323.08;321.06;320.08;317.08;315.06;314.05;313.08;312.07;307.08;306.07;301.08;299.07;298.06;297.1;294.1;285.1;283.07;282.06;279.06;278.05;277.05;273.1;271.08;270.07;268.09;267.09;265.05;263.07;261.05;255.09;253.07;252.06;251.07;250.08;249.05;247.03;237.08;235.07;233.06;231.04;221.06;209.06;207.05;206.03;193.04;192.03;191.06;181.05;180.04;179.03;177.04;167.07;165.05;164.05;163.04;147.04;146.04;145.05;135.04;134.04;130.04;123.04;119.05;111.04;109.03;108.02;107.05;106.04,,reported,,chunk_14d78bace3360ff7fd2a;chunk_0adee604e918694f6d82,candidate,Structured compound record mined from local corpus text.
cmp_046a01a077a568,entity_046a01a077a56857,reported,reported,17-decarboxy-neophyllocactin,,betalain,,C26H26N2O14,590.13840352082,positive,[M+H]+,591.1457,343.09;299.1;297.08;281.09;269.09;255.08;253.09;194.04;178.05;176.07;150.05;138.05;132.04;106.06;572.13;571.12;563.15;562.14;561.14;560.13;559.16;558.11;557.14;556.13;555.12;547.16;546.15;545.14;543.12;541.15;539.13;537.11;533.14;532.13;531.12;530.15;529.15;528.14;527.13;521.14;519.12;515.13;513.11;511.13;505.15;504.14;503.13;501.11;489.15;488.14;487.13;486.13;485.12;477.15;475.13;474.13;473.12;472.11;471.14;470.13;469.12;468.11;461.16;460.11;459.14;457.12;456.12;455.11;453.13;452.12;451.11;450.1;445.12;444.11;443.14;442.1;441.09;440.12;436.12;434.11;433.12;432.09;431.11;429.09;428.12;427.11;426.1;425.1;424.09;415.11;414.11;413.1;403.11;401.1;400.09;399.08;398.11;397.1;385.1;384.1;383.09;382.11;373.1;372.09;371.09;369.07;366.12;364.1;359.1;358.11;357.08;356.1;355.09;354.08;348.11;346.09;342.08;341.08;340.1;339.1;338.09;337.08;336.07;329.11;327.1;326.09;325.08;323.07;315.1;313.12;311.1;309.09;307.07;298.09;297.09;283.11;271.07;266.06;265.06;263.04;261.02;257.09;251.08;250.07;249.06;248.05;247.04;245.03;236.05;235.04;234.06;233.07;231.05;221.06;220.06;219.05;217.03;215.06;213.04;207.05;206.04;205.06;204.07;203.02;202.05;201.04;196.06;193.07;191.06;190.05;189.04;188.03;187.02;182.08;180.07;179.06;177.04;175.05;173.04;171.03;165.05;163.06;161.04;159.03;158.02;157.01;148.04;147.03;145.05;143.03;141.02;133.01;131.03;130.03;129.02;127.04;122.02;121.05;120.04;119.03;117.02;116.01;113.02;105.02;104.01;103;101.02,,reported,,chunk_d12aa39677775155a72d;chunk_31399bbdeee90281f9cd,candidate,Structured compound record mined from local corpus text.
cmp_7600e0ad63078c,entity_7600e0ad63078c0f,reported,reported,Neohylocerenin,,betalain,,C30H32N2O17,692.17009757291,positive,[M+H]+,693.1774,255.08;253.09;194.04;178.05;176.07;166.05;150.05;132.04;343.09;299.1;297.08;281.09;269.09;664.17;663.17;661.19;660.18;659.17;658.16;657.16;656.15;655.14;653.18;651.17;650.16;649.19;648.18;647.17;646.16;645.16;643.18;642.17;641.16;640.15;639.15;637.13;635.17;633.19;631.18;630.17;629.16;628.15;627.15;625.17;623.17;621.16;620.15;619.18;618.17;617.16;615.18;614.17;613.17;612.16;611.15;607.18;605.16;604.15;603.15;602.14;601.17;600.16;599.15;591.18;589.17;587.15;585.14;573.17;571.16;569.14;567.12;549.14;548.13;547.12;533.14;532.13;531.12;530.12;529.11;521.14;520.13;519.12;515.13;514.12;513.11;512.11;511.1;509.14;507.12;505.15;503.13;502.12;501.11;500.14;499.13;497.12;496.11;495.1;493.09;491.13;489.11;487.13;486.14;485.13;484.14;483.14;482.13;481.12;479.13;477.11;476.11;474.13;473.12;471.15;470.14;469.13;468.13;467.12;466.13;464.12;461.12;459.1;458.1;457.13;456.15;455.14;454.13;453.14;452.13;451.12;450.12;443.11;441.14;440.13;438.14;429.14;425.14;424.14;423.13;417.14;415.12;414.12;413.14;412.14;411.13;401.14;399.13;398.12;397.11;396.11;395.13;394.13;393.12;387.08;386.07;385.07;384.06;383.13;381.12;379.1;373.1;371.09;370.08;369.07;368.06;367.06;359.09;358.08;357.11;356.1;355.09;354.08;353.08;352.07;351.09;347.09;345.07;342.09;341.08;340.07;339.1;338.09;337.08;333.07;329.08;327.1;325.08;324.08;323.08;320.08;317.08;315.06;314.05;313.08;312.07;307.08;306.07;301.08;299.07;298.06;297.1;294.1;291.11;289.09;285.1;283.07;282.06;279.06;278.05;273.1;271.08;270.07;268.09;267.09;265.05;263.07;261.05;255.09;253.07;252.06;251.07;250.08;249.05;247.03;237.08;235.07;233.06;231.04;221.06;209.06;207.05;206.03;193.04;192.03;191.06;181.05;180.04;179.03;177.04;167.07;165.05;164.05;163.04;147.04;146.04;145.05;135.04;134.04;130.04;123.04;119.05;111.04;109.03;108.02;107.05;106.04,,reported,,chunk_e41fc5d1900463545fa3;chunk_7bc8e8b0de16e0b8ec6a,candidate,Structured compound record mined from local corpus text.
cmp_beae657d7fe459,entity_beae657d7fe45928,reported,reported,17-decarboxy-neohylocerenin,,betalain,,C29H32N2O15,648.18026833377,positive,[M+H]+,649.1875,343.09;299.1;297.08;281.09;269.09;255.08;253.09;194.04;178.05;176.07;150.05;138.05;132.04;106.06;630.17;629.16;621.19;620.18;619.18;618.17;617.2;616.15;615.18;614.17;613.17;605.2;604.19;603.18;602.17;601.17;599.19;597.17;595.16;591.15;590.17;589.17;588.16;587.19;586.18;585.17;583.16;579.18;577.17;575.15;573.14;571.16;570.15;569.18;567.16;563.15;561.17;559.16;558.15;556.13;547.16;546.15;545.14;543.16;541.15;531.12;529.15;527.13;526.16;517.15;515.13;513.11;510.16;508.14;505.15;504.14;503.13;502.16;501.15;500.14;499.13;498.16;494.17;492.15;490.13;489.15;487.13;486.16;485.12;484.14;482.13;477.15;475.13;474.13;473.12;472.11;471.14;469.12;461.16;460.11;459.14;457.12;456.15;455.11;453.13;451.11;445.12;444.12;443.14;442.1;441.13;433.12;431.11;430.13;429.14;428.12;427.11;426.11;425.1;417.14;415.11;414.11;413.1;403.11;401.1;400.09;399.08;397.1;385.1;384.1;383.09;382.11;373.1;371.09;369.07;366.12;364.1;358.11;356.1;355.09;354.08;348.11;346.09;342.08;341.08;340.1;339.1;338.09;337.08;336.07;329.11;327.1;325.08;324.11;323.1;321.08;319.07;315.1;313.12;311.1;309.12;308.11;307.1;306.09;305.09;303.07;298.09;297.09;294.09;293.09;291.11;289.09;283.11;278.1;277.09;275.11;273.1;271.07;265.09;264.08;263.08;261.06;259.08;257.09;251.11;249.1;248.09;247.08;246.07;245.07;243.09;235.08;234.06;233.06;231.09;229.07;221.06;220.06;219.09;217.07;216.06;215.06;205.06;204.07;203.06;202.05;201.08;199.06;196.06;191.06;189.08;188.07;187.06;182.08;180.07;179.06;177.08;175.06;174.05;173.04;165.05;163.06;162.05;161.04;159.07;157.05;148.04;147.07;146.02;145.05;144.04;143.03;135.07;134.06;133.05;131.03;129.05;128.05;127.04;122.02;121.05;120.04;119.03;118.06;117.05;116.05;115.04;113.02;111.04;109.03;105.02;104.05;103.04;102.03;101.06;100.05,,reported,,chunk_e41fc5d1900463545fa3;chunk_85e45212a9ec2c7d3cc9,candidate,Structured compound record mined from local corpus text.
cmp_0dee20e025819f,entity_0dee20e025819fe2,reported,reported,"2,17-bidecarboxy-xanneobetanin",,betalain,,C22H22N2O9,458.13253029405,positive,[M+H]+,459.1398,297.08;269.09;251.08;223.08;195.09;133.08,,reported,,chunk_e26aed64faea75f4c0ed,candidate,Structured compound record mined from local corpus text.
cmp_8fc505773e8ec1,entity_8fc505773e8ec1e5,reported,reported,Lampranthin II,,betalain,,C34H34N2O16,726.1908330178,positive,[M+H]+,727.1981,253.09;194.04;166.05;178.05;176.07;150.05;138.05;132.04;106.6;389.09;345.1;343.09;299.1;297.08;281.09;269.09;255.11;698.2;697.19;695.21;694.2;693.19;692.18;691.18;690.17;689.16;687.2;685.19;684.18;683.21;682.2;681.19;680.18;679.18;677.2;676.19;675.18;674.17;673.17;671.15;669.19;667.21;666.21;665.2;664.19;663.18;662.17;661.17;659.19;657.19;655.18;654.17;653.2;652.19;651.18;649.2;648.19;647.19;646.18;645.17;641.2;639.18;638.17;637.17;636.16;635.19;634.18;633.17;623.19;621.17;619.16;605.18;603.16;601.15;558.16;545.15;544.14;542.17;540.15;534.16;533.14;532.14;531.14;528.15;527.14;519.15;518.14;517.15;516.15;515.13;514.13;513.11;506.17;505.15;504.14;503.13;501.14;500.13;499.13;498.13;497.12;496.12;495.1;493.15;491.13;489.15;488.16;487.13;486.14;485.12;483.13;482.12;481.12;479.11;476.16;475.13;474.14;473.14;472.14;471.14;470.13;469.12;464.16;463.13;462.14;461.14;460.11;459.14;458.13;457.12;456.14;455.13;449.14;447.13;446.12;445.12;444.14;443.13;431.13;430.13;429.12;428.11;427.11;426.13;425.12;419.11;417.09;413.12;411.11;389.1;388.09;387.08;386.07;375.12;373.1;372.1;371.09;370.08;369.07;364.1;361.1;360.1;359.12;357.11;356.1;355.09;354.08;353.08;351.06;349.1;347.09;345.11;344.1;343.13;342.08;341.11;340.1;339.1;338.09;337.08;335.09;331.09;329.11;327.1;326.09;325.08;324.08;323.08;322.09;321.1;320.08;319.09;317.08;316.07;315.1;314.09;313.08;307.08;306.07;303.1;301.08;300.07;299.07;298.06;297.09;294.1;287.1;285.09;284.08;283.07;282.06;281.08;280.07;279.09;271.11;268.08;267.06;265.08;264.07;263.07;262.06;255.09;253.08;252.06;251.07;250.08;249.05;247.07;245.06;237.09;235.07;233.06;231.04;223.07;222.06;220.06;211.07;209.06;208.05;207.08;205.06;196.06;195.05;193.04;192.03;191.05;182.08;181.05;180.04;179.03;177.04;176.03;167.07;166.09;165.05;164.05;163.04;147.04;146.04;145.05;135.04;134.04;130.04;124.04;123.04;119.05;111.04;110.06;109.03;108.02;107.05;106.04,,reported,,chunk_e26aed64faea75f4c0ed;chunk_970baaeef6abaec64050,candidate,Structured compound record mined from local corpus text.
cmp_a1ede7cb4aa4ff,entity_a1ede7cb4aa4fff0,reported,reported,II,,betalain,,C34H34N2O16,726.1908330178,positive,[M+H]+,727.1981,253.09;194.04;166.05;178.05;176.07;150.05;138.05;255.08;132.04,,reported,,chunk_e26aed64faea75f4c0ed;chunk_cf0fd7aeea8ebdcd5021;chunk_940aff9671dcad0911d8,candidate,Structured compound record mined from local corpus text.
cmp_7048300dc22a0e,entity_7048300dc22a0e65,reported,reported,2-decarboxy-neohylocerenin,,betalain,,C29H32N2O15,648.18026833377,positive,[M+H]+,649.1875,343.09;299.1;297.08;281.09;269.09;255.08;253.09;194.04;178.05;176.07;150.05;138.05;132.04;106.06;630.17;629.16;623.17;621.19;620.15;619.18;618.17;617.2;616.19;615.18;614.17;613.17;607.18;605.2;604.19;603.18;602.17;601.17;600.16;599.19;597.17;595.16;591.15;589.17;588.16;587.19;585.17;583.16;575.15;573.14;571.16;570.15;569.18;567.16;563.15;561.14;559.16;558.15;556.13;547.16;546.15;545.14;543.16;541.15;531.12;529.15;527.13;517.15;513.11;505.15;504.14;503.13;491.13;489.15;488.14;487.13;486.13;485.12;482.17;479.13;477.11;475.13;474.13;473.12;472.11;471.14;470.13;469.12;467.11;466.17;464.16;461.16;460.11;459.1;458.17;457.12;456.15;455.14;454.13;453.13;451.11;450.18;448.16;446.14;445.12;444.12;443.14;442.17;441.14;440.16;438.14;432.15;431.11;430.13;429.14;428.16;427.11;426.11;425.1;424.16;423.13;422.14;420.13;417.14;415.11;414.11;413.1;412.14;411.13;409.1;403.11;401.1;400.09;399.08;397.1;385.1;384.1;383.09;373.1;371.09;369.07;355.09;354.08;342.08;341.08;338.12;329.11;327.1;326.09;325.08;324.11;323.1;322.09;321.08;320.11;319.07;317.08;315.06;314.12;313.08;312.11;311.1;309.12;308.11;307.1;306.09;305.09;303.07;302.1;301.08;300.11;298.06;297.1;296.11;295.1;294.1;293.09;291.11;289.09;287.08;286.09;285.1;283.07;282.1;279.09;278.1;277.09;276.09;275.11;273.1;271.08;268.08;267.09;265.09;264.08;263.08;261.06;259.08;257.1;255.09;253.07;251.11;249.1;248.09;247.08;246.07;245.07;243.09;235.08;234.06;233.06;231.09;229.07;221.06;220.05;219.09;217.07;216.06;215.06;209.06;205.07;203.06;201.08;199.06;192.03;191.06;189.08;188.07;187.06;179.06;177.08;175.06;174.05;173.04;166.01;165.08;163.06;162.05;161.04;159.07;157.05;152.07;151.06;149.04;147.07;146.02;145.05;144.04;143.03;138.09;136.08;135.07;134.06;133.05;131.03;129.05;128.05;127.04;126.03;124.04;123.04;122.06;121.06;120.04;119.03;118.06;117.05;116.05;115.04;113.02;111.04;110.06;109.03;108.04;107.05;105.02;104.05;103.04;102.03;101.06;100.05,,reported,,chunk_d766910b32669ee3ebd6;chunk_4fb607bb6eeed6d5439b,candidate,Structured compound record mined from local corpus text.
cmp_9f3b8168ffdc7c,entity_9f3b8168ffdc7c04,reported,reported,2-decarboxy-neophyllocactin,,betalain,,C26H26N2O14,590.13840352082,positive,[M+H]+,591.1457,343.09;299.1;297.08;281.09;269.09;255.08;253.09;194.04;178.05;176.07;150.05;138.05;132.04;106.06;572.13;571.12;565.13;563.15;562.11;561.14;560.13;559.16;558.15;557.14;556.13;555.12;554.12;553.11;549.14;547.16;546.15;545.14;544.13;543.12;542.12;541.15;539.13;537.11;531.12;530.15;529.15;528.14;527.13;517.11;513.11;511.13;505.15;504.14;503.13;502.12;501.11;491.13;489.15;488.14;487.13;486.13;485.12;484.11;479.13;477.11;475.13;474.13;473.12;472.11;471.14;470.13;469.12;467.11;463.13;461.16;460.11;459.1;458.1;457.12;456.12;455.11;453.13;451.11;449.12;447.1;445.12;444.12;443.14;442.1;441.09;439.11;433.12;431.11;430.1;429.09;427.11;426.11;425.1;424.12;419.11;415.11;414.11;413.1;411.12;409.1;408.13;406.11;403.11;401.1;400.12;399.08;398.11;397.1;396.09;395.09;390.12;389.1;388.1;386.11;385.1;384.13;383.09;382.11;380.1;379.09;374.11;373.1;372.09;371.09;370.11;369.07;368.1;367.1;366.12;365.09;364.1;362.09;359.1;357.08;356.07;355.09;354.08;353.09;342.08;341.08;338.12;329.11;327.1;326.09;325.08;324.07;320.11;317.08;315.06;314.12;313.08;312.11;311.1;302.1;301.08;300.11;298.06;297.1;296.11;294.1;286.09;285.1;283.07;282.1;279.09;278.1;276.09;273.1;268.08;267.09;266.06;265.06;264.05;263.04;261.02;255.09;251.08;250.07;249.06;248.05;247.04;245.03;237.06;236.05;235.04;234.06;233.07;232.06;231.05;230.04;229.03;225.06;221.06;220.06;219.05;218.04;217.03;215.06;213.04;209.06;207.05;206.04;205.03;204.06;203.02;202.05;201.04;197.04;195.03;193.07;192.03;191.06;190.05;189.04;188.03;187.02;180.06;179.06;177.04;175.06;174.05;173.04;172.04;171.03;170.02;169.01;166.01;165.08;163.06;162.05;161.04;160.04;159.03;158.02;157.01;155.03;153.02;152.07;151.06;149.04;147.03;145.05;143.03;141.02;138.09;136.08;135.04;134.06;133.01;131.03;130.03;129.02;127.04;125.02;124.04;123.04;122.06;121.06;120.04;119.03;118.03;117.02;116.01;115;113.02;111.04;110.06;108.04;107.05;105.02;104.01;103;102.03;101.02;100.02,,reported,,chunk_d766910b32669ee3ebd6;chunk_044c193a6767e7277818,candidate,Structured compound record mined from local corpus text.
cmp_a0f01547da5887,entity_a0f01547da5887e3,reported,reported,"2,15,17-tridecarboxy-xanneobetanin",,betalain,,C21H22N2O7,414.14270105491,positive,[M+H]+,415.1499,415.14;355.12;347.09;285.09;185.04;143.02,,reported,,chunk_cf0fd7aeea8ebdcd5021,candidate,Structured compound record mined from local corpus text.
cmp_7e0b34cb28b9a1,entity_7e0b34cb28b9a141,reported,reported,Melocactin,,betalain,,C30H36N2O18,712.1963123214,positive,[M+H]+,713.2036,253.09;194.04;166.05;178.05;176.07;150.05;138.05;132.04;106.6;389.09;345.1;343.09;299.1;297.08;281.09;269.09;255.11,,reported,,chunk_cf0fd7aeea8ebdcd5021;chunk_31d0d2fbf9fba6cec8de,candidate,Structured compound record mined from local corpus text.
cmp_f4d69e6a9fb9e3,entity_f4d69e6a9fb9e3fb,reported,reported,Isomelocactin,,betalain,,C30H36N2O18,712.1963123214,positive,[M+H]+,713.2036,253.09;194.04;166.05;178.05;176.07;150.05;138.05;132.04;106.6;389.09;345.1;343.09;299.1;297.08;281.09;269.09;255.11,,reported,,chunk_a4497fc97806221c9c82;chunk_31d0d2fbf9fba6cec8de,candidate,Structured compound record mined from local corpus text.
cmp_306e797a69422e,entity_306e797a69422e62,reported,reported,Apiocactin,,betalain,,C29H34N2O17,682.18574763737,positive,[M+H]+,683.193,253.09;194.04;166.05;178.05;176.07;150.05;138.05;132.04;106.6;389.09;345.1;343.09;299.1;297.08;281.09;269.09;255.11,,reported,,chunk_a4497fc97806221c9c82,candidate,Structured compound record mined from local corpus text.
cmp_8a21fdc9e74cd3,entity_8a21fdc9e74cd3fb,reported,reported,Isoapiocactin,,betalain,,C29H34N2O17,682.18574763737,positive,[M+H]+,683.193,253.09;194.04;166.05;178.05;176.07;150.05;138.05;132.04;106.6;389.09;345.1;343.09;299.1;297.08;281.09;269.09;255.11,,reported,,chunk_a1fe7e2a304735ee39b6,candidate,Structured compound record mined from local corpus text.
cmp_d6d2d4d74d9061,entity_d6d2d4d74d906145,reported,reported,2′ -O-apiosyl-phyllocactin,,betalain,,C32H36N2O20,768.18614156054,positive,[M+H]+,769.1934,253.09;194.04;166.05;178.05;176.07;150.05;138.05,,reported,,chunk_3d6daf77c2b9a1be6234,candidate,Structured compound record mined from local corpus text.
cmp_baa07cd6acafcf,entity_baa07cd6acafcf7e,reported,reported,2′ -O-apiosyl-isophyllocactin,,betalain,,C32H36N2O20,768.18614156054,positive,[M+H]+,769.1934,253.09;194.04;166.05;178.05;176.07;150.05;138.05,,reported,,chunk_3d6daf77c2b9a1be6234,candidate,Structured compound record mined from local corpus text.
cmp_b2202b3e1dc518,entity_b2202b3e1dc51890,reported,reported,17-decarboxy-2′ -O-β-apiosyl-phyllocactin,,betalain,,C31H36N2O18,724.1963123214,positive,[M+H]+,725.2036,345.1;299.1;297.08;281.09;255.11;253.09;194.04;178.05;176.07;150.05;138.05;132.04;106.06,,reported,,chunk_80c635179fa0acdc6029,candidate,Structured compound record mined from local corpus text.
cmp_3b3c2901f130e7,entity_3b3c2901f130e74e,reported,reported,17-decarboxy-2′ -O-β-apiosyl-isophyllocactin,,betalain,,C31H36N2O18,724.1963123214,positive,[M+H]+,725.2036,345.1;299.1;297.08;281.09;255.11;253.09;194.04;178.05;176.07;150.05;138.05;132.04;106.06,,reported,,chunk_e07279178443fe78833a,candidate,Structured compound record mined from local corpus text.
cmp_6d750884c834b5,entity_6d750884c834b511,reported,reported,Gomphrenin-I,,betalain,,C24H26N2O13,550.14348890125,positive,[M+H]+,551.1508,253.09;194.04;166.05;178.05;176.07;150.05;138.05;132.04;106.6;343.09;299.1;297.08;281.09;269.09;255.08;522.15;521.14;519.16;518.15;517.15;516.14;515.13;514.12;513.11;511.16;509.14;508.13;507.16;506.15;505.15;504.14;503.13;501.15;499.13;497.12;495.1;493.15;491.17;490.16;489.15;488.14;487.13;486.13;485.12;483.14;481.15;479.13;478.12;477.15;475.13;473.16;471.14;469.12;465.15;463.13;462.13;461.12;460.11;459.14;457.12;447.14;445.12;443.11;427.11;425.1;389.1;388.09;387.08;386.07;382.11;375.12;374.11;373.1;372.1;371.09;370.08;369.07;368.1;366.12;364.1;361.1;360.1;359.12;358.11;357.11;356.1;355.09;354.08;353.08;352.1;351.06;349.1;347.09;345.11;344.1;343.13;342.09;341.11;340.1;339.1;338.09;337.08;336.07;335.09;334.08;331.09;330.08;329.11;328.1;327.1;326.1;325.09;324.08;323.1;322.09;320.08;319.09;317.08;316.07;315.1;314.09;313.09;312.11;311.1;310.09;309.1;308.09;307.08;306.07;303.1;301.08;300.07;299.07;298.06;297.1;296.09;294.1;288.11;287.1;286.09;285.1;283.07;281.08;280.07;279.09;273.1;271.08;270.07;269.1;268.08;267.09;265.08;264.07;263.07;262.06;257.1;255.09;254.08;253.07;252.06;251.07;249.08;247.07;245.06;239.09;237.08;235.07;233.06;223.07;220.06;211.07;209.06;208.05;207.05;205.06;196.06;195.05;193.04;191.06;182.08;181.05;180.04;179.03;177.04;176.03;175.06;166.09;165.05;164.05;163.04;162.03;149.06;148.05;147.04;139.04;135.04;124.04;123.04;122.04;121.03;119.05;118.04;111.04;110.06;109.03;108.02;107.05;106.04,,reported,,chunk_e07279178443fe78833a;chunk_900e439c7fe279d444bd,candidate,Structured compound record mined from local corpus text.
cmp_5852279f94c7db,entity_5852279f94c7db4d,reported,reported,2-decarboxy-xangomphrenin,,betalain,,C23H24N2O11,504.13800959765,positive,[M+H]+,505.1453,343.09;299.1;297.08;281.09;269.09;255.08;253.09;194.04;178.05;176.07;150.05;138.05;132.04;106.06,,reported,,chunk_84eaa72ce61bc4c99b59,candidate,Structured compound record mined from local corpus text.
cmp_5af0827aa3d8d6,entity_5af0827aa3d8d653,reported,reported,Isogomphrenin-I,,betalain,,C24H26N2O13,550.14348890125,positive,[M+H]+,551.1508,253.09;194.04;166.05;178.05;176.07;150.05;138.05;522.15;521.14;519.16;518.15;517.15;516.14;515.13;514.12;513.11;511.16;509.14;508.13;507.16;506.15;505.15;504.14;503.13;501.15;499.13;497.12;495.1;493.15;491.17;490.16;489.15;488.14;487.13;486.13;485.12;483.14;481.15;479.13;478.12;477.15;475.13;473.16;471.14;469.12;465.15;463.13;462.13;461.12;460.11;459.14;457.12;447.14;445.12;443.11;427.11;425.1;389.1;388.09;387.08;386.07;382.11;375.12;374.11;373.1;372.1;371.09;370.08;369.07;368.1;366.12;364.1;361.1;360.1;359.12;358.11;357.11;356.1;355.09;354.08;353.08;352.1;351.06;349.1;347.09;345.11;344.1;343.13;342.09;341.11;340.1;339.1;338.09;337.08;336.07;335.09;334.08;331.09;330.08;329.11;328.1;327.1;326.1;325.09;324.08;323.1;322.09;320.08;319.09;317.08;316.07;315.1;314.09;313.09;312.11;311.1;310.09;309.1;308.09;307.08;306.07;303.1;301.08;300.07;299.07;298.06;297.1;296.09;294.1;288.11;287.1;286.09;285.1;283.07;281.08;280.07;279.09;273.1;271.08;270.07;269.1;268.08;267.09;265.08;264.07;263.07;262.06;257.1;255.09;254.08;253.07;252.06;251.07;249.08;247.07;245.06;239.09;237.08;235.07;233.06;223.07;220.06;211.07;209.06;208.05;207.05;205.06;196.06;195.05;193.04;191.06;182.08;181.05;180.04;179.03;177.04;176.03;175.06;166.09;165.05;164.05;163.04;162.03;149.06;148.05;147.04;139.04;135.04;124.04;123.04;122.04;121.03;119.05;118.04;111.04;110.06;109.03;108.02;107.05;106.04,,reported,,chunk_84eaa72ce61bc4c99b59;chunk_a776801f122110e2bd67,candidate,Structured compound record mined from local corpus text.
cmp_7a3876219d2049,entity_7a3876219d204932,reported,reported,Neogomphrenin,,betalain,,C24H24N2O13,548.12783883679,positive,[M+H]+,549.1351,255.08;253.09;194.04;178.05;176.07;166.05;150.05;132.04;389.09;345.1;343.09;299.1;297.08;281.09;269.09;255.11;520.13;519.12;517.15;516.14;515.13;514.12;513.11;512.11;511.1;509.14;507.12;506.12;505.15;504.14;503.13;502.12;501.11;499.13;497.12;495.1;493.09;491.13;490.12;489.15;488.14;487.13;485.12;484.11;483.1;479.13;477.11;476.11;473.12;471.14;469.12;467.11;461.12;459.1;458.1;455.11;451.11;443.11;441.09;433.12;423.08;417.09;387.08;386.07;385.07;384.06;373.1;372.1;371.09;370.08;369.07;368.06;367.06;359.09;358.08;357.11;356.1;355.09;354.08;353.08;352.07;351.09;350.09;347.09;345.07;342.09;341.11;340.1;339.1;338.09;337.08;336.07;334.09;333.07;332.06;329.08;328.07;327.1;326.1;325.09;324.08;323.08;322.09;321.08;320.08;319.07;317.08;315.06;314.05;313.09;312.07;311.1;310.09;309.1;308.09;307.08;306.07;303.1;302.07;301.08;299.07;298.09;297.1;296.09;295.07;294.1;293.09;285.1;283.07;281.1;279.06;278.05;277.05;276.09;273.1;271.08;270.07;269.1;267.09;265.05;264.04;263.07;262.06;261.05;257.1;255.09;254.08;253.07;252.06;251.09;249.05;247.03;239.09;237.08;235.06;233.06;221.06;209.06;207.05;206.03;193.04;192.03;191.06;190.05;181.05;180.04;179.03;177.04;176.03;175.06;165.05;164.05;163.04;162.03;149.06;148.05;147.04;146.04;145.05;141.05;139.04;136.08;135.04;134.06;123.04;122.04;121.03;119.05;118.04;111.04;110.06;109.03;108.02;107.05;106.04;105.03,,reported,,chunk_8bb4ed9858049c6da420;chunk_e4357519d671b02db61f,candidate,Structured compound record mined from local corpus text.
cmp_38dad61d99f346,entity_38dad61d99f34623,reported,reported,Gomphrenin-IV,,betalain,,C35H36N2O17,756.20139770183,positive,[M+H]+,757.2087,253.09;194.04;166.05;178.05;176.07;150.05;138.05;132.04;106.6;389.09;345.1;343.09;299.1;297.08;281.09;269.09;255.11;728.21;727.2;725.22;724.21;723.2;722.2;721.19;720.18;719.17;717.21;715.2;714.19;713.22;712.21;711.2;710.2;709.19;707.21;705.19;703.18;701.16;699.2;697.22;696.22;695.21;694.2;693.19;692.18;691.18;689.2;687.2;685.19;684.18;683.21;681.19;679.21;677.2;675.18;671.21;669.19;668.18;667.18;666.17;665.2;663.18;653.2;651.18;649.17;633.17;631.16;588.17;575.16;574.16;572.18;570.16;564.17;563.16;562.16;561.15;559.17;558.16;557.15;549.16;548.15;547.14;546.16;545.15;544.14;543.14;536.18;534.16;533.14;532.16;531.12;530.14;528.15;526.13;519.15;518.17;517.15;516.15;515.13;514.15;513.11;512.13;506.17;505.15;504.14;503.15;502.15;501.15;500.16;499.13;497.12;495.1;494.17;493.15;492.15;491.15;489.15;488.14;487.13;486.13;485.14;483.14;481.12;479.15;477.14;476.13;475.16;474.14;473.14;471.14;469.12;463.16;461.12;460.14;459.13;458.12;457.15;455.13;447.14;445.12;443.11;441.12;427.11;425.1;389.1;388.09;387.08;386.07;375.12;374.11;373.1;372.1;371.09;370.08;369.07;364.1;361.1;360.1;359.12;358.12;357.11;356.1;355.09;354.08;353.08;351.06;349.1;347.09;345.11;344.1;343.13;342.08;341.11;340.1;339.1;338.09;337.08;336.07;335.09;334.08;331.09;330.08;329.11;327.1;326.09;325.12;324.08;323.1;322.09;320.08;319.09;317.08;316.07;315.1;314.09;313.08;312.07;310.09;308.09;307.08;306.07;303.1;301.08;300.07;299.07;298.06;296.08;294.1;287.1;285.09;283.07;281.08;280.07;279.09;268.08;267.09;265.08;264.07;263.07;262.06;255.09;253.07;252.06;251.07;249.08;247.07;245.06;239.09;237.08;235.07;233.06;223.07;220.06;211.07;209.06;208.05;207.05;205.06;196.06;195.05;193.04;191.06;182.08;181.05;180.04;179.03;177.04;176.03;175.06;166.09;165.05;164.05;163.04;162.03;149.06;148.05;147.04;139.04;135.04;124.04;123.04;122.04;121.03;119.05;118.04;111.04;110.06;109.03;108.02;107.05;106.04,,reported,,chunk_8bb4ed9858049c6da420;chunk_15fc5c258ac091c099d7,candidate,Structured compound record mined from local corpus text.
cmp_4150bbb9249918,entity_4150bbb92499186a,reported,reported,Isogomphrenin-IV,,betalain,,C35H36N2O17,756.20139770183,positive,[M+H]+,757.2087,253.09;194.04;166.05;178.05;176.07;150.05;138.05;728.21;727.2;725.22;724.21;723.2;722.2;721.19;720.18;719.17;717.21;715.2;714.19;713.22;712.21;711.2;710.2;709.19;707.21;705.19;703.18;701.16;699.2;697.22;696.22;695.21;694.2;693.19;692.18;691.18;689.2;687.2;685.19;684.18;683.21;681.19;679.21;677.2;675.18;671.21;669.19;668.18;667.18;666.17;665.2;663.18;653.2;651.18;649.17;633.17;631.16;588.17;575.16;574.16;572.18;570.16;564.17;563.16;562.16;561.15;559.17;558.16;557.15;549.16;548.15;547.14;546.16;545.15;544.14;543.14;536.18;534.16;533.14;532.16;531.12;530.14;528.15;526.13;519.15;518.17;517.15;516.15;515.13;514.15;513.11;512.13;506.17;505.15;504.14;503.15;502.15;501.15;500.16;499.13;497.12;495.1;494.17;493.15;492.15;491.15;489.15;488.14;487.13;486.13;485.14;483.14;481.12;479.15;477.14;476.13;475.16;474.14;473.14;471.14;469.12;463.16;461.12;460.14;459.13;458.12;457.15;455.13;447.14;445.12;443.11;441.12;427.11;425.1;389.1;388.09;387.08;386.07;375.12;374.11;373.1;372.1;371.09;370.08;369.07;364.1;361.1;360.1;359.12;358.12;357.11;356.1;355.09;354.08;353.08;351.06;349.1;347.09;345.11;344.1;343.13;342.08;341.11;340.1;339.1;338.09;337.08;336.07;335.09;334.08;331.09;330.08;329.11;327.1;326.09;325.12;324.08;323.1;322.09;320.08;319.09;317.08;316.07;315.1;314.09;313.08;312.07;310.09;308.09;307.08;306.07;303.1;301.08;300.07;299.07;298.06;296.08;294.1;287.1;285.09;283.07;281.08;280.07;279.09;268.08;267.09;265.08;264.07;263.07;262.06;255.09;253.07;252.06;251.07;249.08;247.07;245.06;239.09;237.08;235.07;233.06;223.07;220.06;211.07;209.06;208.05;207.05;205.06;196.06;195.05;193.04;191.06;182.08;181.05;180.04;179.03;177.04;176.03;175.06;166.09;165.05;164.05;163.04;162.03;149.06;148.05;147.04;139.04;135.04;124.04;123.04;122.04;121.03;119.05;118.04;111.04;110.06;109.03;108.02;107.05;106.04,,reported,,chunk_e1d11a9376eec8f8da18;chunk_c78ef3bf228a8fa9624e,candidate,Structured compound record mined from local corpus text.
cmp_28c980d8e89e6e,entity_28c980d8e89e6ea7,reported,reported,Gomphrenin-III,,betalain,,C34H34N2O16,726.1908330178,positive,[M+H]+,727.1981,253.09;194.04;166.05;178.05;176.07;150.05;138.05;132.04;106.6;389.09;345.1;343.09;299.1;297.08;281.09;269.09;255.11;698.2;697.19;695.21;694.2;693.19;692.18;691.18;690.17;689.16;687.2;685.19;684.18;683.21;682.2;681.19;680.18;679.18;677.2;675.18;673.17;671.15;669.19;667.21;666.21;665.2;664.19;663.18;662.17;661.17;659.19;657.19;655.18;654.17;653.2;651.18;649.2;647.19;645.17;641.2;639.18;638.17;637.17;636.16;635.19;633.17;623.19;621.17;619.16;603.16;601.15;558.16;545.15;544.14;542.17;540.15;534.16;533.14;532.14;531.14;529.16;528.15;527.14;519.15;518.14;517.15;516.15;515.13;514.13;513.11;506.17;505.15;504.14;503.13;502.15;501.14;500.13;499.13;498.14;497.12;496.12;495.1;493.15;491.13;489.15;488.16;487.13;486.14;485.14;484.14;483.13;482.12;481.12;479.11;476.16;475.13;474.14;473.14;472.14;471.14;470.14;469.12;464.16;463.13;462.14;461.14;460.11;459.14;457.15;455.13;449.14;447.13;446.12;445.15;444.13;443.13;433.15;431.13;430.13;429.12;428.11;427.14;425.12;415.14;413.12;411.11;389.1;388.09;387.08;386.07;375.12;374.11;373.1;372.1;371.09;370.08;369.07;364.1;361.1;360.1;359.12;358.12;357.11;356.1;355.09;354.08;353.08;351.06;349.1;347.09;345.11;344.1;343.13;342.08;341.11;340.1;339.1;338.09;337.08;336.07;335.09;334.08;331.09;330.08;329.11;327.1;326.09;325.12;324.08;323.1;322.09;320.08;319.09;317.08;316.07;315.1;314.09;313.08;312.07;310.09;308.09;307.08;306.07;303.1;301.08;300.07;299.07;298.06;296.08;294.1;287.1;285.09;283.07;281.08;280.07;279.09;268.08;267.09;265.08;264.07;263.07;262.06;255.09;253.07;252.06;251.07;249.08;247.07;245.06;239.09;237.08;235.07;233.06;223.07;220.06;211.07;209.06;208.05;207.05;205.06;196.06;195.05;193.04;191.06;182.08;181.05;180.04;179.03;177.04;176.03;175.06;166.09;165.05;164.05;163.04;162.03;149.06;148.05;147.04;139.04;135.04;124.04;123.04;122.04;121.03;119.05;118.04;111.04;110.06;109.03;108.02;107.05;106.04,,reported,,chunk_e1d11a9376eec8f8da18;chunk_6fc0f8c91301e90b9c0a,candidate,Structured compound record mined from local corpus text.
cmp_e4d4e581c69a23,entity_e4d4e581c69a237d,reported,reported,Isogomphrenin-III,,betalain,,C34H34N2O16,726.1908330178,positive,[M+H]+,727.1981,253.09;194.04;166.05;178.05;176.07;150.05;138.05;698.2;697.19;695.21;694.2;693.19;692.18;691.18;690.17;689.16;687.2;685.19;684.18;683.21;682.2;681.19;680.18;679.18;677.2;675.18;673.17;671.15;669.19;667.21;666.21;665.2;664.19;663.18;662.17;661.17;659.19;657.19;655.18;654.17;653.2;651.18;649.2;647.19;645.17;641.2;639.18;638.17;637.17;636.16;635.19;633.17;623.19;621.17;619.16;603.16;601.15;558.16;545.15;544.14;542.17;540.15;534.16;533.14;532.14;531.14;529.16;528.15;527.14;519.15;518.14;517.15;516.15;515.13;514.13;513.11;506.17;505.15;504.14;503.13;502.15;501.14;500.13;499.13;498.14;497.12;496.12;495.1;493.15;491.13;489.15;488.16;487.13;486.14;485.14;484.14;483.13;482.12;481.12;479.11;476.16;475.13;474.14;473.14;472.14;471.14;470.14;469.12;464.16;463.13;462.14;461.14;460.11;459.14;457.15;455.13;449.14;447.13;446.12;445.15;444.13;443.13;433.15;431.13;430.13;429.12;428.11;427.14;425.12;415.14;413.12;411.11;389.1;388.09;387.08;386.07;375.12;374.11;373.1;372.1;371.09;370.08;369.07;364.1;361.1;360.1;359.12;358.12;357.11;356.1;355.09;354.08;353.08;351.06;349.1;347.09;345.11;344.1;343.13;342.08;341.11;340.1;339.1;338.09;337.08;336.07;335.09;334.08;331.09;330.08;329.11;327.1;326.09;325.12;324.08;323.1;322.09;320.08;319.09;317.08;316.07;315.1;314.09;313.08;312.07;310.09;308.09;307.08;306.07;303.1;301.08;300.07;299.07;298.06;296.08;294.1;287.1;285.09;283.07;281.08;280.07;279.09;268.08;267.09;265.08;264.07;263.07;262.06;255.09;253.07;252.06;251.07;249.08;247.07;245.06;239.09;237.08;235.07;233.06;223.07;220.06;211.07;209.06;208.05;207.05;205.06;196.06;195.05;193.04;191.06;182.08;181.05;180.04;179.03;177.04;176.03;175.06;166.09;165.05;164.05;163.04;162.03;149.06;148.05;147.04;139.04;135.04;124.04;123.04;122.04;121.03;119.05;118.04;111.04;110.06;109.03;108.02;107.05;106.04,,reported,,chunk_e0affcc4697ee3ef6423;chunk_e17fc0a194035eb28d72,candidate,Structured compound record mined from local corpus text.
cmp_fbb7032a34f8e9,entity_fbb7032a34f8e9a9,reported,reported,IV,,betalain,,C35H34N2O17,754.18574763737,positive,[M+H]+,755.193,255.08;253.09;194.04;178.05;176.07;166.05;150.05;132.04,,reported,,chunk_e0affcc4697ee3ef6423,candidate,Structured compound record mined from local corpus text.
cmp_c380edf31d6c2b,entity_c380edf31d6c2ba6,reported,reported,Neogomphrenin-III,,betalain,,C34H32N2O16,724.17518295334,positive,[M+H]+,725.1825,255.08;253.09;194.04;178.05;176.07;166.05;150.05;132.04,,reported,,chunk_1db6192d8975db4fa5f0,candidate,Structured compound record mined from local corpus text.
cmp_33ccc9f7daba42,entity_33ccc9f7daba42be,reported,reported,Glabranin,,betalain,,C30H36N2O18,712.1963123214,positive,[M+H]+,713.2036,253.09;194.04;166.05;178.05;176.07;150.05;138.05;132.04;106.6;389.09;345.1;343.09;299.1;297.08;281.09;269.09;255.11,,reported,,chunk_1db6192d8975db4fa5f0,candidate,Structured compound record mined from local corpus text.
cmp_9b7cacca8d3e42,entity_9b7cacca8d3e421a,reported,reported,Coumglabranin,,betalain,,C39H42N2O20,858.23309175392,positive,[M+H]+,859.2403,253.09;194.04;166.05;178.05;176.07;150.05;138.05;132.04;106.6;389.09;345.1;343.09;299.1;297.08;281.09;269.09;255.11,,reported,,chunk_dc90cc1a8de65411bafa,candidate,Structured compound record mined from local corpus text.
cmp_9b97f570ec4baf,entity_9b97f570ec4baf8a,reported,reported,Isocoumglabranin,,betalain,,C39H42N2O20,858.23309175392,positive,[M+H]+,859.2403,253.09;194.04;166.05;178.05;176.07;150.05;138.05;132.04;106.6;387.07;341.07;313.08;299.1;299.06;287.08;281.09;269.09,,reported,,chunk_dc90cc1a8de65411bafa,candidate,Structured compound record mined from local corpus text.
cmp_c6cd53cbefd6fd,entity_c6cd53cbefd6fde6,reported,reported,Neocoumglabranin * 11.29,,betalain,,C39H40N2O20,856.21744168946,positive,[M+H]+,857.2247,255.08;253.09;194.04;178.05;176.07;166.05;150.05;132.04;389.09;345.1;343.09;299.1;297.08;281.09;269.09;255.11,,reported,,chunk_6b1b8212cd2bb29fb86d,candidate,Structured compound record mined from local corpus text.
cmp_56b5d346562009,entity_56b5d34656200943,reported,reported,Unknown-1,,betalain,,C35H42N2O21,826.22800637349,positive,[M+H]+,827.2353,253.09;194.04;166.05;178.05;176.07;150.05;138.05;132.04;106.6;389.09;345.1;343.09;299.1;297.08;281.09;269.09;255.11,,reported,,chunk_6b1b8212cd2bb29fb86d,candidate,Structured compound record mined from local corpus text.
cmp_05743ad8527f57,entity_05743ad8527f57ce,reported,reported,Unknown-2,,betalain,,C35H42N2O21,826.22800637349,positive,[M+H]+,827.2353,253.09;194.04;166.05;178.05;176.07;150.05;138.05;132.04;106.6;345.1;299.1;297.08;281.09;255.11,,reported,,chunk_c3998fef0fa1497a4594,candidate,Structured compound record mined from local corpus text.
cmp_669a876f234004,entity_669a876f2340049f,reported,reported,Unknown-3,,betalain,,C34H42N2O19,782.2381771343499,positive,[M+H]+,783.2455,176.07;150.05;138.05;132.04;106.06;345.1;299.1;297.08;281.09;255.11;253.09;194.04;178.05,,reported,,chunk_c3998fef0fa1497a4594,candidate,Structured compound record mined from local corpus text.
cmp_e7ab4374c6ddf7,entity_e7ab4374c6ddf72f,reported,reported,Unknown-4,,betalain,,C34H42N2O19,782.2381771343499,positive,[M+H]+,783.2455,176.07;150.05;138.05;132.04;106.06;287.12;261.13;256.89;211.07;194.04;166.05,,reported,,chunk_5d01d8e3c4896447d285,candidate,Structured compound record mined from local corpus text.
cmp_cd4afeabea201f,entity_cd4afeabea201f80,reported,reported,Histamine-bx,,betalain,,C14H16N4O4,304.11715501168,positive,[M+H]+,305.1244,132.04;130.05;106.06;285.1;284.09;279.12;278.11;277.13;276.12;275.11;274.12;273.13;272.1;271.12;270.09;269.1;268.1;266.11;265.13;264.1;263.11;262.12;261.13;260.13;259.12;258.09;257.1;251.11;249.13;248.13;247.12;246.11;245.14;244.11;243.12;242.12;241.11;239.09;237.09;236.08;235.12;234.11;233.1;232.11;231.09;230.09;229.06;228.11;227.09;224.08;223.07;222.06;221.09;220.11;219.08;218.09;217.14;216.14;215.13;214.1;213.09;212.08;211.07;210.06;209.06;208.08;207.08;206.07;205.06;204.11;203.13;202.1;201.11;200.08;199.1;198.09;197.09;196.06;195.08;194.04;193.06;192.05;191.05;190.04;189.11;188.12;187.1;186.1;184.06;183.05;182.04;181.06;180.07;179.08;178.05;177.07;176.03;175.05;174.1;170.04;169.05;168.03;167.08;166.07;165.07;164.03;163.05;162.1;161.09;160.09;158.04;157.04;156.03;154.05;153.07;152.07;151.09;150.1;149.07;148.09;147.08;146.07;145.04;144.03;143.02;142.05;141.07;140.03;139.05;138.05;137.03;136.09;135.08;134.06;133.08;132.03;129.04;128.03;126.02;125.05;124.09;123.08;122.07;121.06;120.06;119.06;116.03;115.03;114.05;113.05;112.09;111.03;110.07;109.06;108.06;107.05;106.07;105.03;102.02;100;150.05;323.08;277.08;249.08;233.09;231.07,,reported,,chunk_5d01d8e3c4896447d285;chunk_48e4aa2b7a69f450ca8c;chunk_322674a96e060c9e21ce,candidate,Structured compound record mined from local corpus text.
cmp_1356f15e59ac55,entity_1356f15e59ac5523,reported,reported,Glutamine-bx,,betalain,,C14H17N3O7,339.10664989819,positive,[M+H]+,340.1139,150.05;138.05;132.04;130.05;106.06;269.09;267.09;211.07;194.04;166.05,,reported,,chunk_cb7c25169d2b54cb1dfb;chunk_f4312eb668b32f3afe54,candidate,Structured compound record mined from local corpus text.
cmp_ceb4c3a577a0ee,entity_ceb4c3a577a0ee69,reported,reported,Threonine-bx,,betalain,,C13H16N2O7,312.09575086153,positive,[M+H]+,313.103,130.05;106.06;255.09;253.09;211.07;194.04;166.05;150.05;138.05;132.04;292.07;287.09;285.11;284.1;283.09;282.08;281.11;280.11;279.1;278.09;277.08;276.07;275.07;273.11;271.09;270.08;269.08;268.07;267.06;266.09;265.08;264.07;263.1;262.07;261.09;260.08;259.07;258.06;257.11;256.11;255.1;254.09;253.08;252.11;251.07;250.09;249.09;248.08;247.07;245.06;243.1;242.09;241.08;240.09;239.07;238.09;237.05;236.08;235.07;234.1;233.06;232.08;231.08;230.07;229.06;228.09;227.1;226.07;225.09;224.08;223.07;222.06;221.06;219.08;217.06;215.08;213.09;212.08;210.06;209.06;208.05;207.08;206.07;205.06;204.05;198.08;197.09;196.06;195.08;193.06;192.05;191.05;190.04;184.06;183.05;182.04;181.06;180.07;179.08;178.05;177.07;176.03;175.05;170.04;169.07;168.03;167.08;166.07;165.07;164.03;163.05;158.04;157.04;156.07;155.06;154.05;153.07;152.07;151.06;150.02;149.07;147.06;144.07;143.06;142.05;141.07;140.03;139.05;137.05;136.04;134.06;132.07;131.06;129.04;128.03;126.05;125.05;124.04;123.04;121.05;120.07;119.06;118.05;117.04;116.03;115.06;114.05;113.05;112.04;111.03;110.06;108.04;105.05;104.07;103.04;102.03;101.02;100.04;62;311;318;65;675;689;135,,reported,,chunk_cb7c25169d2b54cb1dfb;chunk_561f5b4fa06bda5f1c35;chunk_f4312eb668b32f3afe54,candidate,Structured compound record mined from local corpus text.
cmp_a0742ff4be2508,entity_a0742ff4be250855,reported,reported,Serine-bx,,betalain,,C12H14N2O7,298.08010079707003,positive,[M+H]+,299.0874,130.05;106.06;331.12;239.11;285.12;283.1;211.07;194.04;166.05;279.06;277.05;271.09;270.08;269.08;268.07;267.06;266.09;265.08;264.07;263.07;262.06;261.05;259.09;257.08;256.08;255.1;254.09;253.08;252.07;251.07;250.06;249.05;248.06;247.07;246.06;245.06;243.1;242.09;241.08;240.07;239.07;238.09;237.09;236.08;235.07;234.06;233.06;232.05;231.04;229.08;228.07;227.07;226.07;225.09;224.08;223.07;222.06;221.09;219.08;217.06;214.07;213.09;212.08;210.06;209.06;208.05;207.08;206.07;205.06;204.05;198.08;197.09;196.06;195.08;193.06;192.05;191.05;190.04;184.06;183.05;182.04;181.06;180.07;179.08;178.05;177.07;176.03;175.05;174.04;170.04;169.05;168.03;167.08;166.07;165.07;164.03;163.05;158.04;157.04;156.07;155.06;154.05;153.07;152.07;151.06;150.02;149.07;147.06;144.07;142.05;141.04;140.03;139.05;138.05;137.03;136.08;134.06;132.03;129.04;128.03;126.05;125.05;124.04;123.04;122.02;121.05;120.04;118.05;117.04;116.03;115.03;114.02;113.05;112.04;111.03;110.06;108.04;107.07;106.05;105.04;104.03;103.03;102.02;101.05;100.04;50;65;675;689;136;132.04;237.08;150.05,,reported,,chunk_dd369b3c1c841c84e031;chunk_96b6bde7cd77473ff9d5;chunk_f4312eb668b32f3afe54,candidate,Structured compound record mined from local corpus text.
cmp_56807df6ddc288,entity_56807df6ddc288cf,reported,reported,Glycine-bx,,betalain,,C11H12N2O6,268.06953611304,positive,[M+H]+,269.0768,150.05;138.05;132.04;130.05;106.06;315.09;269.09;211.07;194.04;166.05;267.13;265.11;237.12;221.12;219.11,,reported,,chunk_dd369b3c1c841c84e031;chunk_c1e69493d298fb0b8081,candidate,Structured compound record mined from local corpus text.
cmp_25f6378fa6b01e,entity_25f6378fa6b01e7b,reported,reported,Methionine-bx,,betalain,,C14H18N2O6S,342.08855748082,positive,[M+H]+,343.0958,130.05;106.06;267.13;265.11;237.12;221.12;219.11;211.07;194.04;166.05,,reported,,chunk_b50b7266db8f1546f8c8,candidate,Structured compound record mined from local corpus text.
cmp_85ac2dfd7ab0b9,entity_85ac2dfd7ab0b95d,reported,reported,Valine-bx,,betalain,,C14H18N2O6,310.11648630642003,positive,[M+H]+,311.1238,150.05;138.05;132.04;130.05;106.06;237.08;211.07;194.04;166.05;291.1;290.09;289.08;283.13;282.12;281.11;280.11;279.13;278.09;277.12;276.11;275.1;274.09;273.09;271.13;270.08;269.08;268.07;267.06;266.13;265.12;264.11;263.1;262.11;261.12;260.09;259.11;257.09;255.13;254.13;253.12;252.11;251.07;250.13;249.12;248.12;247.11;246.1;245.09;241.12;240.11;239.1;238.11;237.09;236.12;235.14;234.1;233.13;232.05;231.11;230.07;229.1;226.11;225.09;224.08;223.11;222.06;221.09;220.1;219.08;217.06;213.09;212.08;210.06;209.06;208.05;207.08;206.07;205.06;204.05;203.12;202.09;198.08;197.09;196.06;195.08;193.06;192.05;191.05;190.04;184.06;183.05;182.04;181.06;180.07;179.08;178.05;177.07;176.03;175.05;174.04;170.04;169.05;168.1;167.08;166.07;165.07;164.03;163.05;158.04;157.04;156.1;154.05;153.08;152.07;151.06;150.09;149.07;148.08;147.06;144.03;142.09;141.08;140.03;139.05;137.08;136.08;135.07;134.06;132.03;129.08;128.07;127.06;126.05;125.05;124.08;123.04;122.08;121.05;120.04;118.09;117.08;116.07;115.06;114.05;113.08;112.08;111.07;110.06;108.04;107.07;106.07;105.03;103.08;102.02;101.06;100.05;251.13;233.12,,reported,,chunk_b50b7266db8f1546f8c8;chunk_1321ddef870f43c42156;chunk_c1e69493d298fb0b8081,candidate,Structured compound record mined from local corpus text.
cmp_0a9583e7ed3676,entity_0a9583e7ed367674,reported,reported,Alanine-bx,,betalain,,C12H14N2O6,282.0851861775,positive,[M+H]+,283.0925,265.11;263.1;235.1;219.11;217.09;211.07;194.04;166.05;263.07;255.1;254.09;253.08;252.07;251.1;250.06;249.09;248.08;247.07;246.06;245.06;243.1;241.08;240.09;239.1;238.09;237.09;236.08;235.07;234.08;233.09;232.06;231.08;229.06;227.1;226.09;225.09;224.08;223.11;222.1;221.09;220.08;219.08;218.07;217.06;213.09;212.08;210.06;209.06;208.05;207.11;206.07;205.1;204.05;203.08;201.07;198.08;197.09;196.06;195.08;193.06;192.05;191.05;190.04;184.06;183.05;182.04;181.06;180.07;179.08;178.05;177.07;176.03;175.05;174.05;170.04;169.05;168.03;167.08;166.07;165.07;164.03;163.05;161.07;158.04;157.04;156.03;154.05;153.07;152.07;151.06;150.02;149.07;148.08;147.06;144.03;142.05;141.07;140.07;139.05;138.05;137.03;136.08;134.06;132.03;130.05;129.04;128.03;126.05;125.05;124.04;123.04;122.06;121.05;120.04;116.03;115.03;114.05;113.05;112.04;111.03;110.06;109.05;108.04;107.04;106.03;105.03;102.02;101.05;100.04;132.04;106.06,,reported,,chunk_f6572ba3bcec888327ef;chunk_09c69a20059ff9a19a08;chunk_07862e32b8465ae209f0,candidate,Structured compound record mined from local corpus text.
cmp_c4af8ac0f3e9cf,entity_c4af8ac0f3e9cfac,reported,reported,Proline-bx,,betalain,,C14H16N2O6,308.10083624196,positive,[M+H]+,309.1081,150.05;138.05;132.04;130.05;106.06;279.13;251.13;235.14;233.12;211.07;194.04;166.05;331.12;239.11;285.12;283.1,,reported,,chunk_f6572ba3bcec888327ef;chunk_07862e32b8465ae209f0,candidate,Structured compound record mined from local corpus text.
cmp_ca75a3b6e14ba9,entity_ca75a3b6e14ba960,reported,reported,Isoleucine-bx,,betalain,,C15H20N2O6,324.13213637088,positive,[M+H]+,325.1394,138.05;132.04;130.05;106.06;281.14;279.13;251.13;235.14;233.12;211.07;194.04;166.05;150.05,,reported,,chunk_89eb971a5d4c2e5bf1d3;chunk_c1e69493d298fb0b8081,candidate,Structured compound record mined from local corpus text.
cmp_21e266c45cb3d3,entity_21e266c45cb3d310,reported,reported,Leucine-bx,,betalain,,C15H20N2O6,324.13213637088,positive,[M+H]+,325.1394,150.05;138.05;132.04;130.05;106.06;269.07;223.07;211.07;194.04;166.05,,reported,,chunk_89eb971a5d4c2e5bf1d3;chunk_02cea0bfc36ee74b351b,candidate,Structured compound record mined from local corpus text.
cmp_6cf7a5e62e9d3a,entity_6cf7a5e62e9d3a3a,reported,reported,Tryptophan-bx,,betalain,,C20H19N3O6,397.12738534308,positive,[M+H]+,398.1347,130.05;106.06;315.13;313.11;269.12;267.11;223.12;211.07;194.04;166.05;377.1;371.12;370.14;369.13;368.12;367.13;366.14;365.11;364.13;363.12;362.11;361.11;360.1;358.14;356.12;355.13;354.14;353.14;352.13;351.12;350.11;349.12;348.13;347.1;346.12;344.1;343.13;342.14;341.14;340.13;339.12;338.15;337.14;336.13;335.13;334.12;333.09;332.1;328.13;327.12;326.11;325.12;324.13;323.13;322.16;321.1;320.14;319.08;318.12;316.11;313.12;312.13;311.1;310.12;309.12;308.1;307.11;306.09;305.1;304.09;303.08;302.08;297.12;296.14;295.11;294.16;293.09;292.11;291.11;290.13;289.1;287.09;285.07;282.08;281.08;280.07;279.06;268.07;267.06;266.09;265.08;264.07;263.07;262.06;261.05;255.11;254.1;253.08;252.07;251.07;250.06;249.05;248.08;247.07;246.06;245.06;243.11;241.1;240.09;239.07;238.09;237.09;236.09;235.07;234.06;233.06;232.05;231.04;229.1;228.09;225.09;224.08;223.07;222.06;221.07;219.08;217.1;216.09;215.08;214.07;213.09;212.08;210.06;209.06;208.05;207.08;206.07;205.1;204.09;203.08;202.07;201.1;200.09;199.09;198.08;197.07;196.06;195.08;193.06;192.05;191.05;190.04;189.1;188.07;187.06;186.05;185.07;184.06;183.05;182.04;181.06;180.07;179.08;178.05;177.1;176.03;175.05;174.05;173.11;172.08;171.07;170.06;169.08;168.04;167.08;166.07;165.07;164.03;163.05;161.11;160.08;159.09;158.04;157.08;156.07;154.05;153.07;152.07;151.09;150.02;149.07;148.08;147.06;146.06;144.08;143.07;142.07;141.07;140.05;139.05;138.05;137.03;136.08;134.06;132.08;131.07;130.07;129.04;128.03;126.02;125.05;124.04;123.07;122.08;121.05;120.04;118.07;117.06;116.05;115.03;114.05;113.05;112.04;111.03;110.02;108.04;107.07;106.07;105.06;104.05;103.05;102.02;100;269.07;150.05;132.04,,reported,,chunk_768c899f6788870b3fab;chunk_0af0079c8054597ad4ff;chunk_02cea0bfc36ee74b351b,candidate,Structured compound record mined from local corpus text.
cmp_1ed9b5b7d549d2,entity_1ed9b5b7d549d2cb,reported,reported,Phenylalanine-bx,,betalain,,C18H18N2O6,358.11648630642003,positive,[M+H]+,359.1238,315.13;313.11;269.12;267.11;223.12;211.07;194.04;166.05;150.05;138.05;132.04;130.05;106.06;338.09;337.08;331.13;330.12;329.11;328.12;327.13;326.1;325.12;324.11;323.1;322.09;321.09;320.08;319.13;317.11;316.12;314.13;313.12;312.11;311.1;310.09;309.12;308.09;307.11;305.09;303.13;302.13;301.12;300.11;299.14;298.13;297.12;296.12;295.11;294.1;293.09;289.12;288.11;287.1;286.11;285.12;284.12;283.14;282.08;281.08;280.07;279.11;277.1;274.11;273.12;272.09;271.11;270.11;269.09;268.1;267.06;266.09;265.08;264.07;263.07;262.06;261.05;258.11;257.13;256.1;255.15;254.08;253.08;252.07;251.07;250.06;249.05;248.08;247.07;246.06;245.06;243.11;242.12;241.1;240.1;239.07;238.09;237.09;236.08;235.07;234.06;233.06;232.05;231.04;228.1;227.12;225.1;224.08;223.07;222.06;221.09;219.08;217.06;216.1;215.09;214.09;213.09;212.08;210.06;209.06;208.05;207.08;206.07;205.06;204.1;202.09;201.08;200.07;199.1;198.09;197.09;196.06;195.08;193.06;192.05;191.05;190.09;189.08;185.08;184.08;183.05;182.04;181.06;180.07;179.08;178.05;177.08;176.07;175.05;174.05;172.08;170.04;169.05;168.03;167.08;166.09;165.07;164.07;163.06;162.05;161.08;160.08;159.07;158.04;157.04;156.03;154.05;153.07;152.07;151.09;150.09;149.06;148.05;147.04;146.06;144.08;142.05;141.07;140.03;139.05;138.09;137.03;136.08;135.07;134.06;133.06;132.06;131.05;129.03;128.03;126.02;125.05;124.04;123.07;122.1;121.06;120.08;119.05;118.07;117.06;116.03;115.03;114.05;113.05;112.04;111.03;110.02;109.06;108.04;107.05;106.07;105.03;103.05;102.02;101.04;100,,reported,,chunk_768c899f6788870b3fab;chunk_87f26bb8482804888473,candidate,Structured compound record mined from local corpus text.
cmp_cabbdf66758bf2,entity_cabbdf66758bf204,reported,reported,g-aminobutyric acid-bx,,betalain,,C13H16N2O6,296.10083624196,positive,[M+H]+,297.1081,253.11;251.1;233.09;211.07;194.04;166.05;150.05;138.05;132.04;130.05;106.06,,reported,,chunk_bf5dac78a3b8224ba674,candidate,Structured compound record mined from local corpus text.
cmp_8fa922c7b36818,entity_8fa922c7b3681802,reported,reported,Dopamine-bx,,betalain,,C17H18N2O6,346.11648630642003,positive,[M+H]+,347.1238,287.13;285.12;239.11;211.07;194.04;166.05;150.05;138.05,,reported,,chunk_bf5dac78a3b8224ba674,candidate,Structured compound record mined from local corpus text.
cmp_5264e233c5fa26,entity_5264e233c5fa26b1,reported,reported,Tyramine-bx,,betalain,,C17H18N2O5,330.12157168685,positive,[M+H]+,331.1288,132.04;130.05;106.06,,reported,,chunk_fdf77de258f3dbf6d59b,candidate,Structured compound record mined from local corpus text.
cmp_0668ee942600d3,entity_0668ee942600d340,reported,reported,3-methoxy-tyramine-bx,,betalain,,C18H20N2O6,360.13213637088,positive,[M+H]+,361.1394,315.13;269.12;211.07;194.04;166.05;150.05;138.05;132.04;130.05;106.06;341.11;340.11;339.1;333.14;332.14;331.13;330.12;329.11;328.11;327.13;326.1;325.12;324.11;323.1;321.14;319.13;318.13;317.15;316.14;314.13;313.12;312.11;311.1;309.09;307.13;305.15;304.14;303.13;302.13;301.15;300.12;299.14;298.13;297.12;295.11;291.13;290.13;289.12;288.12;287.1;286.11;285.12;284.13;283.11;276.12;275.12;274.11;273.16;272.15;271.14;270.11;260.13;259.14;258.11;257.13;256.1;255.11;254.1;245.13;244.13;243.11;242.12;237.09;236.08;235.07;232.13;230.12;224.08;223.07;222.06;221.09;219.08;218.12;217.11;216.1;213.09;212.08;210.06;209.06;208.08;207.08;206.12;205.06;204.1;203.09;202.09;197.09;196.06;195.08;193.06;192.1;191.09;190.04;184.06;183.05;182.04;181.06;180.07;179.09;178.09;177.07;176.07;175.05;174.04;170.04;169.05;168.1;167.08;166.09;165.08;164.07;163.06;162.05;161.08;158.04;157.04;156.03;154.05;153.07;152.07;151.08;150.02;149.06;148.05;147.07;146.05;145.04;144.03;143.02;142.05;141.07;140.03;139.05;137.06;136.05;135.09;134.06;133.06;132.06;129.04;128.03;126.02;125.06;124.04;123.04;122.04;121.06;120.06;119.05;116.03;115.03;114.05;113.05;112.04;111.03;110.02;109.06;108.02;107.05;106.04;105.07;103.05;102.02;100,,reported,,chunk_60eb331aa56495e52b21;chunk_5e9d87f58bed85017063,candidate,Structured compound record mined from local corpus text.
cmp_ab4510a5da2a2a,entity_ab4510a5da2a2a94,reported,reported,5-hydroxynorvaline-bx,,betalain,,C14H18N2O7,326.11140092599,positive,[M+H]+,327.1187,283.15;237.15;211.07;194.04;166.05;150.05;138.05;132.04;130.05;106.06;306.08;305.08;299.12;298.12;297.11;296.1;295.13;294.08;293.11;292.11;291.1;290.09;289.08;287.12;285.11;284.11;283.13;282.12;281.11;280.11;279.1;278.09;277.12;276.11;275.1;274.09;273.09;272.08;271.13;270.12;269.08;268.07;267.06;266.13;265.12;264.11;263.1;262.09;261.09;260.08;259.11;257.11;256.11;255.1;254.1;253.08;252.05;251.07;250.06;249.05;248.12;247.11;246.1;245.09;243.08;242.1;241.08;240.09;239.07;238.11;237.09;236.09;235.07;234.06;233.06;232.05;231.11;229.1;226.11;225.09;224.08;223.07;222.06;221.09;220.1;219.08;218.08;217.06;213.09;212.08;210.06;209.06;208.05;207.08;206.07;205.06;204.05;198.08;197.09;196.06;195.08;193.06;192.05;191.05;190.04;184.1;183.05;182.04;181.06;180.07;179.08;178.05;177.07;176.03;175.05;172.1;170.04;169.07;168.07;167.08;166.07;165.07;164.03;163.05;158.04;157.07;156.03;154.05;153.07;152.07;151.09;149.07;146.08;145.07;144.07;143.06;142.05;141.07;140.03;139.06;137.03;136.08;134.08;133.07;132.07;131.06;129.08;128.07;127.06;126.05;125.05;124.08;123.07;122.06;121.05;120.04;119.07;118.09;117.05;116.05;115.04;114.05;113.05;112.08;111.07;110.06;109.05;108.04;106.09;105.03;104.07;103.06;102.02;101.06;100,,reported,,chunk_60eb331aa56495e52b21;chunk_55f4ba57f7fa400d40fb,candidate,Structured compound record mined from local corpus text.
cmp_77f999c0c2e43b,entity_77f999c0c2e43b52,reported,reported,Methionine sulfoxide-bx,,betalain,,C14H18N2O7S,358.08347210039,positive,[M+H]+,359.0907,267.11;223.12;211.07;194.04;166.05;150.05;138.05;132.04;130.05;106.06,,reported,,chunk_8dae594a3f6ab14aa525,candidate,Structured compound record mined from local corpus text.
cmp_6e3afc5ac900d1,entity_6e3afc5ac900d1a8,reported,reported,Rivinianin,,betalain,,C24H26N2O16S,630.10030393436,,,631.1076,602.1;601.1;599.12;598.11;597.1;596.09;595.09;594.08;593.07;591.11;589.1;588.09;587.12;586.11;585.1;584.09;583.09;581.11;580.1;579.09;578.08;577.08;575.06;573.1;571.12;570.12;569.11;568.1;567.09;566.08;565.08;563.1;561.1;559.09;558.08;557.11;556.1;555.09;553.11;552.1;551.1;550.09;549.08;545.11;543.09;542.08;541.08;540.07;539.1;538.09;537.08;533.14;532.13;531.12;527.1;525.08;523.07;517.15;516.14;515.13;514.12;513.11;509.09;507.07;505.15;504.14;503.13;501.15;499.13;498.13;497.12;495.1;493.15;491.13;489.15;488.14;487.13;486.13;485.12;483.14;481.12;479.11;475.13;473.16;471.14;470.13;469.12;463.13;462.07;461.12;460.11;459.14;458.13;457.12;449.06;448.05;447.14;446.08;445.12;444.06;443.11;438.07;437.06;436.05;435.05;432.06;431.05;429.13;427.11;425.1;423.06;422.05;421.04;420.06;419.05;418.04;417.04;410.08;408.06;405.05;404.04;403.03;402.05;400.03;393.05;392.06;391.06;390.05;389.1;388.09;387.08;386.03;380.06;379.03;378.05;377.05;376.05;375.12;374.05;373.1;372.1;371.09;370.08;369.07;368.06;366.05;365.05;364.1;361.1;360.05;359.12;357.11;356.1;355.09;354.08;353.05;351.04;350.03;349.1;348.05;347.04;345.11;344.1;343.13;342.08;341.11;340.1;339.1;338.09;337.08;335.04;334.04;333.03;332.02;331.09;330.04;329.11;327.1;326.09;325.08;324.08;323.08;322.09;320.08;319.09;317.08;316.07;315.1;314.09;313.08;307.08;306.07;303.1;301.08;300.07;299.07;298.06;297.09;294.1;287.1;285.09;284.08;283.07;282.06;281.08;280.07;279.09;271.11;269.09;268.08;267.06;265.08;264.07;263.07;262.06;259.01;255.09;253.08;252.06;251.07;250.08;249.05;247.07;245.06;243.02;237.09;235.07;233.06;231.04;225.01;223.07;222.06;220.06;211.07;209.06;208.05;207.08;205.06;196.06;195.05;194.04;193.04;192.03;191.05;182.08;181.05;180.04;179.03;178.05;177.04;176.03;167.07;166.09;165.05;164.05;163.04;150.05;147.04;146.04;145.05;135.04;134.04;130.04;124.04;123.04;119.05;111.04;110.06;109.03;108.02;107.05;106.04,,reported,,chunk_d456e68cddac5689e179,candidate,Structured compound record mined from local corpus text.
cmp_066a1f15c099bd,entity_066a1f15c099bd9d,reported,reported,Isorivinianin,,betalain,,C24H26N2O16S,630.10030393436,,,631.1076,602.1;601.1;599.12;598.11;597.1;596.09;595.09;594.08;593.07;591.11;589.1;588.09;587.12;586.11;585.1;584.09;583.09;581.11;580.1;579.09;578.08;577.08;575.06;573.1;571.12;570.12;569.11;568.1;567.09;566.08;565.08;563.1;561.1;559.09;558.08;557.11;556.1;555.09;553.11;552.1;551.1;550.09;549.08;545.11;543.09;542.08;541.08;540.07;539.1;538.09;537.08;533.14;532.13;531.12;527.1;525.08;523.07;517.15;516.14;515.13;514.12;513.11;509.09;507.07;505.15;504.14;503.13;501.15;499.13;498.13;497.12;495.1;493.15;491.13;489.15;488.14;487.13;486.13;485.12;483.14;481.12;479.11;475.13;473.16;471.14;470.13;469.12;463.13;462.07;461.12;460.11;459.14;458.13;457.12;449.06;448.05;447.14;446.08;445.12;444.06;443.11;438.07;437.06;436.05;435.05;432.06;431.05;429.13;427.11;425.1;423.06;422.05;421.04;420.06;419.05;418.04;417.04;410.08;408.06;405.05;404.04;403.03;402.05;400.03;393.05;392.06;391.06;390.05;389.1;388.09;387.08;386.03;380.06;379.03;378.05;377.05;376.05;375.12;374.05;373.1;372.1;371.09;370.08;369.07;368.06;366.05;365.05;364.1;361.1;360.05;359.12;357.11;356.1;355.09;354.08;353.05;351.04;350.03;349.1;348.05;347.04;345.11;344.1;343.13;342.08;341.11;340.1;339.1;338.09;337.08;335.04;334.04;333.03;332.02;331.09;330.04;329.11;327.1;326.09;325.08;324.08;323.08;322.09;320.08;319.09;317.08;316.07;315.1;314.09;313.08;307.08;306.07;303.1;301.08;300.07;299.07;298.06;297.09;294.1;287.1;285.09;284.08;283.07;282.06;281.08;280.07;279.09;271.11;269.09;268.08;267.06;265.08;264.07;263.07;262.06;259.01;255.09;253.08;252.06;251.07;250.08;249.05;247.07;245.06;243.02;237.09;235.07;233.06;231.04;225.01;223.07;222.06;220.06;211.07;209.06;208.05;207.08;205.06;196.06;195.05;194.04;193.04;192.03;191.05;182.08;181.05;180.04;179.03;178.05;177.04;176.03;167.07;166.09;165.05;164.05;163.04;150.05;147.04;146.04;145.05;135.04;134.04;130.04;124.04;123.04;119.05;111.04;110.06;109.03;108.02;107.05;106.04,,reported,,chunk_f11b5949ce49f042c1d7,candidate,Structured compound record mined from local corpus text.
cmp_8b2a4e8aacdc08,entity_8b2a4e8aacdc0891,reported,reported,Lampranthin I,,betalain,,C33H32N2O15,696.18026833377,,,697.1875,668.18;667.18;665.2;664.19;663.18;662.17;661.17;660.16;659.15;657.19;655.18;654.17;653.2;652.19;651.18;650.17;649.17;647.19;646.18;645.17;644.16;643.16;641.14;639.18;637.2;636.19;635.19;634.18;633.17;632.16;631.16;629.18;627.18;625.17;624.16;623.19;622.18;621.17;619.19;618.18;617.18;616.17;615.16;611.19;609.17;608.16;607.16;606.15;605.18;604.17;603.16;593.18;591.16;589.15;575.17;573.15;571.13;533.14;532.13;531.12;528.15;517.15;516.14;515.13;514.12;513.11;512.16;510.14;505.15;504.15;503.13;502.13;501.13;499.13;498.13;497.12;495.1;493.15;491.13;489.15;488.13;487.12;486.14;485.12;484.12;483.12;481.12;479.11;476.16;475.13;474.14;473.16;471.13;470.12;469.11;468.13;466.11;463.13;461.12;460.11;459.13;458.14;457.14;456.13;453.12;452.11;447.14;446.14;445.12;444.13;443.13;442.13;440.13;434.14;432.13;431.13;429.13;427.11;426.13;425.12;419.13;417.12;416.11;414.13;413.12;401.12;400.12;399.11;398.1;396.12;395.11;389.1;388.09;387.08;386.07;383.11;381.1;375.12;373.1;372.1;371.09;370.08;369.07;364.1;361.1;360.1;359.12;357.11;356.1;355.09;354.08;353.08;351.06;349.1;347.09;345.11;344.1;343.13;342.08;341.11;340.1;339.1;338.09;337.08;335.09;331.09;329.11;327.1;326.09;325.08;324.08;323.08;322.09;320.08;319.09;317.08;316.07;315.1;314.09;313.08;309.1;307.08;306.07;303.1;301.08;300.07;299.07;298.06;297.09;294.1;291.09;287.1;285.09;284.08;283.07;282.06;281.08;280.07;279.09;271.11;269.09;268.08;267.06;265.08;264.07;263.07;262.06;255.09;253.08;252.06;251.07;250.08;249.05;247.07;245.06;237.09;235.07;233.06;231.04;223.07;222.06;220.06;211.07;209.06;208.05;207.08;205.06;196.06;195.05;194.04;193.04;192.03;191.05;182.08;181.05;180.04;179.03;178.05;177.04;176.03;167.07;166.09;165.05;164.05;163.04;150.05;147.04;146.04;145.05;135.04;134.04;130.04;124.04;123.04;119.05;111.04;110.06;109.03;108.02;107.05;106.04,,reported,,chunk_caeb9cdaaed3ebca22c9,candidate,Structured compound record mined from local corpus text.
cmp_f5e5ac63069e02,entity_f5e5ac63069e02f2,reported,reported,Isolampranthin I,,betalain,,C33H32N2O15,696.18026833377,,,697.1875,668.18;667.18;665.2;664.19;663.18;662.17;661.17;660.16;659.15;657.19;655.18;654.17;653.2;652.19;651.18;650.17;649.17;647.19;646.18;645.17;644.16;643.16;641.14;639.18;637.2;636.19;635.19;634.18;633.17;632.16;631.16;629.18;627.18;625.17;624.16;623.19;622.18;621.17;619.19;618.18;617.18;616.17;615.16;611.19;609.17;608.16;607.16;606.15;605.18;604.17;603.16;593.18;591.16;589.15;575.17;573.15;571.13;533.14;532.13;531.12;528.15;517.15;516.14;515.13;514.12;513.11;512.16;510.14;505.15;504.15;503.13;502.13;501.13;499.13;498.13;497.12;495.1;493.15;491.13;489.15;488.13;487.12;486.14;485.12;484.12;483.12;481.12;479.11;476.16;475.13;474.14;473.16;471.13;470.12;469.11;468.13;466.11;463.13;461.12;460.11;459.13;458.14;457.14;456.13;453.12;452.11;447.14;446.14;445.12;444.13;443.13;442.13;440.13;434.14;432.13;431.13;429.13;427.11;426.13;425.12;419.13;417.12;416.11;414.13;413.12;401.12;400.12;399.11;398.1;396.12;395.11;389.1;388.09;387.08;386.07;383.11;381.1;375.12;373.1;372.1;371.09;370.08;369.07;364.1;361.1;360.1;359.12;357.11;356.1;355.09;354.08;353.08;351.06;349.1;347.09;345.11;344.1;343.13;342.08;341.11;340.1;339.1;338.09;337.08;335.09;331.09;329.11;327.1;326.09;325.08;324.08;323.08;322.09;320.08;319.09;317.08;316.07;315.1;314.09;313.08;309.1;307.08;306.07;303.1;301.08;300.07;299.07;298.06;297.09;294.1;291.09;287.1;285.09;284.08;283.07;282.06;281.08;280.07;279.09;271.11;269.09;268.08;267.06;265.08;264.07;263.07;262.06;255.09;253.08;252.06;251.07;250.08;249.05;247.07;245.06;237.09;235.07;233.06;231.04;223.07;222.06;220.06;211.07;209.06;208.05;207.08;205.06;196.06;195.05;194.04;193.04;192.03;191.05;182.08;181.05;180.04;179.03;178.05;177.04;176.03;167.07;166.09;165.05;164.05;163.04;150.05;147.04;146.04;145.05;135.04;134.04;130.04;124.04;123.04;119.05;111.04;110.06;109.03;108.02;107.05;106.04,,reported,,chunk_e03dd2775013e8dc54c2,candidate,Structured compound record mined from local corpus text.
cmp_481de7488e4d2e,entity_481de7488e4d2e21,reported,reported,Isolampranthin II,,betalain,,C34H34N2O16,726.1908330178,positive,[M+H]+,727.1981,698.2;697.19;695.21;694.2;693.19;692.18;691.18;690.17;689.16;687.2;685.19;684.18;683.21;682.2;681.19;680.18;679.18;677.2;676.19;675.18;674.17;673.17;671.15;669.19;667.21;666.21;665.2;664.19;663.18;662.17;661.17;659.19;657.19;655.18;654.17;653.2;652.19;651.18;649.2;648.19;647.19;646.18;645.17;641.2;639.18;638.17;637.17;636.16;635.19;634.18;633.17;623.19;621.17;619.16;605.18;603.16;601.15;558.16;545.15;544.14;542.17;540.15;534.16;533.14;532.14;531.14;528.15;527.14;519.15;518.14;517.15;516.15;515.13;514.13;513.11;506.17;505.15;504.14;503.13;501.14;500.13;499.13;498.13;497.12;496.12;495.1;493.15;491.13;489.15;488.16;487.13;486.14;485.12;483.13;482.12;481.12;479.11;476.16;475.13;474.14;473.14;472.14;471.14;470.13;469.12;464.16;463.13;462.14;461.14;460.11;459.14;458.13;457.12;456.14;455.13;449.14;447.13;446.12;445.12;444.14;443.13;431.13;430.13;429.12;428.11;427.11;426.13;425.12;419.11;417.09;413.12;411.11;389.1;388.09;387.08;386.07;375.12;373.1;372.1;371.09;370.08;369.07;364.1;361.1;360.1;359.12;357.11;356.1;355.09;354.08;353.08;351.06;349.1;347.09;345.11;344.1;343.13;342.08;341.11;340.1;339.1;338.09;337.08;335.09;331.09;329.11;327.1;326.09;325.08;324.08;323.08;322.09;321.1;320.08;319.09;317.08;316.07;315.1;314.09;313.08;307.08;306.07;303.1;301.08;300.07;299.07;298.06;297.09;294.1;287.1;285.09;284.08;283.07;282.06;281.08;280.07;279.09;271.11;269.09;268.08;267.06;265.08;264.07;263.07;262.06;255.09;253.08;252.06;251.07;250.08;249.05;247.07;245.06;237.09;235.07;233.06;231.04;223.07;222.06;220.06;211.07;209.06;208.05;207.08;205.06;196.06;195.05;194.04;193.04;192.03;191.05;182.08;181.05;180.04;179.03;178.05;177.04;176.03;167.07;166.09;165.05;164.05;163.04;150.05;147.04;146.04;145.05;135.04;134.04;130.04;124.04;123.04;119.05;111.04;110.06;109.03;108.02;107.05;106.04,,reported,,chunk_1f6a2b6e286cc67a4f39;chunk_940aff9671dcad0911d8,candidate,Structured compound record mined from local corpus text.
cmp_bbf7e420ba7341,entity_bbf7e420ba7341a3,reported,reported,4´-O-malonyl-betanin,,betalain,,C27H28N2O16,636.14388282442,,,637.1512,609.16;608.15;607.14;605.16;604.15;603.15;602.14;601.13;600.12;599.11;597.16;595.14;594.13;593.16;592.15;591.15;590.14;589.13;587.15;586.14;585.14;584.13;583.12;581.1;579.15;577.17;575.15;574.14;573.14;572.13;571.12;569.14;567.15;565.13;564.12;563.15;562.14;561.14;559.16;558.15;557.14;556.13;555.12;551.15;550.14;549.14;548.13;547.12;546.11;545.14;544.13;543.12;535.16;534.15;533.14;532.13;531.12;529.11;523.16;522.15;521.14;519.16;517.15;516.14;515.13;514.12;513.11;511.1;509.14;507.16;505.15;504.14;503.13;501.15;499.13;498.13;497.12;495.1;493.15;491.13;489.15;488.14;487.13;486.13;485.12;481.15;479.13;478.12;477.15;476.14;475.13;473.16;471.14;470.13;469.12;468.11;465.15;463.13;461.12;460.11;459.14;458.13;457.12;455.11;447.14;445.12;444.11;443.11;442.1;441.09;429.1;428.09;427.09;426.1;425.1;424.09;423.08;412.1;411.09;410.08;409.08;408.09;406.08;399.09;398.11;397.1;396.09;395.1;394.09;393.08;392.07;389.1;388.09;387.08;386.07;385.08;383.1;382.09;380.1;375.12;373.1;372.09;371.1;370.08;369.07;367.1;366.09;365.09;361.1;360.1;359.12;358.11;357.11;356.07;355.09;354.09;353.09;351.06;349.1;347.09;345.11;343.13;342.09;341.11;340.1;339.1;338.09;337.08;336.08;335.08;331.09;329.11;327.1;326.09;325.09;324.08;323.08;321.06;320.08;319.09;317.08;316.07;315.1;314.09;313.08;312.11;307.08;306.07;303.1;301.08;300.07;299.07;298.06;297.1;294.1;287.1;285.1;284.08;283.07;282.06;281.08;280.07;279.09;273.1;271.08;270.07;269.09;268.09;267.06;265.08;264.07;263.07;262.06;255.09;253.08;252.06;251.07;250.08;249.05;247.07;245.06;237.09;235.07;233.06;231.04;223.07;222.06;211.07;207.08;205.06;196.06;194.04;193.04;192.03;182.08;180.04;179.03;178.05;177.04;165.05;164.05;163.04;150.05;147.04;146.04;135.04;134.04;130.04;123.04;119.05;111.04;109.03;108.02;107.05;106.04,,reported,,chunk_5e0743ef27d6aa3983fc,candidate,Structured compound record mined from local corpus text.
cmp_120022bf4d96fe,entity_120022bf4d96febe,reported,reported,4´-O-malonyl-isobetanin,,betalain,,C27H28N2O16,636.14388282442,,,637.1512,608.15;607.14;605.16;604.15;603.15;602.14;601.13;600.12;599.11;597.16;595.14;594.13;593.16;592.15;591.15;590.14;589.13;587.15;586.14;585.14;584.13;583.12;581.1;579.15;577.17;575.15;574.14;573.14;572.13;571.12;569.14;567.15;565.13;564.12;563.15;562.14;561.14;559.16;558.15;557.14;556.13;555.12;551.15;550.14;549.14;548.13;547.12;546.11;545.14;544.13;543.12;535.16;534.15;533.14;532.13;531.12;529.11;523.16;522.15;521.14;519.16;517.15;516.14;515.13;514.12;513.11;511.1;509.14;507.16;505.15;504.14;503.13;501.15;499.13;498.13;497.12;495.1;493.15;491.13;489.15;488.14;487.13;486.13;485.12;481.15;479.13;478.12;477.15;476.14;475.13;473.16;471.14;470.13;469.12;468.11;465.15;463.13;461.12;460.11;459.14;458.13;457.12;455.11;447.14;445.12;444.11;443.11;442.1;441.09;429.1;428.09;427.09;426.1;425.1;424.09;423.08;412.1;411.09;410.08;409.08;408.09;406.08;399.09;398.11;397.1;396.09;395.1;394.09;393.08;392.07;389.1;388.09;387.08;386.07;385.08;383.1;382.09;380.1;375.12;373.1;372.09;371.1;370.08;369.07;367.1;366.09;365.09;361.1;360.1;359.12;358.11;357.11;356.07;355.09;354.09;353.09;351.06;349.1;347.09;345.11;343.13;342.09;341.11;340.1;339.1;338.09;337.08;336.08;335.08;331.09;329.11;327.1;326.09;325.09;324.08;323.08;321.06;320.08;319.09;317.08;316.07;315.1;314.09;313.08;312.11;307.08;306.07;303.1;301.08;300.07;299.07;298.06;297.1;294.1;287.1;285.1;284.08;283.07;282.06;281.08;280.07;279.09;273.1;271.08;270.07;269.09;268.09;267.06;265.08;264.07;263.07;262.06;255.09;253.08;252.06;251.07;250.08;249.05;247.07;245.06;237.09;235.07;233.06;231.04;223.07;222.06;211.07;207.08;205.06;196.06;194.04;193.04;192.03;182.08;180.04;179.03;178.05;177.04;165.05;164.05;163.04;150.05;147.04;146.04;135.04;134.04;130.04;123.04;119.05;111.04;109.03;108.02;107.05;106.04,,reported,,chunk_6f90a71d3eda8c90215d,candidate,Structured compound record mined from local corpus text.
cmp_e23cbd87d55a86,entity_e23cbd87d55a86fd,reported,reported,"2-decarboxy-2,3-dehydro-betanin (2-decarboxy-xanbetanin)",,betalain,,C23H24N2O11,504.13800959765,,,505.1453,485.12;484.11;483.1;479.13;478.12;477.15;475.13;474.13;473.12;472.11;471.14;470.13;469.12;468.12;467.11;465.15;463.13;461.16;460.11;459.14;458.1;457.12;456.12;455.11;454.1;453.13;451.11;449.12;447.14;445.16;444.12;443.14;442.1;441.13;440.12;439.11;438.11;437.1;435.12;434.14;433.12;432.13;431.11;430.1;429.09;428.12;427.11;426.11;425.1;424.09;423.12;419.12;417.13;415.11;414.11;413.1;411.12;410.11;409.1;408.1;407.09;403.11;401.1;400.09;399.08;398.11;397.1;396.1;395.09;389.1;385.1;384.1;383.09;382.08;381.07;376.14;374.12;373.1;371.09;369.07;368.1;367.09;366.08;362.12;357.11;355.09;354.08;353.08;343.09;342.08;341.08;339.1;338.09;337.08;336.11;329.11;327.1;326.09;325.08;324.07;323.07;318.1;317.08;316.07;315.1;313.12;312.11;311.1;309.09;307.07;303.1;301.08;300.09;299.1;297.09;295.11;294.1;293.09;287.1;286.09;285.09;283.11;281.09;276.09;271.08;270.07;255.09;253.07;235.07;222.06;194.04;180.06;179.06;178.05;177.04;176.03;175.02;174.05;168.03;165.08;164.07;163.06;162.05;161.04;160.04;159.03;152.03;151.06;150.02;149.05;148.04;147.07;146.06;145.05;144.04;143.03;139.06;137.08;136.08;135.07;134.06;133.05;132.04;131.03;130.03;129.05;128.03;127.04;126.02;121.05;120.04;119.03;118.03;117.02;116.05;115.04;114.02;113.02;110.06;109.03;108.02;107.07;105.05;104.05;103.04;102.03;101.02;100.04,,reported,,chunk_b8a168b67a5ebc9d319c,candidate,Structured compound record mined from local corpus text.
cmp_f569a044d4a2ef,entity_f569a044d4a2ef0c,reported,reported,"2-decarboxy-2,3-dehydro-isobetanin (2-decarboxy-isoxanbetanin)",,betalain,,C23H24N2O11,504.13800959765,,,505.1453,485.12;484.11;483.1;479.13;478.12;477.15;475.13;474.13;473.12;472.11;471.14;470.13;469.12;468.12;467.11;465.15;463.13;461.16;460.11;459.14;458.1;457.12;456.12;455.11;454.1;453.13;451.11;449.12;447.14;445.16;444.12;443.14;442.1;441.13;440.12;439.11;438.11;437.1;435.12;434.14;433.12;432.13;431.11;430.1;429.09;428.12;427.11;426.11;425.1;424.09;423.12;419.12;417.13;415.11;414.11;413.1;411.12;410.11;409.1;408.1;407.09;403.11;401.1;400.09;399.08;398.11;397.1;396.1;395.09;389.1;385.1;384.1;383.09;382.08;381.07;376.14;374.12;373.1;371.09;369.07;368.1;367.09;366.08;362.12;357.11;355.09;354.08;353.08;343.09;342.08;341.08;339.1;338.09;337.08;336.11;329.11;327.1;326.09;325.08;324.07;323.07;318.1;317.08;316.07;315.1;313.12;312.11;311.1;309.09;307.07;303.1;301.08;300.09;299.1;297.09;295.11;294.1;293.09;287.1;286.09;285.09;283.11;281.09;276.09;271.08;270.07;255.09;253.07;235.07;222.06;194.04;180.06;179.06;178.05;177.04;176.03;175.02;174.05;168.03;165.08;164.07;163.06;162.05;161.04;160.04;159.03;152.03;151.06;150.02;149.05;148.04;147.07;146.06;145.05;144.04;143.03;139.06;137.08;136.08;135.07;134.06;133.05;132.04;131.03;130.03;129.05;128.03;127.04;126.02;121.05;120.04;119.03;118.03;117.02;116.05;115.04;114.02;113.02;110.06;109.03;108.02;107.07;105.05;104.05;103.04;102.03;101.02;100.04,,reported,,chunk_fe9da9d5f0c18b666eee,candidate,Structured compound record mined from local corpus text.
cmp_4ebbeb4ae4bd3c,entity_4ebbeb4ae4bd3cdd,reported,reported,"2,17-bidecarboxy-2,3-dehydro-betanin (2,17-bidecarboxy-xanbetanin)",,betalain,,C22H24N2O9,460.14818035851,,,461.1555,441.13;440.12;439.11;435.14;434.14;433.16;431.14;430.14;429.13;428.12;427.15;426.14;425.13;424.13;423.12;421.16;420.13;419.14;417.17;416.12;415.15;414.11;413.13;412.13;411.12;410.11;409.14;407.12;405.13;403.15;401.13;400.13;399.12;398.11;397.14;396.13;395.12;394.12;393.11;391.13;389.13;388.13;387.12;386.11;385.1;384.13;383.12;382.12;381.11;380.1;379.13;376.14;375.12;373.14;371.12;370.12;369.11;367.13;366.12;365.11;364.11;363.1;362.12;359.12;358.12;357.11;356.1;355.09;354.12;353.11;352.11;351.1;350.12;345.11;341.11;340.11;339.1;338.09;337.08;336.11;329.11;327.1;326.09;325.08;324.11;323.1;322.09;318.1;313.12;312.11;311.1;310.09;309.09;300.09;299.1;298.09;297.09;295.11;294.1;293.09;292.08;286.09;285.12;283.11;282.1;281.09;280.08;279.08;276.09;273.09;272.08;271.08;270.07;269.13;267.11;265.1;263.08;259.11;257.09;256.08;255.11;253.1;243.11;241.1;227.08;191.08;180.06;179.06;178.07;177.04;175.02;174.05;165.08;164.07;163.06;162.05;161.04;160.04;159.03;151.06;150.05;149.05;148.04;147.07;146.06;145.05;144.04;143.03;139.06;137.08;136.08;135.07;134.06;133.05;132.04;131.03;130.03;129.05;127.04;124.04;121.05;120.04;119.03;118.03;117.02;116.05;115.04;114.03;113.02;110.06;109.03;108.04;107.07;106.03;105.05;104.05;103.04;102.03;101.02;100.02,,reported,,chunk_b21525c614b9229e8179,candidate,Structured compound record mined from local corpus text.
cmp_007d667421f600,entity_007d667421f6008d,reported,reported,2-decarboxy-phyllocactin,,betalain,,C26H28N2O14,592.15405358528,,,593.1613,567.15;565.13;564.12;563.15;562.14;561.14;559.16;557.14;555.12;551.15;549.14;548.13;547.12;546.15;545.14;544.13;543.12;541.15;539.13;535.16;533.14;532.17;531.12;530.12;529.11;528.14;527.13;526.12;525.15;523.13;521.12;520.14;517.15;515.13;513.11;511.1;507.16;505.15;493.15;491.17;489.15;487.13;481.15;479.13;478.12;477.15;476.14;475.13;473.16;471.14;469.12;465.15;463.13;462.13;461.12;460.11;459.14;458.13;457.12;455.14;453.13;447.14;445.12;444.12;443.11;442.14;441.13;440.12;439.11;437.13;435.12;429.13;427.11;425.1;424.12;411.12;408.13;406.11;400.12;399.12;398.11;397.1;396.09;395.12;393.11;386.11;384.13;383.1;382.11;381.11;380.1;379.09;375.12;374.11;373.1;372.09;371.1;370.11;369.11;368.1;367.1;366.12;365.09;364.1;362.09;359.1;357.08;356.07;355.1;354.09;353.09;349.09;347.08;345.11;344.1;343.09;342.08;341.09;340.08;339.07;338.06;337.09;336.08;335.08;331.13;329.11;328.11;327.1;326.09;325.08;323.08;321.06;320.11;319.09;317.08;316.07;315.13;314.09;313.12;312.11;311.1;309.09;307.11;303.1;301.08;300.07;299.07;298.09;297.1;296.11;295.11;294.1;293.09;287.1;286.09;285.1;284.08;283.07;282.06;279.09;278.1;276.09;273.1;271.08;270.07;269.09;268.09;267.09;261.08;255.09;253.07;252.06;250.08;249.08;237.09;236.08;235.06;233.07;231.05;223.07;222.06;221.09;220.08;219.08;218.07;211.07;207.08;205.06;196.06;195.08;194.04;193.06;191.05;180.07;178.05;176.07;163.06;161.04;152.07;151.06;150.05;149.05;148.04;147.07;145.05;138.09;136.08;135.04;134.06;133.05;124.04;123.04;122.06;121.06;119.05;111.04;110.06;109.03;108.02;107.05;106.04;103.05,,reported,,chunk_f0a97fc3634ba71ac750,candidate,Structured compound record mined from local corpus text.
cmp_053bb1d42ad9ad,entity_053bb1d42ad9ad19,reported,reported,2-decarboxy-isophyllocactin,,betalain,,C26H28N2O14,592.15405358528,,,593.1613,567.15;565.13;564.12;563.15;562.14;561.14;559.16;557.14;555.12;551.15;549.14;548.13;547.12;546.15;545.14;544.13;543.12;541.15;539.13;535.16;533.14;532.17;531.12;530.12;529.11;528.14;527.13;526.12;525.15;523.13;521.12;520.14;517.15;515.13;513.11;511.1;507.16;505.15;493.15;491.17;489.15;487.13;481.15;479.13;478.12;477.15;476.14;475.13;473.16;471.14;469.12;465.15;463.13;462.13;461.12;460.11;459.14;458.13;457.12;455.14;453.13;447.14;445.12;444.12;443.11;442.14;441.13;440.12;439.11;437.13;435.12;429.13;427.11;425.1;424.12;411.12;408.13;406.11;400.12;399.12;398.11;397.1;396.09;395.12;393.11;386.11;384.13;383.1;382.11;381.11;380.1;379.09;375.12;374.11;373.1;372.09;371.1;370.11;369.11;368.1;367.1;366.12;365.09;364.1;362.09;359.1;357.08;356.07;355.1;354.09;353.09;349.09;347.08;345.11;344.1;343.09;342.08;341.09;340.08;339.07;338.06;337.09;336.08;335.08;331.13;329.11;328.11;327.1;326.09;325.08;323.08;321.06;320.11;319.09;317.08;316.07;315.13;314.09;313.12;312.11;311.1;309.09;307.11;303.1;301.08;300.07;299.07;298.09;297.1;296.11;295.11;294.1;293.09;287.1;286.09;285.1;284.08;283.07;282.06;279.09;278.1;276.09;273.1;271.08;270.07;269.09;268.09;267.09;261.08;255.09;253.07;252.06;250.08;249.08;237.09;236.08;235.06;233.07;231.05;223.07;222.06;221.09;220.08;219.08;218.07;211.07;207.08;205.06;196.06;195.08;194.04;193.06;191.05;180.07;178.05;176.07;163.06;161.04;152.07;151.06;150.05;149.05;148.04;147.07;145.05;138.09;136.08;135.04;134.06;133.05;124.04;123.04;122.06;121.06;119.05;111.04;110.06;109.03;108.02;107.05;106.04;103.05,,reported,,chunk_54126c66244e141826b7,candidate,Structured compound record mined from local corpus text.
cmp_0361535707417b,entity_0361535707417b9c,reported,reported,"2-Decarboxy-2,3-dehydro-neobetanin",,betalain,,C23H22N2O11,502.12235953319,positive,[M+H]+,503.1296,469.12;468.12;467.11;466.1;461.12;460.11;459.14;458.13;457.12;455.11;452.12;451.11;450.11;449.1;448.09;444.12;443.11;442.1;441.13;440.12;439.11;437.1;434.11;433.12;432.1;431.11;428.09;426.11;425.1;424.13;423.12;422.11;421.1;417.13;416.12;415.15;414.14;413.1;412.09;411.12;406.12;405.11;404.1;403.09;399.08;397.14;396.13;395.12;389.13;388.11;387.12;379.13;378.12;377.11;370.08;369.07;361.12;353.08;341.08;340.07;339.06;327.1;326.09;325.08;324.07;323.07;315.06;314.05;313.08;310.09;309.09;308.08;307.07;301.08;300.07;299.07;298.06;297.09;296.08;295.07;294.1;292.08;285.09;284.08;283.07;282.06;281.09;280.08;279.08;277.06;271.08;270.07;268.08;266.1;265.1;262.08;257.09;256.08;255.09;254.08;253.07;252.06;251.08;241.1;240.09;239.12;238.11;237.08;235.06;234.05;233.06;220.05;216.04;213.1;209.06;208.05;207.04;206.03;203.05;194.04;193.04;192.05;190.04;189.07;180.03;176.03;175.05;166.01;165.07;163.06;162.04;150.02;148.04;147.07;146.06;136.04;134.06;132.04;122.02;119.05;118.04;109.03;108.02;107.05;106.03;102.05,,reported,,chunk_42347cf8dbe8cdcc440f;chunk_35bf6fa086af76e1b8e5,candidate,Structured compound record mined from local corpus text.
cmp_bc9c8d35537bb4,entity_bc9c8d35537bb4ea,reported,reported,"2,17-bidecarboxy-2,3-dehydro-neobetanin",,betalain,,C22H22N2O9,458.13253029405,,,459.1398,424.13;423.12;422.11;417.13;416.12;415.15;414.14;413.13;411.12;407.12;406.12;405.11;404.1;400.13;399.12;398.11;397.14;396.13;395.12;393.11;389.13;388.11;387.12;384.1;382.12;381.11;380.14;379.13;378.12;377.11;373.14;371.12;369.11;368.1;362.13;361.12;360.11;359.1;355.09;353.11;326.09;325.08;323.1;310.09;309.09;298.09;297.09;296.08;295.07;292.08;283.11;282.1;281.09;280.08;279.08;271.08;270.07;269.09;266.1;265.1;264.09;263.08;262.08;257.09;256.08;255.08;254.07;253.1;252.06;251.08;241.1;240.09;239.08;238.07;237.08;236.09;235.06;234.05;227.08;226.07;225.07;224.09;221.11;216.04;213.1;212.09;211.09;210.08;197.11;195.09;189.07;176.06;165.07;164.06;163.05;162.04;159.06;150.05;149.05;148.04;147.07;146.06;145.08;136.04;134.06;132.04;122.02;121.08;120.06;119.05;118.04;109.03;108.02;107.05;106.03;105.02;104.05;102.05,,reported,,chunk_c73313e3cef922fc602d,candidate,Structured compound record mined from local corpus text.
cmp_60cde255c073cc,entity_60cde255c073ccc5,reported,reported,Neolampranthin II,,betalain,,C34H32N2O16,724.17518295334,,,725.1825,696.18;695.17;693.19;692.18;691.18;690.17;689.16;688.15;687.15;685.19;683.17;682.16;681.19;680.18;679.18;678.17;677.16;673.17;672.16;671.15;669.14;667.18;666.17;665.16;664.19;663.18;662.17;661.17;660.16;659.15;655.18;653.16;652.15;650.17;649.17;647.19;645.17;644.16;643.16;637.17;636.16;635.15;634.14;632.16;631.16;619.16;617.14;609.17;601.15;545.15;544.14;543.14;532.14;531.12;530.12;529.11;528.15;527.14;526.13;519.15;518.14;517.13;516.15;515.13;514.13;513.11;512.11;511.1;510.14;503.13;502.12;501.14;500.13;499.12;498.14;497.12;496.11;495.1;493.09;491.13;489.14;488.16;487.15;486.14;485.12;484.11;483.13;482.12;479.11;477.09;475.12;474.14;473.14;472.14;471.14;470.14;469.12;468.12;467.11;461.14;459.1;458.1;456.14;455.13;452.13;451.11;449.14;447.13;446.12;444.14;443.13;441.09;431.13;430.13;429.12;428.11;426.13;425.12;423.08;417.09;415.08;413.12;411.11;387.08;386.07;385.07;384.06;373.1;371.09;370.08;369.07;368.06;367.06;359.09;358.08;357.11;356.1;355.09;354.08;353.08;352.07;351.09;350.09;347.09;345.07;343.09;342.08;341.08;340.07;339.1;338.09;337.08;336.07;334.09;333.07;329.08;327.1;326.09;325.08;324.08;323.08;322.09;321.1;320.08;319.07;317.08;315.06;314.05;313.08;312.07;311.1;307.08;306.07;302.07;301.08;299.07;298.06;294.1;293.09;285.09;283.07;282.06;279.06;278.05;277.05;276.09;267.09;265.05;264.04;263.07;262.06;261.05;255.09;253.07;252.06;251.07;250.08;249.05;247.03;237.08;235.07;233.06;231.04;221.06;209.06;207.05;206.03;194.04;193.04;192.03;191.06;190.05;181.05;180.04;179.03;178.05;177.04;176.03;167.07;165.05;164.05;163.04;162.05;150.05;149.05;148.04;147.04;146.04;145.05;136.08;135.04;134.04;132.04;130.04;123.04;119.05;111.04;109.03;108.02;107.05;106.04,,reported,,chunk_5278fa78b407400b5a0b,candidate,Structured compound record mined from local corpus text.
cmp_3ffadd1058bfbd,entity_3ffadd1058bfbd2d,reported,reported,Dehydrogenated tridecarboxy-neobetanin,,betalain,,C21H22N2O7,414.14270105491,,,415.1499,395.12;394.12;393.11;389.13;388.13;387.16;385.14;384.13;383.12;382.12;381.11;380.14;379.13;378.12;377.11;373.14;371.12;370.12;369.14;368.1;367.13;366.12;365.11;364.11;363.1;361.12;359.12;357.11;355.13;354.12;353.11;352.11;351.1;349.12;348.11;347.1;343.13;342.12;341.11;340.11;339.1;338.09;337.12;336.11;335.1;329.11;327.13;325.12;324.11;323.1;322.09;321.09;319.11;318.1;317.09;313.12;312.11;311.1;310.09;309.09;308.08;307.11;306.1;305.09;300.09;299.1;296.09;295.11;294.1;293.09;292.08;291.08;286.09;285.1;283.11;282.08;281.09;280.08;279.08;277.1;276.09;275.08;273.1;271.08;270.07;267.11;265.1;264.09;255.09;254.08;253.1;252.09;251.08;239.12;237.1;236.09;235.09;234.08;227.08;226.07;223.12;221.11;220.1;213.1;211.09;210.08;197.11;195.09;180.06;179.06;178.05;177.04;175.02;174.05;165.08;164.07;163.06;162.05;161.04;160.04;159.03;151.06;150.05;149.05;148.04;147.07;146.06;145.05;144.04;143.03;139.06;137.08;136.08;135.07;134.06;133.05;132.07;131.03;130.03;129.05;127.04;122.06;121.05;120.04;119.03;118.03;117.02;116.05;115.04;114.03;113.02;110.06;109.03;108.02;107.07;105.05;104.05;103.04;102.03;101.02;100.02,,reported,,chunk_2e65e0feaffaefa9faf8,candidate,Structured compound record mined from local corpus text.
cmp_b7340c7256bb09,entity_b7340c7256bb0914,reported,reported,Isoamaranthin,,betalain,,C30H34N2O19,726.1755768765099,,,727.1829,698.18;697.17;695.19;694.19;693.18;692.17;691.16;690.15;689.15;687.19;685.17;683.19;682.19;681.18;680.17;679.16;677.18;676.17;675.17;674.16;673.15;671.14;669.18;667.2;665.18;664.17;663.17;662.16;661.15;659.17;657.18;655.16;654.15;653.18;652.17;651.17;649.19;648.18;647.17;646.16;645.16;641.18;639.17;638.16;637.15;636.14;635.17;634.16;633.16;625.19;623.17;621.16;619.14;607.18;605.16;603.15;601.13;558.15;551.15;550.14;549.14;545.14;535.16;534.15;533.14;532.13;531.12;523.16;522.15;521.14;519.16;518.13;517.15;516.13;515.13;514.12;513.11;511.16;509.14;507.16;505.15;504.14;503.13;502.13;501.12;500.12;499.13;498.13;497.12;495.1;493.15;491.13;489.15;488.14;487.13;486.12;485.13;484.12;483.11;482.11;481.15;479.13;478.12;477.15;476.14;475.13;473.13;472.12;471.14;470.13;469.12;465.15;463.13;462.12;461.13;460.11;459.14;458.13;457.13;456.13;455.12;449.13;447.11;446.11;445.13;444.13;443.12;433.13;431.12;430.11;429.1;428.09;427.12;426.12;425.11;415.12;413.11;411.09;389.1;388.09;387.08;386.07;375.12;373.1;372.1;371.09;370.08;369.07;361.1;360.1;359.12;358.11;357.11;356.1;355.09;354.08;353.08;351.06;349.1;347.09;345.11;343.13;342.09;341.11;340.1;339.1;338.09;337.08;335.09;331.09;329.11;327.1;326.09;325.09;324.08;323.08;319.09;317.08;316.07;315.1;314.09;313.08;307.08;306.07;303.1;301.08;300.07;299.07;298.06;297.1;287.1;285.1;284.08;283.07;282.06;281.08;280.07;279.09;273.1;271.08;270.07;269.09;268.09;267.06;265.08;264.07;263.07;262.06;255.09;253.08;252.06;251.07;250.08;249.05;247.07;245.06;237.09;235.07;233.06;231.04;223.07;211.07;207.08;205.06;196.06;194.04;193.04;182.08;180.04;179.03;178.05;177.04;165.05;164.05;163.04;147.04;146.04;135.04;134.04;130.04;123.04;119.05;111.04;109.03;108.02;107.05;106.04,,reported,,chunk_4a9c5643144821aa03cd,candidate,Structured compound record mined from local corpus text.
cmp_41c417ae24fa20,entity_41c417ae24fa201a,reported,reported,Iresinin I,,betalain,,C36H42N2O23,870.21783561263,,,871.2251,842.22;841.21;839.24;837.22;836.21;835.2;833.19;831.23;829.21;827.24;826.23;825.22;824.21;823.2;821.22;819.21;817.19;813.22;811.24;809.22;808.22;807.21;801.22;799.2;798.2;797.22;796.22;795.21;785.22;783.21;782.2;781.19;767.21;765.2;763.18;727.18;726.18;725.17;711.19;709.17;708.16;707.16;702.19;699.19;697.17;695.19;694.19;693.18;691.16;689.15;683.19;681.18;679.2;678.19;677.18;676.17;675.16;673.15;669.18;667.2;665.18;663.2;662.17;661.19;660.18;659.17;658.16;657.16;655.16;651.17;649.19;647.17;646.17;645.17;644.16;643.18;641.16;639.17;637.15;633.19;632.18;631.18;630.17;629.17;628.16;627.16;626.15;625.19;623.17;621.16;619.18;617.17;616.16;607.18;606.17;605.17;601.18;600.17;599.16;593.17;591.16;590.15;589.18;588.17;587.16;577.18;575.16;574.15;573.15;572.14;571.17;570.16;569.15;561.18;559.17;557.15;551.15;549.14;535.16;534.15;533.14;532.13;531.12;518.13;517.15;516.13;515.13;514.12;513.11;502.16;501.12;500.12;499.13;497.12;486.14;485.13;484.14;483.11;482.13;481.12;479.13;473.13;470.14;469.13;468.13;467.12;461.13;455.12;452.13;451.12;450.12;449.13;447.11;446.11;445.13;444.13;443.12;441.14;433.13;431.12;429.14;428.09;427.12;426.12;425.11;423.13;417.14;415.12;414.12;413.14;412.14;411.13;401.14;399.13;397.11;396.11;395.13;394.13;393.12;389.1;388.09;387.08;386.07;383.13;381.12;375.12;373.1;372.1;371.09;370.08;369.07;361.1;360.1;359.12;357.11;356.1;355.09;354.08;353.08;351.06;349.1;347.09;345.11;343.13;342.08;341.11;339.1;337.08;335.09;331.09;329.11;327.1;326.09;325.08;324.08;319.09;317.08;316.07;315.1;314.09;313.08;306.07;303.1;301.08;300.07;299.07;287.1;285.09;284.08;283.07;281.08;280.07;273.1;271.11;269.09;267.06;265.08;264.07;263.07;262.06;255.09;253.08;251.07;249.05;247.07;245.06;237.09;235.07;233.06;231.04;223.07;211.07;207.08;205.06;196.06;194.04;193.04;182.08;180.04;179.03;178.05;177.04;165.05;164.05;163.04;147.04;146.04;135.04;134.04;130.04;123.04;119.05;111.04;109.03;108.02;107.05;106.04,,reported,,chunk_5c925f68a32e70649023,candidate,Structured compound record mined from local corpus text.
cmp_ec2bcb41fcb559,entity_ec2bcb41fcb5593a,reported,reported,Isoiresinin I,,betalain,,C36H42N2O23,870.21783561263,,,871.2251,842.22;841.21;839.24;837.22;836.21;835.2;833.19;831.23;829.21;827.24;826.23;825.22;824.21;823.2;821.22;819.21;817.19;813.22;811.24;809.22;808.22;807.21;801.22;799.2;798.2;797.22;796.22;795.21;785.22;783.21;782.2;781.19;767.21;765.2;763.18;727.18;726.18;725.17;711.19;709.17;708.16;707.16;702.19;699.19;697.17;695.19;694.19;693.18;691.16;689.15;683.19;681.18;679.2;678.19;677.18;676.17;675.16;673.15;669.18;667.2;665.18;663.2;662.17;661.19;660.18;659.17;658.16;657.16;655.16;651.17;649.19;647.17;646.17;645.17;644.16;643.18;641.16;639.17;637.15;633.19;632.18;631.18;630.17;629.17;628.16;627.16;626.15;625.19;623.17;621.16;619.18;617.17;616.16;607.18;606.17;605.17;601.18;600.17;599.16;593.17;591.16;590.15;589.18;588.17;587.16;577.18;575.16;574.15;573.15;572.14;571.17;570.16;569.15;561.18;559.17;557.15;551.15;549.14;535.16;534.15;533.14;532.13;531.12;518.13;517.15;516.13;515.13;514.12;513.11;502.16;501.12;500.12;499.13;497.12;486.14;485.13;484.14;483.11;482.13;481.12;479.13;473.13;470.14;469.13;468.13;467.12;461.13;455.12;452.13;451.12;450.12;449.13;447.11;446.11;445.13;444.13;443.12;441.14;433.13;431.12;429.14;428.09;427.12;426.12;425.11;423.13;417.14;415.12;414.12;413.14;412.14;411.13;401.14;399.13;397.11;396.11;395.13;394.13;393.12;389.1;388.09;387.08;386.07;383.13;381.12;375.12;373.1;372.1;371.09;370.08;369.07;361.1;360.1;359.12;357.11;356.1;355.09;354.08;353.08;351.06;349.1;347.09;345.11;343.13;342.08;341.11;339.1;337.08;335.09;331.09;329.11;327.1;326.09;325.08;324.08;319.09;317.08;316.07;315.1;314.09;313.08;306.07;303.1;301.08;300.07;299.07;287.1;285.09;284.08;283.07;281.08;280.07;273.1;271.11;269.09;267.06;265.08;264.07;263.07;262.06;255.09;253.08;251.07;249.05;247.07;245.06;237.09;235.07;233.06;231.04;223.07;211.07;207.08;205.06;196.06;194.04;193.04;182.08;180.04;179.03;178.05;177.04;165.05;164.05;163.04;147.04;146.04;135.04;134.04;130.04;123.04;119.05;111.04;109.03;108.02;107.05;106.04,,reported,,chunk_42ce1cd78fe0605e8778,candidate,Structured compound record mined from local corpus text.
cmp_75c2c11c26014e,entity_75c2c11c26014e55,reported,reported,Celosianin I (argentianin),,betalain,,C39H40N2O21,872.21235630903,,,873.2196,844.22;843.21;841.23;840.22;839.21;838.21;837.2;836.19;835.18;833.22;831.21;829.23;828.22;827.21;826.21;825.2;823.22;822.21;821.2;820.2;819.19;817.17;815.21;813.23;811.22;810.21;809.2;808.2;807.19;805.21;803.21;801.2;800.19;799.22;798.21;797.2;795.22;794.22;793.21;792.2;791.19;787.22;785.2;784.2;783.19;782.18;781.21;780.2;779.19;771.22;769.21;767.19;765.18;753.21;751.2;749.18;747.17;709.17;708.16;707.16;704.18;693.18;692.17;691.16;690.15;689.15;681.18;680.18;679.16;678.17;677.16;675.17;673.15;671.14;665.18;664.16;663.16;662.17;661.16;660.16;659.15;657.16;655.14;651.17;648.17;647.16;646.15;645.15;639.17;637.15;635.16;634.18;633.17;632.16;631.17;630.16;629.15;628.14;623.17;621.16;619.17;618.16;608.16;607.17;605.16;603.17;602.16;601.16;595.17;593.15;592.14;591.17;590.16;589.16;579.17;577.16;576.15;575.14;574.13;573.16;572.15;571.14;561.16;559.14;557.13;551.15;550.14;549.14;535.16;534.15;533.14;532.13;531.12;523.16;522.15;521.14;519.16;517.15;516.13;515.13;514.12;513.11;511.16;509.14;507.16;505.15;504.14;503.13;501.15;500.12;499.13;498.13;497.12;495.1;493.15;491.13;489.15;488.14;487.13;486.13;485.12;484.12;483.11;482.11;481.15;479.13;478.12;477.15;476.14;475.13;471.14;470.13;469.12;465.15;463.13;461.12;460.11;459.14;458.13;457.12;455.12;447.14;445.12;443.12;431.12;429.1;428.09;427.12;426.12;425.11;415.12;413.11;411.09;389.1;388.09;387.08;386.07;375.12;373.1;372.1;371.09;370.08;369.07;361.1;360.1;359.12;358.11;357.11;356.1;355.09;354.08;353.08;351.06;349.1;347.09;345.11;343.13;342.09;341.11;340.1;339.1;338.09;337.08;335.09;331.09;329.11;327.1;326.09;325.09;324.08;323.08;319.09;317.08;316.07;315.1;314.09;313.08;307.08;306.07;303.1;301.08;300.07;299.07;298.06;297.1;287.1;285.1;284.08;283.07;282.06;281.08;280.07;279.09;273.1;271.08;270.07;269.09;268.09;267.06;265.08;264.07;263.07;262.06;255.09;253.08;252.06;251.07;250.08;249.05;247.07;245.06;237.09;235.07;233.06;231.04;223.07;211.07;207.08;205.06;196.06;194.04;193.04;182.08;180.04;179.03;178.05;177.04;165.05;164.05;163.04;147.04;146.04;135.04;134.04;130.04;123.04;119.05;111.04;109.03;108.02;107.05;106.04,,reported,,chunk_ca55fc80231a5c3ecca0,candidate,Structured compound record mined from local corpus text.
cmp_915520c28ec21f,entity_915520c28ec21fa8,reported,reported,Isocelosianin I (isoargentianin),,betalain,,C39H40N2O21,872.21235630903,,,873.2196,844.22;843.21;841.23;840.22;839.21;838.21;837.2;836.19;835.18;833.22;831.21;829.23;828.22;827.21;826.21;825.2;823.22;822.21;821.2;820.2;819.19;817.17;815.21;813.23;811.22;810.21;809.2;808.2;807.19;805.21;803.21;801.2;800.19;799.22;798.21;797.2;795.22;794.22;793.21;792.2;791.19;787.22;785.2;784.2;783.19;782.18;781.21;780.2;779.19;771.22;769.21;767.19;765.18;753.21;751.2;749.18;747.17;709.17;708.16;707.16;704.18;693.18;692.17;691.16;690.15;689.15;681.18;680.18;679.16;678.17;677.16;675.17;673.15;671.14;665.18;664.16;663.16;662.17;661.16;660.16;659.15;657.16;655.14;651.17;648.17;647.16;646.15;645.15;639.17;637.15;635.16;634.18;633.17;632.16;631.17;630.16;629.15;628.14;623.17;621.16;619.17;618.16;608.16;607.17;605.16;603.17;602.16;601.16;595.17;593.15;592.14;591.17;590.16;589.16;579.17;577.16;576.15;575.14;574.13;573.16;572.15;571.14;561.16;559.14;557.13;551.15;550.14;549.14;535.16;534.15;533.14;532.13;531.12;523.16;522.15;521.14;519.16;517.15;516.13;515.13;514.12;513.11;511.16;509.14;507.16;505.15;504.14;503.13;501.15;500.12;499.13;498.13;497.12;495.1;493.15;491.13;489.15;488.14;487.13;486.13;485.12;484.12;483.11;482.11;481.15;479.13;478.12;477.15;476.14;475.13;471.14;470.13;469.12;465.15;463.13;461.12;460.11;459.14;458.13;457.12;455.12;447.14;445.12;443.12;431.12;429.1;428.09;427.12;426.12;425.11;415.12;413.11;411.09;389.1;388.09;387.08;386.07;375.12;373.1;372.1;371.09;370.08;369.07;361.1;360.1;359.12;358.11;357.11;356.1;355.09;354.08;353.08;351.06;349.1;347.09;345.11;343.13;342.09;341.11;340.1;339.1;338.09;337.08;335.09;331.09;329.11;327.1;326.09;325.09;324.08;323.08;319.09;317.08;316.07;315.1;314.09;313.08;307.08;306.07;303.1;301.08;300.07;299.07;298.06;297.1;287.1;285.1;284.08;283.07;282.06;281.08;280.07;279.09;273.1;271.08;270.07;269.09;268.09;267.06;265.08;264.07;263.07;262.06;255.09;253.08;252.06;251.07;250.08;249.05;247.07;245.06;237.09;235.07;233.06;231.04;223.07;211.07;207.08;205.06;196.06;194.04;193.04;182.08;180.04;179.03;178.05;177.04;165.05;164.05;163.04;147.04;146.04;135.04;134.04;130.04;123.04;119.05;111.04;109.03;108.02;107.05;106.04,,reported,,chunk_668748d072a7bc456d32,candidate,Structured compound record mined from local corpus text.
cmp_bb4dcb12038eef,entity_bb4dcb12038eef0b,reported,reported,Celosianin II,,betalain,,C40H42N2O22,902.22292099306,,,903.2302,874.23;873.22;871.24;870.23;869.22;868.22;867.21;866.2;865.19;863.24;861.22;859.24;858.23;857.22;856.22;855.21;853.23;852.22;851.21;850.21;849.2;847.18;845.22;843.25;841.23;840.22;839.21;838.21;837.2;835.22;833.22;831.21;830.2;829.23;828.22;827.21;825.23;824.23;823.22;822.21;821.2;817.23;815.21;814.21;813.2;812.19;811.22;810.21;809.2;801.23;799.22;797.2;795.19;783.22;781.21;779.19;777.18;734.19;721.18;710.19;709.17;708.18;707.17;695.18;694.17;693.18;692.18;691.16;690.17;689.15;681.18;679.16;678.18;677.17;676.16;675.17;673.15;671.14;665.18;664.19;663.17;662.17;661.18;660.17;659.16;658.15;657.16;655.14;651.17;649.18;648.17;647.17;645.16;639.17;638.17;637.18;635.17;633.18;632.17;631.17;625.18;623.16;622.15;621.18;620.17;619.17;609.18;607.17;606.16;605.15;604.14;603.17;602.16;601.16;591.17;589.16;587.14;551.15;550.14;549.14;535.16;534.15;533.14;532.13;531.12;523.16;522.15;521.14;519.16;517.15;516.13;515.13;514.12;513.11;511.16;509.14;507.16;505.15;504.14;503.13;501.15;500.12;499.13;498.13;497.12;495.1;493.15;491.13;489.15;488.14;487.13;486.13;485.12;484.12;483.11;482.11;481.15;479.13;478.12;477.15;476.14;475.13;471.14;470.13;469.12;465.15;463.13;461.12;460.11;459.14;458.13;457.12;455.12;447.14;445.12;443.12;431.12;429.1;428.09;427.12;426.12;425.11;415.12;413.11;411.09;389.1;388.09;387.08;386.07;375.12;373.1;372.1;371.09;370.08;369.07;361.1;360.1;359.12;358.11;357.11;356.1;355.09;354.08;353.08;351.06;349.1;347.09;345.11;343.13;342.09;341.11;340.1;339.1;338.09;337.08;335.09;331.09;329.11;327.1;326.09;325.09;324.08;323.08;319.09;317.08;316.07;315.1;314.09;313.08;307.08;306.07;303.1;301.08;300.07;299.07;298.06;297.1;287.1;285.1;284.08;283.07;282.06;281.08;280.07;279.09;273.1;271.08;270.07;269.09;268.09;267.06;265.08;264.07;263.07;262.06;255.09;253.08;252.06;251.07;250.08;249.05;247.07;245.06;237.09;235.07;233.06;231.04;223.07;211.07;207.08;205.06;196.06;194.04;193.04;182.08;180.04;179.03;178.05;177.04;165.05;164.05;163.04;147.04;146.04;135.04;134.04;130.04;123.04;119.05;111.04;109.03;108.02;107.05;106.04,,reported,,chunk_cf1a079ddaaeaeda1d5a,candidate,Structured compound record mined from local corpus text.
cmp_e4c1670e41188a,entity_e4c1670e41188ae1,reported,reported,Isocelosianin II,,betalain,,C40H42N2O22,902.22292099306,,,903.2302,874.23;873.22;871.24;870.23;869.22;868.22;867.21;866.2;865.19;863.24;861.22;859.24;858.23;857.22;856.22;855.21;853.23;852.22;851.21;850.21;849.2;847.18;845.22;843.25;841.23;840.22;839.21;838.21;837.2;835.22;833.22;831.21;830.2;829.23;828.22;827.21;825.23;824.23;823.22;822.21;821.2;817.23;815.21;814.21;813.2;812.19;811.22;810.21;809.2;801.23;799.22;797.2;795.19;783.22;781.21;779.19;777.18;734.19;721.18;710.19;709.17;708.18;707.17;695.18;694.17;693.18;692.18;691.16;690.17;689.15;681.18;679.16;678.18;677.17;676.16;675.17;673.15;671.14;665.18;664.19;663.17;662.17;661.18;660.17;659.16;658.15;657.16;655.14;651.17;649.18;648.17;647.17;645.16;639.17;638.17;637.18;635.17;633.18;632.17;631.17;625.18;623.16;622.15;621.18;620.17;619.17;609.18;607.17;606.16;605.15;604.14;603.17;602.16;601.16;591.17;589.16;587.14;551.15;550.14;549.14;535.16;534.15;533.14;532.13;531.12;523.16;522.15;521.14;519.16;517.15;516.13;515.13;514.12;513.11;511.16;509.14;507.16;505.15;504.14;503.13;501.15;500.12;499.13;498.13;497.12;495.1;493.15;491.13;489.15;488.14;487.13;486.13;485.12;484.12;483.11;482.11;481.15;479.13;478.12;477.15;476.14;475.13;471.14;470.13;469.12;465.15;463.13;461.12;460.11;459.14;458.13;457.12;455.12;447.14;445.12;443.12;431.12;429.1;428.09;427.12;426.12;425.11;415.12;413.11;411.09;389.1;388.09;387.08;386.07;375.12;373.1;372.1;371.09;370.08;369.07;361.1;360.1;359.12;358.11;357.11;356.1;355.09;354.08;353.08;351.06;349.1;347.09;345.11;343.13;342.09;341.11;340.1;339.1;338.09;337.08;335.09;331.09;329.11;327.1;326.09;325.09;324.08;323.08;319.09;317.08;316.07;315.1;314.09;313.08;307.08;306.07;303.1;301.08;300.07;299.07;298.06;297.1;287.1;285.1;284.08;283.07;282.06;281.08;280.07;279.09;273.1;271.08;270.07;269.09;268.09;267.06;265.08;264.07;263.07;262.06;255.09;253.08;252.06;251.07;250.08;249.05;247.07;245.06;237.09;235.07;233.06;231.04;223.07;211.07;207.08;205.06;196.06;194.04;193.04;182.08;180.04;179.03;178.05;177.04;165.05;164.05;163.04;147.04;146.04;135.04;134.04;130.04;123.04;119.05;111.04;109.03;108.02;107.05;106.04,,reported,,chunk_75d76f4c5281f97a3299,candidate,Structured compound record mined from local corpus text.
cmp_20994f552d009f,entity_20994f552d009f3a,reported,reported,Sinapoyl-amaranthin,,betalain,,C41H44N2O23,932.23348567709,,,933.2408,904.24;903.23;901.25;900.24;899.24;898.23;897.22;896.21;895.2;893.25;891.23;889.25;888.24;887.24;886.23;885.22;883.24;882.23;881.22;880.22;879.21;877.19;875.24;873.26;871.24;870.23;869.22;868.22;867.21;865.23;863.24;861.22;860.21;859.24;858.23;857.22;855.25;854.24;853.23;852.22;851.21;847.24;845.22;844.22;843.21;842.2;841.23;840.22;839.21;831.25;829.23;827.21;825.2;813.23;811.22;809.2;807.19;764.2;751.2;740.2;738.19;737.18;725.19;724.18;723.18;722.19;721.18;720.18;719.17;709.17;708.19;707.16;706.17;705.17;695.18;694.2;693.18;692.18;691.16;690.18;689.15;688.16;681.18;679.19;678.18;677.18;675.17;673.15;671.14;668.18;667.19;665.18;663.17;662.18;661.18;659.17;657.16;655.19;653.17;652.16;651.19;650.18;649.18;647.17;645.16;639.19;637.15;636.17;635.16;634.15;633.18;632.17;631.17;623.17;621.16;619.14;617.15;605.16;603.15;601.13;551.15;550.14;549.14;535.16;534.15;533.14;532.13;531.12;523.16;522.15;521.14;519.16;517.15;516.13;515.13;514.12;513.11;511.16;509.14;507.16;505.15;504.14;503.13;501.15;500.12;499.13;498.13;497.12;495.1;493.15;491.13;489.15;488.14;487.13;486.13;485.12;484.12;483.11;482.11;481.15;479.13;478.12;477.15;476.14;475.13;471.14;470.13;469.12;465.15;463.13;461.12;460.11;459.14;458.13;457.12;455.12;447.14;445.12;443.12;431.12;429.1;428.09;427.12;426.12;425.11;415.12;413.11;411.09;389.1;388.09;387.08;386.07;375.12;373.1;372.1;371.09;370.08;369.07;361.1;360.1;359.12;358.11;357.11;356.1;355.09;354.08;353.08;351.06;349.1;347.09;345.11;343.13;342.09;341.11;340.1;339.1;338.09;337.08;335.09;331.09;329.11;327.1;326.09;325.09;324.08;323.08;319.09;317.08;316.07;315.1;314.09;313.08;307.08;306.07;303.1;301.08;300.07;299.07;298.06;297.1;287.1;285.1;284.08;283.07;282.06;281.08;280.07;279.09;273.1;271.08;270.07;269.09;268.09;267.06;265.08;264.07;263.07;262.06;255.09;253.08;252.06;251.07;250.08;249.05;247.07;245.06;237.09;235.07;233.06;231.04;223.07;211.07;207.08;205.06;196.06;194.04;193.04;182.08;180.04;179.03;178.05;177.04;165.05;164.05;163.04;147.04;146.04;135.04;134.04;130.04;123.04;119.05;111.04;109.03;108.02;107.05;106.04,,reported,,chunk_136579b2b35b688b59d7,candidate,Structured compound record mined from local corpus text.
cmp_27bc3df61eab9d,entity_27bc3df61eab9dcb,reported,reported,Sinapoyl-isoamaranthin,,betalain,,C41H44N2O23,932.23348567709,,,933.2408,904.24;903.23;901.25;900.24;899.24;898.23;897.22;896.21;895.2;893.25;891.23;889.25;888.24;887.24;886.23;885.22;883.24;882.23;881.22;880.22;879.21;877.19;875.24;873.26;871.24;870.23;869.22;868.22;867.21;865.23;863.24;861.22;860.21;859.24;858.23;857.22;855.25;854.24;853.23;852.22;851.21;847.24;845.22;844.22;843.21;842.2;841.23;840.22;839.21;831.25;829.23;827.21;825.2;813.23;811.22;809.2;807.19;764.2;751.2;740.2;738.19;737.18;725.19;724.18;723.18;722.19;721.18;720.18;719.17;709.17;708.19;707.16;706.17;705.17;695.18;694.2;693.18;692.18;691.16;690.18;689.15;688.16;681.18;679.19;678.18;677.18;675.17;673.15;671.14;668.18;667.19;665.18;663.17;662.18;661.18;659.17;657.16;655.19;653.17;652.16;651.19;650.18;649.18;647.17;645.16;639.19;637.15;636.17;635.16;634.15;633.18;632.17;631.17;623.17;621.16;619.14;617.15;605.16;603.15;601.13;551.15;550.14;549.14;535.16;534.15;533.14;532.13;531.12;523.16;522.15;521.14;519.16;517.15;516.13;515.13;514.12;513.11;511.16;509.14;507.16;505.15;504.14;503.13;501.15;500.12;499.13;498.13;497.12;495.1;493.15;491.13;489.15;488.14;487.13;486.13;485.12;484.12;483.11;482.11;481.15;479.13;478.12;477.15;476.14;475.13;471.14;470.13;469.12;465.15;463.13;461.12;460.11;459.14;458.13;457.12;455.12;447.14;445.12;443.12;431.12;429.1;428.09;427.12;426.12;425.11;415.12;413.11;411.09;389.1;388.09;387.08;386.07;375.12;373.1;372.1;371.09;370.08;369.07;361.1;360.1;359.12;358.11;357.11;356.1;355.09;354.08;353.08;351.06;349.1;347.09;345.11;343.13;342.09;341.11;340.1;339.1;338.09;337.08;335.09;331.09;329.11;327.1;326.09;325.09;324.08;323.08;319.09;317.08;316.07;315.1;314.09;313.08;307.08;306.07;303.1;301.08;300.07;299.07;298.06;297.1;287.1;285.1;284.08;283.07;282.06;281.08;280.07;279.09;273.1;271.08;270.07;269.09;268.09;267.06;265.08;264.07;263.07;262.06;255.09;253.08;252.06;251.07;250.08;249.05;247.07;245.06;237.09;235.07;233.06;231.04;223.07;211.07;207.08;205.06;196.06;194.04;193.04;182.08;180.04;179.03;178.05;177.04;165.05;164.05;163.04;147.04;146.04;135.04;134.04;130.04;123.04;119.05;111.04;109.03;108.02;107.05;106.04,,reported,,chunk_47c168a3a60becc9765d,candidate,Structured compound record mined from local corpus text.
cmp_049276139f07bb,entity_049276139f07bbce,reported,reported,6´-O-malonyl-amaranthin (Celoscristatin),,betalain,,C33H36N2O22,812.17597079968,,,813.1832,784.18;783.17;781.19;779.18;778.17;777.16;775.15;773.19;771.17;769.19;768.19;767.18;766.17;765.16;763.18;761.17;759.15;755.18;753.2;751.18;750.18;749.17;743.18;741.16;740.15;739.18;738.18;737.17;727.18;726.18;725.17;724.16;723.15;711.19;709.17;708.16;707.16;705.14;699.19;697.17;695.19;693.18;691.16;689.15;683.19;681.18;679.16;677.18;675.17;673.15;669.18;665.18;663.17;657.18;655.16;651.17;644.15;639.17;637.15;636.14;635.14;631.14;621.16;620.15;619.14;618.13;617.12;609.16;607.14;605.16;604.13;603.15;602.14;601.13;600.12;599.11;593.16;591.15;589.13;588.13;587.12;586.12;585.14;583.12;579.15;575.15;574.14;573.14;572.12;571.13;570.12;569.11;568.11;567.15;565.13;561.14;559.13;558.12;551.15;549.14;548.12;547.13;543.13;542.13;541.12;535.13;534.15;533.11;532.11;531.13;530.13;529.12;519.13;518.13;517.12;516.13;515.13;514.12;513.11;512.12;511.11;503.14;502.13;501.12;500.12;499.13;497.12;484.12;483.11;482.11;479.13;473.13;461.13;455.12;449.13;447.11;446.11;445.13;444.11;443.12;442.1;441.09;433.13;431.12;429.1;428.09;427.09;426.1;425.11;424.09;423.08;415.12;413.11;412.1;411.09;410.08;409.08;394.09;393.08;392.07;389.1;388.09;387.08;386.07;383.1;375.12;373.1;372.1;371.09;370.08;369.07;365.09;361.1;360.1;359.12;357.11;356.1;355.09;354.09;353.09;351.06;349.1;347.09;345.11;343.13;342.08;341.11;339.1;338.06;337.08;336.08;335.08;331.09;329.11;327.1;326.09;325.09;324.08;323.08;319.09;317.08;316.07;315.1;314.09;313.08;306.07;303.1;301.08;300.07;299.07;287.1;285.09;284.08;283.07;281.08;280.07;273.1;271.11;269.09;267.06;265.08;264.07;263.07;262.06;255.09;253.08;251.07;249.05;247.07;245.06;237.09;235.07;233.06;231.04;223.07;211.07;207.08;205.06;196.06;194.04;193.04;182.08;180.04;179.03;178.05;177.04;165.05;164.05;163.04;147.04;146.04;135.04;134.04;130.04;123.04;119.05;111.04;109.03;108.02;107.05;106.04,,reported,,chunk_fa15650d62c62e69702b,candidate,Structured compound record mined from local corpus text.
cmp_68757fc74e4af2,entity_68757fc74e4af2f5,reported,reported,6´-O-malonyl-isoamaranthin (isoceloscristatin),,betalain,,C33H36N2O22,812.17597079968,,,813.1832,784.18;783.17;781.19;779.18;778.17;777.16;775.15;773.19;771.17;769.19;768.19;767.18;766.17;765.16;763.18;761.17;759.15;755.18;753.2;751.18;750.18;749.17;743.18;741.16;740.15;739.18;738.18;737.17;727.18;726.18;725.17;724.16;723.15;711.19;709.17;708.16;707.16;705.14;699.19;697.17;695.19;693.18;691.16;689.15;683.19;681.18;679.16;677.18;675.17;673.15;669.18;665.18;663.17;657.18;655.16;651.17;644.15;639.17;637.15;636.14;635.14;631.14;621.16;620.15;619.14;618.13;617.12;609.16;607.14;605.16;604.13;603.15;602.14;601.13;600.12;599.11;593.16;591.15;589.13;588.13;587.12;586.12;585.14;583.12;579.15;575.15;574.14;573.14;572.12;571.13;570.12;569.11;568.11;567.15;565.13;561.14;559.13;558.12;551.15;549.14;548.12;547.13;543.13;542.13;541.12;535.13;534.15;533.11;532.11;531.13;530.13;529.12;519.13;518.13;517.12;516.13;515.13;514.12;513.11;512.12;511.11;503.14;502.13;501.12;500.12;499.13;497.12;484.12;483.11;482.11;479.13;473.13;461.13;455.12;449.13;447.11;446.11;445.13;444.11;443.12;442.1;441.09;433.13;431.12;429.1;428.09;427.09;426.1;425.11;424.09;423.08;415.12;413.11;412.1;411.09;410.08;409.08;394.09;393.08;392.07;389.1;388.09;387.08;386.07;383.1;375.12;373.1;372.1;371.09;370.08;369.07;365.09;361.1;360.1;359.12;357.11;356.1;355.09;354.09;353.09;351.06;349.1;347.09;345.11;343.13;342.08;341.11;339.1;338.06;337.08;336.08;335.08;331.09;329.11;327.1;326.09;325.09;324.08;323.08;319.09;317.08;316.07;315.1;314.09;313.08;306.07;303.1;301.08;300.07;299.07;287.1;285.09;284.08;283.07;281.08;280.07;273.1;271.11;269.09;267.06;265.08;264.07;263.07;262.06;255.09;253.08;251.07;249.05;247.07;245.06;237.09;235.07;233.06;231.04;223.07;211.07;207.08;205.06;196.06;194.04;193.04;182.08;180.04;179.03;178.05;177.04;165.05;164.05;163.04;147.04;146.04;135.04;134.04;130.04;123.04;119.05;111.04;109.03;108.02;107.05;106.04,,reported,,chunk_f4a3410b6d3338c0e572,candidate,Structured compound record mined from local corpus text.
cmp_dbd8a83b03dab7,entity_dbd8a83b03dab738,reported,reported,4´-O-malonyl-amaranthin,,betalain,,C33H36N2O22,812.17597079968,,,813.1832,784.18;783.17;781.19;779.18;778.17;777.16;775.15;773.19;771.17;769.19;768.19;767.18;766.17;765.16;763.18;761.17;759.15;755.18;753.2;751.18;750.18;749.17;743.18;741.16;740.15;739.18;738.18;737.17;727.18;726.18;725.17;724.16;723.15;711.19;709.17;708.16;707.16;705.14;699.19;697.17;695.19;693.18;691.16;689.15;683.19;681.18;679.16;677.18;675.17;673.15;669.18;665.18;663.17;657.18;655.16;651.17;644.15;639.17;637.15;636.14;635.14;631.14;621.16;620.15;619.14;618.13;617.12;609.16;607.14;605.16;604.13;603.15;602.14;601.13;600.12;599.11;593.16;591.15;589.13;588.13;587.12;586.12;585.14;583.12;579.15;575.15;574.14;573.14;572.12;571.13;570.12;569.11;568.11;567.15;565.13;561.14;559.13;558.12;551.15;549.14;548.12;547.13;543.13;542.13;541.12;535.13;534.15;533.11;532.11;531.13;530.13;529.12;519.13;518.13;517.12;516.13;515.13;514.12;513.11;512.12;511.11;503.14;502.13;501.12;500.12;499.13;497.12;484.12;483.11;482.11;479.13;473.13;461.13;455.12;449.13;447.11;446.11;445.13;444.11;443.12;442.1;441.09;433.13;431.12;429.1;428.09;427.09;426.1;425.11;424.09;423.08;415.12;413.11;412.1;411.09;410.08;409.08;394.09;393.08;392.07;389.1;388.09;387.08;386.07;383.1;375.12;373.1;372.1;371.09;370.08;369.07;365.09;361.1;360.1;359.12;357.11;356.1;355.09;354.09;353.09;351.06;349.1;347.09;345.11;343.13;342.08;341.11;339.1;338.06;337.08;336.08;335.08;331.09;329.11;327.1;326.09;325.09;324.08;323.08;319.09;317.08;316.07;315.1;314.09;313.08;306.07;303.1;301.08;300.07;299.07;287.1;285.09;284.08;283.07;281.08;280.07;273.1;271.11;269.09;267.06;265.08;264.07;263.07;262.06;255.09;253.08;251.07;249.05;247.07;245.06;237.09;235.07;233.06;231.04;223.07;211.07;207.08;205.06;196.06;194.04;193.04;182.08;180.04;179.03;178.05;177.04;165.05;164.05;163.04;147.04;146.04;135.04;134.04;130.04;123.04;119.05;111.04;109.03;108.02;107.05;106.04,,reported,,chunk_97ee5e389c29499944c0;chunk_04719ea392c5f65ead84,candidate,Structured compound record mined from local corpus text.
cmp_5e50f19052cbaa,entity_5e50f19052cbaadf,reported,reported,17-decarboxy-amaranthin,,betalain,,C29H34N2O17,682.18574763737,,,683.193,654.19;653.18;651.2;650.2;649.19;648.18;647.17;646.16;645.16;643.2;641.18;639.2;638.2;637.19;636.18;635.17;633.19;632.18;631.18;630.17;629.16;627.15;625.19;623.21;621.19;620.18;619.18;618.17;617.16;615.18;613.19;611.17;610.16;609.19;608.18;607.18;605.2;604.19;603.18;602.17;601.17;597.19;595.18;594.17;593.16;592.15;591.18;590.17;589.17;581.2;579.18;577.17;575.15;563.19;561.17;559.16;558.15;557.14;545.14;534.15;532.13;531.12;519.13;518.13;517.12;516.13;515.13;514.12;513.11;507.16;506.15;505.15;502.13;501.12;500.12;499.11;491.17;490.16;489.15;488.14;487.13;486.12;485.13;484.12;483.11;482.11;479.17;478.16;477.15;475.17;473.16;472.12;471.14;470.13;469.12;467.17;465.15;463.17;462.12;461.13;460.15;459.14;457.16;456.13;455.14;454.14;453.13;451.11;449.13;447.11;446.11;445.13;444.13;443.12;442.14;441.13;437.16;435.14;434.13;433.13;432.15;431.12;430.11;429.1;428.09;427.12;426.12;425.11;421.16;419.14;417.13;416.12;415.12;414.14;413.11;411.09;403.15;401.13;399.12;385.14;383.12;381.11;358.11;356.1;355.09;345.11;344.1;343.09;342.09;341.09;340.1;338.09;337.08;331.13;329.11;328.11;327.1;326.09;325.08;324.08;323.08;317.11;316.11;315.13;313.12;312.11;311.1;310.09;309.09;307.08;306.07;305.11;303.1;301.12;299.14;298.09;297.12;295.11;293.09;291.1;287.1;285.1;283.11;282.1;281.09;279.09;275.1;273.09;272.08;271.08;270.07;269.09;268.09;267.09;259.11;257.09;256.08;255.09;254.07;253.07;252.06;250.08;249.08;243.11;241.1;240.09;239.08;238.07;237.09;236.08;235.06;227.12;225.1;223.07;221.09;220.08;219.08;218.07;209.09;207.08;205.06;203.08;201.07;196.06;194.04;193.1;191.08;189.07;187.05;182.08;180.04;179.08;178.05;177.04;167.08;165.05;164.05;163.09;161.07;152.07;150.05;147.04;146.04;135.04;134.04;130.04;123.04;119.05;111.04;109.03;108.02;107.05;106.04,,reported,,chunk_54d8af953f38709f74af,candidate,Structured compound record mined from local corpus text.
cmp_9afdc8912546e7,entity_9afdc8912546e791,reported,reported,15-decarboxy-amaranthin,,betalain,,C29H34N2O17,682.18574763737,,,683.193,654.19;653.18;651.2;650.2;649.19;648.18;647.17;646.16;645.16;643.2;641.18;639.2;638.2;637.19;636.18;635.17;633.19;632.18;631.18;630.17;629.16;627.15;625.19;623.21;621.19;620.18;619.18;618.17;617.16;615.18;613.19;611.17;610.16;609.19;608.18;607.18;605.2;604.19;603.18;602.17;601.17;597.19;595.18;594.17;593.16;592.15;591.18;590.17;589.17;581.2;579.18;577.17;575.15;563.19;561.17;559.16;558.15;557.14;545.14;534.15;532.13;531.12;519.13;518.13;517.12;516.13;515.13;514.12;513.11;507.16;506.15;505.15;502.13;501.12;500.12;499.11;491.17;490.16;489.15;488.14;487.13;486.12;485.13;484.12;483.11;482.11;479.17;478.16;477.15;475.17;473.16;472.12;471.14;470.13;469.12;467.17;465.15;463.17;462.12;461.13;460.15;459.14;457.16;456.13;455.14;454.14;453.13;451.11;449.13;447.11;446.11;445.13;444.13;443.12;442.14;441.13;437.16;435.14;434.13;433.13;432.15;431.12;430.11;429.1;428.09;427.12;426.12;425.11;421.16;419.14;417.13;416.12;415.12;414.14;413.11;411.09;403.15;401.13;399.12;385.14;383.12;381.11;358.11;356.1;355.09;345.11;344.1;343.09;342.09;341.09;340.1;338.09;337.08;331.13;329.11;328.11;327.1;326.09;325.08;324.08;323.08;317.11;316.11;315.13;313.12;312.11;311.1;310.09;309.09;307.08;306.07;305.11;303.1;301.12;299.14;298.09;297.12;295.11;293.09;291.1;287.1;285.1;283.11;282.1;281.09;279.09;275.1;273.09;272.08;271.08;270.07;269.09;268.09;267.09;259.11;257.09;256.08;255.09;254.07;253.07;252.06;250.08;249.08;243.11;241.1;240.09;239.08;238.07;237.09;236.08;235.06;227.12;225.1;223.07;221.09;220.08;219.08;218.07;209.09;207.08;205.06;203.08;201.07;196.06;194.04;193.1;191.08;189.07;187.05;182.08;180.04;179.08;178.05;177.04;167.08;165.05;164.05;163.09;161.07;152.07;150.05;147.04;146.04;135.04;134.04;130.04;123.04;119.05;111.04;109.03;108.02;107.05;106.04,,reported,,chunk_acae738833f8a58e3f42,candidate,Structured compound record mined from local corpus text.
cmp_3c7e9eea05dfc5,entity_3c7e9eea05dfc517,reported,reported,2-decarboxy-amaranthin,,betalain,,C29H34N2O17,682.18574763737,,,683.193,654.19;653.18;651.2;650.2;649.19;648.18;647.17;646.16;645.16;643.2;641.18;639.2;638.2;637.19;636.18;635.17;633.19;632.18;631.18;630.17;629.16;627.15;625.19;623.21;621.19;620.18;619.18;618.17;617.16;615.18;613.19;611.17;610.16;609.19;608.18;607.18;605.2;604.19;603.18;602.17;601.17;597.19;595.18;594.17;593.16;592.15;591.18;590.17;589.17;581.2;579.18;577.17;575.15;563.19;561.17;559.16;558.15;557.14;545.14;534.15;532.13;531.12;519.13;518.13;517.12;516.13;515.13;514.12;513.11;507.16;506.15;505.15;502.13;501.12;500.12;499.11;491.17;490.16;489.15;488.14;487.13;486.12;485.13;484.12;483.11;482.11;479.17;478.16;477.15;475.17;473.16;472.12;471.14;470.13;469.12;467.17;465.15;463.17;462.12;461.13;460.15;459.14;457.16;456.13;455.14;454.14;453.13;451.11;449.13;447.11;446.11;445.13;444.13;443.12;442.14;441.13;437.16;435.14;434.13;433.13;432.15;431.12;430.11;429.1;428.09;427.12;426.12;425.11;421.16;419.14;417.13;416.12;415.12;414.14;413.11;411.09;403.15;401.13;399.12;385.14;383.12;381.11;358.11;356.1;355.09;345.11;344.1;343.09;342.09;341.09;340.1;338.09;337.08;331.13;329.11;328.11;327.1;326.09;325.08;324.08;323.08;317.11;316.11;315.13;313.12;312.11;311.1;310.09;309.09;307.08;306.07;305.11;303.1;301.12;299.14;298.09;297.12;295.11;293.09;291.1;287.1;285.1;283.11;282.1;281.09;279.09;275.1;273.09;272.08;271.08;270.07;269.09;268.09;267.09;259.11;257.09;256.08;255.09;254.07;253.07;252.06;250.08;249.08;243.11;241.1;240.09;239.08;238.07;237.09;236.08;235.06;227.12;225.1;223.07;221.09;220.08;219.08;218.07;209.09;207.08;205.06;203.08;201.07;196.06;194.04;193.1;191.08;189.07;187.05;182.08;180.04;179.08;178.05;177.04;167.08;165.05;164.05;163.09;161.07;152.07;150.05;147.04;146.04;135.04;134.04;130.04;123.04;119.05;111.04;109.03;108.02;107.05;106.04,,reported,,chunk_5191863e421e5076f5ba,candidate,Structured compound record mined from local corpus text.
cmp_3e3a65cb0ad6a3,entity_3e3a65cb0ad6a33a,reported,reported,Neoamaranthin,,betalain,,C30H32N2O19,724.15992681205,,,725.1672,696.16;695.16;693.18;692.17;691.16;690.15;689.15;688.14;687.13;685.17;683.16;682.15;681.18;680.17;679.16;678.15;677.15;675.17;674.16;673.15;672.14;671.14;669.12;667.16;665.18;663.17;662.16;661.15;660.14;659.14;657.16;655.16;653.15;652.14;651.17;650.16;649.15;647.17;646.16;645.16;644.15;643.14;639.17;637.15;636.14;635.14;634.13;633.16;632.15;631.14;621.16;619.14;617.12;603.15;601.13;599.11;549.14;548.13;547.12;545.14;533.14;532.13;531.12;530.12;529.11;528.13;521.14;520.13;519.12;518.13;517.12;516.13;515.13;514.12;513.11;512.11;511.1;509.14;507.12;505.15;503.13;502.13;501.12;500.12;499.11;498.12;497.12;496.11;495.1;493.09;491.13;489.12;488.14;487.13;486.12;485.12;484.12;483.11;482.11;479.13;477.11;476.11;475.11;474.13;473.13;472.12;470.13;469.12;468.12;467.11;461.13;459.1;458.1;457.13;456.13;455.12;449.13;447.11;446.11;445.13;444.13;443.12;441.09;433.13;431.12;430.11;429.1;428.09;427.12;426.12;425.11;423.08;415.12;413.11;411.09;387.08;386.07;385.07;384.06;373.1;371.09;370.08;369.07;368.06;367.06;359.09;358.08;357.11;356.1;355.09;354.08;353.08;352.07;347.09;345.07;343.09;342.09;341.08;340.07;339.1;338.09;337.08;333.07;329.08;327.1;325.08;324.08;323.08;320.08;317.08;315.06;314.05;313.08;312.07;307.08;306.07;301.08;299.07;298.06;297.1;294.1;285.1;283.07;282.06;279.06;278.05;273.1;271.08;270.07;268.09;267.09;265.05;263.07;261.05;255.09;253.07;252.06;251.07;250.08;249.05;247.03;237.08;235.07;233.06;231.04;221.06;209.06;207.05;194.04;193.04;192.03;191.06;181.05;180.04;179.03;178.05;177.04;167.07;165.05;164.05;163.04;150.05;147.04;146.04;135.04;134.04;130.04;123.04;119.05;111.04;109.03;108.02;107.05;106.04,,reported,,chunk_aa86af109d352aae184c,candidate,Structured compound record mined from local corpus text.
cmp_6d26d5309a8d11,entity_6d26d5309a8d1114,reported,reported,Melocactin (2'-O-glycosyl- betanin / Bougainvillein-r),,betalain,,C30H36N2O18,712.1963123214,,,713.2036,684.2;683.19;681.21;679.2;678.19;677.18;676.17;675.17;673.21;671.19;669.21;668.21;667.2;666.19;665.18;663.2;661.19;660.18;659.17;657.16;655.2;653.22;651.2;650.2;649.19;648.18;647.17;643.2;641.18;640.17;639.2;638.2;637.19;633.19;632.18;631.18;627.2;625.19;624.18;623.17;622.16;621.19;620.18;619.18;609.19;607.18;605.16;591.18;589.17;587.15;551.15;550.14;549.14;544.17;535.16;534.15;533.14;532.13;531.12;523.16;522.15;521.14;520.17;519.16;518.15;517.14;516.14;515.13;514.12;513.11;511.16;509.14;507.16;505.15;504.15;503.14;502.16;501.15;500.14;499.13;498.13;497.12;495.1;493.15;491.13;489.15;488.14;487.14;486.14;485.13;481.15;479.13;478.12;477.15;476.14;475.13;474.16;473.15;472.14;471.14;470.13;469.13;468.13;465.15;463.13;461.12;460.11;459.15;458.14;457.12;448.14;447.15;445.12;443.11;442.15;441.14;435.15;433.13;432.13;430.15;429.14;427.11;425.1;417.14;416.13;415.12;414.12;412.14;411.13;399.13;397.11;389.1;388.09;387.08;386.07;375.12;373.1;372.1;371.09;370.08;369.07;361.1;360.1;359.12;358.11;357.11;356.1;355.09;354.08;353.08;351.06;349.1;347.09;345.11;343.13;342.09;341.11;340.1;339.1;338.09;337.08;335.09;331.09;329.11;327.1;326.09;325.09;324.08;323.08;319.09;317.08;316.07;315.1;314.09;313.08;307.08;306.07;303.1;301.08;300.07;299.07;297.1;287.1;285.1;284.08;283.07;281.08;280.07;279.09;273.1;271.08;270.07;269.09;268.09;267.06;265.08;264.07;263.07;262.06;255.09;253.08;252.06;251.07;250.08;249.05;247.07;245.06;237.09;235.07;233.06;231.04;223.07;211.07;207.08;205.06;196.06;194.04;193.04;182.08;180.04;179.03;178.05;177.04;165.05;164.05;163.04;147.04;146.04;135.04;134.04;130.04;123.04;119.05;111.04;109.03;108.02;107.05;106.04,,reported,,chunk_6d2fd61a50c48d91b66b,candidate,Structured compound record mined from local corpus text.
cmp_40b6f4208c772b,entity_40b6f4208c772bc4,reported,reported,Isomelocactin (2'-O-glycosyl- isobetanin / isobougainvillein-r),,betalain,,C30H36N2O18,712.1963123214,,,713.2036,684.2;683.19;681.21;679.2;678.19;677.18;676.17;675.17;673.21;671.19;669.21;668.21;667.2;666.19;665.18;663.2;661.19;660.18;659.17;657.16;655.2;653.22;651.2;650.2;649.19;648.18;647.17;643.2;641.18;640.17;639.2;638.2;637.19;633.19;632.18;631.18;627.2;625.19;624.18;623.17;622.16;621.19;620.18;619.18;609.19;607.18;605.16;591.18;589.17;587.15;551.15;550.14;549.14;544.17;535.16;534.15;533.14;532.13;531.12;523.16;522.15;521.14;520.17;519.16;518.15;517.14;516.14;515.13;514.12;513.11;511.16;509.14;507.16;505.15;504.15;503.14;502.16;501.15;500.14;499.13;498.13;497.12;495.1;493.15;491.13;489.15;488.14;487.14;486.14;485.13;481.15;479.13;478.12;477.15;476.14;475.13;474.16;473.15;472.14;471.14;470.13;469.13;468.13;465.15;463.13;461.12;460.11;459.15;458.14;457.12;448.14;447.15;445.12;443.11;442.15;441.14;435.15;433.13;432.13;430.15;429.14;427.11;425.1;417.14;416.13;415.12;414.12;412.14;411.13;399.13;397.11;389.1;388.09;387.08;386.07;375.12;373.1;372.1;371.09;370.08;369.07;361.1;360.1;359.12;358.11;357.11;356.1;355.09;354.08;353.08;351.06;349.1;347.09;345.11;343.13;342.09;341.11;340.1;339.1;338.09;337.08;335.09;331.09;329.11;327.1;326.09;325.09;324.08;323.08;319.09;317.08;316.07;315.1;314.09;313.08;307.08;306.07;303.1;301.08;300.07;299.07;297.1;287.1;285.1;284.08;283.07;281.08;280.07;279.09;273.1;271.08;270.07;269.09;268.09;267.06;265.08;264.07;263.07;262.06;255.09;253.08;252.06;251.07;250.08;249.05;247.07;245.06;237.09;235.07;233.06;231.04;223.07;211.07;207.08;205.06;196.06;194.04;193.04;182.08;180.04;179.03;178.05;177.04;165.05;164.05;163.04;147.04;146.04;135.04;134.04;130.04;123.04;119.05;111.04;109.03;108.02;107.05;106.04,,reported,,chunk_a7ad7a0599f88509ea33,candidate,Structured compound record mined from local corpus text.
cmp_f6541fa38e0053,entity_f6541fa38e0053a3,reported,reported,Bougainvillein-r III,,betalain,,C39H42N2O20,858.23309175392,,,859.2404,830.24;829.23;827.25;825.23;824.23;823.22;822.21;821.2;819.25;817.23;815.25;814.24;813.23;812.23;811.22;809.24;807.22;806.22;805.21;803.19;801.23;799.26;797.24;796.23;795.22;794.22;793.21;789.23;787.22;786.21;785.24;784.23;783.22;779.23;778.22;777.21;773.24;771.22;770.22;769.21;768.2;767.23;766.22;765.21;755.23;753.21;751.2;737.22;735.2;733.19;697.19;696.18;695.19;694.19;693.18;690.2;681.19;680.18;679.18;678.17;677.16;676.17;675.17;669.19;668.18;667.18;666.2;665.18;664.19;663.18;662.17;661.17;660.16;659.15;657.19;655.18;653.2;651.18;650.18;649.18;648.19;647.19;646.18;645.17;644.16;643.16;641.14;639.18;637.19;635.19;634.18;633.18;632.17;631.17;627.18;625.17;624.16;623.17;622.18;621.17;620.2;619.19;618.18;617.18;616.17;615.17;614.16;611.19;609.17;607.16;606.15;605.19;604.18;603.16;594.18;593.19;591.16;589.15;588.18;587.18;581.19;579.17;578.16;576.18;575.18;573.15;571.13;563.18;562.17;561.16;560.15;558.17;557.17;545.17;543.15;533.14;532.13;531.12;517.15;515.13;514.12;513.11;505.15;504.15;503.13;502.13;501.13;500.14;499.13;497.12;495.1;488.13;487.12;486.14;485.13;484.12;483.12;481.12;479.11;475.13;471.13;470.12;469.11;468.13;463.13;461.12;457.12;453.12;452.11;445.12;443.11;441.14;431.13;429.14;427.11;425.12;419.13;417.14;416.11;415.12;414.13;413.12;412.14;411.13;401.12;399.11;398.1;397.11;396.12;395.11;389.1;388.09;387.08;386.07;383.11;381.1;375.12;373.1;372.1;371.09;370.08;369.07;361.1;360.1;359.12;357.11;356.1;355.09;354.08;353.08;351.06;349.1;347.09;345.11;343.13;342.08;341.11;339.1;337.08;335.09;331.09;329.11;327.1;326.09;325.08;324.08;319.09;317.08;316.07;315.1;314.09;313.08;306.07;303.1;301.08;300.07;299.07;287.1;285.09;284.08;283.07;281.08;280.07;271.11;269.09;267.06;265.08;264.07;263.07;262.06;255.09;253.08;251.07;249.05;247.07;245.06;237.09;235.07;233.06;231.04;223.07;211.07;207.08;205.06;196.06;194.04;193.04;182.08;180.04;179.03;178.05;177.04;165.05;164.05;163.04;147.04;146.04;135.04;134.04;130.04;123.04;119.05;111.04;109.03;108.02;107.05;106.04,,reported,,chunk_b3c4e571de7b0b374dc9,candidate,Structured compound record mined from local corpus text.
cmp_ec3f80fa7923a5,entity_ec3f80fa7923a594,reported,reported,Isobougainvillein-r III,,betalain,,C39H42N2O20,858.23309175392,,,859.2404,830.24;829.23;827.25;825.23;824.23;823.22;822.21;821.2;819.25;817.23;815.25;814.24;813.23;812.23;811.22;809.24;807.22;806.22;805.21;803.19;801.23;799.26;797.24;796.23;795.22;794.22;793.21;789.23;787.22;786.21;785.24;784.23;783.22;779.23;778.22;777.21;773.24;771.22;770.22;769.21;768.2;767.23;766.22;765.21;755.23;753.21;751.2;737.22;735.2;733.19;697.19;696.18;695.19;694.19;693.18;690.2;681.19;680.18;679.18;678.17;677.16;676.17;675.17;669.19;668.18;667.18;666.2;665.18;664.19;663.18;662.17;661.17;660.16;659.15;657.19;655.18;653.2;651.18;650.18;649.18;648.19;647.19;646.18;645.17;644.16;643.16;641.14;639.18;637.19;635.19;634.18;633.18;632.17;631.17;627.18;625.17;624.16;623.17;622.18;621.17;620.2;619.19;618.18;617.18;616.17;615.17;614.16;611.19;609.17;607.16;606.15;605.19;604.18;603.16;594.18;593.19;591.16;589.15;588.18;587.18;581.19;579.17;578.16;576.18;575.18;573.15;571.13;563.18;562.17;561.16;560.15;558.17;557.17;545.17;543.15;533.14;532.13;531.12;517.15;515.13;514.12;513.11;505.15;504.15;503.13;502.13;501.13;500.14;499.13;497.12;495.1;488.13;487.12;486.14;485.13;484.12;483.12;481.12;479.11;475.13;471.13;470.12;469.11;468.13;463.13;461.12;457.12;453.12;452.11;445.12;443.11;441.14;431.13;429.14;427.11;425.12;419.13;417.14;416.11;415.12;414.13;413.12;412.14;411.13;401.12;399.11;398.1;397.11;396.12;395.11;389.1;388.09;387.08;386.07;383.11;381.1;375.12;373.1;372.1;371.09;370.08;369.07;361.1;360.1;359.12;357.11;356.1;355.09;354.08;353.08;351.06;349.1;347.09;345.11;343.13;342.08;341.11;339.1;337.08;335.09;331.09;329.11;327.1;326.09;325.08;324.08;319.09;317.08;316.07;315.1;314.09;313.08;306.07;303.1;301.08;300.07;299.07;287.1;285.09;284.08;283.07;281.08;280.07;271.11;269.09;267.06;265.08;264.07;263.07;262.06;255.09;253.08;251.07;249.05;247.07;245.06;237.09;235.07;233.06;231.04;223.07;211.07;207.08;205.06;196.06;194.04;193.04;182.08;180.04;179.03;178.05;177.04;165.05;164.05;163.04;147.04;146.04;135.04;134.04;130.04;123.04;119.05;111.04;109.03;108.02;107.05;106.04,,reported,,chunk_69507c07581be476cd1c,candidate,Structured compound record mined from local corpus text.
cmp_a72dd09f343b51,entity_a72dd09f343b510d,reported,reported,Feruloyl-bougainvillein-r I,,betalain,,C40H44N2O21,888.24365643795,,,889.2509,860.25;859.24;857.26;855.25;854.24;853.23;852.22;851.21;849.26;847.24;845.26;844.25;843.25;842.24;841.23;839.25;837.23;836.23;835.22;833.2;831.25;829.27;827.25;826.24;825.23;824.23;823.22;819.25;817.23;816.22;815.25;814.24;813.23;809.24;808.23;807.22;803.25;801.23;800.23;799.22;798.21;797.24;796.23;795.22;785.24;783.22;781.21;767.23;765.21;763.2;727.2;726.19;725.18;720.21;711.2;710.2;709.19;708.18;707.17;699.2;698.2;697.19;696.21;695.19;694.2;693.19;692.18;691.18;690.17;689.16;687.2;685.19;683.21;681.19;680.19;679.2;678.2;677.18;676.19;675.18;674.17;673.17;671.15;669.19;667.2;666.19;665.18;664.19;663.19;662.18;661.19;660.18;659.17;657.19;655.18;654.17;653.2;652.19;651.18;650.21;649.19;648.19;647.19;646.18;645.18;644.17;643.18;641.2;639.18;637.17;636.16;635.2;634.19;633.17;632.18;631.18;625.19;624.19;623.2;622.16;621.17;620.18;619.16;618.19;617.19;611.2;609.18;608.17;607.18;606.19;605.19;603.16;601.15;593.19;592.18;591.17;590.16;589.17;588.18;587.18;575.18;573.16;534.16;533.14;532.14;531.12;518.14;517.15;516.15;515.13;514.13;513.11;505.15;503.13;502.16;501.14;500.13;499.13;497.12;495.1;487.13;486.14;485.13;483.13;482.12;481.12;479.11;475.13;473.14;469.13;468.13;463.13;461.14;457.12;455.13;449.14;447.13;446.12;445.12;444.14;443.13;441.14;431.13;429.14;428.11;427.11;426.13;425.12;417.14;415.12;414.12;413.12;412.14;411.13;399.13;397.11;389.1;388.09;387.08;386.07;375.12;373.1;372.1;371.09;370.08;369.07;361.1;360.1;359.12;357.11;356.1;355.09;354.08;353.08;351.06;349.1;347.09;345.11;343.13;342.08;341.11;339.1;337.08;335.09;331.09;329.11;327.1;326.09;325.08;324.08;319.09;317.08;316.07;315.1;314.09;313.08;306.07;303.1;301.08;300.07;299.07;287.1;285.09;284.08;283.07;281.08;280.07;271.11;269.09;267.06;265.08;264.07;263.07;262.06;255.09;253.08;251.07;249.05;247.07;245.06;237.09;235.07;233.06;231.04;223.07;211.07;207.08;205.06;196.06;194.04;193.04;182.08;180.04;179.03;178.05;177.04;165.05;164.05;163.04;147.04;146.04;135.04;134.04;130.04;123.04;119.05;111.04;109.03;108.02;107.05;106.04,,reported,,chunk_57a6860df97269f6cd06,candidate,Structured compound record mined from local corpus text.
cmp_5fc2b41c5f25c0,entity_5fc2b41c5f25c00d,reported,reported,Feruloyl-isobougainvillein-r I,,betalain,,C40H44N2O21,888.24365643795,,,889.2509,860.25;859.24;857.26;855.25;854.24;853.23;852.22;851.21;849.26;847.24;845.26;844.25;843.25;842.24;841.23;839.25;837.23;836.23;835.22;833.2;831.25;829.27;827.25;826.24;825.23;824.23;823.22;819.25;817.23;816.22;815.25;814.24;813.23;809.24;808.23;807.22;803.25;801.23;800.23;799.22;798.21;797.24;796.23;795.22;785.24;783.22;781.21;767.23;765.21;763.2;727.2;726.19;725.18;720.21;711.2;710.2;709.19;708.18;707.17;699.2;698.2;697.19;696.21;695.19;694.2;693.19;692.18;691.18;690.17;689.16;687.2;685.19;683.21;681.19;680.19;679.2;678.2;677.18;676.19;675.18;674.17;673.17;671.15;669.19;667.2;666.19;665.18;664.19;663.19;662.18;661.19;660.18;659.17;657.19;655.18;654.17;653.2;652.19;651.18;650.21;649.19;648.19;647.19;646.18;645.18;644.17;643.18;641.2;639.18;637.17;636.16;635.2;634.19;633.17;632.18;631.18;625.19;624.19;623.2;622.16;621.17;620.18;619.16;618.19;617.19;611.2;609.18;608.17;607.18;606.19;605.19;603.16;601.15;593.19;592.18;591.17;590.16;589.17;588.18;587.18;575.18;573.16;534.16;533.14;532.14;531.12;518.14;517.15;516.15;515.13;514.13;513.11;505.15;503.13;502.16;501.14;500.13;499.13;497.12;495.1;487.13;486.14;485.13;483.13;482.12;481.12;479.11;475.13;473.14;469.13;468.13;463.13;461.14;457.12;455.13;449.14;447.13;446.12;445.12;444.14;443.13;441.14;431.13;429.14;428.11;427.11;426.13;425.12;417.14;415.12;414.12;413.12;412.14;411.13;399.13;397.11;389.1;388.09;387.08;386.07;375.12;373.1;372.1;371.09;370.08;369.07;361.1;360.1;359.12;357.11;356.1;355.09;354.08;353.08;351.06;349.1;347.09;345.11;343.13;342.08;341.11;339.1;337.08;335.09;331.09;329.11;327.1;326.09;325.08;324.08;319.09;317.08;316.07;315.1;314.09;313.08;306.07;303.1;301.08;300.07;299.07;287.1;285.09;284.08;283.07;281.08;280.07;271.11;269.09;267.06;265.08;264.07;263.07;262.06;255.09;253.08;251.07;249.05;247.07;245.06;237.09;235.07;233.06;231.04;223.07;211.07;207.08;205.06;196.06;194.04;193.04;182.08;180.04;179.03;178.05;177.04;165.05;164.05;163.04;147.04;146.04;135.04;134.04;130.04;123.04;119.05;111.04;109.03;108.02;107.05;106.04,,reported,,chunk_b50bc6dffb61e7772201,candidate,Structured compound record mined from local corpus text.
cmp_87916788e00052,entity_87916788e00052dd,reported,reported,Mammillarinin,,betalain,,C33H38N2O21,798.19670624457,,,799.204,770.2;769.19;767.21;765.2;764.19;763.18;761.17;759.21;757.19;755.21;754.21;753.2;752.19;751.18;749.2;747.19;745.17;741.2;739.22;737.2;736.2;735.19;729.2;727.18;726.18;725.2;724.2;723.19;713.2;712.2;711.19;710.18;709.17;697.21;695.19;694.19;693.18;691.16;685.21;683.19;681.21;679.2;677.18;675.17;669.21;667.2;665.18;663.2;661.19;659.17;655.2;651.2;649.19;643.2;641.18;637.15;636.14;635.14;630.17;625.19;623.17;621.16;619.14;618.13;617.12;609.16;607.14;606.17;605.16;604.15;603.14;601.13;599.11;593.16;591.15;590.15;589.14;588.16;587.15;586.14;585.14;583.12;579.15;575.15;574.15;573.15;572.14;571.13;567.15;565.13;561.14;560.16;559.15;558.15;557.15;556.14;555.13;554.13;551.15;549.14;547.12;545.15;544.14;535.16;534.15;533.15;531.12;529.11;528.15;527.14;521.15;520.17;519.13;518.13;517.16;516.15;515.13;513.11;505.16;504.15;503.14;502.16;501.12;500.14;499.13;498.14;497.12;487.14;486.14;485.13;479.13;469.13;468.13;461.12;459.15;447.15;444.11;443.11;442.1;441.09;435.15;433.13;432.13;430.15;429.14;428.09;427.09;426.1;424.09;423.08;417.14;415.12;414.12;412.1;411.09;410.08;409.08;399.13;394.09;393.08;392.07;389.1;388.09;387.08;386.07;383.1;375.12;373.1;372.1;371.09;370.08;369.07;365.09;361.1;360.1;359.12;357.11;356.1;355.09;354.09;353.09;351.06;349.1;347.09;345.11;343.13;342.08;341.11;339.1;338.06;337.08;336.08;335.08;331.09;329.11;327.1;326.09;325.09;324.08;323.08;319.09;317.08;316.07;315.1;314.09;313.08;306.07;303.1;301.08;300.07;299.07;287.1;285.09;284.08;283.07;281.08;280.07;273.1;271.11;269.09;267.06;265.08;264.07;263.07;262.06;255.09;253.08;251.07;249.05;247.07;245.06;237.09;235.07;233.06;231.04;223.07;211.07;207.08;205.06;196.06;194.04;193.04;182.08;180.04;179.03;178.05;177.04;165.05;164.05;163.04;147.04;146.04;135.04;134.04;130.04;123.04;119.05;111.04;109.03;108.02;107.05;106.04,,reported,,chunk_7fd152fbe4ff8f681104,candidate,Structured compound record mined from local corpus text.
cmp_eb5ba63415beeb,entity_eb5ba63415beeb6a,reported,reported,Isomammillarinin,,betalain,,C33H38N2O21,798.19670624457,,,799.204,770.2;769.19;767.21;765.2;764.19;763.18;761.17;759.21;757.19;755.21;754.21;753.2;752.19;751.18;749.2;747.19;745.17;741.2;739.22;737.2;736.2;735.19;729.2;727.18;726.18;725.2;724.2;723.19;713.2;712.2;711.19;710.18;709.17;697.21;695.19;694.19;693.18;691.16;685.21;683.19;681.21;679.2;677.18;675.17;669.21;667.2;665.18;663.2;661.19;659.17;655.2;651.2;649.19;643.2;641.18;637.15;636.14;635.14;630.17;625.19;623.17;621.16;619.14;618.13;617.12;609.16;607.14;606.17;605.16;604.15;603.14;601.13;599.11;593.16;591.15;590.15;589.14;588.16;587.15;586.14;585.14;583.12;579.15;575.15;574.15;573.15;572.14;571.13;567.15;565.13;561.14;560.16;559.15;558.15;557.15;556.14;555.13;554.13;551.15;549.14;547.12;545.15;544.14;535.16;534.15;533.15;531.12;529.11;528.15;527.14;521.15;520.17;519.13;518.13;517.16;516.15;515.13;513.11;505.16;504.15;503.14;502.16;501.12;500.14;499.13;498.14;497.12;487.14;486.14;485.13;479.13;469.13;468.13;461.12;459.15;447.15;444.11;443.11;442.1;441.09;435.15;433.13;432.13;430.15;429.14;428.09;427.09;426.1;424.09;423.08;417.14;415.12;414.12;412.1;411.09;410.08;409.08;399.13;394.09;393.08;392.07;389.1;388.09;387.08;386.07;383.1;375.12;373.1;372.1;371.09;370.08;369.07;365.09;361.1;360.1;359.12;357.11;356.1;355.09;354.09;353.09;351.06;349.1;347.09;345.11;343.13;342.08;341.11;339.1;338.06;337.08;336.08;335.08;331.09;329.11;327.1;326.09;325.09;324.08;323.08;319.09;317.08;316.07;315.1;314.09;313.08;306.07;303.1;301.08;300.07;299.07;287.1;285.09;284.08;283.07;281.08;280.07;273.1;271.11;269.09;267.06;265.08;264.07;263.07;262.06;255.09;253.08;251.07;249.05;247.07;245.06;237.09;235.07;233.06;231.04;223.07;211.07;207.08;205.06;196.06;194.04;193.04;182.08;180.04;179.03;178.05;177.04;165.05;164.05;163.04;147.04;146.04;135.04;134.04;130.04;123.04;119.05;111.04;109.03;108.02;107.05;106.04,,reported,,chunk_4fc6d65291fb49322555,candidate,Structured compound record mined from local corpus text.
cmp_a2d0c32b446d13,entity_a2d0c32b446d135d,reported,reported,4’-O-Malonyl-bougainvillein-r I,,betalain,,C33H38N2O21,798.19670624457,,,799.204,770.2;769.19;767.21;765.2;764.19;763.18;761.17;759.21;757.19;755.21;754.21;753.2;752.19;751.18;749.2;747.19;745.17;741.2;739.22;737.2;736.2;735.19;729.2;727.18;726.18;725.2;724.2;723.19;713.2;712.2;711.19;710.18;709.17;697.21;695.19;694.19;693.18;691.16;685.21;683.19;681.21;679.2;677.18;675.17;669.21;667.2;665.18;663.2;661.19;659.17;655.2;651.2;649.19;643.2;641.18;637.15;636.14;635.14;630.17;625.19;623.17;621.16;619.14;618.13;617.12;609.16;607.14;606.17;605.16;604.15;603.14;601.13;599.11;593.16;591.15;590.15;589.14;588.16;587.15;586.14;585.14;583.12;579.15;575.15;574.15;573.15;572.14;571.13;567.15;565.13;561.14;560.16;559.15;558.15;557.15;556.14;555.13;554.13;551.15;549.14;547.12;545.15;544.14;535.16;534.15;533.15;531.12;529.11;528.15;527.14;521.15;520.17;519.13;518.13;517.16;516.15;515.13;513.11;505.16;504.15;503.14;502.16;501.12;500.14;499.13;498.14;497.12;487.14;486.14;485.13;479.13;469.13;468.13;461.12;459.15;447.15;444.11;443.11;442.1;441.09;435.15;433.13;432.13;430.15;429.14;428.09;427.09;426.1;424.09;423.08;417.14;415.12;414.12;412.1;411.09;410.08;409.08;399.13;394.09;393.08;392.07;389.1;388.09;387.08;386.07;383.1;375.12;373.1;372.1;371.09;370.08;369.07;365.09;361.1;360.1;359.12;357.11;356.1;355.09;354.09;353.09;351.06;349.1;347.09;345.11;343.13;342.08;341.11;339.1;338.06;337.08;336.08;335.08;331.09;329.11;327.1;326.09;325.09;324.08;323.08;319.09;317.08;316.07;315.1;314.09;313.08;306.07;303.1;301.08;300.07;299.07;287.1;285.09;284.08;283.07;281.08;280.07;273.1;271.11;269.09;267.06;265.08;264.07;263.07;262.06;255.09;253.08;251.07;249.05;247.07;245.06;237.09;235.07;233.06;231.04;223.07;211.07;207.08;205.06;196.06;194.04;193.04;182.08;180.04;179.03;178.05;177.04;165.05;164.05;163.04;147.04;146.04;135.04;134.04;130.04;123.04;119.05;111.04;109.03;108.02;107.05;106.04,,reported,,chunk_f325b9d73decf9772e7d,candidate,Structured compound record mined from local corpus text.
cmp_00a1bb8695f4f1,entity_00a1bb8695f4f147,reported,reported,4’-O-Malonyl-isobougainvillein-r I,,betalain,,C33H38N2O21,798.19670624457,,,799.204,770.2;769.19;767.21;765.2;764.19;763.18;761.17;759.21;757.19;755.21;754.21;753.2;752.19;751.18;749.2;747.19;745.17;741.2;739.22;737.2;736.2;735.19;729.2;727.18;726.18;725.2;724.2;723.19;713.2;712.2;711.19;710.18;709.17;697.21;695.19;694.19;693.18;691.16;685.21;683.19;681.21;679.2;677.18;675.17;669.21;667.2;665.18;663.2;661.19;659.17;655.2;651.2;649.19;643.2;641.18;637.15;636.14;635.14;630.17;625.19;623.17;621.16;619.14;618.13;617.12;609.16;607.14;606.17;605.16;604.15;603.14;601.13;599.11;593.16;591.15;590.15;589.14;588.16;587.15;586.14;585.14;583.12;579.15;575.15;574.15;573.15;572.14;571.13;567.15;565.13;561.14;560.16;559.15;558.15;557.15;556.14;555.13;554.13;551.15;549.14;547.12;545.15;544.14;535.16;534.15;533.15;531.12;529.11;528.15;527.14;521.15;520.17;519.13;518.13;517.16;516.15;515.13;513.11;505.16;504.15;503.14;502.16;501.12;500.14;499.13;498.14;497.12;487.14;486.14;485.13;479.13;469.13;468.13;461.12;459.15;447.15;444.11;443.11;442.1;441.09;435.15;433.13;432.13;430.15;429.14;428.09;427.09;426.1;424.09;423.08;417.14;415.12;414.12;412.1;411.09;410.08;409.08;399.13;394.09;393.08;392.07;389.1;388.09;387.08;386.07;383.1;375.12;373.1;372.1;371.09;370.08;369.07;365.09;361.1;360.1;359.12;357.11;356.1;355.09;354.09;353.09;351.06;349.1;347.09;345.11;343.13;342.08;341.11;339.1;338.06;337.08;336.08;335.08;331.09;329.11;327.1;326.09;325.09;324.08;323.08;319.09;317.08;316.07;315.1;314.09;313.08;306.07;303.1;301.08;300.07;299.07;287.1;285.09;284.08;283.07;281.08;280.07;273.1;271.11;269.09;267.06;265.08;264.07;263.07;262.06;255.09;253.08;251.07;249.05;247.07;245.06;237.09;235.07;233.06;231.04;223.07;211.07;207.08;205.06;196.06;194.04;193.04;182.08;180.04;179.03;178.05;177.04;165.05;164.05;163.04;147.04;146.04;135.04;134.04;130.04;123.04;119.05;111.04;109.03;108.02;107.05;106.04,,reported,,chunk_06ac4fb55370eb82e9eb,candidate,Structured compound record mined from local corpus text.
cmp_d09646e25d1a45,entity_d09646e25d1a4578,reported,reported,2-decarboxy-mammillarinin,,betalain,,C32H38N2O19,754.20687700543,,,755.2142,727.18;726.18;725.2;724.2;723.19;721.21;719.19;717.18;713.2;711.19;710.18;709.17;708.2;707.19;706.19;705.18;703.2;701.18;695.19;693.18;692.17;691.16;690.19;689.18;688.17;687.2;685.19;683.17;677.18;675.17;673.15;669.21;667.2;655.2;653.22;651.2;649.19;643.2;641.18;639.2;638.2;637.19;635.21;633.19;631.18;625.19;623.17;621.19;620.18;619.18;617.2;615.18;607.18;605.16;603.18;602.17;601.17;599.19;597.17;593.16;591.15;589.17;587.15;586.18;579.15;577.17;575.15;573.14;567.15;565.13;564.12;563.15;562.18;561.14;560.16;559.15;557.14;555.12;551.15;549.14;548.16;547.12;546.18;545.15;544.13;543.12;542.15;541.15;539.13;534.15;533.15;531.12;530.12;529.11;528.14;527.14;526.12;525.15;523.13;521.15;519.13;518.13;517.16;516.15;515.14;513.11;511.1;509.13;507.16;505.16;503.14;502.13;501.12;500.12;499.14;498.14;497.13;493.15;491.17;489.15;487.13;485.13;483.11;481.15;479.13;477.15;476.18;475.13;474.16;473.16;471.14;469.12;463.13;461.12;459.15;458.17;457.12;456.15;455.14;453.13;447.15;445.12;443.11;441.14;440.12;439.11;437.13;435.15;433.13;432.13;430.15;429.14;427.11;425.1;423.13;417.14;415.12;414.12;412.14;411.13;400.12;399.13;398.11;397.1;383.1;382.11;380.1;379.09;371.1;367.1;365.09;359.1;357.08;356.07;355.1;354.09;353.09;349.09;347.08;345.11;344.1;343.09;342.08;341.09;339.07;338.06;337.09;336.08;335.08;331.13;329.11;328.11;327.1;326.09;325.08;323.08;321.06;319.09;317.08;316.07;315.13;314.09;313.12;312.11;311.1;309.09;303.1;301.08;300.07;299.07;298.09;297.09;296.08;295.11;287.1;285.09;284.08;283.07;279.09;273.1;271.11;269.09;267.09;261.08;255.09;253.07;249.08;237.09;236.08;235.06;223.07;221.09;220.08;219.08;218.07;211.07;207.08;205.06;196.06;194.04;152.07;150.05;149.05;138.09;136.08;135.04;134.06;133.05;123.04;121.06;119.05;111.04;109.03;108.02;107.05;106.04,,reported,,chunk_460f16d15d7de7e6b1d5,candidate,Structured compound record mined from local corpus text.
cmp_40d1afbd4d50b4,entity_40d1afbd4d50b4d7,reported,reported,17-decarboxy-mammillarinin,,betalain,,C32H38N2O19,754.20687700543,,,755.2142,727.18;726.18;725.2;724.2;723.19;721.21;719.19;717.18;713.2;711.19;710.18;709.17;708.2;707.19;706.19;705.18;703.2;701.18;695.19;693.18;692.17;691.16;690.19;689.18;688.17;687.2;685.19;683.17;677.18;675.17;673.15;669.21;667.2;655.2;653.22;651.2;649.19;643.2;641.18;639.2;638.2;637.19;635.21;633.19;631.18;625.19;623.17;621.19;620.18;619.18;617.2;615.18;607.18;605.16;603.18;602.17;601.17;599.19;597.17;593.16;591.15;589.17;587.15;586.18;579.15;577.17;575.15;573.14;567.15;565.13;564.12;563.15;562.18;561.14;560.16;559.15;557.14;555.12;551.15;549.14;548.16;547.12;546.18;545.15;544.13;543.12;542.15;541.15;539.13;534.15;533.15;531.12;530.12;529.11;528.14;527.14;526.12;525.15;523.13;521.15;519.13;518.13;517.16;516.15;515.14;513.11;511.1;509.13;507.16;505.16;503.14;502.13;501.12;500.12;499.14;498.14;497.13;493.15;491.17;489.15;487.13;485.13;483.11;481.15;479.13;477.15;476.18;475.13;474.16;473.16;471.14;469.12;463.13;461.12;459.15;458.17;457.12;456.15;455.14;453.13;447.15;445.12;443.11;441.14;440.12;439.11;437.13;435.15;433.13;432.13;430.15;429.14;427.11;425.1;423.13;417.14;415.12;414.12;412.14;411.13;400.12;399.13;398.11;397.1;383.1;382.11;380.1;379.09;371.1;367.1;365.09;359.1;357.08;356.07;355.1;354.09;353.09;349.09;347.08;345.11;344.1;343.09;342.08;341.09;339.07;338.06;337.09;336.08;335.08;331.13;329.11;328.11;327.1;326.09;325.08;323.08;321.06;319.09;317.08;316.07;315.13;314.09;313.12;312.11;311.1;309.09;303.1;301.08;300.07;299.07;298.09;297.09;296.08;295.11;287.1;285.09;284.08;283.07;279.09;273.1;271.11;269.09;267.09;261.08;255.09;253.07;249.08;237.09;236.08;235.06;223.07;221.09;220.08;219.08;218.07;211.07;207.08;205.06;196.06;194.04;152.07;150.05;149.05;138.09;136.08;135.04;134.06;133.05;123.04;121.06;119.05;111.04;109.03;108.02;107.05;106.04,,reported,,chunk_760d0074011528b049eb,candidate,Structured compound record mined from local corpus text.
cmp_b81224bbbc3982,entity_b81224bbbc3982ef,reported,reported,17-decarboxy-melocactin (17-decarboxy-bougainvillein-r),,betalain,,C29H36N2O16,668.20648308226,,,669.2138,640.21;639.2;637.22;635.21;634.2;633.19;632.18;631.18;629.22;627.2;625.22;624.22;623.21;622.2;621.19;619.21;617.2;616.19;615.18;613.17;611.21;609.23;607.21;606.21;605.2;604.19;603.18;599.21;597.19;596.18;595.21;594.21;593.2;589.2;588.19;587.19;583.21;581.2;580.19;579.18;578.17;577.2;576.19;575.19;565.2;563.19;561.17;547.19;545.18;544.17;543.16;531.16;520.17;518.15;517.14;507.16;506.15;505.15;504.15;503.14;502.16;500.14;499.13;491.17;490.16;489.15;488.14;487.13;486.14;485.13;479.17;478.16;477.15;475.17;474.16;473.16;472.14;471.14;470.13;469.12;468.13;467.17;465.15;463.17;461.16;460.15;459.15;458.14;457.16;455.14;454.14;453.13;451.11;449.16;448.14;447.15;445.16;444.15;443.14;442.15;441.14;437.16;435.15;434.13;433.13;432.13;431.14;430.15;429.14;427.15;426.14;425.13;421.16;419.14;417.13;416.13;415.12;414.12;413.13;412.14;411.13;403.15;401.13;399.12;397.11;385.14;383.12;381.11;358.11;356.1;355.09;345.11;344.1;343.09;342.09;341.09;340.1;338.09;337.08;331.13;329.11;328.11;327.1;326.09;325.08;324.08;323.08;317.11;316.11;315.13;313.12;312.11;311.1;310.09;309.09;307.08;306.07;305.11;303.1;301.12;299.14;298.09;297.12;295.11;293.09;291.1;287.1;285.1;283.11;282.1;281.09;279.09;275.1;273.09;272.08;271.08;270.07;269.09;268.09;267.09;259.11;257.09;256.08;255.09;253.07;252.06;250.08;249.08;243.11;241.1;240.09;239.08;237.09;236.08;235.06;227.12;225.1;223.07;221.09;220.08;219.08;218.07;209.09;207.08;205.06;203.08;201.07;196.06;194.04;193.1;191.08;189.07;187.05;182.08;180.04;179.08;178.05;177.04;167.08;165.05;164.05;163.09;161.07;152.07;150.05;147.04;146.04;135.04;134.04;130.04;123.04;119.05;111.04;109.03;108.02;107.05;106.04,,reported,,chunk_b007bc8b2a42cb0b6440,candidate,Structured compound record mined from local corpus text.
cmp_34729879de4db9,entity_34729879de4db973,reported,reported,Apiocactin (2'-O-Apiosyl- betanin),,betalain,,C29H34N2O17,682.18574763737,,,683.193,654.19;653.18;651.2;650.2;649.19;648.18;647.17;646.16;645.16;643.2;641.18;640.17;639.2;638.2;637.19;636.18;635.17;633.19;632.18;631.18;630.17;629.16;627.15;625.19;623.21;621.19;620.18;619.18;618.17;617.16;615.18;613.19;611.17;610.16;609.19;608.18;607.18;605.2;604.19;603.18;602.17;601.17;597.19;595.18;594.17;593.16;592.15;591.18;590.17;589.17;579.18;577.17;575.15;561.17;559.16;557.14;551.15;550.14;549.14;535.16;534.15;533.14;532.13;531.12;523.16;522.15;521.14;519.16;517.15;516.14;515.13;514.16;513.11;511.16;509.14;507.16;505.15;504.14;503.13;501.15;499.13;498.13;497.12;496.14;495.1;493.15;491.13;490.16;489.15;488.14;487.13;486.13;485.12;483.14;481.15;479.13;478.12;477.15;476.14;475.13;474.14;473.13;472.14;471.14;470.13;469.12;465.15;463.13;462.16;461.12;460.11;459.14;458.13;457.13;456.13;455.12;454.13;452.12;447.14;445.12;444.15;443.11;442.13;439.12;438.12;432.15;431.12;429.14;428.13;427.11;426.14;425.1;420.15;418.13;417.14;412.14;411.13;405.14;403.12;402.12;400.14;399.13;389.1;388.09;387.08;386.07;385.11;384.11;382.13;381.12;375.12;373.1;372.1;371.09;370.08;369.07;367.1;361.1;360.1;359.12;358.11;357.11;356.1;355.09;354.08;353.08;351.06;349.1;347.09;345.11;344.1;343.13;342.09;341.11;340.1;339.1;338.09;337.08;335.09;331.09;329.11;327.1;326.09;325.09;324.08;323.08;322.09;320.08;319.09;317.08;316.07;315.1;314.09;313.08;312.11;311.1;307.08;306.07;303.1;301.08;300.07;299.07;298.06;297.1;295.1;294.1;287.1;286.09;285.1;284.08;283.07;282.06;281.08;280.07;279.09;273.1;271.08;270.07;269.09;268.09;267.06;265.08;264.07;263.07;262.06;255.09;253.08;252.06;251.07;250.08;249.05;247.07;245.06;237.09;235.07;233.06;231.04;223.07;222.06;220.06;211.07;207.08;205.06;196.06;195.05;194.04;193.04;192.03;182.08;180.04;179.03;178.05;177.04;166.09;165.05;164.05;163.04;150.05;147.04;146.04;135.04;134.04;130.04;124.04;123.04;119.05;111.04;110.06;109.03;108.02;107.05;106.04,,reported,,chunk_839a50a32e20ad5f2e3d,candidate,Structured compound record mined from local corpus text.
cmp_c585d6197ca8fb,entity_c585d6197ca8fb70,reported,reported,Isoapiocactin (2'-O-Apiosyl- betanin),,betalain,,C29H34N2O17,682.18574763737,,,683.193,654.19;653.18;651.2;650.2;649.19;648.18;647.17;646.16;645.16;643.2;641.18;640.17;639.2;638.2;637.19;636.18;635.17;633.19;632.18;631.18;630.17;629.16;627.15;625.19;623.21;621.19;620.18;619.18;618.17;617.16;615.18;613.19;611.17;610.16;609.19;608.18;607.18;605.2;604.19;603.18;602.17;601.17;597.19;595.18;594.17;593.16;592.15;591.18;590.17;589.17;579.18;577.17;575.15;561.17;559.16;557.14;551.15;550.14;549.14;535.16;534.15;533.14;532.13;531.12;523.16;522.15;521.14;519.16;517.15;516.14;515.13;514.16;513.11;511.16;509.14;507.16;505.15;504.14;503.13;501.15;499.13;498.13;497.12;496.14;495.1;493.15;491.13;490.16;489.15;488.14;487.13;486.13;485.12;483.14;481.15;479.13;478.12;477.15;476.14;475.13;474.14;473.13;472.14;471.14;470.13;469.12;465.15;463.13;462.16;461.12;460.11;459.14;458.13;457.13;456.13;455.12;454.13;452.12;447.14;445.12;444.15;443.11;442.13;439.12;438.12;432.15;431.12;429.14;428.13;427.11;426.14;425.1;420.15;418.13;417.14;412.14;411.13;405.14;403.12;402.12;400.14;399.13;389.1;388.09;387.08;386.07;385.11;384.11;382.13;381.12;375.12;373.1;372.1;371.09;370.08;369.07;367.1;361.1;360.1;359.12;358.11;357.11;356.1;355.09;354.08;353.08;351.06;349.1;347.09;345.11;344.1;343.13;342.09;341.11;340.1;339.1;338.09;337.08;335.09;331.09;329.11;327.1;326.09;325.09;324.08;323.08;322.09;320.08;319.09;317.08;316.07;315.1;314.09;313.08;312.11;311.1;307.08;306.07;303.1;301.08;300.07;299.07;298.06;297.1;295.1;294.1;287.1;286.09;285.1;284.08;283.07;282.06;281.08;280.07;279.09;273.1;271.08;270.07;269.09;268.09;267.06;265.08;264.07;263.07;262.06;255.09;253.08;252.06;251.07;250.08;249.05;247.07;245.06;237.09;235.07;233.06;231.04;223.07;222.06;220.06;211.07;207.08;205.06;196.06;195.05;194.04;193.04;192.03;182.08;180.04;179.03;178.05;177.04;166.09;165.05;164.05;163.04;150.05;147.04;146.04;135.04;134.04;130.04;124.04;123.04;119.05;111.04;110.06;109.03;108.02;107.05;106.04,,reported,,chunk_8ce5d2c9e1c1a312cd1f,candidate,Structured compound record mined from local corpus text.
cmp_fc92e8e0267e6c,entity_fc92e8e0267e6ccf,reported,reported,2'-O-apiosyl- phyllocactin,,betalain,,C32H36N2O20,768.18614156054,,,769.1934,740.19;739.18;737.2;735.19;734.18;733.17;732.16;731.16;729.2;727.18;725.2;724.2;723.19;722.18;721.17;719.19;717.18;716.17;715.16;713.15;711.19;709.21;707.19;706.19;705.18;704.17;703.16;701.18;699.19;697.17;696.16;695.19;694.19;693.18;689.18;688.17;687.17;683.19;682.19;681.18;680.17;679.16;678.15;677.18;676.17;675.17;667.2;665.18;664.17;663.17;661.15;655.2;653.18;651.2;649.19;647.17;646.16;645.16;643.14;639.2;637.15;636.14;635.14;633.19;631.18;629.16;627.15;625.19;621.16;620.15;619.14;618.13;617.12;613.19;611.17;609.16;608.15;607.14;605.16;603.15;602.14;601.13;600.16;599.11;597.16;595.18;593.16;591.15;590.14;589.13;587.15;585.14;584.13;583.12;581.1;579.15;577.17;576.16;575.15;574.14;573.13;572.13;571.12;569.14;567.15;565.13;564.12;563.15;562.14;561.14;560.14;559.13;558.15;557.14;556.13;555.12;551.15;550.14;549.14;547.12;546.11;545.14;544.14;543.13;542.13;541.12;535.16;533.14;532.13;531.12;530.15;529.11;528.13;527.14;526.13;525.12;524.12;523.16;521.14;517.15;515.13;514.13;513.11;511.1;505.15;504.13;503.14;499.13;498.14;497.12;495.1;493.15;491.14;490.16;489.12;488.12;487.14;486.14;485.13;481.12;479.13;475.14;474.14;473.13;472.14;471.11;470.13;469.13;468.13;467.12;463.13;461.12;457.13;456.13;455.12;453.1;445.12;444.11;443.11;442.1;441.09;439.12;438.12;429.14;428.09;427.09;426.1;425.1;424.09;423.08;417.14;412.1;411.09;410.08;409.08;405.14;403.12;402.12;400.14;399.13;394.09;393.08;392.07;389.1;388.09;387.08;386.07;385.11;384.11;383.1;382.13;381.12;375.12;373.1;372.1;371.09;370.08;369.07;367.1;365.09;361.1;360.1;359.12;357.11;356.1;355.09;354.09;353.09;351.06;349.1;347.09;345.11;343.13;342.08;341.11;339.1;338.06;337.08;336.08;335.08;331.09;329.11;327.1;326.09;325.09;324.08;323.08;321.06;319.09;317.08;316.07;315.1;314.09;313.08;306.07;303.1;301.08;300.07;299.07;287.1;285.09;284.08;283.07;281.08;280.07;273.1;271.11;269.09;267.06;265.08;264.07;263.07;262.06;255.09;253.08;251.07;249.05;247.07;245.06;237.09;235.07;233.06;231.04;223.07;211.07;207.08;205.06;196.06;194.04;193.04;182.08;180.04;179.03;178.05;177.04;165.05;164.05;163.04;147.04;146.04;135.04;134.04;130.04;123.04;119.05;111.04;109.03;108.02;107.05;106.04,,reported,,chunk_3e68d94d45f4589f85c3,candidate,Structured compound record mined from local corpus text.
cmp_5d1270a0399e15,entity_5d1270a0399e1531,reported,reported,2'-O-apiosyl-isophyllocactin,,betalain,,C32H36N2O20,768.18614156054,,,769.1934,740.19;739.18;737.2;735.19;734.18;733.17;732.16;731.16;729.2;727.18;725.2;724.2;723.19;722.18;721.17;719.19;717.18;716.17;715.16;713.15;711.19;709.21;707.19;706.19;705.18;704.17;703.16;701.18;699.19;697.17;696.16;695.19;694.19;693.18;689.18;688.17;687.17;683.19;682.19;681.18;680.17;679.16;678.15;677.18;676.17;675.17;667.2;665.18;664.17;663.17;661.15;655.2;653.18;651.2;649.19;647.17;646.16;645.16;643.14;639.2;637.15;636.14;635.14;633.19;631.18;629.16;627.15;625.19;621.16;620.15;619.14;618.13;617.12;613.19;611.17;609.16;608.15;607.14;605.16;603.15;602.14;601.13;600.16;599.11;597.16;595.18;593.16;591.15;590.14;589.13;587.15;585.14;584.13;583.12;581.1;579.15;577.17;576.16;575.15;574.14;573.13;572.13;571.12;569.14;567.15;565.13;564.12;563.15;562.14;561.14;560.14;559.13;558.15;557.14;556.13;555.12;551.15;550.14;549.14;547.12;546.11;545.14;544.14;543.13;542.13;541.12;535.16;533.14;532.13;531.12;530.15;529.11;528.13;527.14;526.13;525.12;524.12;523.16;521.14;517.15;515.13;514.13;513.11;511.1;505.15;504.13;503.14;499.13;498.14;497.12;495.1;493.15;491.14;490.16;489.12;488.12;487.14;486.14;485.13;481.12;479.13;475.14;474.14;473.13;472.14;471.11;470.13;469.13;468.13;467.12;463.13;461.12;457.13;456.13;455.12;453.1;445.12;444.11;443.11;442.1;441.09;439.12;438.12;429.14;428.09;427.09;426.1;425.1;424.09;423.08;417.14;412.1;411.09;410.08;409.08;405.14;403.12;402.12;400.14;399.13;394.09;393.08;392.07;389.1;388.09;387.08;386.07;385.11;384.11;383.1;382.13;381.12;375.12;373.1;372.1;371.09;370.08;369.07;367.1;365.09;361.1;360.1;359.12;357.11;356.1;355.09;354.09;353.09;351.06;349.1;347.09;345.11;343.13;342.08;341.11;339.1;338.06;337.08;336.08;335.08;331.09;329.11;327.1;326.09;325.09;324.08;323.08;321.06;319.09;317.08;316.07;315.1;314.09;313.08;306.07;303.1;301.08;300.07;299.07;287.1;285.09;284.08;283.07;281.08;280.07;273.1;271.11;269.09;267.06;265.08;264.07;263.07;262.06;255.09;253.08;251.07;249.05;247.07;245.06;237.09;235.07;233.06;231.04;223.07;211.07;207.08;205.06;196.06;194.04;193.04;182.08;180.04;179.03;178.05;177.04;165.05;164.05;163.04;147.04;146.04;135.04;134.04;130.04;123.04;119.05;111.04;109.03;108.02;107.05;106.04,,reported,,chunk_bce0d887eeea5c19eef5,candidate,Structured compound record mined from local corpus text.
cmp_da373f61a5408e,entity_da373f61a5408ef3,reported,reported,5´´-O-E-Feruloyl-apiocactin,,betalain,,C39H42N2O20,858.23309175392,,,859.2404,830.24;829.23;827.25;826.24;825.23;824.23;823.22;822.21;821.2;819.25;817.23;816.22;815.25;814.24;813.23;812.23;811.22;809.24;808.23;807.22;806.22;805.21;803.19;801.23;799.26;797.24;796.23;795.22;794.22;793.21;789.23;787.22;786.21;785.24;784.23;783.22;781.25;780.24;779.23;778.22;777.21;773.24;771.22;770.22;769.21;768.2;767.23;766.22;765.21;755.23;753.21;751.2;737.22;735.2;733.19;690.2;677.2;666.2;665.2;664.19;663.18;651.19;650.18;649.18;648.19;646.18;645.17;638.21;636.19;633.18;632.17;631.17;630.18;628.17;621.18;620.2;619.19;618.18;615.17;614.16;608.2;607.17;605.19;604.18;602.19;596.2;594.18;593.19;588.18;587.18;581.19;579.17;578.16;576.18;575.18;563.18;562.17;561.16;560.15;558.17;557.17;551.15;550.14;549.14;545.17;543.15;535.16;534.15;533.14;532.13;531.12;523.16;522.15;521.14;519.16;517.15;516.14;515.13;514.12;513.11;511.16;509.14;507.16;505.15;504.14;503.13;501.15;499.13;498.13;497.12;495.1;493.15;491.13;489.15;488.14;487.13;486.13;485.12;483.14;481.15;479.13;478.12;477.15;476.14;475.13;473.16;471.14;470.13;469.12;465.15;463.13;461.12;460.11;459.14;458.13;457.12;447.14;445.12;443.11;429.13;427.11;425.1;389.1;388.09;387.08;386.07;375.12;373.1;372.1;371.09;370.08;369.07;361.1;360.1;359.12;358.11;357.11;356.1;355.09;354.08;353.08;351.06;349.1;347.09;345.11;344.1;343.13;342.09;341.11;340.1;339.1;338.09;337.08;335.09;331.09;329.11;327.1;326.09;325.09;324.08;323.08;322.09;320.08;319.09;317.08;316.07;315.1;314.09;313.08;312.11;307.08;306.07;303.1;301.08;300.07;299.07;298.06;297.1;294.1;287.1;286.09;285.1;284.08;283.07;282.06;281.08;280.07;279.09;273.1;271.08;270.07;269.09;268.09;267.06;265.08;264.07;263.07;262.06;255.09;253.08;252.06;251.07;250.08;249.05;247.07;245.06;237.09;235.07;233.06;231.04;223.07;222.06;220.06;211.07;207.08;205.06;196.06;195.05;194.04;193.04;192.03;182.08;180.04;179.03;178.05;177.04;166.09;165.05;164.05;163.04;150.05;147.04;146.04;135.04;134.04;130.04;124.04;123.04;119.05;111.04;110.06;109.03;108.02;107.05;106.04,,reported,,chunk_6e3b13012c9e0317b1a9,candidate,Structured compound record mined from local corpus text.
cmp_f9d738135fb80b,entity_f9d738135fb80b3e,reported,reported,5´´-O-E-Feruloyl-isoapiocactin,,betalain,,C39H42N2O20,858.23309175392,,,859.2404,830.24;829.23;827.25;826.24;825.23;824.23;823.22;822.21;821.2;819.25;817.23;816.22;815.25;814.24;813.23;812.23;811.22;809.24;808.23;807.22;806.22;805.21;803.19;801.23;799.26;797.24;796.23;795.22;794.22;793.21;789.23;787.22;786.21;785.24;784.23;783.22;781.25;780.24;779.23;778.22;777.21;773.24;771.22;770.22;769.21;768.2;767.23;766.22;765.21;755.23;753.21;751.2;737.22;735.2;733.19;690.2;677.2;666.2;665.2;664.19;663.18;651.19;650.18;649.18;648.19;646.18;645.17;638.21;636.19;633.18;632.17;631.17;630.18;628.17;621.18;620.2;619.19;618.18;615.17;614.16;608.2;607.17;605.19;604.18;602.19;596.2;594.18;593.19;588.18;587.18;581.19;579.17;578.16;576.18;575.18;563.18;562.17;561.16;560.15;558.17;557.17;551.15;550.14;549.14;545.17;543.15;535.16;534.15;533.14;532.13;531.12;523.16;522.15;521.14;519.16;517.15;516.14;515.13;514.12;513.11;511.16;509.14;507.16;505.15;504.14;503.13;501.15;499.13;498.13;497.12;495.1;493.15;491.13;489.15;488.14;487.13;486.13;485.12;483.14;481.15;479.13;478.12;477.15;476.14;475.13;473.16;471.14;470.13;469.12;465.15;463.13;461.12;460.11;459.14;458.13;457.12;447.14;445.12;443.11;429.13;427.11;425.1;389.1;388.09;387.08;386.07;375.12;373.1;372.1;371.09;370.08;369.07;361.1;360.1;359.12;358.11;357.11;356.1;355.09;354.08;353.08;351.06;349.1;347.09;345.11;344.1;343.13;342.09;341.11;340.1;339.1;338.09;337.08;335.09;331.09;329.11;327.1;326.09;325.09;324.08;323.08;322.09;320.08;319.09;317.08;316.07;315.1;314.09;313.08;312.11;307.08;306.07;303.1;301.08;300.07;299.07;298.06;297.1;294.1;287.1;286.09;285.1;284.08;283.07;282.06;281.08;280.07;279.09;273.1;271.08;270.07;269.09;268.09;267.06;265.08;264.07;263.07;262.06;255.09;253.08;252.06;251.07;250.08;249.05;247.07;245.06;237.09;235.07;233.06;231.04;223.07;222.06;220.06;211.07;207.08;205.06;196.06;195.05;194.04;193.04;192.03;182.08;180.04;179.03;178.05;177.04;166.09;165.05;164.05;163.04;150.05;147.04;146.04;135.04;134.04;130.04;124.04;123.04;119.05;111.04;110.06;109.03;108.02;107.05;106.04,,reported,,chunk_f597c7efc0cf7f6c6b86,candidate,Structured compound record mined from local corpus text.
cmp_f6bf959b2ef42e,entity_f6bf959b2ef42ee5,reported,reported,5’’-O-E-Sinapoyl-apiocactin,,betalain,,C40H44N2O21,888.24365643795,,,889.2509,860.25;859.24;857.26;856.25;855.25;854.24;853.23;852.22;851.21;849.26;847.24;846.23;845.26;844.25;843.25;842.24;841.23;839.25;838.24;837.23;836.23;835.22;833.2;831.25;829.27;827.25;826.24;825.23;824.23;823.22;819.25;817.23;816.22;815.25;814.24;813.23;811.26;810.25;809.24;808.23;807.22;803.25;801.23;800.23;799.22;798.21;797.24;796.23;795.22;785.24;783.22;781.21;767.23;765.21;763.2;720.21;707.21;696.21;695.21;694.2;693.19;681.2;680.19;679.19;678.2;676.19;675.18;668.22;666.2;663.19;662.18;661.18;660.19;658.18;651.19;650.21;649.2;648.19;645.18;644.17;638.21;637.18;635.2;634.19;632.2;626.21;624.19;623.2;618.19;617.19;611.2;609.18;608.17;606.19;605.19;593.19;592.18;591.17;590.16;588.18;587.18;575.18;573.16;551.15;550.14;549.14;535.16;534.15;533.14;532.13;531.12;523.16;522.15;521.14;519.16;517.15;516.14;515.13;514.12;513.11;511.16;509.14;507.16;505.15;504.14;503.13;501.15;499.13;498.13;497.12;495.1;493.15;491.13;489.15;488.14;487.13;486.13;485.12;483.14;481.15;479.13;478.12;477.15;476.14;475.13;473.16;471.14;470.13;469.12;465.15;463.13;461.12;460.11;459.14;458.13;457.12;447.14;445.12;443.11;429.13;427.11;425.1;389.1;388.09;387.08;386.07;375.12;373.1;372.1;371.09;370.08;369.07;361.1;360.1;359.12;358.11;357.11;356.1;355.09;354.08;353.08;351.06;349.1;347.09;345.11;344.1;343.13;342.09;341.11;340.1;339.1;338.09;337.08;335.09;331.09;329.11;327.1;326.09;325.09;324.08;323.08;322.09;320.08;319.09;317.08;316.07;315.1;314.09;313.08;312.11;307.08;306.07;303.1;301.08;300.07;299.07;298.06;297.1;294.1;287.1;286.09;285.1;284.08;283.07;282.06;281.08;280.07;279.09;273.1;271.08;270.07;269.09;268.09;267.06;265.08;264.07;263.07;262.06;255.09;253.08;252.06;251.07;250.08;249.05;247.07;245.06;237.09;235.07;233.06;231.04;223.07;222.06;220.06;211.07;207.08;205.06;196.06;195.05;194.04;193.04;192.03;182.08;180.04;179.03;178.05;177.04;166.09;165.05;164.05;163.04;150.05;147.04;146.04;135.04;134.04;130.04;124.04;123.04;119.05;111.04;110.06;109.03;108.02;107.05;106.04,,reported,,chunk_62ca77c968c9eb791a79,candidate,Structured compound record mined from local corpus text.
cmp_1dbfee33b771db,entity_1dbfee33b771dbce,reported,reported,5’’-O-E-Sinapoyl-isoapiocactin,,betalain,,C40H44N2O21,888.24365643795,,,889.2509,860.25;859.24;857.26;856.25;855.25;854.24;853.23;852.22;851.21;849.26;847.24;846.23;845.26;844.25;843.25;842.24;841.23;839.25;838.24;837.23;836.23;835.22;833.2;831.25;829.27;827.25;826.24;825.23;824.23;823.22;819.25;817.23;816.22;815.25;814.24;813.23;811.26;810.25;809.24;808.23;807.22;803.25;801.23;800.23;799.22;798.21;797.24;796.23;795.22;785.24;783.22;781.21;767.23;765.21;763.2;720.21;707.21;696.21;695.21;694.2;693.19;681.2;680.19;679.19;678.2;676.19;675.18;668.22;666.2;663.19;662.18;661.18;660.19;658.18;651.19;650.21;649.2;648.19;645.18;644.17;638.21;637.18;635.2;634.19;632.2;626.21;624.19;623.2;618.19;617.19;611.2;609.18;608.17;606.19;605.19;593.19;592.18;591.17;590.16;588.18;587.18;575.18;573.16;551.15;550.14;549.14;535.16;534.15;533.14;532.13;531.12;523.16;522.15;521.14;519.16;517.15;516.14;515.13;514.12;513.11;511.16;509.14;507.16;505.15;504.14;503.13;501.15;499.13;498.13;497.12;495.1;493.15;491.13;489.15;488.14;487.13;486.13;485.12;483.14;481.15;479.13;478.12;477.15;476.14;475.13;473.16;471.14;470.13;469.12;465.15;463.13;461.12;460.11;459.14;458.13;457.12;447.14;445.12;443.11;429.13;427.11;425.1;389.1;388.09;387.08;386.07;375.12;373.1;372.1;371.09;370.08;369.07;361.1;360.1;359.12;358.11;357.11;356.1;355.09;354.08;353.08;351.06;349.1;347.09;345.11;344.1;343.13;342.09;341.11;340.1;339.1;338.09;337.08;335.09;331.09;329.11;327.1;326.09;325.09;324.08;323.08;322.09;320.08;319.09;317.08;316.07;315.1;314.09;313.08;312.11;307.08;306.07;303.1;301.08;300.07;299.07;298.06;297.1;294.1;287.1;286.09;285.1;284.08;283.07;282.06;281.08;280.07;279.09;273.1;271.08;270.07;269.09;268.09;267.06;265.08;264.07;263.07;262.06;255.09;253.08;252.06;251.07;250.08;249.05;247.07;245.06;237.09;235.07;233.06;231.04;223.07;222.06;220.06;211.07;207.08;205.06;196.06;195.05;194.04;193.04;192.03;182.08;180.04;179.03;178.05;177.04;166.09;165.05;164.05;163.04;150.05;147.04;146.04;135.04;134.04;130.04;124.04;123.04;119.05;111.04;110.06;109.03;108.02;107.05;106.04,,reported,,chunk_d6c1515560c219a43a6f,candidate,Structured compound record mined from local corpus text.
cmp_ffb5f42b345a42,entity_ffb5f42b345a4253,reported,reported,2’-O-b-(5’’-O-E-Feruloyl)-apiosyl-phyllocactin,,betalain,,C42H44N2O23,944.23348567709,,,945.2408,916.24;915.23;913.25;911.24;910.23;909.22;908.21;907.2;905.25;903.23;901.25;900.24;899.24;898.23;897.22;895.24;893.22;892.22;891.21;889.19;887.24;885.26;883.24;882.23;881.22;880.22;879.21;877.23;875.24;873.22;872.21;871.24;870.23;869.22;865.23;864.22;863.21;859.24;858.23;857.22;856.22;855.21;854.2;853.23;852.22;851.21;843.25;841.23;840.22;839.21;837.2;831.25;829.23;827.25;825.23;823.22;822.21;821.2;819.19;815.25;813.23;811.22;809.24;807.22;805.21;803.19;801.23;797.24;795.22;793.21;789.23;787.22;783.22;777.21;776.2;771.22;769.21;765.21;763.2;753.21;752.2;751.2;750.19;749.18;737.19;736.18;735.18;734.19;733.18;732.18;731.17;720.19;719.18;718.17;717.17;707.18;706.2;705.19;704.18;703.19;702.18;701.17;700.16;691.19;690.18;680.18;679.19;675.19;674.18;673.18;667.19;666.2;665.17;664.16;663.19;662.18;661.18;651.19;650.18;649.18;648.19;647.16;646.18;645.18;644.17;643.17;637.15;636.14;635.14;633.18;632.17;631.17;629.15;621.16;620.15;619.14;618.13;617.12;615.17;614.16;609.16;608.15;607.14;605.16;603.15;602.14;601.13;600.12;599.11;597.16;595.14;593.19;591.15;590.14;589.13;587.15;585.14;584.13;583.12;581.19;579.15;578.16;577.13;576.18;575.18;574.14;573.14;572.13;571.12;569.14;567.15;565.13;564.12;563.18;562.14;561.14;560.15;558.17;557.17;556.13;555.12;551.15;550.14;549.14;547.12;546.11;545.17;544.13;543.12;535.16;533.14;532.13;531.12;529.11;523.16;521.14;517.15;515.13;514.12;513.11;511.1;505.15;503.13;499.13;497.12;495.1;493.15;487.13;485.12;481.12;479.13;475.13;469.12;463.13;461.12;457.12;445.12;444.11;443.11;442.1;441.09;428.09;427.09;426.1;425.1;424.09;423.08;412.1;411.09;410.08;409.08;394.09;393.08;392.07;389.1;388.09;387.08;386.07;383.1;375.12;373.1;372.1;371.09;370.08;369.07;365.09;361.1;360.1;359.12;357.11;356.1;355.09;354.09;353.09;351.06;349.1;347.09;345.11;343.13;342.08;341.11;339.1;338.06;337.08;336.08;335.08;331.09;329.11;327.1;326.09;325.09;324.08;323.08;321.06;319.09;317.08;316.07;315.1;314.09;313.08;306.07;303.1;301.08;300.07;299.07;287.1;285.09;284.08;283.07;281.08;280.07;273.1;271.11;269.09;267.06;265.08;264.07;263.07;262.06;255.09;253.08;251.07;249.05;247.07;245.06;237.09;235.07;233.06;231.04;223.07;211.07;207.08;205.06;196.06;194.04;193.04;182.08;180.04;179.03;178.05;177.04;165.05;164.05;163.04;147.04;146.04;135.04;134.04;130.04;123.04;119.05;111.04;109.03;108.02;107.05;106.04,,reported,,chunk_c5d66fcc8ecd9eae8207,candidate,Structured compound record mined from local corpus text.
cmp_d115b9567401f3,entity_d115b9567401f3eb,reported,reported,2’-O-β-(5’’-O-E-Feruloyl)-apiosyl-isophyllocactin,,betalain,,C42H44N2O23,944.23348567709,,,945.2408,916.24;915.23;913.25;911.24;910.23;909.22;908.21;907.2;905.25;903.23;901.25;900.24;899.24;898.23;897.22;895.24;893.22;892.22;891.21;889.19;887.24;885.26;883.24;882.23;881.22;880.22;879.21;877.23;875.24;873.22;872.21;871.24;870.23;869.22;865.23;864.22;863.21;859.24;858.23;857.22;856.22;855.21;854.2;853.23;852.22;851.21;843.25;841.23;840.22;839.21;837.2;831.25;829.23;827.25;825.23;823.22;822.21;821.2;819.19;815.25;813.23;811.22;809.24;807.22;805.21;803.19;801.23;797.24;795.22;793.21;789.23;787.22;783.22;777.21;776.2;771.22;769.21;765.21;763.2;753.21;752.2;751.2;750.19;749.18;737.19;736.18;735.18;734.19;733.18;732.18;731.17;720.19;719.18;718.17;717.17;707.18;706.2;705.19;704.18;703.19;702.18;701.17;700.16;691.19;690.18;680.18;679.19;675.19;674.18;673.18;667.19;666.2;665.17;664.16;663.19;662.18;661.18;651.19;650.18;649.18;648.19;647.16;646.18;645.18;644.17;643.17;637.15;636.14;635.14;633.18;632.17;631.17;629.15;621.16;620.15;619.14;618.13;617.12;615.17;614.16;609.16;608.15;607.14;605.16;603.15;602.14;601.13;600.12;599.11;597.16;595.14;593.19;591.15;590.14;589.13;587.15;585.14;584.13;583.12;581.19;579.15;578.16;577.13;576.18;575.18;574.14;573.14;572.13;571.12;569.14;567.15;565.13;564.12;563.18;562.14;561.14;560.15;558.17;557.17;556.13;555.12;551.15;550.14;549.14;547.12;546.11;545.17;544.13;543.12;535.16;533.14;532.13;531.12;529.11;523.16;521.14;517.15;515.13;514.12;513.11;511.1;505.15;503.13;499.13;497.12;495.1;493.15;487.13;485.12;481.12;479.13;475.13;469.12;463.13;461.12;457.12;445.12;444.11;443.11;442.1;441.09;428.09;427.09;426.1;425.1;424.09;423.08;412.1;411.09;410.08;409.08;394.09;393.08;392.07;389.1;388.09;387.08;386.07;383.1;375.12;373.1;372.1;371.09;370.08;369.07;365.09;361.1;360.1;359.12;357.11;356.1;355.09;354.09;353.09;351.06;349.1;347.09;345.11;343.13;342.08;341.11;339.1;338.06;337.08;336.08;335.08;331.09;329.11;327.1;326.09;325.09;324.08;323.08;321.06;319.09;317.08;316.07;315.1;314.09;313.08;306.07;303.1;301.08;300.07;299.07;287.1;285.09;284.08;283.07;281.08;280.07;273.1;271.11;269.09;267.06;265.08;264.07;263.07;262.06;255.09;253.08;251.07;249.05;247.07;245.06;237.09;235.07;233.06;231.04;223.07;211.07;207.08;205.06;196.06;194.04;193.04;182.08;180.04;179.03;178.05;177.04;165.05;164.05;163.04;147.04;146.04;135.04;134.04;130.04;123.04;119.05;111.04;109.03;108.02;107.05;106.04,,reported,,chunk_4457505fbccc57104e99,candidate,Structured compound record mined from local corpus text.
cmp_921712b9efb84c,entity_921712b9efb84c13,reported,reported,17-decarboxy-2’-O-apiosyl-phyllocactin,,betalain,,C31H36N2O18,724.1963123214,,,725.2036,696.2;695.19;693.21;691.2;690.19;689.18;688.17;687.17;685.21;683.19;681.21;680.21;679.2;678.19;677.18;675.2;673.19;672.18;671.17;669.16;667.2;665.22;663.2;662.2;661.19;660.18;659.17;657.19;655.2;653.18;652.17;651.2;650.2;649.19;645.19;644.18;643.18;639.2;638.2;637.19;636.18;635.17;634.16;633.19;632.18;631.18;623.21;621.19;620.18;619.18;617.16;611.21;609.19;607.21;605.2;603.18;602.17;601.17;600.16;599.15;595.21;593.16;592.15;591.15;589.2;587.19;585.17;583.16;581.2;577.17;576.16;575.15;574.14;573.13;569.2;567.18;565.17;564.16;563.15;561.17;560.14;559.16;558.15;557.14;556.13;555.12;553.17;551.19;549.17;547.16;546.15;545.14;544.14;543.13;542.13;541.15;540.14;539.13;537.11;535.16;533.18;531.16;530.15;529.15;528.13;527.14;526.13;525.12;524.12;523.16;521.14;520.13;519.16;518.15;517.15;515.14;514.13;513.15;512.14;511.13;507.16;506.15;505.15;504.13;503.14;502.12;501.15;500.14;499.14;498.14;497.13;491.14;490.16;489.12;488.12;487.14;486.14;485.13;479.17;477.15;475.14;474.14;473.13;472.14;471.14;470.13;469.12;468.13;467.12;461.16;459.14;457.13;456.13;455.14;453.13;451.11;449.16;444.11;443.14;442.1;441.09;439.12;438.12;437.13;435.14;431.14;429.14;428.09;427.09;426.1;425.13;424.09;423.08;419.14;417.14;413.13;412.1;411.09;410.08;409.08;405.14;403.12;402.12;401.13;400.14;399.13;394.09;393.08;392.07;387.13;385.11;384.11;383.1;382.13;381.12;371.1;369.12;367.1;365.09;359.1;357.08;356.07;355.1;354.09;353.09;345.11;344.1;343.09;342.09;341.09;339.07;338.06;337.09;336.08;335.08;331.13;329.11;328.11;327.1;326.09;325.08;324.08;323.08;321.06;317.11;316.11;315.13;313.12;312.11;311.1;310.09;309.09;307.07;306.07;305.11;303.1;301.12;299.14;298.09;297.12;295.11;293.09;291.1;287.1;285.12;283.11;282.1;281.09;275.1;273.09;272.08;271.11;270.1;269.09;267.09;259.11;257.09;256.08;255.08;253.07;249.08;243.11;241.1;240.09;239.08;237.09;236.08;235.06;227.12;225.1;223.07;221.09;220.08;219.08;218.07;209.09;207.08;205.06;203.08;201.07;196.06;194.04;193.1;191.08;189.07;187.05;182.08;180.04;179.08;178.05;177.04;167.08;165.05;164.05;163.09;161.07;152.07;150.05;147.04;146.04;135.04;134.04;130.04;123.04;119.05;111.04;109.03;108.02;107.05;106.04,,reported,,chunk_4bc7ad16b8b39af7c801,candidate,Structured compound record mined from local corpus text.
cmp_b5436bf9a2a6c3,entity_b5436bf9a2a6c306,reported,reported,17-decarboxy-2’-O-apiosyl-isophyllocactin,,betalain,,C31H36N2O18,724.1963123214,,,725.2036,696.2;695.19;693.21;691.2;690.19;689.18;688.17;687.17;685.21;683.19;681.21;680.21;679.2;678.19;677.18;675.2;673.19;672.18;671.17;669.16;667.2;665.22;663.2;662.2;661.19;660.18;659.17;657.19;655.2;653.18;652.17;651.2;650.2;649.19;645.19;644.18;643.18;639.2;638.2;637.19;636.18;635.17;634.16;633.19;632.18;631.18;623.21;621.19;620.18;619.18;617.16;611.21;609.19;607.21;605.2;603.18;602.17;601.17;600.16;599.15;595.21;593.16;592.15;591.15;589.2;587.19;585.17;583.16;581.2;577.17;576.16;575.15;574.14;573.13;569.2;567.18;565.17;564.16;563.15;561.17;560.14;559.16;558.15;557.14;556.13;555.12;553.17;551.19;549.17;547.16;546.15;545.14;544.14;543.13;542.13;541.15;540.14;539.13;537.11;535.16;533.18;531.16;530.15;529.15;528.13;527.14;526.13;525.12;524.12;523.16;521.14;520.13;519.16;518.15;517.15;515.14;514.13;513.15;512.14;511.13;507.16;506.15;505.15;504.13;503.14;502.12;501.15;500.14;499.14;498.14;497.13;491.14;490.16;489.12;488.12;487.14;486.14;485.13;479.17;477.15;475.14;474.14;473.13;472.14;471.14;470.13;469.12;468.13;467.12;461.16;459.14;457.13;456.13;455.14;453.13;451.11;449.16;444.11;443.14;442.1;441.09;439.12;438.12;437.13;435.14;431.14;429.14;428.09;427.09;426.1;425.13;424.09;423.08;419.14;417.14;413.13;412.1;411.09;410.08;409.08;405.14;403.12;402.12;401.13;400.14;399.13;394.09;393.08;392.07;387.13;385.11;384.11;383.1;382.13;381.12;371.1;369.12;367.1;365.09;359.1;357.08;356.07;355.1;354.09;353.09;345.11;344.1;343.09;342.09;341.09;339.07;338.06;337.09;336.08;335.08;331.13;329.11;328.11;327.1;326.09;325.08;324.08;323.08;321.06;317.11;316.11;315.13;313.12;312.11;311.1;310.09;309.09;307.07;306.07;305.11;303.1;301.12;299.14;298.09;297.12;295.11;293.09;291.1;287.1;285.12;283.11;282.1;281.09;275.1;273.09;272.08;271.11;270.1;269.09;267.09;259.11;257.09;256.08;255.08;253.07;249.08;243.11;241.1;240.09;239.08;237.09;236.08;235.06;227.12;225.1;223.07;221.09;220.08;219.08;218.07;209.09;207.08;205.06;203.08;201.07;196.06;194.04;193.1;191.08;189.07;187.05;182.08;180.04;179.08;178.05;177.04;167.08;165.05;164.05;163.09;161.07;152.07;150.05;147.04;146.04;135.04;134.04;130.04;123.04;119.05;111.04;109.03;108.02;107.05;106.04,,reported,,chunk_7fd7d434d5fdd6e44c59,candidate,Structured compound record mined from local corpus text.
cmp_b0a4769de28ded,entity_b0a4769de28ded46,reported,reported,Gomphrenin II,,betalain,,C33H32N2O15,696.18026833377,,,697.1875,668.18;667.18;665.2;664.19;663.18;662.17;661.17;660.16;659.15;657.19;655.18;654.17;653.2;652.19;651.18;650.17;649.17;647.19;645.17;643.16;641.14;639.18;637.2;636.19;635.19;634.18;633.17;632.16;631.16;629.18;627.18;625.17;624.16;623.19;621.17;619.19;617.18;615.16;611.19;609.17;608.16;607.16;606.15;605.18;603.16;593.18;591.16;589.15;573.15;571.13;533.14;532.13;531.12;528.15;517.15;516.14;515.13;514.12;513.11;512.16;510.14;505.15;504.15;503.13;502.13;501.13;499.13;498.14;497.12;495.1;493.15;491.13;489.15;488.13;487.13;486.14;485.13;484.12;483.12;481.12;479.11;476.16;475.13;474.14;473.16;472.14;471.13;470.12;469.12;468.13;466.11;463.13;461.12;460.11;459.13;458.14;457.14;456.13;455.13;454.13;453.12;452.11;447.14;446.14;445.12;444.13;443.13;442.13;440.13;434.14;432.13;431.13;427.14;425.12;419.13;417.12;416.11;415.14;414.12;413.12;403.14;401.12;400.12;399.11;398.1;397.13;395.11;389.1;388.09;387.08;386.07;385.13;383.11;381.1;375.12;374.11;373.1;372.1;371.09;370.08;369.07;364.1;361.1;360.1;359.12;358.12;357.11;356.1;355.09;354.08;353.08;351.06;349.1;347.09;345.11;344.1;343.13;342.08;341.11;340.1;339.1;338.09;337.08;336.07;335.09;334.08;331.09;330.08;329.11;327.1;326.09;325.12;324.08;323.1;322.09;320.08;319.09;317.08;316.07;315.1;314.09;313.08;312.07;310.09;309.1;308.09;307.08;306.07;303.1;301.08;300.07;299.07;298.06;296.08;294.1;287.1;285.09;283.07;281.08;280.07;279.09;268.08;267.09;265.08;264.07;263.07;262.06;255.09;253.07;252.06;251.07;249.08;247.07;245.06;239.09;237.08;235.07;233.06;223.07;220.06;211.07;209.06;208.05;207.05;205.06;196.06;195.05;194.04;193.04;191.06;182.08;181.05;180.04;179.03;178.05;177.04;176.03;175.06;166.09;165.05;164.05;163.04;162.03;150.05;149.06;148.05;147.04;139.04;135.04;124.04;123.04;122.04;121.03;119.05;118.04;111.04;110.06;109.03;108.02;107.05;106.04,,reported,,chunk_c750feb934ab55bc0794,candidate,Structured compound record mined from local corpus text.
cmp_11997e293f1b11,entity_11997e293f1b1160,reported,reported,Isogomphrenin-II,,betalain,,C33H32N2O15,696.18026833377,,,697.1875,668.18;667.18;665.2;664.19;663.18;662.17;661.17;660.16;659.15;657.19;655.18;654.17;653.2;652.19;651.18;650.17;649.17;647.19;645.17;643.16;641.14;639.18;637.2;636.19;635.19;634.18;633.17;632.16;631.16;629.18;627.18;625.17;624.16;623.19;621.17;619.19;617.18;615.16;611.19;609.17;608.16;607.16;606.15;605.18;603.16;593.18;591.16;589.15;573.15;571.13;533.14;532.13;531.12;528.15;517.15;516.14;515.13;514.12;513.11;512.16;510.14;505.15;504.15;503.13;502.13;501.13;499.13;498.14;497.12;495.1;493.15;491.13;489.15;488.13;487.13;486.14;485.13;484.12;483.12;481.12;479.11;476.16;475.13;474.14;473.16;472.14;471.13;470.12;469.12;468.13;466.11;463.13;461.12;460.11;459.13;458.14;457.14;456.13;455.13;454.13;453.12;452.11;447.14;446.14;445.12;444.13;443.13;442.13;440.13;434.14;432.13;431.13;427.14;425.12;419.13;417.12;416.11;415.14;414.12;413.12;403.14;401.12;400.12;399.11;398.1;397.13;395.11;389.1;388.09;387.08;386.07;385.13;383.11;381.1;375.12;374.11;373.1;372.1;371.09;370.08;369.07;364.1;361.1;360.1;359.12;358.12;357.11;356.1;355.09;354.08;353.08;351.06;349.1;347.09;345.11;344.1;343.13;342.08;341.11;340.1;339.1;338.09;337.08;336.07;335.09;334.08;331.09;330.08;329.11;327.1;326.09;325.12;324.08;323.1;322.09;320.08;319.09;317.08;316.07;315.1;314.09;313.08;312.07;310.09;309.1;308.09;307.08;306.07;303.1;301.08;300.07;299.07;298.06;296.08;294.1;287.1;285.09;283.07;281.08;280.07;279.09;268.08;267.09;265.08;264.07;263.07;262.06;255.09;253.07;252.06;251.07;249.08;247.07;245.06;239.09;237.08;235.07;233.06;223.07;220.06;211.07;209.06;208.05;207.05;205.06;196.06;195.05;194.04;193.04;191.06;182.08;181.05;180.04;179.03;178.05;177.04;176.03;175.06;166.09;165.05;164.05;163.04;162.03;150.05;149.06;148.05;147.04;139.04;135.04;124.04;123.04;122.04;121.03;119.05;118.04;111.04;110.06;109.03;108.02;107.05;106.04,,reported,,chunk_f33fa11706170b96e959,candidate,Structured compound record mined from local corpus text.
cmp_ab6ea0e22e3af1,entity_ab6ea0e22e3af1cd,reported,reported,"2-decarboxy-2,3-dehydro-gomphrenin (2-decarboxy-xangomphrenin)",,betalain,,C23H24N2O11,504.13800959765,,,505.1453,485.12;484.11;483.1;479.13;478.12;477.15;475.13;474.13;473.12;472.11;471.14;470.13;469.12;468.12;467.11;465.15;463.13;461.16;460.11;459.14;458.1;457.12;456.12;455.11;454.1;453.13;451.11;449.12;447.14;445.16;444.12;443.14;442.1;441.13;440.12;439.11;438.11;437.1;435.12;434.14;433.12;432.13;431.11;430.1;429.09;428.12;427.11;426.11;425.1;424.09;423.12;419.12;415.11;414.11;413.1;412.09;411.08;410.11;409.1;408.1;403.11;401.1;400.09;399.08;398.11;397.1;396.1;395.09;389.1;385.1;384.1;383.09;382.08;381.07;376.14;374.12;373.1;371.09;369.07;368.1;367.09;366.08;362.12;357.11;355.09;354.08;353.08;343.09;342.08;341.08;339.1;338.09;337.08;336.11;329.11;327.1;326.09;325.08;324.07;323.07;318.1;317.08;315.1;313.12;312.11;311.1;310.09;309.09;307.07;303.1;301.08;300.09;299.1;297.09;296.11;295.11;294.1;293.09;287.1;286.09;285.09;283.11;281.09;276.09;271.08;270.07;254.08;253.07;194.04;180.06;179.06;178.05;177.04;176.03;175.02;174.05;168.03;165.08;163.06;162.05;161.04;160.04;159.03;152.03;151.06;150.02;149.04;148.04;147.07;146.06;145.05;144.04;143.03;139.06;136.08;135.07;134.06;133.05;132.04;131.04;130.03;129.05;128.03;127.04;126.02;124.04;122.06;121.05;120.04;119.03;118.07;117.02;116.05;115.04;114.02;113.02;110.06;109.03;108.04;107.07;105.05;104.05;103.04;102.03;101.02;100.04,,reported,,chunk_83e26e2b3945f9fa3ba9,candidate,Structured compound record mined from local corpus text.
cmp_719d14bf008f4a,entity_719d14bf008f4aea,reported,reported,Neogomphrenin III,,betalain,,C34H32N2O16,724.17518295334,,,725.1825,696.18;695.17;693.19;692.18;691.18;690.17;689.16;688.15;687.15;685.19;683.17;682.16;681.19;680.18;679.18;678.17;677.16;675.18;673.17;671.15;669.14;667.18;666.17;665.2;664.19;663.18;661.17;660.16;659.15;655.18;653.16;652.15;649.17;647.19;645.17;643.16;637.17;635.15;634.14;631.16;619.16;617.14;609.17;545.15;544.14;543.14;532.14;531.12;530.12;529.11;528.15;527.14;526.13;519.15;518.14;517.13;516.15;515.13;514.13;513.11;512.11;511.1;510.14;503.13;502.15;501.14;500.13;499.13;498.14;497.12;496.12;495.1;493.09;491.13;489.14;488.16;487.15;486.14;485.12;484.14;483.13;482.12;479.11;477.09;475.12;474.14;473.14;472.14;471.14;470.14;469.12;467.11;461.14;459.1;458.1;457.15;455.13;452.13;451.11;449.14;447.13;446.12;445.15;443.13;441.09;433.15;431.13;430.13;429.12;428.11;427.14;425.12;423.08;417.09;415.14;413.12;411.11;387.08;386.07;385.07;384.06;373.1;372.1;371.09;370.08;369.07;368.06;367.06;359.09;358.08;357.11;356.1;355.09;354.08;353.08;352.07;351.09;350.09;347.09;345.07;343.09;342.08;341.11;340.07;339.1;338.09;337.08;336.07;334.09;333.07;332.06;329.08;328.07;327.1;325.08;324.08;323.08;322.09;321.08;320.08;319.07;317.08;315.06;314.05;312.07;308.09;307.08;306.07;303.1;302.07;301.08;299.07;295.07;294.1;293.09;283.07;281.05;279.06;278.05;277.05;276.09;267.09;265.05;264.04;263.07;262.06;261.05;257.09;255.09;253.07;252.06;251.09;249.05;247.03;239.09;237.08;235.06;233.06;221.06;209.06;207.05;206.03;194.04;193.04;192.03;191.06;190.05;181.05;180.04;179.03;178.05;177.04;176.03;175.06;165.05;164.05;163.04;162.03;150.05;149.06;148.05;147.04;146.04;145.05;141.05;139.04;136.08;135.04;134.06;132.04;123.04;122.04;121.03;119.05;118.04;111.04;110.06;109.03;108.02;107.05;106.04;105.03,,reported,,chunk_816cb027103da1a12586,candidate,Structured compound record mined from local corpus text.
cmp_9ba814a6c8df22,entity_9ba814a6c8df222e,reported,reported,Neogomphrenin IV,,betalain,,C35H34N2O17,754.18574763737,,,755.193,726.19;725.18;723.2;722.2;721.19;720.18;719.17;718.16;717.16;715.2;713.18;712.17;711.2;710.2;709.19;708.18;707.17;705.19;703.18;701.16;699.15;697.19;696.18;695.21;694.2;693.19;691.18;690.17;689.16;685.19;683.17;682.16;679.18;677.2;675.18;673.17;667.18;665.16;664.15;661.17;649.17;647.15;639.18;575.16;574.16;573.15;562.16;561.15;559.17;558.16;557.15;556.14;549.16;548.15;547.14;546.16;545.15;544.14;543.14;540.15;533.17;532.16;531.12;530.14;529.11;528.15;527.14;526.13;525.13;519.15;518.17;517.16;516.15;515.13;514.15;513.11;512.13;511.1;505.13;504.15;503.15;502.15;501.11;500.16;499.13;497.12;495.1;493.09;491.15;489.11;487.13;485.12;484.11;483.1;482.14;479.15;477.14;476.13;475.16;473.14;471.14;469.12;467.11;463.16;461.14;460.14;459.1;458.12;457.15;455.13;451.11;445.15;443.13;441.09;423.08;417.09;387.08;386.07;385.07;384.06;373.1;372.1;371.09;370.08;369.07;368.06;367.06;359.09;358.08;357.11;356.1;355.09;354.08;353.08;352.07;351.09;350.09;347.09;345.07;343.09;342.08;341.11;340.07;339.1;338.09;337.08;336.07;334.09;333.07;332.06;329.08;328.07;327.1;325.08;324.08;323.08;322.09;321.08;320.08;319.07;317.08;315.06;314.05;312.07;308.09;307.08;306.07;303.1;302.07;301.08;299.07;295.07;294.1;293.09;283.07;281.05;279.06;278.05;277.05;276.09;267.09;265.05;264.04;263.07;262.06;261.05;257.09;255.09;253.07;252.06;251.09;249.05;247.03;239.09;237.08;235.06;233.06;221.06;209.06;207.05;206.03;194.04;193.04;192.03;191.06;190.05;181.05;180.04;179.03;178.05;177.04;176.03;175.06;165.05;164.05;163.04;162.03;150.05;149.06;148.05;147.04;146.04;145.05;141.05;139.04;136.08;135.04;134.06;132.04;123.04;122.04;121.03;119.05;118.04;111.04;110.06;109.03;108.02;107.05;106.04;105.03,,reported,,chunk_5a850a9e5d36caf46c40,candidate,Structured compound record mined from local corpus text.
cmp_05e1da91c87b98,entity_05e1da91c87b9884,reported,reported,Glabranin (Betanidin 6’-O-β-D-sophoroside),,betalain,,C30H36N2O18,712.1963123214,,,713.2036,684.2;683.19;681.21;680.21;679.2;678.19;677.18;676.17;675.17;673.21;671.19;669.21;668.21;667.2;666.19;665.18;663.2;661.19;659.17;657.16;655.2;653.22;651.2;650.2;649.19;648.18;647.17;643.2;641.18;640.17;639.2;637.19;633.19;631.18;627.2;625.19;624.18;623.17;622.16;621.19;619.18;609.19;607.18;605.16;589.17;587.15;551.15;550.14;549.14;544.17;535.16;534.15;533.14;532.13;531.12;523.16;522.15;521.14;520.17;519.16;518.15;517.14;516.14;515.13;514.12;513.11;511.16;509.14;507.16;505.15;504.15;503.13;502.16;501.15;500.14;499.13;497.12;495.1;493.15;491.13;489.15;488.15;487.14;486.14;485.12;481.15;479.13;478.12;477.15;475.13;474.16;473.15;472.14;471.15;470.14;469.13;468.13;465.15;463.13;461.12;460.11;459.15;458.14;457.12;448.14;447.15;445.12;443.11;441.14;435.15;433.13;432.13;431.15;429.14;427.11;425.1;419.15;417.14;416.13;415.12;414.12;413.14;411.13;401.14;399.13;397.11;389.1;388.09;387.08;386.07;375.12;374.11;373.1;372.1;371.09;370.08;369.07;361.1;360.1;359.12;358.11;357.11;356.1;355.09;354.08;353.08;351.06;349.1;347.09;345.11;343.13;342.09;341.11;340.1;339.1;338.09;337.08;336.07;335.09;331.09;330.08;329.11;327.1;326.09;325.09;324.08;323.1;319.09;317.08;316.07;315.1;314.09;313.08;312.07;310.09;308.09;307.08;306.07;303.1;301.08;300.07;299.07;298.06;297.1;296.08;287.1;285.1;283.07;281.08;280.07;279.09;273.1;271.08;270.07;269.1;267.09;265.08;264.07;263.07;262.06;257.1;255.09;253.07;252.06;251.07;249.08;247.07;245.06;239.09;237.08;235.07;233.06;223.07;211.07;196.06;195.05;194.04;193.04;182.08;180.04;179.03;178.05;177.04;165.05;164.05;163.04;162.03;149.06;148.05;147.04;139.04;135.04;123.04;122.04;119.05;118.04;111.04;109.03;108.02;107.05;106.04,,reported,,chunk_3ee82ebc0c090d359f62,candidate,Structured compound record mined from local corpus text.
cmp_a38c09c46557ae,entity_a38c09c46557ae9e,reported,reported,Isoglabranin (Isobetanidin 6’-O-β-D-sophoroside),,betalain,,C30H36N2O18,712.1963123214,,,713.2036,684.2;683.19;681.21;680.21;679.2;678.19;677.18;676.17;675.17;673.21;671.19;669.21;668.21;667.2;666.19;665.18;663.2;661.19;659.17;657.16;655.2;653.22;651.2;650.2;649.19;648.18;647.17;643.2;641.18;640.17;639.2;637.19;633.19;631.18;627.2;625.19;624.18;623.17;622.16;621.19;619.18;609.19;607.18;605.16;589.17;587.15;551.15;550.14;549.14;544.17;535.16;534.15;533.14;532.13;531.12;523.16;522.15;521.14;520.17;519.16;518.15;517.14;516.14;515.13;514.12;513.11;511.16;509.14;507.16;505.15;504.15;503.13;502.16;501.15;500.14;499.13;497.12;495.1;493.15;491.13;489.15;488.15;487.14;486.14;485.12;481.15;479.13;478.12;477.15;475.13;474.16;473.15;472.14;471.15;470.14;469.13;468.13;465.15;463.13;461.12;460.11;459.15;458.14;457.12;448.14;447.15;445.12;443.11;441.14;435.15;433.13;432.13;431.15;429.14;427.11;425.1;419.15;417.14;416.13;415.12;414.12;413.14;411.13;401.14;399.13;397.11;389.1;388.09;387.08;386.07;375.12;374.11;373.1;372.1;371.09;370.08;369.07;361.1;360.1;359.12;358.11;357.11;356.1;355.09;354.08;353.08;351.06;349.1;347.09;345.11;343.13;342.09;341.11;340.1;339.1;338.09;337.08;336.07;335.09;331.09;330.08;329.11;327.1;326.09;325.09;324.08;323.1;319.09;317.08;316.07;315.1;314.09;313.08;312.07;310.09;308.09;307.08;306.07;303.1;301.08;300.07;299.07;298.06;297.1;296.08;287.1;285.1;283.07;281.08;280.07;279.09;273.1;271.08;270.07;269.1;267.09;265.08;264.07;263.07;262.06;257.1;255.09;253.07;252.06;251.07;249.08;247.07;245.06;239.09;237.08;235.07;233.06;223.07;211.07;196.06;195.05;194.04;193.04;182.08;180.04;179.03;178.05;177.04;165.05;164.05;163.04;162.03;149.06;148.05;147.04;139.04;135.04;123.04;122.04;119.05;118.04;111.04;109.03;108.02;107.05;106.04,,reported,,chunk_4c51fbc1a2701b824f32,candidate,Structured compound record mined from local corpus text.
cmp_c03d5d07d87ffc,entity_c03d5d07d87ffc88,reported,reported,Coumglabranin (6’-O-E-4-Coumaroyl-glabranin),,betalain,,C39H42N2O20,858.23309175392,,,859.2403,830.24;829.23;827.25;826.24;825.23;824.23;823.22;822.21;821.2;819.25;817.23;815.25;814.24;813.23;812.23;811.22;809.24;807.22;805.21;803.19;801.23;799.26;797.24;796.23;795.22;794.22;793.21;789.23;787.22;786.21;785.24;783.22;779.23;777.21;773.24;771.22;770.22;769.21;768.2;767.23;765.21;755.23;753.21;751.2;735.2;733.19;697.19;696.18;695.19;694.19;693.18;690.2;681.19;680.18;679.18;678.17;677.16;676.17;675.17;669.19;668.18;667.18;666.2;665.18;664.19;663.18;662.17;661.17;660.16;659.15;657.19;655.18;653.2;651.18;650.18;649.17;648.19;647.19;646.18;645.17;643.16;641.14;639.18;637.19;635.19;634.19;633.18;632.17;631.16;627.18;625.17;624.16;623.17;621.17;620.2;619.19;618.18;617.19;616.18;615.17;614.16;611.19;609.17;607.16;606.15;605.19;604.18;603.16;594.18;593.19;591.16;589.15;587.18;581.19;579.17;578.16;577.19;575.18;573.15;571.13;565.19;563.18;562.17;561.16;560.15;559.18;557.17;547.18;545.17;543.15;533.14;532.13;531.12;517.15;515.13;514.12;513.11;505.15;504.15;503.13;502.13;501.13;500.14;499.13;497.12;495.1;488.13;487.13;486.14;485.12;484.12;483.12;481.12;479.11;475.13;472.14;471.13;470.12;469.13;468.13;463.13;461.12;457.12;454.13;453.12;452.11;445.12;443.11;441.14;431.13;429.14;427.11;425.12;419.13;417.14;416.11;415.12;414.12;413.12;411.13;403.14;401.12;399.11;398.1;397.13;395.11;389.1;388.09;387.08;386.07;385.13;383.11;381.1;375.12;374.11;373.1;372.1;371.09;370.08;369.07;361.1;360.1;359.12;358.12;357.11;356.1;355.09;354.08;353.08;351.06;349.1;347.09;345.11;343.13;342.08;341.11;339.1;338.09;337.08;336.07;335.09;331.09;330.08;329.11;327.1;326.09;325.12;324.08;323.1;319.09;317.08;316.07;315.1;314.09;313.08;312.07;310.09;308.08;306.07;303.1;301.08;300.07;299.07;298.06;296.08;287.1;285.09;283.07;281.08;280.07;267.06;265.08;264.07;263.07;262.06;255.09;253.07;251.07;249.08;247.07;245.06;237.08;235.07;233.06;223.07;211.07;196.06;195.05;194.04;193.04;182.08;180.04;179.03;178.05;177.04;165.05;164.05;163.04;162.03;149.06;148.05;147.04;139.04;135.04;123.04;122.04;119.05;118.04;111.04;109.03;108.02;107.05;106.04,,reported,,chunk_a740c5b8e9ee1fb94ce2,candidate,Structured compound record mined from local corpus text.
cmp_4eeeac3b6d678b,entity_4eeeac3b6d678b86,reported,reported,6’-O-E-4-Coumaroyl-isoglabranin (isocoumglabranin),,betalain,,C39H42N2O20,858.23309175392,,,859.2403,830.24;829.23;827.25;826.24;825.23;824.23;823.22;822.21;821.2;819.25;817.23;815.25;814.24;813.23;812.23;811.22;809.24;807.22;805.21;803.19;801.23;799.26;797.24;796.23;795.22;794.22;793.21;789.23;787.22;786.21;785.24;783.22;779.23;777.21;773.24;771.22;770.22;769.21;768.2;767.23;765.21;755.23;753.21;751.2;735.2;733.19;697.19;696.18;695.19;694.19;693.18;690.2;681.19;680.18;679.18;678.17;677.16;676.17;675.17;669.19;668.18;667.18;666.2;665.18;664.19;663.18;662.17;661.17;660.16;659.15;657.19;655.18;653.2;651.18;650.18;649.17;648.19;647.19;646.18;645.17;643.16;641.14;639.18;637.19;635.19;634.19;633.18;632.17;631.16;627.18;625.17;624.16;623.17;621.17;620.2;619.19;618.18;617.19;616.18;615.17;614.16;611.19;609.17;607.16;606.15;605.19;604.18;603.16;594.18;593.19;591.16;589.15;587.18;581.19;579.17;578.16;577.19;575.18;573.15;571.13;565.19;563.18;562.17;561.16;560.15;559.18;557.17;547.18;545.17;543.15;533.14;532.13;531.12;517.15;515.13;514.12;513.11;505.15;504.15;503.13;502.13;501.13;500.14;499.13;497.12;495.1;488.13;487.13;486.14;485.12;484.12;483.12;481.12;479.11;475.13;472.14;471.13;470.12;469.13;468.13;463.13;461.12;457.12;454.13;453.12;452.11;445.12;443.11;441.14;431.13;429.14;427.11;425.12;419.13;417.14;416.11;415.12;414.12;413.12;411.13;403.14;401.12;399.11;398.1;397.13;395.11;389.1;388.09;387.08;386.07;385.13;383.11;381.1;375.12;374.11;373.1;372.1;371.09;370.08;369.07;361.1;360.1;359.12;358.12;357.11;356.1;355.09;354.08;353.08;351.06;349.1;347.09;345.11;343.13;342.08;341.11;339.1;338.09;337.08;336.07;335.09;331.09;330.08;329.11;327.1;326.09;325.12;324.08;323.1;319.09;317.08;316.07;315.1;314.09;313.08;312.07;310.09;308.08;306.07;303.1;301.08;300.07;299.07;298.06;296.08;287.1;285.09;283.07;281.08;280.07;267.06;265.08;264.07;263.07;262.06;255.09;253.07;251.07;249.08;247.07;245.06;237.08;235.07;233.06;223.07;211.07;196.06;195.05;194.04;193.04;182.08;180.04;179.03;178.05;177.04;165.05;164.05;163.04;162.03;149.06;148.05;147.04;139.04;135.04;123.04;122.04;119.05;118.04;111.04;109.03;108.02;107.05;106.04,,reported,,chunk_ba6f252308e34a8f4ad4,candidate,Structured compound record mined from local corpus text.
cmp_87f5f1d81b1790,entity_87f5f1d81b179096,reported,reported,Neocoumglabranin,,betalain,,C39H40N2O20,856.21744168946,,,857.2247,828.22;827.21;825.23;823.22;822.21;821.2;820.2;819.19;817.23;815.21;814.21;813.23;811.22;810.21;809.2;807.22;805.21;803.19;801.18;799.22;797.24;795.22;793.21;792.2;791.19;787.22;785.2;784.2;781.21;777.21;775.2;769.21;767.19;766.19;763.2;751.2;749.18;731.17;695.17;694.16;693.18;692.17;691.16;679.18;678.17;677.16;676.15;675.15;674.16;673.15;667.18;666.17;665.16;664.19;663.18;661.17;660.16;659.15;658.14;657.14;655.18;653.16;651.18;650.18;649.17;648.19;647.15;646.18;645.17;643.16;641.14;639.12;637.17;635.17;634.19;633.18;632.17;631.16;630.15;629.14;628.17;625.17;623.15;622.14;621.16;620.2;619.16;618.18;617.19;616.18;615.17;614.16;613.15;607.16;605.14;604.18;603.15;602.19;601.15;593.19;589.19;587.13;585.14;581.19;579.17;578.16;577.19;575.18;565.19;563.18;562.17;561.16;560.15;559.18;557.17;547.18;545.17;543.15;531.12;530.12;529.11;515.13;513.11;512.11;511.1;503.13;502.13;501.13;500.14;499.13;497.12;495.1;493.09;488.13;487.13;486.14;485.12;484.12;483.12;482.13;479.11;477.09;473.12;472.14;471.13;470.12;469.13;468.13;467.11;466.11;461.12;459.1;458.14;456.15;455.11;454.13;453.12;452.11;443.13;441.09;440.13;431.13;429.14;425.12;423.08;419.13;417.14;416.11;415.12;414.12;413.12;411.13;403.14;401.12;399.11;398.1;397.13;395.11;387.08;386.07;385.07;384.06;383.11;381.1;373.1;372.1;371.09;370.08;369.07;368.06;367.06;359.09;358.08;357.11;356.1;355.09;354.08;353.08;352.07;347.09;345.07;343.09;341.11;340.07;339.1;338.09;337.08;333.07;332.06;329.08;328.07;327.1;325.08;324.07;320.08;317.08;315.06;314.05;312.07;306.07;301.08;299.07;283.07;279.06;278.05;267.09;265.05;263.07;261.05;255.09;253.07;251.07;249.05;247.03;237.08;235.06;233.06;221.06;209.06;207.05;194.04;193.04;191.06;181.05;180.04;179.03;178.05;177.04;175.06;165.05;164.05;163.04;162.03;150.05;149.06;148.05;147.04;139.04;135.04;123.04;122.04;121.03;119.05;118.04;111.04;109.03;108.02;107.05;106.04,,reported,,chunk_c5a9e22be1d53064ec84,candidate,Structured compound record mined from local corpus text.
cmp_53666f591c8e1f,entity_53666f591c8e1f5e,reported,reported,6’’-O-Rhamnosyl-glabranin,,betalain,,C36H46N2O22,858.25422112198,,,859.2615,830.26;829.25;827.27;825.26;823.24;821.22;819.27;817.25;815.27;814.26;813.26;812.25;811.24;809.26;807.25;805.23;801.26;799.28;797.26;795.25;789.26;787.24;786.23;785.26;783.25;773.26;771.25;769.23;753.23;751.22;713.2;712.2;711.19;697.21;695.19;694.19;693.18;690.22;685.21;683.19;681.21;679.2;677.18;675.17;669.21;667.2;666.22;665.18;664.21;663.2;661.19;659.17;655.2;651.2;650.21;649.19;648.21;647.21;646.2;645.19;643.2;641.18;637.19;634.21;633.2;632.19;625.19;623.17;621.2;620.22;619.21;618.2;617.21;616.2;615.19;614.18;607.18;605.21;604.2;594.2;593.21;589.21;587.2;581.21;579.19;578.18;577.21;575.2;565.21;563.2;562.19;561.18;560.17;559.2;557.19;551.15;550.14;549.14;547.2;545.19;535.16;533.14;532.13;531.12;523.16;521.14;520.17;519.16;518.15;517.15;515.13;513.11;507.16;505.15;504.15;503.13;502.16;501.15;500.14;499.13;497.12;493.15;489.15;488.15;487.13;486.14;481.15;479.13;475.13;471.17;470.14;469.13;468.13;463.13;461.12;459.15;447.15;445.12;443.11;441.14;435.15;433.13;432.13;431.15;429.14;419.15;417.14;415.12;414.12;413.14;411.13;401.14;399.13;389.1;388.09;387.08;386.07;375.12;374.11;373.1;372.1;371.09;370.08;369.07;361.1;360.1;359.12;358.11;357.11;356.1;355.09;354.08;353.08;351.06;349.1;347.09;345.11;343.13;342.09;341.11;340.1;339.1;338.09;337.08;335.09;331.09;330.08;329.11;327.1;326.09;325.09;324.08;323.1;319.09;317.08;316.07;315.1;314.09;313.08;308.09;307.08;306.07;303.1;301.08;300.07;299.07;298.06;297.1;287.1;285.1;283.07;281.08;280.07;279.09;273.1;271.08;270.07;269.1;267.09;265.08;264.07;263.07;262.06;257.1;255.09;253.07;252.06;251.07;249.08;247.07;245.06;239.09;237.08;235.07;233.06;223.07;211.07;196.06;195.05;194.04;193.04;182.08;180.04;179.03;178.05;177.04;165.05;164.05;163.04;162.03;149.06;148.05;147.04;139.04;135.04;123.04;122.04;119.05;118.04;111.04;109.03;108.02;107.05;106.04,,reported,,chunk_ae134f732c056186e183,candidate,Structured compound record mined from local corpus text.
cmp_12aeed3f58ca60,entity_12aeed3f58ca60e8,reported,reported,6’’-O-Rhamnosyl-isoglabranin,,betalain,,C36H46N2O22,858.25422112198,,,859.2615,830.26;829.25;827.27;825.26;823.24;821.22;819.27;817.25;815.27;814.26;813.26;812.25;811.24;809.26;807.25;805.23;801.26;799.28;797.26;795.25;789.26;787.24;786.23;785.26;783.25;773.26;771.25;769.23;753.23;751.22;713.2;712.2;711.19;697.21;695.19;694.19;693.18;690.22;685.21;683.19;681.21;679.2;677.18;675.17;669.21;667.2;666.22;665.18;664.21;663.2;661.19;659.17;655.2;651.2;650.21;649.19;648.21;647.21;646.2;645.19;643.2;641.18;637.19;634.21;633.2;632.19;625.19;623.17;621.2;620.22;619.21;618.2;617.21;616.2;615.19;614.18;607.18;605.21;604.2;594.2;593.21;589.21;587.2;581.21;579.19;578.18;577.21;575.2;565.21;563.2;562.19;561.18;560.17;559.2;557.19;551.15;550.14;549.14;547.2;545.19;535.16;533.14;532.13;531.12;523.16;521.14;520.17;519.16;518.15;517.15;515.13;513.11;507.16;505.15;504.15;503.13;502.16;501.15;500.14;499.13;497.12;493.15;489.15;488.15;487.13;486.14;481.15;479.13;475.13;471.17;470.14;469.13;468.13;463.13;461.12;459.15;447.15;445.12;443.11;441.14;435.15;433.13;432.13;431.15;429.14;419.15;417.14;415.12;414.12;413.14;411.13;401.14;399.13;389.1;388.09;387.08;386.07;375.12;374.11;373.1;372.1;371.09;370.08;369.07;361.1;360.1;359.12;358.11;357.11;356.1;355.09;354.08;353.08;351.06;349.1;347.09;345.11;343.13;342.09;341.11;340.1;339.1;338.09;337.08;335.09;331.09;330.08;329.11;327.1;326.09;325.09;324.08;323.1;319.09;317.08;316.07;315.1;314.09;313.08;308.09;307.08;306.07;303.1;301.08;300.07;299.07;298.06;297.1;287.1;285.1;283.07;281.08;280.07;279.09;273.1;271.08;270.07;269.1;267.09;265.08;264.07;263.07;262.06;257.1;255.09;253.07;252.06;251.07;249.08;247.07;245.06;239.09;237.08;235.07;233.06;223.07;211.07;196.06;195.05;194.04;193.04;182.08;180.04;179.03;178.05;177.04;165.05;164.05;163.04;162.03;149.06;148.05;147.04;139.04;135.04;123.04;122.04;119.05;118.04;111.04;109.03;108.02;107.05;106.04,,reported,,chunk_ef3b59ee62bcdacbb475,candidate,Structured compound record mined from local corpus text.
cmp_8f256a12bd882c,entity_8f256a12bd882c78,reported,reported,Cafglabranin (6’-O-E-Caffeoyl-glabranin),,betalain,,C39H42N2O21,874.22800637349,,,875.2353,846.23;845.22;843.25;842.24;841.23;840.22;839.21;838.21;837.2;835.24;833.22;831.25;830.24;829.23;828.22;827.21;825.23;823.22;821.2;819.19;817.23;815.25;813.23;812.23;811.22;810.21;809.2;805.23;803.21;802.21;801.23;799.22;795.22;793.21;789.23;787.22;786.21;785.2;784.2;783.22;781.21;771.22;769.21;767.19;751.2;749.18;713.18;712.17;711.17;706.2;697.19;696.18;695.17;694.16;693.16;685.19;684.18;683.17;682.2;681.19;680.18;679.17;678.17;677.16;676.15;675.15;673.19;671.17;669.19;667.18;666.18;665.16;664.19;663.18;662.17;661.17;659.15;657.14;655.18;653.16;651.18;650.18;649.18;648.17;647.15;643.18;641.16;640.15;639.18;637.17;636.19;635.18;634.18;633.18;632.17;631.17;630.16;627.18;625.17;623.15;622.14;621.18;620.17;619.16;610.18;609.18;607.16;605.14;603.17;597.18;595.17;594.16;593.19;591.17;589.15;587.13;581.19;579.17;578.16;577.16;576.15;575.18;573.16;563.18;561.16;559.14;533.14;532.13;531.12;520.14;518.13;517.15;515.13;514.12;513.11;505.15;504.13;503.13;502.13;500.12;499.13;497.12;495.1;488.13;487.12;486.12;485.12;481.12;479.11;475.13;470.12;469.11;468.11;463.13;461.12;459.13;457.12;447.13;445.12;443.11;441.12;435.13;433.11;432.11;431.13;429.12;427.11;425.1;419.13;417.12;415.1;414.09;413.12;411.11;401.12;399.11;397.09;389.1;388.09;387.08;386.07;375.12;374.11;373.1;372.1;371.09;370.08;369.07;361.1;360.1;359.12;358.12;357.11;356.1;355.09;354.08;353.08;351.06;349.1;347.09;345.11;343.13;342.08;341.11;339.1;338.09;337.08;336.07;335.09;331.09;330.08;329.11;327.1;326.09;325.12;324.08;323.1;319.09;317.08;316.07;315.1;314.09;313.08;312.07;310.09;308.08;306.07;303.1;301.08;300.07;299.07;298.06;296.08;287.1;285.09;283.07;281.08;280.07;267.06;265.08;264.07;263.07;262.06;255.09;253.07;251.07;249.08;247.07;245.06;237.08;235.07;233.06;223.07;211.07;196.06;195.05;194.04;193.04;182.08;180.04;179.03;178.05;177.04;165.05;164.05;163.04;162.03;149.06;148.05;147.04;139.04;135.04;123.04;122.04;119.05;118.04;111.04;109.03;108.02;107.05;106.04,,reported,,chunk_acd05cd661c9c46dc012,candidate,Structured compound record mined from local corpus text.
cmp_900b0a7507c95f,entity_900b0a7507c95fca,reported,reported,Isocafglabranin (6’-O-E-Caffeoyl-isoglabranin),,betalain,,C39H42N2O21,874.22800637349,,,875.2353,846.23;845.22;843.25;842.24;841.23;840.22;839.21;838.21;837.2;835.24;833.22;831.25;830.24;829.23;828.22;827.21;825.23;823.22;821.2;819.19;817.23;815.25;813.23;812.23;811.22;810.21;809.2;805.23;803.21;802.21;801.23;799.22;795.22;793.21;789.23;787.22;786.21;785.2;784.2;783.22;781.21;771.22;769.21;767.19;751.2;749.18;713.18;712.17;711.17;706.2;697.19;696.18;695.17;694.16;693.16;685.19;684.18;683.17;682.2;681.19;680.18;679.17;678.17;677.16;676.15;675.15;673.19;671.17;669.19;667.18;666.18;665.16;664.19;663.18;662.17;661.17;659.15;657.14;655.18;653.16;651.18;650.18;649.18;648.17;647.15;643.18;641.16;640.15;639.18;637.17;636.19;635.18;634.18;633.18;632.17;631.17;630.16;627.18;625.17;623.15;622.14;621.18;620.17;619.16;610.18;609.18;607.16;605.14;603.17;597.18;595.17;594.16;593.19;591.17;589.15;587.13;581.19;579.17;578.16;577.16;576.15;575.18;573.16;563.18;561.16;559.14;533.14;532.13;531.12;520.14;518.13;517.15;515.13;514.12;513.11;505.15;504.13;503.13;502.13;500.12;499.13;497.12;495.1;488.13;487.12;486.12;485.12;481.12;479.11;475.13;470.12;469.11;468.11;463.13;461.12;459.13;457.12;447.13;445.12;443.11;441.12;435.13;433.11;432.11;431.13;429.12;427.11;425.1;419.13;417.12;415.1;414.09;413.12;411.11;401.12;399.11;397.09;389.1;388.09;387.08;386.07;375.12;374.11;373.1;372.1;371.09;370.08;369.07;361.1;360.1;359.12;358.12;357.11;356.1;355.09;354.08;353.08;351.06;349.1;347.09;345.11;343.13;342.08;341.11;339.1;338.09;337.08;336.07;335.09;331.09;330.08;329.11;327.1;326.09;325.12;324.08;323.1;319.09;317.08;316.07;315.1;314.09;313.08;312.07;310.09;308.08;306.07;303.1;301.08;300.07;299.07;298.06;296.08;287.1;285.09;283.07;281.08;280.07;267.06;265.08;264.07;263.07;262.06;255.09;253.07;251.07;249.08;247.07;245.06;237.08;235.07;233.06;223.07;211.07;196.06;195.05;194.04;193.04;182.08;180.04;179.03;178.05;177.04;165.05;164.05;163.04;162.03;149.06;148.05;147.04;139.04;135.04;123.04;122.04;119.05;118.04;111.04;109.03;108.02;107.05;106.04,,reported,,chunk_85fe72ef7a50ac707b2e,candidate,Structured compound record mined from local corpus text.
cmp_4afedfe72f654b,entity_4afedfe72f654b73,reported,reported,Bicoumglabranin (6’.6’’-Di-O-E-4-coumaroyl-glabranin),,betalain,,C48H48N2O22,1004.26987118644,,,1005.2772,976.27;975.27;973.29;972.28;971.27;970.26;969.26;968.25;967.24;965.28;963.27;961.29;960.28;959.27;958.26;957.26;955.28;953.26;951.25;949.23;947.27;945.29;943.28;942.27;941.26;940.25;939.25;935.27;933.26;932.25;931.28;929.26;925.27;923.25;919.28;917.26;916.25;915.25;914.24;913.27;911.25;901.27;899.25;897.23;881.24;879.22;841.23;840.22;839.21;836.24;825.23;824.23;823.22;822.21;821.2;813.23;812.24;811.22;810.22;809.22;807.22;805.21;803.19;797.24;796.22;795.22;794.23;793.22;792.21;791.21;789.21;787.2;783.22;780.23;779.22;778.21;777.21;771.22;769.21;767.22;766.23;765.23;764.22;763.22;762.22;761.21;760.2;755.23;753.21;751.22;750.22;740.22;739.22;735.23;733.21;727.22;725.21;724.2;723.23;721.21;711.23;709.21;708.2;707.2;706.19;705.22;703.2;697.19;696.18;695.17;693.22;691.2;689.19;681.19;680.18;679.18;678.17;677.16;675.17;669.19;668.18;667.18;665.2;663.18;662.17;661.17;660.16;659.15;657.19;655.18;653.2;651.18;650.17;649.17;648.19;647.19;646.18;645.17;643.16;641.14;639.18;637.17;635.19;633.17;632.17;631.16;627.18;625.17;624.16;623.19;621.17;617.19;616.18;615.17;614.16;611.19;609.17;607.16;606.15;605.16;603.16;593.18;591.16;589.15;587.18;575.18;573.15;571.13;563.18;561.16;560.15;559.18;557.17;547.18;545.17;543.15;533.14;532.13;531.12;517.15;515.13;514.12;513.11;505.15;504.15;503.13;502.13;501.13;499.13;497.12;495.1;488.13;487.13;486.14;485.12;484.12;483.12;481.12;479.11;475.13;472.14;471.13;470.12;469.12;468.13;463.13;461.12;457.12;454.13;453.12;452.11;445.12;443.11;431.13;427.11;425.12;419.13;417.12;416.11;415.14;413.12;411.13;403.14;401.12;399.11;398.1;397.13;395.11;389.1;388.09;387.08;386.07;385.13;383.11;381.1;375.12;374.11;373.1;372.1;371.09;370.08;369.07;361.1;360.1;359.12;358.12;357.11;356.1;355.09;354.08;353.08;351.06;349.1;347.09;345.11;343.13;342.08;341.11;339.1;338.09;337.08;336.07;335.09;331.09;330.08;329.11;327.1;326.09;325.12;324.08;323.1;319.09;317.08;316.07;315.1;314.09;313.08;312.07;310.09;308.08;306.07;303.1;301.08;300.07;299.07;298.06;296.08;287.1;285.09;283.07;281.08;280.07;267.06;265.08;264.07;263.07;262.06;255.09;253.07;251.07;249.08;247.07;245.06;237.08;235.07;233.06;223.07;211.07;196.06;195.05;194.04;193.04;182.08;180.04;179.03;178.05;177.04;165.05;164.05;163.04;162.03;149.06;148.05;147.04;139.04;135.04;123.04;122.04;119.05;118.04;111.04;109.03;108.02;107.05;106.04,,reported,,chunk_8a47aeb81fa23b467592,candidate,Structured compound record mined from local corpus text.
cmp_ae807386ea79e5,entity_ae807386ea79e5ce,reported,reported,2’’-O-glucosyl-bicoumglabranin,,betalain,,C54H58N2O27,1166.32269460659,,,1167.33,1138.33;1137.32;1135.34;1133.32;1131.31;1129.29;1127.34;1125.32;1123.34;1122.33;1121.32;1120.32;1119.31;1117.33;1115.31;1113.3;1109.32;1107.35;1105.33;1103.31;1097.32;1095.31;1094.3;1093.33;1091.31;1081.33;1079.31;1077.3;1061.3;1059.29;1005.28;1004.27;1003.28;1002.27;1001.27;998.29;989.28;987.27;986.26;985.27;983.26;977.28;975.29;974.29;973.27;972.28;971.27;969.26;967.26;961.29;959.27;958.27;957.28;956.28;955.28;954.27;953.26;951.25;947.27;945.28;943.28;942.28;941.27;940.26;935.27;933.26;931.26;929.26;928.29;927.28;926.27;925.28;924.27;923.26;922.25;917.26;915.25;913.28;912.27;902.27;901.28;899.25;897.23;895.27;889.28;887.26;886.25;885.28;883.27;873.28;871.27;870.26;869.25;868.24;867.27;865.25;855.27;853.25;841.23;839.24;837.22;825.23;823.22;821.22;812.24;810.22;809.22;808.23;807.22;805.21;796.22;794.23;792.21;791.21;780.23;779.22;778.21;777.22;776.22;769.21;767.21;762.22;761.21;760.2;751.2;749.23;739.22;737.23;733.21;727.22;725.23;724.2;723.21;722.21;721.21;719.22;711.23;709.21;707.2;706.19;705.22;703.2;697.19;696.18;695.17;693.22;691.2;681.19;679.18;678.17;677.16;669.19;667.18;665.2;663.18;661.17;659.15;653.2;651.18;649.17;647.19;645.17;643.16;639.18;635.19;633.17;632.17;630.18;627.18;625.17;621.17;614.16;609.17;607.16;591.16;589.15;575.18;573.18;563.18;561.18;557.17;545.17;533.14;531.12;517.15;515.13;513.11;504.15;502.13;501.13;499.13;497.12;488.13;486.14;484.12;483.12;472.14;471.13;470.12;461.12;454.13;453.12;452.11;443.11;431.13;425.12;419.13;417.12;416.11;415.14;413.12;403.14;401.12;399.11;398.1;397.13;395.11;389.1;388.09;387.08;386.07;385.13;383.11;375.12;374.11;373.1;372.1;371.09;370.08;369.07;361.1;360.1;359.12;358.12;357.11;356.1;355.09;354.08;353.08;351.06;349.1;347.09;345.11;343.13;342.08;341.11;339.1;337.08;335.09;331.09;330.08;329.11;327.1;326.09;325.12;324.08;323.1;319.09;317.08;316.07;315.1;314.09;313.08;306.07;303.1;301.08;300.07;299.07;298.06;287.1;285.09;283.07;281.08;280.07;267.06;265.08;264.07;263.07;262.06;255.09;251.07;249.08;247.07;245.06;237.08;235.07;233.06;223.07;211.07;196.06;195.05;194.04;193.04;182.08;180.04;179.03;178.05;177.04;165.05;164.05;163.04;162.03;149.06;148.05;147.04;139.04;135.04;123.04;122.04;119.05;118.04;111.04;109.03;108.02;107.05;106.04;98.02,,reported,,chunk_4a1d45673b90a2200249,candidate,Structured compound record mined from local corpus text.
cmp_517530dbdfd5b1,entity_517530dbdfd5b130,reported,reported,Histidine-bx (Muscaaurin VII),,betalain,,C15H16N4O6,348.10698425082,,,349.1143,329.09;322.1;321.12;320.11;319.1;318.11;317.12;316.09;315.11;314.1;313.09;312.09;311.08;309.12;307.1;306.11;305.12;304.12;303.11;302.1;301.09;300.1;299.11;298.08;297.1;295.08;293.12;292.12;291.11;290.1;289.13;288.12;287.11;286.11;285.1;284.07;283.08;282.08;281.08;280.07;279.11;278.1;277.09;276.1;275.11;274.11;273.13;272.09;271.12;269.1;268.07;267.06;266.09;265.08;264.07;263.07;262.08;261.1;260.1;259.08;258.09;257.07;253.08;252.07;251.07;250.06;249.05;248.08;247.07;246.09;245.06;244.07;243.09;242.09;241.11;240.08;239.07;238.09;237.09;236.08;235.07;234.06;233.06;232.05;231.04;230.09;225.09;224.08;223.07;222.06;221.09;219.08;218.09;217.06;215.09;213.09;212.08;211.07;210.06;209.06;208.05;207.08;206.09;205.06;204.08;197.09;196.06;195.08;194.04;193.06;192.05;191.07;190.06;189.09;188.08;187.07;186.07;184.06;183.05;182.04;181.06;180.07;179.07;178.05;177.07;176.03;175.05;174.07;173.06;172.05;170.04;169.05;168.03;167.07;166.06;165.07;164.05;163.05;162.07;158.04;157.04;156.08;155.07;154.06;153.05;152.07;151.07;150.07;149.06;148.05;147.06;144.03;142.05;141.07;140.03;139.05;138.04;137.03;136.05;134.07;132.03;130.05;129.04;128.08;126.07;125.05;124.04;123.06;122.05;121.04;120.04;119.02;118.04;116.03;115.03;114.05;113.05;112.09;111.06;110.07;109.04;108.06;107.05;106.07;105.03;1979;52;65;675;689;130,,reported,,chunk_6474bca373830f34812d,candidate,Structured compound record mined from local corpus text.
cmp_73cefc1d5013e2,entity_73cefc1d5013e272,reported,reported,Arginine-bx,,betalain,,C15H21N5O6,367.1491834164,,,368.1565,348.13;347.12;346.11;340.16;339.15;338.15;337.14;336.17;335.12;334.1;333.14;332.14;331.13;330.12;328.16;326.13;325.13;324.17;323.16;322.15;321.14;320.14;319.13;318.16;317.12;316.14;315.11;314.12;312.17;311.16;310.15;309.11;308.1;307.09;306.16;305.08;304.14;303.13;302.12;298.15;297.14;296.14;295.09;294.16;293.11;292.11;291.1;290.09;289.08;288.15;287.07;283.09;282.08;281.08;280.13;279.12;278.12;277.11;276.11;275.1;274.09;273.09;272.08;271.07;270.08;269.08;268.07;267.06;266.16;265.12;264.11;263.1;262.06;261.09;260.08;259.11;257.09;255.1;253.08;252.05;251.07;250.06;249.05;248.08;247.11;246.1;245.09;241.08;239.07;238.08;237.09;236.09;235.07;234.06;233.06;232.05;231.11;229.1;225.09;224.08;223.07;222.06;221.09;220.07;219.08;218.08;217.06;213.09;212.08;211.07;210.06;209.1;208.05;207.08;206.07;205.06;204.05;199.12;198.11;197.09;196.06;195.08;194.04;193.06;192.05;191.09;190.04;187.12;186.11;185.1;184.06;183.05;182.04;181.11;180.07;179.08;178.05;177.07;176.03;175.12;174.11;173.1;172.1;171.09;170.04;169.11;168.1;167.08;166.07;165.07;164.03;163.05;160.11;159.12;158.09;157.08;156.08;155.09;154.05;153.11;152.07;151.09;150.05;149.07;147.12;145.11;144.09;143.08;142.1;141.07;140.08;139.06;138.07;137.08;136.08;134.06;132.04;131.08;130.1;129.11;128.08;127.1;126.05;125.05;124.09;123.07;122.06;121.05;120.04;118.1;116.07;115.03;114.1;113.05;112.09;111.08;110.07;109.05;108.04;105.03;62;311;318;65;675;689;131,,reported,,chunk_5169ef13c098eb092bf9,candidate,Structured compound record mined from local corpus text.
cmp_c9b95e30600ad0,entity_c9b95e30600ad023,reported,reported,Lysine-bx,,betalain,,C15H21N3O6,339.14303540754,,,340.1503,320.12;319.09;318.11;312.16;311.15;310.14;309.11;308.16;307.13;306.14;305.11;304.13;303.1;302.11;301.08;300.16;298.14;297.11;296.16;295.09;294.14;293.14;292.13;291.13;290.15;289.12;288.13;287.1;286.12;285.09;284.16;283.09;282.14;281.08;280.17;279.13;278.15;277.12;276.13;275.1;274.12;273.12;271.11;270.08;269.08;268.13;267.06;266.15;265.12;264.17;263.07;262.16;261.12;260.14;259.11;257.09;255.1;254.09;253.08;252.13;251.07;250.12;249.05;248.08;247.11;246.06;245.06;243.11;241.08;239.07;238.16;237.05;236.09;235.07;234.12;233.09;232.05;231.08;225.09;224.08;223.07;222.06;221.06;219.08;217.06;213.09;212.08;211.07;210.06;209.06;208.05;207.08;206.07;205.06;204.05;198.08;197.13;196.06;195.08;194.04;193.06;192.05;191.05;190.04;185.13;184.06;183.05;182.1;181.1;180.07;179.08;178.05;177.07;176.03;175.05;171.11;170.1;168.03;167.08;166.07;165.07;164.07;163.09;159.11;158.1;157.1;156.09;155.08;154.09;153.08;152.07;151.09;150.02;149.07;148.08;147.11;146.1;145.1;144.09;143.08;142.11;141.1;140.07;139.09;138.05;137.03;136.08;134.06;132.1;131.12;130.09;129.08;128.07;127.09;126.05;125.11;124.08;123.07;122.06;121.05;120.04;119.12;117.1;116.03;115.03;114.09;113.06;112.08;111.04;110.06;109.08;108.08;105.03;56;65;675;689;132,,reported,,chunk_a1bc81b25bcc7590d255,candidate,Structured compound record mined from local corpus text.
cmp_f9113b2cd88e32,entity_f9113b2cd88e3235,reported,reported,Glutamine-bx (Vulgaxanthin I),,betalain,,C14H17N3O7,339.10664989819,,,340.1139,320.09;319.08;318.07;313.1;312.12;311.11;310.1;309.07;308.12;307.09;306.11;305.08;304.09;303.06;302.08;300.12;299.09;298.1;297.07;296.12;295.09;294.11;293.1;292.09;291.06;290.11;289.08;288.1;287.07;286.08;285.07;284.12;283.12;282.11;281.08;280.13;279.1;278.11;277.08;276.1;275.09;274.08;273.09;272.1;271.07;270.11;269.08;268.09;267.06;266.11;265.07;264.13;263.07;262.12;261.09;260.1;259.07;258.09;255.1;254.11;253.08;252.1;251.07;250.08;249.05;248.08;247.07;246.12;245.06;244.11;243.08;241.08;239.07;238.08;237.05;236.1;235.07;234.09;233.06;232.05;231.08;225.09;224.08;223.07;222.06;221.06;220.07;219.08;218.07;217.06;213.09;212.08;211.07;210.06;209.06;208.05;207.08;206.07;205.06;204.05;198.08;197.09;196.06;195.08;194.04;193.06;192.05;191.05;190.04;185.09;184.06;183.05;182.07;181.06;180.07;179.08;178.05;177.07;176.03;175.05;171.08;170.07;168.03;167.08;166.07;165.07;164.03;163.05;159.08;158.07;157.06;156.05;155.05;154.07;153.04;152.07;151.06;150.02;149.07;148.04;147.08;146.07;145.06;144.05;143.05;142.07;141.07;140.03;139.05;138.05;137.07;136.08;134.06;132.07;131.08;130.05;129.04;128.03;127.05;126.02;125.07;124.04;123.06;122.02;121.05;120.04;119.08;117.07;116.03;115.03;114.05;113.02;112.04;111.01;110.02;109.08;108.04;105.03;103.09;102.05;101.07;100.04;1965;817;823;50;65;675;689;133,,reported,,chunk_61daccb90448e0d9a673,candidate,Structured compound record mined from local corpus text.
cmp_da93062643e139,entity_da93062643e13985,reported,reported,Asparagine-bx (Vulgaxanthin III),,betalain,,C13H15N3O7,325.09099983373,,,326.0983,305.06;299.09;298.1;297.1;296.09;295.06;294.11;293.08;292.09;291.06;290.08;289.05;288.06;286.1;285.07;284.09;283.06;282.11;281.08;280.09;279.08;278.08;277.08;276.1;275.07;274.08;273.05;272.07;270.11;269.1;268.09;267.06;266.11;265.08;264.1;263.07;262.08;261.09;260.07;259.07;258.09;257.06;256.09;255.04;254.08;253.08;252.1;251.07;250.12;249.05;248.1;247.07;246.09;245.06;244.07;243.04;241.08;240.1;239.07;238.08;237.05;236.07;235.07;234.12;233.06;232.11;231.04;230.09;229.06;225.09;224.1;223.07;222.09;221.06;220.07;219.04;218.04;217.06;213.09;212.08;211.07;210.06;209.06;208.05;207.08;206.07;205.06;204.05;197.09;196.06;195.08;194.04;193.06;192.05;191.05;190.04;184.06;183.05;182.04;181.06;180.07;179.08;178.05;177.07;176.03;175.05;171.08;170.04;169.06;168.05;167.05;166.07;165.07;164.03;163.05;158.04;157.06;156.05;154.05;153.07;152.07;151.09;150.02;149.07;145.06;144.05;143.05;142.05;141.03;140.06;139.03;138.05;137.03;136.08;135.06;134.02;133.06;132.05;131.05;130.04;129.07;128.06;127.05;126.02;125.03;124.04;123.07;122.02;121.05;120.04;118.05;117.07;116.03;115.03;114.02;113.03;112.06;111.06;110.02;109.04;108.01;105.07;52;1997;44;847;852;65;675;689;134,,reported,,chunk_36c78afba06ba1e52a2f,candidate,Structured compound record mined from local corpus text.
cmp_f7b6824f068dc1,entity_f7b6824f068dc142,reported,reported,Aspartic acid-bx (Miraxanthin II),,betalain,,C13H14N2O8,326.07501541664,,,327.0823,306.05;299.09;298.08;297.07;296.06;295.09;294.08;293.08;292.07;291.06;290.05;289.05;287.09;285.07;284.08;283.09;282.08;281.08;280.07;279.06;278.05;277.08;276.07;275.07;274.06;273.05;272.04;271.09;270.08;269.08;268.07;267.06;266.09;265.08;264.07;263.07;262.06;261.05;259.07;257.08;256.07;255.06;254.07;253.08;252.07;251.07;250.06;249.05;248.08;247.07;246.06;245.06;244.05;243.04;242.07;241.08;240.05;239.07;238.07;237.05;236.06;235.07;234.06;233.06;232.05;231.04;229.06;226.07;225.09;224.08;223.07;222.06;221.06;220.06;219.04;218.04;217.06;213.09;212.08;211.07;210.06;209.06;208.05;207.08;206.07;205.06;204.05;197.09;196.06;195.08;194.04;193.06;192.05;191.05;190.04;184.06;183.05;182.04;181.06;180.07;179.08;178.05;177.07;176.03;175.05;172.06;170.04;169.04;168.03;167.08;166.07;165.07;164.03;163.05;158.04;157.04;156.03;154.05;153.07;152.03;151.09;150.02;149.07;146.04;145.04;144.03;143.02;142.01;141.04;140.03;139.03;138.05;137.03;136.04;134.04;133.04;132.03;131.02;130.05;129.04;128.03;127.03;126.02;125.05;124.04;123.07;122.02;121.05;120.04;119.03;118.05;117.02;116.01;115;114.02;113.05;112.04;111.03;110.02;109.02;108.01;106.05;105.03;1965;817;823;262;269;65;675;689;137,,reported,,chunk_ed8e8f0b475ee8ef053c,candidate,Structured compound record mined from local corpus text.
cmp_38c49dc6a44ffa,entity_38c49dc6a44ffad0,reported,reported,Glutamic acid-bx (Vulgaxanthin II),,betalain,,C14H16N2O8,340.0906654811,,,341.0979,320.06;319.06;313.1;312.1;311.09;310.08;309.11;308.06;307.09;306.08;305.08;304.07;303.06;301.1;299.09;298.09;297.11;296.1;295.09;294.08;293.08;292.07;291.06;290.09;289.08;288.07;287.07;286.06;285.11;284.1;283.09;282.08;281.08;280.07;279.1;278.09;277.08;276.07;275.07;273.09;271.09;270.08;269.08;268.07;267.06;266.09;265.08;264.07;263.07;262.06;261.09;260.08;259.07;256.08;255.1;254.07;253.08;252.05;251.07;250.06;249.05;248.08;247.07;246.06;245.06;243.08;241.08;239.07;238.07;237.05;236.08;235.07;234.06;233.06;232.05;231.08;225.09;224.08;223.07;222.06;221.06;220.08;219.08;218.07;217.06;213.09;212.08;211.07;210.06;209.06;208.05;207.08;206.07;205.06;204.05;198.08;197.09;196.06;195.08;194.04;193.06;192.05;191.05;190.04;186.08;184.06;183.05;182.04;181.06;180.07;179.08;178.05;177.07;176.03;175.05;172.06;171.05;170.04;168.03;167.08;166.05;165.07;164.03;163.05;160.06;159.05;158.04;157.04;156.03;155.06;154.05;153.04;152.07;151.09;150.05;149.07;148.06;147.05;146.04;145.04;144.03;143.06;142.05;141.04;140.03;139.05;138.05;137.03;136.08;134.06;133.05;132.07;131.03;130.03;129.02;128.03;127;126.05;125.05;124.04;123.03;122.02;121.05;120.07;118.05;117.05;116.03;115.04;114.05;113.02;112.02;111.01;110.06;108.04;104.07;1965;817;823;52;65;675;689;138,,reported,,chunk_088ea7a48d53c790b861,candidate,Structured compound record mined from local corpus text.
cmp_c867c4684c2b80,entity_c867c4684c2b8048,reported,reported,Isoleucine-betaxanthin (Isovulgaxanthin IV),,betalain,,C15H20N2O6,324.13213637088,,,325.1394,305.11;304.11;303.1;297.14;296.14;295.13;294.12;293.15;292.11;291.13;290.13;289.12;288.11;287.1;285.14;283.13;282.08;281.15;280.14;279.13;278.13;277.12;276.11;275.14;274.09;273.12;271.11;270.08;269.08;268.07;267.06;266.13;265.15;264.15;263.14;262.13;261.12;260.12;259.11;257.09;255.13;254.13;253.12;252.12;251.07;250.06;249.05;248.08;247.14;246.06;245.13;244.08;243.11;241.08;240.12;239.07;238.11;237.12;236.13;235.11;234.11;233.06;232.05;231.04;225.09;224.08;223.07;222.06;221.09;220.1;219.08;218.12;217.06;216.1;213.09;212.08;211.07;210.06;209.06;208.05;207.08;206.07;205.06;204.05;198.08;197.09;196.06;195.08;194.04;193.06;192.05;191.05;190.04;184.06;183.05;182.12;181.06;180.07;179.08;178.05;177.07;176.03;175.05;170.04;168.03;167.08;166.09;165.07;164.11;163.05;162.09;158.04;157.04;156.1;155.09;154.05;153.07;152.07;151.09;150.09;149.07;148.08;147.06;144.1;143.09;142.09;141.08;140.07;139.05;138.09;137.03;136.08;134.06;132.1;131.09;130.09;129.08;128.03;127.1;126.09;125.08;124.08;123.07;121.05;120.04;117.08;116.03;115.08;114.07;113.06;112.08;111.07;110.1;108.04;105.03;104.11;102.05;101.05;100.04,,reported,,chunk_970b844f45eca99ed427,candidate,Structured compound record mined from local corpus text.
cmp_f359d2a4d987cf,entity_f359d2a4d987cfae,reported,reported,Leucine-bx (Vulgaxanthin IV),,betalain,,C15H20N2O6,324.13213637088,,,325.1394,304.11;303.1;297.14;296.14;295.13;294.12;293.15;292.11;291.13;290.13;289.12;288.11;287.1;285.14;283.09;282.08;281.15;280.14;279.13;278.13;277.12;276.11;275.14;274.09;273.12;271.11;270.08;269.08;268.07;267.06;266.13;265.15;264.15;263.14;262.13;261.12;260.12;259.11;257.09;255.13;254.13;253.12;252.12;251.07;250.06;249.05;248.12;247.14;246.06;245.13;243.11;241.08;240.12;239.07;238.11;237.12;236.13;235.11;234.11;233.06;232.05;231.04;225.09;224.08;223.07;222.06;221.06;220.1;219.11;218.12;217.06;216.1;213.09;212.08;211.07;210.06;209.06;208.05;207.08;206.07;205.06;204.05;198.08;197.09;196.06;195.08;194.04;193.06;192.05;191.05;190.04;184.06;183.05;182.12;181.06;180.07;179.08;178.05;177.07;176.03;175.05;174.04;170.04;169.05;168.03;167.08;166.09;165.07;164.11;163.05;162.09;158.04;157.04;156.1;155.09;154.05;153.07;152.07;151.09;150.09;149.07;148.08;147.06;144.1;143.09;142.09;141.08;140.07;139.05;138.09;137.03;136.08;134.06;132.1;131.09;130.09;129.08;128.03;127.1;126.09;125.08;124.08;123.07;122.08;121.05;120.04;117.08;116.03;115.08;114.07;113.06;112.08;111.07;110.1;108.04;107.07;106.07;105.03;104.11;102.02;101.06;100,,reported,,chunk_99bdf8ac75990809d6c6,candidate,Structured compound record mined from local corpus text.
cmp_169082e0699e39,entity_169082e0699e392d,reported,reported,Methionine-bx (Miraxanthin I),,betalain,,C14H18N2O6S,342.08855748082,,,343.0958,322.06;321.05;315.1;314.09;313.09;312.08;311.11;310.07;309.09;308.08;307.07;306.07;305.06;303.1;301.09;300.09;299.11;298.1;297.09;296.08;295.09;294.08;293.08;292.06;291.08;289.06;287.11;286.1;285.09;284.08;283.11;282.08;281.1;280.09;279.1;278.09;277.08;276.07;275.07;273.09;272.08;271.07;270.08;269.08;268.07;267.06;266.05;265.1;264.07;263.07;262.06;261.09;260.08;259.07;258.08;257.1;256.06;255.08;254.08;253.06;252.05;251.07;250.09;249.09;248.04;247.07;246.06;245.06;243.08;242.08;241.1;240.07;239.07;238.05;237.05;236.08;235.07;234.1;233.09;232.08;231.08;229.06;227.08;225.09;224.08;223.07;222.06;221.06;219.11;217.1;215.08;213.09;212.08;211.07;210.06;209.06;208.05;207.08;206.07;205.06;204.05;200.07;199.07;198.08;197.09;196.06;195.08;194.04;193.06;192.05;191.05;190.04;188.07;186.06;185.05;184.04;183.05;182.04;181.06;180.07;179.08;178.05;177.07;176.03;175.05;174.06;173.05;170.04;169.06;168.05;167.08;166.07;165.07;164.03;163.05;162.06;161.05;160.04;159.03;158.04;157.04;156.05;154.05;153.07;152.07;151.06;150.06;149.07;148.04;147.03;146.03;145.06;144.05;143.04;142.03;141.07;140.03;139.05;138.05;137.05;136.04;135.05;134.06;133.03;132.02;131.02;130.03;129;128.05;126.05;125.05;124.04;123.04;122.06;121.05;120.05;119.02;118.01;117.04;116.03;115.02;114.05;113.05;112.04;111.03;110.06;108.04;106.07;105.04;104.05;103.02;102.04;101.01;100,,reported,,chunk_882488fe688adcf4fc7d,candidate,Structured compound record mined from local corpus text.
cmp_15d1bb7d163896,entity_15d1bb7d163896c1,reported,reported,Tyrosine-bx (Portulacaxanthin II),,betalain,,C18H18N2O7,374.11140092599,,,375.1187,354.08;353.08;347.12;346.12;345.11;344.11;343.13;342.1;341.11;340.11;339.1;338.09;337.08;336.07;335.12;333.11;332.11;331.13;330.12;329.11;328.11;327.1;326.09;325.12;324.09;323.1;322.09;321.09;320.08;319.13;318.12;317.11;316.11;315.13;314.13;313.12;312.11;311.1;310.09;309.09;305.11;304.11;303.1;302.1;301.12;300.11;299.14;298.09;297.12;295.11;293.09;290.1;289.12;288.09;287.1;286.11;285.09;284.09;283.07;282.08;281.08;280.07;279.06;274.11;273.12;272.09;271.14;270.08;269.09;268.07;267.06;266.09;265.08;264.07;263.07;262.06;261.05;259.11;258.11;257.09;256.1;253.08;252.07;251.07;250.06;249.05;248.08;247.07;246.06;245.06;244.1;243.11;241.1;239.07;238.09;237.09;236.08;235.07;234.06;233.06;232.1;231.04;230.08;225.09;224.08;223.07;222.06;221.09;220.1;219.08;218.08;217.07;216.07;215.05;214.09;213.09;212.08;211.07;210.06;209.06;208.05;207.08;206.08;205.07;204.05;201.08;200.07;199.06;198.05;197.09;196.06;195.08;194.04;193.07;192.07;191.05;190.05;188.07;184.06;183.05;182.08;181.06;180.07;179.06;178.05;177.08;176.07;175.06;174.05;170.04;169.05;168.03;167.08;166.07;165.05;164.05;163.04;162.05;161.05;160.08;158.04;157.04;156.03;154.09;153.07;152.07;151.09;150.02;149.06;148.05;147.04;146.04;145.03;144.04;142.05;141.07;140.03;139.05;138.09;137.06;136.08;135.04;134.06;133.05;132.03;131.05;130.05;129.04;128.03;126.02;125.06;124.04;123.04;122.08;121.03;120.04;119.05;118.04;117.03;116.03;115.03;114.05;113.05;112.04;111.04;110.02;108.04;107.05;106.04;105.03,,reported,,chunk_679f5a4d3eb956b4aae3,candidate,Structured compound record mined from local corpus text.
cmp_009676a6e34694,entity_009676a6e34694df,reported,reported,Glycine-bx (Portulacaxanthin III),,betalain,,C11H12N2O6,268.06953611304,,,269.0768,249.05;241.08;240.07;239.07;238.07;237.09;236.06;235.07;234.06;233.06;232.05;231.04;229.08;227.07;226.07;225.09;224.08;223.07;222.06;221.09;220.06;219.08;218.04;217.06;215.05;213.09;212.08;211.07;210.06;209.09;208.08;207.08;206.07;205.06;204.05;203.05;199.07;198.06;197.06;196.06;195.08;194.04;193.1;192.05;191.08;190.04;189.07;187.05;184.06;183.05;182.04;181.06;180.07;179.05;178.05;177.03;176.03;175.09;174.04;173.07;170.04;169.04;168.07;167.06;166.05;165.04;164.03;163.05;162.05;161.07;160.04;158.04;157.04;156.03;154.05;153.07;152.07;151.06;150.05;149.07;148.06;147.06;146.05;144.03;142.05;140.03;139.06;138.05;137.07;136.08;135.06;134.06;132.03;130.05;129.04;128.03;126.05;125.05;124.04;123.04;121.05;116.03;115.03;114.05;113.05;112.04;111.03;110.02;109.05;108.04;107.07;106.03;105.03;102.02;100.04,,reported,,chunk_ff851145ecfc9a2a3279,candidate,Structured compound record mined from local corpus text.
cmp_0dbdbb37cfccbf,entity_0dbdbb37cfccbfa6,reported,reported,Cysteine-bx,,betalain,,C12H12N2O6S,312.04160728744,,,313.0489,294.03;293.02;285.05;284.05;283.04;282.04;281.06;280.03;279.04;278.04;277.03;276.02;275.01;273.05;271.04;270.04;269.06;268.05;267.04;266.04;265.06;264.03;263.05;262.02;261.03;259.02;257.06;256.05;255.04;254.04;253.06;252.06;251.05;250.04;249.03;248.04;247.02;243.04;242.04;241.03;240.03;239.05;238.04;237.07;236.03;235.05;234.06;233.04;231.04;228.03;227.05;226.02;225.03;224.04;223.02;222.02;221;219.08;217.06;215.05;213.03;212.04;211.05;210.02;209.06;208.01;207.02;206.03;205.04;204.01;199.05;197.04;196.04;195.02;194.04;193.06;191.05;189.07;184.06;183.05;182.04;181.04;180.05;179.03;178.03;170.03;169.02;168.01;167.06;166.05;165.04;164.03;163.05;158.04;157.04;156.01;154.03;153.02;152.02;151.01;149.07;147.06;144.01;142.05;140.03;139.06;138.05;137.03;136.04;132.01;131;130;128.99;127.98;126;124.04;123.07;121.05;116.03;115.03;114;113.05;111.99;111.03;109.97;105,,reported,,chunk_1e6a3c5567dade902e85,candidate,Structured compound record mined from local corpus text.
cmp_7c95794c788b74,entity_7c95794c788b7422,reported,reported,Proline-bx (Indicaxanthin),,betalain,,C14H16N2O6,308.10083624196,,,309.1081,291.1;290.09;289.08;287.07;283.09;282.08;281.08;280.07;279.1;278.09;277.12;276.11;275.1;274.09;273.09;272.08;271.07;269.08;268.07;267.06;266.05;265.08;264.07;263.07;262.06;261.09;259.11;257.09;255.1;254.09;253.08;252.07;251.07;250.06;249.09;248.12;247.07;246.1;245.06;244.08;243.08;241.08;239.07;238.09;237.09;236.08;235.07;234.1;233.06;232.08;231.04;229.06;225.09;224.08;223.07;222.06;221.09;220.08;219.08;218.07;217.06;213.09;211.07;210.06;209.06;208.05;207.08;206.07;205.06;204.13;203.12;202.11;201.1;200.07;197.07;196.06;195.08;194.04;193.06;192.05;191.05;190.04;182.04;180.07;179.08;178.05;177.1;176.03;175.09;170.04;168.03;167.08;166.07;165.07;164.06;163.05;162.04;161.07;154.09;152.07;151.09;150.05;149.07;140.07;138.09;136.08;127.06;126.05;125.05;124.08;122.06;116.07;115.06;114.05;113.05;112.04;111.07;110.06;109.05;108.04;101.06;100.05,,reported,,chunk_78213e6b122c69974eae,candidate,Structured compound record mined from local corpus text.
cmp_099743788df741,entity_099743788df741df,reported,reported,γ-aminobutyric acid-bx,,betalain,,C13H16N2O6,296.10083624196,,,297.1081,277.08;276.07;275.07;270.08;269.11;268.07;267.06;266.09;265.12;264.07;263.1;262.09;261.09;260.08;259.07;257.11;255.1;254.1;253.12;252.11;251.1;250.09;249.05;248.08;247.11;246.06;245.09;243.08;241.12;240.11;239.07;238.09;237.12;236.12;235.11;234.1;233.09;232.08;231.08;227.1;226.09;225.09;224.08;223.07;222.06;221.13;220.08;219.11;217.1;215.08;213.09;212.08;211.07;210.06;209.06;208.05;207.08;206.07;205.06;204.05;198.08;197.09;196.06;195.08;194.04;193.06;192.05;191.05;190.04;189.1;188.07;184.06;183.05;182.04;181.06;180.07;179.08;178.05;177.07;176.03;175.05;174.04;170.04;169.05;168.03;167.08;166.07;165.07;164.03;163.05;158.04;157.04;156.03;154.05;153.07;152.07;151.06;150.02;149.07;147.06;144.03;142.05;141.07;140.03;139.05;138.05;137.03;136.08;135.07;134.06;132.03;130.05;129.04;128.07;127.06;126.05;125.05;124.04;123.04;122.06;121.05;120.04;116.03;115.06;114.05;113.05;112.04;111.03;110.06;108.04;107.07;106.07;105.03;104.07;103.06;102.05;101.05;100,,reported,,chunk_eac3a05374d4daf9d70b,candidate,Structured compound record mined from local corpus text.
cmp_d22b512aed55e4,entity_d22b512aed55e4e7,reported,reported,Dopamine-bx (Miraxanthin V),,betalain,,C17H18N2O6,346.11648630642003,,,347.1238,327.1;326.09;325.08;319.13;318.12;317.11;316.12;315.13;314.1;313.12;312.09;311.1;310.09;309.09;307.13;305.11;304.12;303.13;302.13;301.12;300.11;299.1;293.11;291.13;290.13;289.12;288.11;287.14;286.11;285.12;284.12;283.11;281.09;277.12;276.11;275.1;274.11;273.09;272.09;271.11;270.11;262.11;261.1;260.09;259.14;258.14;257.13;256.1;246.11;245.13;244.1;243.11;242.08;241.1;240.09;237.09;236.08;235.07;231.11;230.12;229.1;228.1;224.08;223.07;222.06;221.09;219.08;218.12;216.1;213.09;212.08;211.07;210.06;209.06;208.08;207.08;206.07;205.06;204.1;203.09;202.09;197.09;196.06;195.08;194.04;193.06;192.1;191.05;190.04;189.08;188.07;184.06;183.05;182.04;181.06;180.07;179.08;178.05;177.08;176.03;175.05;174.04;170.04;169.05;168.03;167.08;166.07;165.08;164.07;163.06;162.05;161.07;158.04;157.04;156.03;154.09;153.07;152.07;151.06;150.05;149.05;148.04;147.07;146.05;145.04;144.03;143.02;142.05;141.07;140.03;139.05;138.05;137.06;136.08;135.04;134.06;133.05;132.03;130.05;129.04;128.03;126.05;125.05;124.04;123.04;122.04;121.05;120.04;119.05;118.04;116.03;115.03;114.05;113.05;112.04;111.04;110.06;109.03;108.02;107.05;106.04;105.03;102.02;100,,reported,,chunk_d8562a6d40548ea92273,candidate,Structured compound record mined from local corpus text.
cmp_dc2a681719b3ca,entity_dc2a681719b3ca84,reported,reported,L-DOPA-bx (Dopaxanthin),,betalain,,C18H18N2O8,390.10631554556,,,391.1136,370.08;363.12;362.11;361.1;360.11;359.12;358.09;357.11;356.1;355.09;354.08;353.08;352.07;351.12;349.1;348.11;347.12;346.12;345.11;344.1;343.09;342.08;341.11;340.08;339.1;338.09;337.08;336.07;335.12;334.12;333.11;332.1;331.13;330.12;329.11;328.11;327.1;326.09;325.08;321.11;320.1;319.09;318.1;317.11;316.11;315.13;314.09;313.12;311.1;309.09;306.1;305.11;304.08;303.1;302.1;301.08;300.09;299.07;290.1;289.12;288.09;287.14;286.07;285.09;284.09;283.11;282.08;281.08;280.07;279.06;275.1;274.11;273.09;272.09;269.08;268.07;267.06;266.09;265.08;264.07;263.07;262.06;261.05;260.09;259.11;257.09;253.08;252.07;251.07;250.06;249.05;248.09;247.07;246.08;245.06;239.07;238.09;237.09;236.09;235.07;234.08;233.07;232.06;231.04;230.08;229.07;228.07;225.09;224.08;223.07;222.08;221.07;219.08;217.07;216.07;215.06;214.05;213.09;212.08;211.07;210.06;209.07;208.06;207.08;206.04;205.06;204.07;198.08;197.07;196.06;195.05;194.04;193.06;192.07;191.06;190.05;184.06;183.05;182.04;181.05;180.07;179.03;178.05;177.07;176.07;175.05;174.04;170.04;169.05;168.07;167.08;166.07;165.07;164.05;163.04;162.03;161.02;160.04;158.04;157.04;156.03;154.09;153.05;152.07;151.04;150.05;149.05;148.04;147.04;146.04;144.03;142.05;141.05;140.03;139.05;138.05;137.02;136.08;135.04;134.04;133.03;130.05;129.04;128.03;127.04;126.02;125.05;124.04;123.04;122.04;121.05;120.04;119.05;118.04;116.03;115.03;114.05;113.05;112.04;111.04;110.02;109.03;108.02;107.05;106.04;105.03,,reported,,chunk_16d5e061277a579abee6,candidate,Structured compound record mined from local corpus text.
cmp_9ae905b579a1c0,entity_9ae905b579a1c0b6,reported,reported,Tyramine-bx (Miraxanthin III),,betalain,,C17H18N2O5,330.12157168685,,,331.1288,311.1;310.09;309.09;303.13;302.13;301.12;300.12;299.14;298.11;297.12;296.09;295.11;294.1;293.09;291.13;289.12;288.12;287.14;286.13;285.12;284.12;283.11;277.12;275.14;274.13;273.12;272.12;271.14;270.11;269.13;268.12;267.11;265.1;261.12;260.12;259.11;258.11;257.09;256.1;255.11;254.12;253.1;246.11;245.1;244.1;243.15;242.14;241.13;240.1;239.12;237.09;236.08;235.07;232.13;230.12;229.13;228.1;227.12;226.09;225.1;224.08;223.07;222.06;221.09;219.08;215.12;214.12;213.09;212.08;211.07;210.06;209.06;208.08;207.08;206.07;205.06;204.05;203.05;202.12;200.11;197.09;196.06;195.08;194.04;193.06;192.05;191.05;190.04;188.11;187.1;186.09;184.06;183.05;182.04;181.06;180.07;179.08;178.05;177.07;176.11;175.05;174.09;173.08;172.08;170.04;169.05;168.03;167.08;166.07;165.07;164.03;163.05;162.09;161.08;160.08;158.04;157.04;156.03;154.05;153.07;152.07;151.09;150.09;149.08;148.08;147.07;146.06;145.04;144.03;143.02;142.05;141.07;140.03;139.05;138.09;137.03;136.08;135.07;134.06;133.05;132.04;131.07;130.05;129.04;128.03;126.02;125.05;124.04;123.07;122.08;121.06;120.04;119.05;118.04;117.06;116.03;115.03;114.05;113.05;112.04;111.03;110.02;109.03;108.04;107.05;106.04;105.03;104.06;102.02;100,,reported,,chunk_fa19dd5fd8f7f692bd4e,candidate,Structured compound record mined from local corpus text.
cmp_378a2511cffc25,entity_378a2511cffc25a7,reported,reported,Methionine sulfoxide-bx (Miraxanthin I),,betalain,,C14H18N2O7S,358.08347210039,,,359.0907,338.06;337.05;331.1;330.09;329.08;328.07;327.1;326.07;325.09;324.08;323.07;322.06;321.05;319.1;317.08;316.08;315.1;314.09;313.09;312.08;311.07;310.06;309.09;308.06;307.07;305.06;303.1;302.09;301.09;300.08;299.11;298.1;297.09;296.08;295.09;294.08;293.08;289.09;288.08;287.07;286.07;285.09;284.08;283.11;282.08;281.08;280.07;279.1;278.09;277.08;276.07;275.07;274.07;273.09;272.06;271.07;270.08;269.08;268.07;267.06;266.09;265.08;264.07;263.07;262.06;261.09;259.07;258.08;257.1;256.06;255.1;254.05;253.08;252.05;251.07;250.06;249.05;248.08;247.07;246.06;245.06;243.08;242.08;241.08;240.07;239.07;238.09;237.05;236.08;235.07;234.06;233.06;232.05;231.08;229.06;228.07;227.08;225.09;224.08;223.07;222.06;221.06;219.08;217.06;216.07;215.06;214.05;213.09;212.08;211.07;210.06;209.06;208.05;207.08;206.07;205.06;204.07;202.05;201.05;200.04;199.07;198.08;197.09;196.06;195.08;194.04;193.06;192.05;191.05;190.05;189.05;185.05;184.04;183.05;182.04;181.06;180.07;179.08;178.05;177.05;176.04;175.05;174.02;172.04;170.04;169.05;168.03;167.08;166.05;165.07;164.04;163.03;162.02;161.05;160.04;159.03;158.04;157.04;156.03;154.05;153.07;152.07;151.09;150.06;149.03;148.02;147.01;146.03;145;144.05;142.05;141.07;140.03;139.05;138.06;137.03;136.04;135.01;134.06;133.03;132.02;131.02;130.05;129;128.03;126.02;125.05;124.04;123.07;122.06;121.03;120.05;119.02;118.03;117;116.03;115.03;114.05;113.05;112.04;111.03;110.02;109.03;108.04;107.02;106.03;105.04;104.03;103.02;102.05;101.01;100,,reported,,chunk_5a94f1b763c35299a08e,candidate,Structured compound record mined from local corpus text.
cmp_293d694e649f0e,entity_293d694e649f0eee,reported,reported,17-decarboxy-isophyllocacti,,betalain,,C26H28N2O14,592.15405358528,positive,[M+H]+,,,,reported,,chunk_35bf6fa086af76e1b8e5,candidate,Structured compound record mined from local corpus text.
cmp_8a2c162722dd42,entity_8a2c162722dd4298,reported,reported,2'-O-apiosyl-phyllocactin,,betalain,,C32H36N2O20,768.18614156054,positive,[M+H]+,,,,reported,,chunk_b096f3f8e782d95d5218,candidate,Structured compound record mined from local corpus text.
cmp_9003b043268c44,entity_9003b043268c441f,reported,reported,Special case,,betalain,,C18H18N2O6,358.11648630642003,positive,[M+H]+,,194.04;166.05;150.05;138.05;132.04;130.05,,reported,,chunk_74c472629a72fbcc508a,candidate,Structured compound record mined from local corpus text.
cmp_06f4b2998f7037,entity_06f4b2998f70373f,reported,reported,Methionine,,betalain,,C14H18N2O7,326.11140092599,positive,[M+H]+,,267.11;223.12;211.07;194.04;166.05;150.05;138.05;132.04;130.05;106.06,,reported,,chunk_74c472629a72fbcc508a,candidate,Structured compound record mined from local corpus text.
cmp_ba886bd316a78f,entity_ba886bd316a78fbe,reported,reported,6-decarboxy-betalamic acid,,betalain,,C8H9NO3,167.05824315321001,,,,,,reported,,claim_component_e673de53dd747084,candidate,Component identity and formula joined from evidence-linked reaction and component records.
cmp_dbba00517ef925,entity_dbba00517ef925d4,reported,reported,Cysteine,,betalain,,C3H5NO2S,119.00409957912,,,,,,reported,,claim_component_5365ca4bc0b0634e,candidate,Component identity and formula joined from evidence-linked reaction and component records.
cmp_55b0b1238950c5,entity_55b0b1238950c55d,reported,reported,Glycine,,betalain,,C2H5NO2,75.03202840472,,,,,,reported,,claim_component_5cd0704b1fddbe96,candidate,Component identity and formula joined from evidence-linked reaction and component records.
cmp_a92c9554807536,entity_a92c9554807536cb,reported,reported,Histidine,,betalain,,C6H9N3O2,155.0694765425,,,,,,reported,,claim_component_3c19c206669fa6d0,candidate,Component identity and formula joined from evidence-linked reaction and component records.
cmp_fc501f327a3e03,entity_fc501f327a3e038d,reported,reported,Arginine,,betalain,,C6H14N4O2,174.11167570807999,,,,,,reported,,claim_component_e4b24605b7289a01,candidate,Component identity and formula joined from evidence-linked reaction and component records.
cmp_9c7ef67a1e7665,entity_9c7ef67a1e76654c,reported,reported,Tryptophan,,betalain,,C11H12N2O2,204.08987763476,,,,,,reported,,claim_component_7d917f7c75188778,candidate,Component identity and formula joined from evidence-linked reaction and component records.
cmp_bca4c298abc747,entity_bca4c298abc7476e,reported,reported,Tyramine,,betalain,,C8H11NO,137.08406397853,,,,,,reported,,claim_component_de7476a0ac860e74,candidate,Component identity and formula joined from evidence-linked reaction and component records.
cmp_433fbba7f63379,entity_433fbba7f63379ab,reported,reported,Histamine,,betalain,,C5H9N3,111.07964730336,,,,,,reported,,claim_component_b49d555bf3432f37,candidate,Component identity and formula joined from evidence-linked reaction and component records.
cmp_85edab3a428fac,entity_85edab3a428facf6,reported,reported,Dopamine,,betalain,,C8H11NO2,153.0789785981,,,,,,reported,,claim_component_e28789f681729a67,candidate,Component identity and formula joined from evidence-linked reaction and component records.
cmp_c2aa53be89789e,entity_c2aa53be89789e46,reported,reported,Isoleucine,,betalain,,C6H13NO2,131.09462866256,,,,,,reported,,claim_component_4e3140ef9112513c,candidate,Component identity and formula joined from evidence-linked reaction and component records.
cmp_0720986b90c315,entity_0720986b90c31559,reported,reported,Proline,,betalain,,C5H9NO2,115.06332853364,,,,,,reported,,claim_component_d2cb02934524b876,candidate,Component identity and formula joined from evidence-linked reaction and component records.
cmp_1141c2be8f8598,entity_1141c2be8f8598d4,reported,reported,Asparagine,,betalain,,C4H8N2O3,132.05349212541,,,,,,reported,,claim_component_5252b0c37566f535,candidate,Component identity and formula joined from evidence-linked reaction and component records.
cmp_fd1f1ce641e8d8,entity_fd1f1ce641e8d8de,reported,reported,Phenylalanine,,betalain,,C9H11NO2,165.0789785981,,,,,,reported,,claim_component_cbb53ed0aec4357b,candidate,Component identity and formula joined from evidence-linked reaction and component records.
cmp_ddb988763a3b8b,entity_ddb988763a3b8b23,reported,reported,3-methoxy-tyramine,,betalain,,C9H13NO2,167.09462866256,,,,,,reported,,claim_component_c7026ac83767660e,candidate,Component identity and formula joined from evidence-linked reaction and component records.
cmp_c0fce3e0ed4a94,entity_c0fce3e0ed4a9487,reported,reported,Glutamine,,betalain,,C5H10N2O3,146.06914218987,,,,,,reported,,claim_component_892bd102c527803f,candidate,Component identity and formula joined from evidence-linked reaction and component records.
cmp_06c6604666ebd4,entity_06c6604666ebd428,reported,reported,Threonine,,betalain,,C4H9NO3,119.05824315321,,,,,,reported,,claim_component_a31608550aac35fb,candidate,Component identity and formula joined from evidence-linked reaction and component records.
cmp_3e2f2b50a47275,entity_3e2f2b50a472755e,reported,reported,DOPA,,betalain,,C9H11NO4,197.06880783724,,,,,,reported,,claim_component_5940219bb951f944,candidate,Component identity and formula joined from evidence-linked reaction and component records.
cmp_ae935b5cba3813,entity_ae935b5cba3813a4,reported,reported,Serine,,betalain,,C3H7NO3,105.04259308875001,,,,,,reported,,claim_component_bc39975e90563259,candidate,Component identity and formula joined from evidence-linked reaction and component records.
cmp_8f1e5d4ad404cf,entity_8f1e5d4ad404cf2b,reported,reported,Leucine,,betalain,,C6H13NO2,131.09462866256,,,,,,reported,,claim_component_d80d35a1df48f7f6,candidate,Component identity and formula joined from evidence-linked reaction and component records.
cmp_588bd9b53e89f2,entity_588bd9b53e89f25f,reported,reported,5-hydroxynorvaline,,betalain,,C5H11NO3,133.07389321767,,,,,,reported,,claim_component_0105cd9780c2ac0a,candidate,Component identity and formula joined from evidence-linked reaction and component records.
cmp_2311ee7e4b10a3,entity_2311ee7e4b10a315,reported,reported,Valine,,betalain,,C5H11NO2,117.0789785981,,,,,,reported,,claim_component_b785b63f9141b58e,candidate,Component identity and formula joined from evidence-linked reaction and component records.
cmp_88735b39e06748,entity_88735b39e06748e8,reported,reported,Tyrosine,,betalain,,C9H11NO3,181.07389321767,,,,,,reported,,claim_component_d51ff4b1801f3e2d,candidate,Component identity and formula joined from evidence-linked reaction and component records.
cmp_e8a2ee57015510,entity_e8a2ee570155102d,reported,reported,Lysine,,betalain,,C6H14N2O2,146.10552769922,,,,,,reported,,claim_component_2fe7b77aad9489cf,candidate,Component identity and formula joined from evidence-linked reaction and component records.
cmp_4fe857ee6c20ad,entity_4fe857ee6c20ad4e,reported,reported,Alanine,,betalain,,C3H7NO2,89.04767846918,,,,,,reported,,claim_component_51ebe85e8379e993,candidate,Component identity and formula joined from evidence-linked reaction and component records.
cmp_002884d7e2a98c,entity_002884d7e2a98cda,reported,reported,γ-Aminobutyric acid,,betalain,,C4H9NO2,103.06332853364,,,,,,reported,,claim_component_067e79e53fa1dbb8,candidate,Component identity and formula joined from evidence-linked reaction and component records.
cmp_92eb77927efb13,entity_92eb77927efb1328,reported,reported,Methionine sulfoxide,,betalain,,C5H11NO3S,165.04596439207,,,,,,reported,,claim_component_548026879b1cdbb1,candidate,Component identity and formula joined from evidence-linked reaction and component records.
cmp_4742219971dfc8,entity_1966cbb9db34fafd,mechanism_derived_component,mechanism_derived,phenylethylamine,,betalain,,C8H11N,121.089149,,,,,,mechanism_derived,component_derivation_7d98efd1dae7fc49,reaction_c47d5b0ffe7b96b0;entity_c2c858bb552850de,candidate,Reactant formula and mass derived by inverse stoichiometric balance from an evidence-backed reaction template and reported product.
cmp_1b37a843680ce3,entity_489eac6ab4353eb0,mechanism_derived_component,mechanism_derived,hydroxyproline,,betalain,,C5H10NO3,132.066068,,,,,,mechanism_derived,component_derivation_47c659f099e6b4b6,reaction_e300f9987ce500d7;entity_866d468dd326063a,candidate,Reactant formula and mass derived by inverse stoichiometric balance from an evidence-backed reaction template and reported product.
cmp_63f3e173527471,entity_71959dde04be26dd,mechanism_derived_component,mechanism_derived,ethanolamine,,betalain,,C2H7NO,61.052764,,,,,,mechanism_derived,component_derivation_d44b6ccee26d5bfc,reaction_13af7711ab95b89c;entity_cc8b757fa91cda44,candidate,Reactant formula and mass derived by inverse stoichiometric balance from an evidence-backed reaction template and reported product.
cmp_2fee1389f14359,entity_d86081527ef9eeff,mechanism_derived_component,mechanism_derived,norvaline,,betalain,,C5H11NO2,117.078979,,,,,,mechanism_derived,component_derivation_c4c36373b874f497,reaction_7f391485c3c3fd31;entity_1574e5e89370df1f,candidate,Reactant formula and mass derived by inverse stoichiometric balance from an evidence-backed reaction template and reported product.
