rule_id,compound_class,subclass,fragment_mz,ion_mode,fragment_assignment,diagnostic_origin,support_compound_count,support_compound_fraction,support_rank,required,evidence_ids,review_status,review_note
frag_consensus_ca3fb9b184834c,betalain,,194.04,,class consensus fragment (133 compounds),class_consensus_frequency,133,0.9708,1,FALSE,chunk_ed6a5031b8a947980827;chunk_6732a62550715089c26f;chunk_d456e68cddac5689e179;chunk_f11b5949ce49f042c1d7;chunk_b2f5215d26a079ab47fc;chunk_48a59759c2e737bfde8f;chunk_2d9dd1faec7e052d9650;chunk_e605b162dda8c2e6ca53;chunk_0b2bb86e056f142afb34;chunk_cfb5583531162cc683f3;chunk_bf27760df9cc5cd60a6b;chunk_caeb9cdaaed3ebca22c9;chunk_e03dd2775013e8dc54c2;chunk_970baaeef6abaec64050;chunk_1f6a2b6e286cc67a4f39;chunk_5e0743ef27d6aa3983fc;chunk_6f90a71d3eda8c90215d;chunk_b8a168b67a5ebc9d319c;chunk_88375951a81847cfbe7f;chunk_fe9da9d5f0c18b666eee;chunk_ea3211529f917eac6ad0;chunk_0388405a610f5c876829;chunk_56f38b1e1a09d04a44b5;chunk_f3f0c7669494ad6035e3;chunk_f9fd5acd6896d2224f98;chunk_8d9c86c3a5c453630c44;chunk_315fbb3caa44e4176257;chunk_f0a97fc3634ba71ac750;chunk_54126c66244e141826b7;chunk_9403b9ee5700fe0ec3bb;chunk_e08af7729e27b3a0dad9;chunk_ec44366c20a12d85ebb2;chunk_42347cf8dbe8cdcc440f;chunk_0adee604e918694f6d82;chunk_31399bbdeee90281f9cd;chunk_7bc8e8b0de16e0b8ec6a;chunk_85e45212a9ec2c7d3cc9;chunk_4fb607bb6eeed6d5439b;chunk_044c193a6767e7277818;chunk_5278fa78b407400b5a0b;chunk_764c9d20c36c8eb636d3;chunk_4a9c5643144821aa03cd;chunk_5c925f68a32e70649023;chunk_42ce1cd78fe0605e8778;chunk_ca55fc80231a5c3ecca0;chunk_668748d072a7bc456d32;chunk_cf1a079ddaaeaeda1d5a;chunk_75d76f4c5281f97a3299;chunk_136579b2b35b688b59d7;chunk_47c168a3a60becc9765d;chunk_fa15650d62c62e69702b;chunk_f4a3410b6d3338c0e572;chunk_97ee5e389c29499944c0;chunk_04719ea392c5f65ead84;chunk_54d8af953f38709f74af;chunk_acae738833f8a58e3f42;chunk_5191863e421e5076f5ba;chunk_aa86af109d352aae184c;chunk_6d2fd61a50c48d91b66b;chunk_a7ad7a0599f88509ea33;chunk_b3c4e571de7b0b374dc9;chunk_69507c07581be476cd1c;chunk_57a6860df97269f6cd06;chunk_b50bc6dffb61e7772201;chunk_7fd152fbe4ff8f681104;chunk_4fc6d65291fb49322555;chunk_f325b9d73decf9772e7d;chunk_06ac4fb55370eb82e9eb;chunk_460f16d15d7de7e6b1d5;chunk_760d0074011528b049eb;chunk_b007bc8b2a42cb0b6440;chunk_839a50a32e20ad5f2e3d;chunk_8ce5d2c9e1c1a312cd1f;chunk_3e68d94d45f4589f85c3;chunk_bce0d887eeea5c19eef5;chunk_6e3b13012c9e0317b1a9;chunk_f597c7efc0cf7f6c6b86;chunk_62ca77c968c9eb791a79;chunk_d6c1515560c219a43a6f;chunk_c5d66fcc8ecd9eae8207;chunk_4457505fbccc57104e99;chunk_4bc7ad16b8b39af7c801;chunk_7fd7d434d5fdd6e44c59;chunk_900e439c7fe279d444bd;chunk_a776801f122110e2bd67;chunk_c750feb934ab55bc0794;chunk_f33fa11706170b96e959;chunk_6fc0f8c91301e90b9c0a;chunk_e17fc0a194035eb28d72;chunk_15fc5c258ac091c099d7;chunk_c78ef3bf228a8fa9624e;chunk_83e26e2b3945f9fa3ba9;chunk_e4357519d671b02db61f;chunk_816cb027103da1a12586;chunk_5a850a9e5d36caf46c40;chunk_3ee82ebc0c090d359f62;chunk_4c51fbc1a2701b824f32;chunk_a740c5b8e9ee1fb94ce2;chunk_ba6f252308e34a8f4ad4;chunk_c5a9e22be1d53064ec84;chunk_ae134f732c056186e183;chunk_ef3b59ee62bcdacbb475;chunk_acd05cd661c9c46dc012;chunk_85fe72ef7a50ac707b2e;chunk_8a47aeb81fa23b467592;chunk_4a1d45673b90a2200249;chunk_48e4aa2b7a69f450ca8c;chunk_6474bca373830f34812d;chunk_5169ef13c098eb092bf9;chunk_a1bc81b25bcc7590d255;chunk_61daccb90448e0d9a673;chunk_36c78afba06ba1e52a2f;chunk_561f5b4fa06bda5f1c35;chunk_96b6bde7cd77473ff9d5;chunk_ed8e8f0b475ee8ef053c;chunk_088ea7a48d53c790b861;chunk_09c69a20059ff9a19a08;chunk_1321ddef870f43c42156;chunk_970b844f45eca99ed427;chunk_99bdf8ac75990809d6c6;chunk_882488fe688adcf4fc7d;chunk_87f26bb8482804888473;chunk_679f5a4d3eb956b4aae3;chunk_0af0079c8054597ad4ff;chunk_ff851145ecfc9a2a3279;chunk_1e6a3c5567dade902e85;chunk_78213e6b122c69974eae;chunk_eac3a05374d4daf9d70b;chunk_d8562a6d40548ea92273;chunk_16d5e061277a579abee6;chunk_fa19dd5fd8f7f692bd4e;chunk_5e9d87f58bed85017063;chunk_55f4ba57f7fa400d40fb;chunk_5a94f1b763c35299a08e,candidate,Promoted by distinct-compound prevalence within the reported betalain fragment catalog.
frag_consensus_d3d7e227e61290,betalain,,178.05,,class consensus fragment (128 compounds),class_consensus_frequency,128,0.9343,2,FALSE,chunk_ed6a5031b8a947980827;chunk_6732a62550715089c26f;chunk_d456e68cddac5689e179;chunk_f11b5949ce49f042c1d7;chunk_b2f5215d26a079ab47fc;chunk_48a59759c2e737bfde8f;chunk_2d9dd1faec7e052d9650;chunk_e605b162dda8c2e6ca53;chunk_0b2bb86e056f142afb34;chunk_cfb5583531162cc683f3;chunk_bf27760df9cc5cd60a6b;chunk_caeb9cdaaed3ebca22c9;chunk_e03dd2775013e8dc54c2;chunk_970baaeef6abaec64050;chunk_1f6a2b6e286cc67a4f39;chunk_5e0743ef27d6aa3983fc;chunk_6f90a71d3eda8c90215d;chunk_b8a168b67a5ebc9d319c;chunk_88375951a81847cfbe7f;chunk_fe9da9d5f0c18b666eee;chunk_ea3211529f917eac6ad0;chunk_0388405a610f5c876829;chunk_56f38b1e1a09d04a44b5;chunk_f3f0c7669494ad6035e3;chunk_f9fd5acd6896d2224f98;chunk_8d9c86c3a5c453630c44;chunk_315fbb3caa44e4176257;chunk_f0a97fc3634ba71ac750;chunk_54126c66244e141826b7;chunk_9403b9ee5700fe0ec3bb;chunk_e08af7729e27b3a0dad9;chunk_ec44366c20a12d85ebb2;chunk_0adee604e918694f6d82;chunk_06b8796a92c6a20988cc;chunk_31399bbdeee90281f9cd;chunk_7bc8e8b0de16e0b8ec6a;chunk_85e45212a9ec2c7d3cc9;chunk_5278fa78b407400b5a0b;chunk_2e65e0feaffaefa9faf8;chunk_764c9d20c36c8eb636d3;chunk_4a9c5643144821aa03cd;chunk_5c925f68a32e70649023;chunk_42ce1cd78fe0605e8778;chunk_ca55fc80231a5c3ecca0;chunk_668748d072a7bc456d32;chunk_cf1a079ddaaeaeda1d5a;chunk_75d76f4c5281f97a3299;chunk_136579b2b35b688b59d7;chunk_47c168a3a60becc9765d;chunk_fa15650d62c62e69702b;chunk_f4a3410b6d3338c0e572;chunk_97ee5e389c29499944c0;chunk_04719ea392c5f65ead84;chunk_54d8af953f38709f74af;chunk_acae738833f8a58e3f42;chunk_5191863e421e5076f5ba;chunk_aa86af109d352aae184c;chunk_6d2fd61a50c48d91b66b;chunk_a7ad7a0599f88509ea33;chunk_b3c4e571de7b0b374dc9;chunk_69507c07581be476cd1c;chunk_57a6860df97269f6cd06;chunk_b50bc6dffb61e7772201;chunk_7fd152fbe4ff8f681104;chunk_4fc6d65291fb49322555;chunk_f325b9d73decf9772e7d;chunk_06ac4fb55370eb82e9eb;chunk_b007bc8b2a42cb0b6440;chunk_839a50a32e20ad5f2e3d;chunk_8ce5d2c9e1c1a312cd1f;chunk_3e68d94d45f4589f85c3;chunk_bce0d887eeea5c19eef5;chunk_6e3b13012c9e0317b1a9;chunk_f597c7efc0cf7f6c6b86;chunk_62ca77c968c9eb791a79;chunk_d6c1515560c219a43a6f;chunk_c5d66fcc8ecd9eae8207;chunk_4457505fbccc57104e99;chunk_4bc7ad16b8b39af7c801;chunk_7fd7d434d5fdd6e44c59;chunk_900e439c7fe279d444bd;chunk_a776801f122110e2bd67;chunk_c750feb934ab55bc0794;chunk_f33fa11706170b96e959;chunk_6fc0f8c91301e90b9c0a;chunk_e17fc0a194035eb28d72;chunk_15fc5c258ac091c099d7;chunk_c78ef3bf228a8fa9624e;chunk_83e26e2b3945f9fa3ba9;chunk_e4357519d671b02db61f;chunk_816cb027103da1a12586;chunk_5a850a9e5d36caf46c40;chunk_3ee82ebc0c090d359f62;chunk_4c51fbc1a2701b824f32;chunk_a740c5b8e9ee1fb94ce2;chunk_ba6f252308e34a8f4ad4;chunk_c5a9e22be1d53064ec84;chunk_ae134f732c056186e183;chunk_ef3b59ee62bcdacbb475;chunk_acd05cd661c9c46dc012;chunk_85fe72ef7a50ac707b2e;chunk_8a47aeb81fa23b467592;chunk_4a1d45673b90a2200249;chunk_48e4aa2b7a69f450ca8c;chunk_6474bca373830f34812d;chunk_5169ef13c098eb092bf9;chunk_a1bc81b25bcc7590d255;chunk_61daccb90448e0d9a673;chunk_36c78afba06ba1e52a2f;chunk_561f5b4fa06bda5f1c35;chunk_96b6bde7cd77473ff9d5;chunk_ed8e8f0b475ee8ef053c;chunk_088ea7a48d53c790b861;chunk_09c69a20059ff9a19a08;chunk_1321ddef870f43c42156;chunk_970b844f45eca99ed427;chunk_99bdf8ac75990809d6c6;chunk_882488fe688adcf4fc7d;chunk_87f26bb8482804888473;chunk_679f5a4d3eb956b4aae3;chunk_0af0079c8054597ad4ff;chunk_ff851145ecfc9a2a3279;chunk_78213e6b122c69974eae;chunk_eac3a05374d4daf9d70b;chunk_d8562a6d40548ea92273;chunk_16d5e061277a579abee6;chunk_fa19dd5fd8f7f692bd4e;chunk_55f4ba57f7fa400d40fb;chunk_5a94f1b763c35299a08e,candidate,Promoted by distinct-compound prevalence within the reported betalain fragment catalog.
frag_consensus_08a33c1772b9eb,betalain,,196.06,,class consensus fragment (116 compounds),class_consensus_frequency,116,0.8467,3,FALSE,chunk_ed6a5031b8a947980827;chunk_6732a62550715089c26f;chunk_d456e68cddac5689e179;chunk_f11b5949ce49f042c1d7;chunk_b2f5215d26a079ab47fc;chunk_48a59759c2e737bfde8f;chunk_2d9dd1faec7e052d9650;chunk_e605b162dda8c2e6ca53;chunk_0b2bb86e056f142afb34;chunk_cfb5583531162cc683f3;chunk_bf27760df9cc5cd60a6b;chunk_caeb9cdaaed3ebca22c9;chunk_e03dd2775013e8dc54c2;chunk_970baaeef6abaec64050;chunk_1f6a2b6e286cc67a4f39;chunk_5e0743ef27d6aa3983fc;chunk_6f90a71d3eda8c90215d;chunk_88375951a81847cfbe7f;chunk_ea3211529f917eac6ad0;chunk_0388405a610f5c876829;chunk_56f38b1e1a09d04a44b5;chunk_f3f0c7669494ad6035e3;chunk_f9fd5acd6896d2224f98;chunk_8d9c86c3a5c453630c44;chunk_315fbb3caa44e4176257;chunk_f0a97fc3634ba71ac750;chunk_54126c66244e141826b7;chunk_e08af7729e27b3a0dad9;chunk_31399bbdeee90281f9cd;chunk_85e45212a9ec2c7d3cc9;chunk_764c9d20c36c8eb636d3;chunk_4a9c5643144821aa03cd;chunk_5c925f68a32e70649023;chunk_42ce1cd78fe0605e8778;chunk_ca55fc80231a5c3ecca0;chunk_668748d072a7bc456d32;chunk_cf1a079ddaaeaeda1d5a;chunk_75d76f4c5281f97a3299;chunk_136579b2b35b688b59d7;chunk_47c168a3a60becc9765d;chunk_fa15650d62c62e69702b;chunk_f4a3410b6d3338c0e572;chunk_97ee5e389c29499944c0;chunk_04719ea392c5f65ead84;chunk_54d8af953f38709f74af;chunk_acae738833f8a58e3f42;chunk_5191863e421e5076f5ba;chunk_6d2fd61a50c48d91b66b;chunk_a7ad7a0599f88509ea33;chunk_b3c4e571de7b0b374dc9;chunk_69507c07581be476cd1c;chunk_57a6860df97269f6cd06;chunk_b50bc6dffb61e7772201;chunk_7fd152fbe4ff8f681104;chunk_4fc6d65291fb49322555;chunk_f325b9d73decf9772e7d;chunk_06ac4fb55370eb82e9eb;chunk_460f16d15d7de7e6b1d5;chunk_760d0074011528b049eb;chunk_b007bc8b2a42cb0b6440;chunk_839a50a32e20ad5f2e3d;chunk_8ce5d2c9e1c1a312cd1f;chunk_3e68d94d45f4589f85c3;chunk_bce0d887eeea5c19eef5;chunk_6e3b13012c9e0317b1a9;chunk_f597c7efc0cf7f6c6b86;chunk_62ca77c968c9eb791a79;chunk_d6c1515560c219a43a6f;chunk_c5d66fcc8ecd9eae8207;chunk_4457505fbccc57104e99;chunk_4bc7ad16b8b39af7c801;chunk_7fd7d434d5fdd6e44c59;chunk_900e439c7fe279d444bd;chunk_a776801f122110e2bd67;chunk_c750feb934ab55bc0794;chunk_f33fa11706170b96e959;chunk_6fc0f8c91301e90b9c0a;chunk_e17fc0a194035eb28d72;chunk_15fc5c258ac091c099d7;chunk_c78ef3bf228a8fa9624e;chunk_3ee82ebc0c090d359f62;chunk_4c51fbc1a2701b824f32;chunk_a740c5b8e9ee1fb94ce2;chunk_ba6f252308e34a8f4ad4;chunk_ae134f732c056186e183;chunk_ef3b59ee62bcdacbb475;chunk_acd05cd661c9c46dc012;chunk_85fe72ef7a50ac707b2e;chunk_8a47aeb81fa23b467592;chunk_4a1d45673b90a2200249;chunk_48e4aa2b7a69f450ca8c;chunk_6474bca373830f34812d;chunk_5169ef13c098eb092bf9;chunk_a1bc81b25bcc7590d255;chunk_61daccb90448e0d9a673;chunk_36c78afba06ba1e52a2f;chunk_561f5b4fa06bda5f1c35;chunk_96b6bde7cd77473ff9d5;chunk_ed8e8f0b475ee8ef053c;chunk_088ea7a48d53c790b861;chunk_09c69a20059ff9a19a08;chunk_1321ddef870f43c42156;chunk_970b844f45eca99ed427;chunk_99bdf8ac75990809d6c6;chunk_882488fe688adcf4fc7d;chunk_87f26bb8482804888473;chunk_679f5a4d3eb956b4aae3;chunk_0af0079c8054597ad4ff;chunk_ff851145ecfc9a2a3279;chunk_78213e6b122c69974eae;chunk_eac3a05374d4daf9d70b;chunk_d8562a6d40548ea92273;chunk_16d5e061277a579abee6;chunk_fa19dd5fd8f7f692bd4e;chunk_5e9d87f58bed85017063;chunk_55f4ba57f7fa400d40fb;chunk_5a94f1b763c35299a08e,candidate,Promoted by distinct-compound prevalence within the reported betalain fragment catalog.
frag_consensus_71237c92a6b650,betalain,,123.04,,class consensus fragment (111 compounds),class_consensus_frequency,111,0.8102,4,FALSE,chunk_ed6a5031b8a947980827;chunk_6732a62550715089c26f;chunk_d456e68cddac5689e179;chunk_f11b5949ce49f042c1d7;chunk_b2f5215d26a079ab47fc;chunk_48a59759c2e737bfde8f;chunk_2d9dd1faec7e052d9650;chunk_e605b162dda8c2e6ca53;chunk_0b2bb86e056f142afb34;chunk_cfb5583531162cc683f3;chunk_bf27760df9cc5cd60a6b;chunk_caeb9cdaaed3ebca22c9;chunk_e03dd2775013e8dc54c2;chunk_970baaeef6abaec64050;chunk_1f6a2b6e286cc67a4f39;chunk_5e0743ef27d6aa3983fc;chunk_6f90a71d3eda8c90215d;chunk_88375951a81847cfbe7f;chunk_ea3211529f917eac6ad0;chunk_0388405a610f5c876829;chunk_56f38b1e1a09d04a44b5;chunk_f3f0c7669494ad6035e3;chunk_f9fd5acd6896d2224f98;chunk_8d9c86c3a5c453630c44;chunk_315fbb3caa44e4176257;chunk_f0a97fc3634ba71ac750;chunk_54126c66244e141826b7;chunk_9403b9ee5700fe0ec3bb;chunk_e08af7729e27b3a0dad9;chunk_ec44366c20a12d85ebb2;chunk_0adee604e918694f6d82;chunk_06b8796a92c6a20988cc;chunk_7bc8e8b0de16e0b8ec6a;chunk_4fb607bb6eeed6d5439b;chunk_044c193a6767e7277818;chunk_5278fa78b407400b5a0b;chunk_764c9d20c36c8eb636d3;chunk_4a9c5643144821aa03cd;chunk_5c925f68a32e70649023;chunk_42ce1cd78fe0605e8778;chunk_ca55fc80231a5c3ecca0;chunk_668748d072a7bc456d32;chunk_cf1a079ddaaeaeda1d5a;chunk_75d76f4c5281f97a3299;chunk_136579b2b35b688b59d7;chunk_47c168a3a60becc9765d;chunk_fa15650d62c62e69702b;chunk_f4a3410b6d3338c0e572;chunk_97ee5e389c29499944c0;chunk_04719ea392c5f65ead84;chunk_54d8af953f38709f74af;chunk_acae738833f8a58e3f42;chunk_5191863e421e5076f5ba;chunk_aa86af109d352aae184c;chunk_6d2fd61a50c48d91b66b;chunk_a7ad7a0599f88509ea33;chunk_b3c4e571de7b0b374dc9;chunk_69507c07581be476cd1c;chunk_57a6860df97269f6cd06;chunk_b50bc6dffb61e7772201;chunk_7fd152fbe4ff8f681104;chunk_4fc6d65291fb49322555;chunk_f325b9d73decf9772e7d;chunk_06ac4fb55370eb82e9eb;chunk_460f16d15d7de7e6b1d5;chunk_760d0074011528b049eb;chunk_b007bc8b2a42cb0b6440;chunk_839a50a32e20ad5f2e3d;chunk_8ce5d2c9e1c1a312cd1f;chunk_3e68d94d45f4589f85c3;chunk_bce0d887eeea5c19eef5;chunk_6e3b13012c9e0317b1a9;chunk_f597c7efc0cf7f6c6b86;chunk_62ca77c968c9eb791a79;chunk_d6c1515560c219a43a6f;chunk_c5d66fcc8ecd9eae8207;chunk_4457505fbccc57104e99;chunk_4bc7ad16b8b39af7c801;chunk_7fd7d434d5fdd6e44c59;chunk_900e439c7fe279d444bd;chunk_a776801f122110e2bd67;chunk_c750feb934ab55bc0794;chunk_f33fa11706170b96e959;chunk_6fc0f8c91301e90b9c0a;chunk_e17fc0a194035eb28d72;chunk_15fc5c258ac091c099d7;chunk_c78ef3bf228a8fa9624e;chunk_e4357519d671b02db61f;chunk_816cb027103da1a12586;chunk_5a850a9e5d36caf46c40;chunk_3ee82ebc0c090d359f62;chunk_4c51fbc1a2701b824f32;chunk_a740c5b8e9ee1fb94ce2;chunk_ba6f252308e34a8f4ad4;chunk_c5a9e22be1d53064ec84;chunk_ae134f732c056186e183;chunk_ef3b59ee62bcdacbb475;chunk_acd05cd661c9c46dc012;chunk_85fe72ef7a50ac707b2e;chunk_8a47aeb81fa23b467592;chunk_4a1d45673b90a2200249;chunk_561f5b4fa06bda5f1c35;chunk_96b6bde7cd77473ff9d5;chunk_09c69a20059ff9a19a08;chunk_1321ddef870f43c42156;chunk_882488fe688adcf4fc7d;chunk_679f5a4d3eb956b4aae3;chunk_ff851145ecfc9a2a3279;chunk_eac3a05374d4daf9d70b;chunk_d8562a6d40548ea92273;chunk_16d5e061277a579abee6;chunk_5e9d87f58bed85017063,candidate,Promoted by distinct-compound prevalence within the reported betalain fragment catalog.
frag_consensus_38c29c0826d814,betalain,,223.07,,class consensus fragment (111 compounds),class_consensus_frequency,111,0.8102,5,FALSE,chunk_ed6a5031b8a947980827;chunk_6732a62550715089c26f;chunk_d456e68cddac5689e179;chunk_f11b5949ce49f042c1d7;chunk_b2f5215d26a079ab47fc;chunk_48a59759c2e737bfde8f;chunk_2d9dd1faec7e052d9650;chunk_e605b162dda8c2e6ca53;chunk_0b2bb86e056f142afb34;chunk_cfb5583531162cc683f3;chunk_bf27760df9cc5cd60a6b;chunk_caeb9cdaaed3ebca22c9;chunk_e03dd2775013e8dc54c2;chunk_970baaeef6abaec64050;chunk_1f6a2b6e286cc67a4f39;chunk_5e0743ef27d6aa3983fc;chunk_6f90a71d3eda8c90215d;chunk_88375951a81847cfbe7f;chunk_ea3211529f917eac6ad0;chunk_0388405a610f5c876829;chunk_56f38b1e1a09d04a44b5;chunk_f3f0c7669494ad6035e3;chunk_f9fd5acd6896d2224f98;chunk_8d9c86c3a5c453630c44;chunk_315fbb3caa44e4176257;chunk_f0a97fc3634ba71ac750;chunk_54126c66244e141826b7;chunk_764c9d20c36c8eb636d3;chunk_4a9c5643144821aa03cd;chunk_5c925f68a32e70649023;chunk_42ce1cd78fe0605e8778;chunk_ca55fc80231a5c3ecca0;chunk_668748d072a7bc456d32;chunk_cf1a079ddaaeaeda1d5a;chunk_75d76f4c5281f97a3299;chunk_136579b2b35b688b59d7;chunk_47c168a3a60becc9765d;chunk_fa15650d62c62e69702b;chunk_f4a3410b6d3338c0e572;chunk_97ee5e389c29499944c0;chunk_04719ea392c5f65ead84;chunk_54d8af953f38709f74af;chunk_acae738833f8a58e3f42;chunk_5191863e421e5076f5ba;chunk_6d2fd61a50c48d91b66b;chunk_a7ad7a0599f88509ea33;chunk_b3c4e571de7b0b374dc9;chunk_69507c07581be476cd1c;chunk_57a6860df97269f6cd06;chunk_b50bc6dffb61e7772201;chunk_7fd152fbe4ff8f681104;chunk_4fc6d65291fb49322555;chunk_f325b9d73decf9772e7d;chunk_06ac4fb55370eb82e9eb;chunk_460f16d15d7de7e6b1d5;chunk_760d0074011528b049eb;chunk_b007bc8b2a42cb0b6440;chunk_839a50a32e20ad5f2e3d;chunk_8ce5d2c9e1c1a312cd1f;chunk_3e68d94d45f4589f85c3;chunk_bce0d887eeea5c19eef5;chunk_6e3b13012c9e0317b1a9;chunk_f597c7efc0cf7f6c6b86;chunk_62ca77c968c9eb791a79;chunk_d6c1515560c219a43a6f;chunk_c5d66fcc8ecd9eae8207;chunk_4457505fbccc57104e99;chunk_4bc7ad16b8b39af7c801;chunk_7fd7d434d5fdd6e44c59;chunk_900e439c7fe279d444bd;chunk_a776801f122110e2bd67;chunk_c750feb934ab55bc0794;chunk_f33fa11706170b96e959;chunk_6fc0f8c91301e90b9c0a;chunk_e17fc0a194035eb28d72;chunk_15fc5c258ac091c099d7;chunk_c78ef3bf228a8fa9624e;chunk_3ee82ebc0c090d359f62;chunk_4c51fbc1a2701b824f32;chunk_a740c5b8e9ee1fb94ce2;chunk_ba6f252308e34a8f4ad4;chunk_ae134f732c056186e183;chunk_ef3b59ee62bcdacbb475;chunk_acd05cd661c9c46dc012;chunk_85fe72ef7a50ac707b2e;chunk_8a47aeb81fa23b467592;chunk_4a1d45673b90a2200249;chunk_48e4aa2b7a69f450ca8c;chunk_6474bca373830f34812d;chunk_5169ef13c098eb092bf9;chunk_a1bc81b25bcc7590d255;chunk_61daccb90448e0d9a673;chunk_36c78afba06ba1e52a2f;chunk_561f5b4fa06bda5f1c35;chunk_96b6bde7cd77473ff9d5;chunk_ed8e8f0b475ee8ef053c;chunk_088ea7a48d53c790b861;chunk_970b844f45eca99ed427;chunk_99bdf8ac75990809d6c6;chunk_882488fe688adcf4fc7d;chunk_87f26bb8482804888473;chunk_679f5a4d3eb956b4aae3;chunk_0af0079c8054597ad4ff;chunk_ff851145ecfc9a2a3279;chunk_78213e6b122c69974eae;chunk_eac3a05374d4daf9d70b;chunk_d8562a6d40548ea92273;chunk_16d5e061277a579abee6;chunk_fa19dd5fd8f7f692bd4e;chunk_5e9d87f58bed85017063;chunk_55f4ba57f7fa400d40fb;chunk_5a94f1b763c35299a08e,candidate,Promoted by distinct-compound prevalence within the reported betalain fragment catalog.
frag_consensus_78c22b98a7ea46,betalain,,327.1,,class consensus fragment (110 compounds),class_consensus_frequency,110,0.8029,6,FALSE,chunk_ed6a5031b8a947980827;chunk_6732a62550715089c26f;chunk_d456e68cddac5689e179;chunk_f11b5949ce49f042c1d7;chunk_b2f5215d26a079ab47fc;chunk_48a59759c2e737bfde8f;chunk_2d9dd1faec7e052d9650;chunk_e605b162dda8c2e6ca53;chunk_0b2bb86e056f142afb34;chunk_cfb5583531162cc683f3;chunk_bf27760df9cc5cd60a6b;chunk_caeb9cdaaed3ebca22c9;chunk_e03dd2775013e8dc54c2;chunk_970baaeef6abaec64050;chunk_1f6a2b6e286cc67a4f39;chunk_5e0743ef27d6aa3983fc;chunk_6f90a71d3eda8c90215d;chunk_b8a168b67a5ebc9d319c;chunk_88375951a81847cfbe7f;chunk_fe9da9d5f0c18b666eee;chunk_b21525c614b9229e8179;chunk_ea3211529f917eac6ad0;chunk_0388405a610f5c876829;chunk_56f38b1e1a09d04a44b5;chunk_f3f0c7669494ad6035e3;chunk_f9fd5acd6896d2224f98;chunk_8d9c86c3a5c453630c44;chunk_315fbb3caa44e4176257;chunk_f0a97fc3634ba71ac750;chunk_54126c66244e141826b7;chunk_9403b9ee5700fe0ec3bb;chunk_e08af7729e27b3a0dad9;chunk_ec44366c20a12d85ebb2;chunk_42347cf8dbe8cdcc440f;chunk_0adee604e918694f6d82;chunk_31399bbdeee90281f9cd;chunk_7bc8e8b0de16e0b8ec6a;chunk_85e45212a9ec2c7d3cc9;chunk_4fb607bb6eeed6d5439b;chunk_044c193a6767e7277818;chunk_5278fa78b407400b5a0b;chunk_764c9d20c36c8eb636d3;chunk_4a9c5643144821aa03cd;chunk_5c925f68a32e70649023;chunk_42ce1cd78fe0605e8778;chunk_ca55fc80231a5c3ecca0;chunk_668748d072a7bc456d32;chunk_cf1a079ddaaeaeda1d5a;chunk_75d76f4c5281f97a3299;chunk_136579b2b35b688b59d7;chunk_47c168a3a60becc9765d;chunk_fa15650d62c62e69702b;chunk_f4a3410b6d3338c0e572;chunk_97ee5e389c29499944c0;chunk_04719ea392c5f65ead84;chunk_54d8af953f38709f74af;chunk_acae738833f8a58e3f42;chunk_5191863e421e5076f5ba;chunk_aa86af109d352aae184c;chunk_6d2fd61a50c48d91b66b;chunk_a7ad7a0599f88509ea33;chunk_b3c4e571de7b0b374dc9;chunk_69507c07581be476cd1c;chunk_57a6860df97269f6cd06;chunk_b50bc6dffb61e7772201;chunk_7fd152fbe4ff8f681104;chunk_4fc6d65291fb49322555;chunk_f325b9d73decf9772e7d;chunk_06ac4fb55370eb82e9eb;chunk_460f16d15d7de7e6b1d5;chunk_760d0074011528b049eb;chunk_b007bc8b2a42cb0b6440;chunk_839a50a32e20ad5f2e3d;chunk_8ce5d2c9e1c1a312cd1f;chunk_3e68d94d45f4589f85c3;chunk_bce0d887eeea5c19eef5;chunk_6e3b13012c9e0317b1a9;chunk_f597c7efc0cf7f6c6b86;chunk_62ca77c968c9eb791a79;chunk_d6c1515560c219a43a6f;chunk_c5d66fcc8ecd9eae8207;chunk_4457505fbccc57104e99;chunk_4bc7ad16b8b39af7c801;chunk_7fd7d434d5fdd6e44c59;chunk_900e439c7fe279d444bd;chunk_a776801f122110e2bd67;chunk_c750feb934ab55bc0794;chunk_f33fa11706170b96e959;chunk_6fc0f8c91301e90b9c0a;chunk_e17fc0a194035eb28d72;chunk_15fc5c258ac091c099d7;chunk_c78ef3bf228a8fa9624e;chunk_83e26e2b3945f9fa3ba9;chunk_e4357519d671b02db61f;chunk_816cb027103da1a12586;chunk_5a850a9e5d36caf46c40;chunk_3ee82ebc0c090d359f62;chunk_4c51fbc1a2701b824f32;chunk_a740c5b8e9ee1fb94ce2;chunk_ba6f252308e34a8f4ad4;chunk_c5a9e22be1d53064ec84;chunk_ae134f732c056186e183;chunk_ef3b59ee62bcdacbb475;chunk_acd05cd661c9c46dc012;chunk_85fe72ef7a50ac707b2e;chunk_8a47aeb81fa23b467592;chunk_4a1d45673b90a2200249;chunk_679f5a4d3eb956b4aae3;chunk_d8562a6d40548ea92273;chunk_16d5e061277a579abee6;chunk_5a94f1b763c35299a08e,candidate,Promoted by distinct-compound prevalence within the reported betalain fragment catalog.
frag_consensus_2d39253a7c22d2,betalain,,109.03,,class consensus fragment (109 compounds),class_consensus_frequency,109,0.7956,7,FALSE,chunk_ed6a5031b8a947980827;chunk_6732a62550715089c26f;chunk_d456e68cddac5689e179;chunk_f11b5949ce49f042c1d7;chunk_b2f5215d26a079ab47fc;chunk_48a59759c2e737bfde8f;chunk_2d9dd1faec7e052d9650;chunk_e605b162dda8c2e6ca53;chunk_0b2bb86e056f142afb34;chunk_cfb5583531162cc683f3;chunk_bf27760df9cc5cd60a6b;chunk_caeb9cdaaed3ebca22c9;chunk_e03dd2775013e8dc54c2;chunk_970baaeef6abaec64050;chunk_1f6a2b6e286cc67a4f39;chunk_5e0743ef27d6aa3983fc;chunk_6f90a71d3eda8c90215d;chunk_b8a168b67a5ebc9d319c;chunk_88375951a81847cfbe7f;chunk_fe9da9d5f0c18b666eee;chunk_b21525c614b9229e8179;chunk_ea3211529f917eac6ad0;chunk_0388405a610f5c876829;chunk_56f38b1e1a09d04a44b5;chunk_f3f0c7669494ad6035e3;chunk_8d9c86c3a5c453630c44;chunk_315fbb3caa44e4176257;chunk_f0a97fc3634ba71ac750;chunk_54126c66244e141826b7;chunk_9403b9ee5700fe0ec3bb;chunk_ec44366c20a12d85ebb2;chunk_42347cf8dbe8cdcc440f;chunk_0adee604e918694f6d82;chunk_06b8796a92c6a20988cc;chunk_7bc8e8b0de16e0b8ec6a;chunk_85e45212a9ec2c7d3cc9;chunk_c73313e3cef922fc602d;chunk_4fb607bb6eeed6d5439b;chunk_5278fa78b407400b5a0b;chunk_2e65e0feaffaefa9faf8;chunk_764c9d20c36c8eb636d3;chunk_4a9c5643144821aa03cd;chunk_5c925f68a32e70649023;chunk_42ce1cd78fe0605e8778;chunk_ca55fc80231a5c3ecca0;chunk_668748d072a7bc456d32;chunk_cf1a079ddaaeaeda1d5a;chunk_75d76f4c5281f97a3299;chunk_136579b2b35b688b59d7;chunk_47c168a3a60becc9765d;chunk_fa15650d62c62e69702b;chunk_f4a3410b6d3338c0e572;chunk_97ee5e389c29499944c0;chunk_04719ea392c5f65ead84;chunk_54d8af953f38709f74af;chunk_acae738833f8a58e3f42;chunk_5191863e421e5076f5ba;chunk_aa86af109d352aae184c;chunk_6d2fd61a50c48d91b66b;chunk_a7ad7a0599f88509ea33;chunk_b3c4e571de7b0b374dc9;chunk_69507c07581be476cd1c;chunk_57a6860df97269f6cd06;chunk_b50bc6dffb61e7772201;chunk_7fd152fbe4ff8f681104;chunk_4fc6d65291fb49322555;chunk_f325b9d73decf9772e7d;chunk_06ac4fb55370eb82e9eb;chunk_460f16d15d7de7e6b1d5;chunk_760d0074011528b049eb;chunk_b007bc8b2a42cb0b6440;chunk_839a50a32e20ad5f2e3d;chunk_8ce5d2c9e1c1a312cd1f;chunk_3e68d94d45f4589f85c3;chunk_bce0d887eeea5c19eef5;chunk_6e3b13012c9e0317b1a9;chunk_f597c7efc0cf7f6c6b86;chunk_62ca77c968c9eb791a79;chunk_d6c1515560c219a43a6f;chunk_c5d66fcc8ecd9eae8207;chunk_4457505fbccc57104e99;chunk_4bc7ad16b8b39af7c801;chunk_7fd7d434d5fdd6e44c59;chunk_900e439c7fe279d444bd;chunk_a776801f122110e2bd67;chunk_c750feb934ab55bc0794;chunk_f33fa11706170b96e959;chunk_6fc0f8c91301e90b9c0a;chunk_e17fc0a194035eb28d72;chunk_15fc5c258ac091c099d7;chunk_c78ef3bf228a8fa9624e;chunk_83e26e2b3945f9fa3ba9;chunk_e4357519d671b02db61f;chunk_816cb027103da1a12586;chunk_5a850a9e5d36caf46c40;chunk_3ee82ebc0c090d359f62;chunk_4c51fbc1a2701b824f32;chunk_a740c5b8e9ee1fb94ce2;chunk_ba6f252308e34a8f4ad4;chunk_c5a9e22be1d53064ec84;chunk_ae134f732c056186e183;chunk_ef3b59ee62bcdacbb475;chunk_acd05cd661c9c46dc012;chunk_85fe72ef7a50ac707b2e;chunk_8a47aeb81fa23b467592;chunk_4a1d45673b90a2200249;chunk_d8562a6d40548ea92273;chunk_16d5e061277a579abee6;chunk_fa19dd5fd8f7f692bd4e;chunk_5a94f1b763c35299a08e,candidate,Promoted by distinct-compound prevalence within the reported betalain fragment catalog.
frag_consensus_99c4331237329d,betalain,,107.05,,class consensus fragment (107 compounds),class_consensus_frequency,107,0.781,8,FALSE,chunk_ed6a5031b8a947980827;chunk_6732a62550715089c26f;chunk_d456e68cddac5689e179;chunk_f11b5949ce49f042c1d7;chunk_b2f5215d26a079ab47fc;chunk_48a59759c2e737bfde8f;chunk_2d9dd1faec7e052d9650;chunk_e605b162dda8c2e6ca53;chunk_0b2bb86e056f142afb34;chunk_cfb5583531162cc683f3;chunk_bf27760df9cc5cd60a6b;chunk_caeb9cdaaed3ebca22c9;chunk_e03dd2775013e8dc54c2;chunk_970baaeef6abaec64050;chunk_1f6a2b6e286cc67a4f39;chunk_5e0743ef27d6aa3983fc;chunk_6f90a71d3eda8c90215d;chunk_88375951a81847cfbe7f;chunk_ea3211529f917eac6ad0;chunk_0388405a610f5c876829;chunk_56f38b1e1a09d04a44b5;chunk_f3f0c7669494ad6035e3;chunk_8d9c86c3a5c453630c44;chunk_315fbb3caa44e4176257;chunk_f0a97fc3634ba71ac750;chunk_54126c66244e141826b7;chunk_9403b9ee5700fe0ec3bb;chunk_ec44366c20a12d85ebb2;chunk_42347cf8dbe8cdcc440f;chunk_0adee604e918694f6d82;chunk_7bc8e8b0de16e0b8ec6a;chunk_c73313e3cef922fc602d;chunk_4fb607bb6eeed6d5439b;chunk_044c193a6767e7277818;chunk_5278fa78b407400b5a0b;chunk_764c9d20c36c8eb636d3;chunk_4a9c5643144821aa03cd;chunk_5c925f68a32e70649023;chunk_42ce1cd78fe0605e8778;chunk_ca55fc80231a5c3ecca0;chunk_668748d072a7bc456d32;chunk_cf1a079ddaaeaeda1d5a;chunk_75d76f4c5281f97a3299;chunk_136579b2b35b688b59d7;chunk_47c168a3a60becc9765d;chunk_fa15650d62c62e69702b;chunk_f4a3410b6d3338c0e572;chunk_97ee5e389c29499944c0;chunk_04719ea392c5f65ead84;chunk_54d8af953f38709f74af;chunk_acae738833f8a58e3f42;chunk_5191863e421e5076f5ba;chunk_aa86af109d352aae184c;chunk_6d2fd61a50c48d91b66b;chunk_a7ad7a0599f88509ea33;chunk_b3c4e571de7b0b374dc9;chunk_69507c07581be476cd1c;chunk_57a6860df97269f6cd06;chunk_b50bc6dffb61e7772201;chunk_7fd152fbe4ff8f681104;chunk_4fc6d65291fb49322555;chunk_f325b9d73decf9772e7d;chunk_06ac4fb55370eb82e9eb;chunk_460f16d15d7de7e6b1d5;chunk_760d0074011528b049eb;chunk_b007bc8b2a42cb0b6440;chunk_839a50a32e20ad5f2e3d;chunk_8ce5d2c9e1c1a312cd1f;chunk_3e68d94d45f4589f85c3;chunk_bce0d887eeea5c19eef5;chunk_6e3b13012c9e0317b1a9;chunk_f597c7efc0cf7f6c6b86;chunk_62ca77c968c9eb791a79;chunk_d6c1515560c219a43a6f;chunk_c5d66fcc8ecd9eae8207;chunk_4457505fbccc57104e99;chunk_4bc7ad16b8b39af7c801;chunk_7fd7d434d5fdd6e44c59;chunk_900e439c7fe279d444bd;chunk_a776801f122110e2bd67;chunk_c750feb934ab55bc0794;chunk_f33fa11706170b96e959;chunk_6fc0f8c91301e90b9c0a;chunk_e17fc0a194035eb28d72;chunk_15fc5c258ac091c099d7;chunk_c78ef3bf228a8fa9624e;chunk_e4357519d671b02db61f;chunk_816cb027103da1a12586;chunk_5a850a9e5d36caf46c40;chunk_3ee82ebc0c090d359f62;chunk_4c51fbc1a2701b824f32;chunk_a740c5b8e9ee1fb94ce2;chunk_ba6f252308e34a8f4ad4;chunk_c5a9e22be1d53064ec84;chunk_ae134f732c056186e183;chunk_ef3b59ee62bcdacbb475;chunk_acd05cd661c9c46dc012;chunk_85fe72ef7a50ac707b2e;chunk_8a47aeb81fa23b467592;chunk_4a1d45673b90a2200249;chunk_48e4aa2b7a69f450ca8c;chunk_6474bca373830f34812d;chunk_87f26bb8482804888473;chunk_679f5a4d3eb956b4aae3;chunk_d8562a6d40548ea92273;chunk_16d5e061277a579abee6;chunk_fa19dd5fd8f7f692bd4e;chunk_5e9d87f58bed85017063,candidate,Promoted by distinct-compound prevalence within the reported betalain fragment catalog.
frag_consensus_c125a49ceeef42,betalain,,111.04,,class consensus fragment (105 compounds),class_consensus_frequency,105,0.7664,9,FALSE,chunk_ed6a5031b8a947980827;chunk_6732a62550715089c26f;chunk_d456e68cddac5689e179;chunk_f11b5949ce49f042c1d7;chunk_b2f5215d26a079ab47fc;chunk_48a59759c2e737bfde8f;chunk_2d9dd1faec7e052d9650;chunk_e605b162dda8c2e6ca53;chunk_0b2bb86e056f142afb34;chunk_cfb5583531162cc683f3;chunk_bf27760df9cc5cd60a6b;chunk_caeb9cdaaed3ebca22c9;chunk_e03dd2775013e8dc54c2;chunk_970baaeef6abaec64050;chunk_1f6a2b6e286cc67a4f39;chunk_5e0743ef27d6aa3983fc;chunk_6f90a71d3eda8c90215d;chunk_88375951a81847cfbe7f;chunk_ea3211529f917eac6ad0;chunk_0388405a610f5c876829;chunk_56f38b1e1a09d04a44b5;chunk_f3f0c7669494ad6035e3;chunk_f9fd5acd6896d2224f98;chunk_8d9c86c3a5c453630c44;chunk_315fbb3caa44e4176257;chunk_f0a97fc3634ba71ac750;chunk_54126c66244e141826b7;chunk_9403b9ee5700fe0ec3bb;chunk_e08af7729e27b3a0dad9;chunk_ec44366c20a12d85ebb2;chunk_0adee604e918694f6d82;chunk_06b8796a92c6a20988cc;chunk_7bc8e8b0de16e0b8ec6a;chunk_85e45212a9ec2c7d3cc9;chunk_4fb607bb6eeed6d5439b;chunk_044c193a6767e7277818;chunk_5278fa78b407400b5a0b;chunk_764c9d20c36c8eb636d3;chunk_4a9c5643144821aa03cd;chunk_5c925f68a32e70649023;chunk_42ce1cd78fe0605e8778;chunk_ca55fc80231a5c3ecca0;chunk_668748d072a7bc456d32;chunk_cf1a079ddaaeaeda1d5a;chunk_75d76f4c5281f97a3299;chunk_136579b2b35b688b59d7;chunk_47c168a3a60becc9765d;chunk_fa15650d62c62e69702b;chunk_f4a3410b6d3338c0e572;chunk_97ee5e389c29499944c0;chunk_04719ea392c5f65ead84;chunk_54d8af953f38709f74af;chunk_acae738833f8a58e3f42;chunk_5191863e421e5076f5ba;chunk_aa86af109d352aae184c;chunk_6d2fd61a50c48d91b66b;chunk_a7ad7a0599f88509ea33;chunk_b3c4e571de7b0b374dc9;chunk_69507c07581be476cd1c;chunk_57a6860df97269f6cd06;chunk_b50bc6dffb61e7772201;chunk_7fd152fbe4ff8f681104;chunk_4fc6d65291fb49322555;chunk_f325b9d73decf9772e7d;chunk_06ac4fb55370eb82e9eb;chunk_460f16d15d7de7e6b1d5;chunk_760d0074011528b049eb;chunk_b007bc8b2a42cb0b6440;chunk_839a50a32e20ad5f2e3d;chunk_8ce5d2c9e1c1a312cd1f;chunk_3e68d94d45f4589f85c3;chunk_bce0d887eeea5c19eef5;chunk_6e3b13012c9e0317b1a9;chunk_f597c7efc0cf7f6c6b86;chunk_62ca77c968c9eb791a79;chunk_d6c1515560c219a43a6f;chunk_c5d66fcc8ecd9eae8207;chunk_4457505fbccc57104e99;chunk_4bc7ad16b8b39af7c801;chunk_7fd7d434d5fdd6e44c59;chunk_900e439c7fe279d444bd;chunk_a776801f122110e2bd67;chunk_c750feb934ab55bc0794;chunk_f33fa11706170b96e959;chunk_6fc0f8c91301e90b9c0a;chunk_e17fc0a194035eb28d72;chunk_15fc5c258ac091c099d7;chunk_c78ef3bf228a8fa9624e;chunk_e4357519d671b02db61f;chunk_816cb027103da1a12586;chunk_5a850a9e5d36caf46c40;chunk_3ee82ebc0c090d359f62;chunk_4c51fbc1a2701b824f32;chunk_a740c5b8e9ee1fb94ce2;chunk_ba6f252308e34a8f4ad4;chunk_c5a9e22be1d53064ec84;chunk_ae134f732c056186e183;chunk_ef3b59ee62bcdacbb475;chunk_acd05cd661c9c46dc012;chunk_85fe72ef7a50ac707b2e;chunk_8a47aeb81fa23b467592;chunk_4a1d45673b90a2200249;chunk_a1bc81b25bcc7590d255;chunk_679f5a4d3eb956b4aae3;chunk_d8562a6d40548ea92273;chunk_16d5e061277a579abee6,candidate,Promoted by distinct-compound prevalence within the reported betalain fragment catalog.
frag_consensus_a733c5e1537bbf,betalain,,108.02,,class consensus fragment (103 compounds),class_consensus_frequency,103,0.7518,10,FALSE,chunk_ed6a5031b8a947980827;chunk_6732a62550715089c26f;chunk_d456e68cddac5689e179;chunk_f11b5949ce49f042c1d7;chunk_b2f5215d26a079ab47fc;chunk_48a59759c2e737bfde8f;chunk_2d9dd1faec7e052d9650;chunk_e605b162dda8c2e6ca53;chunk_0b2bb86e056f142afb34;chunk_cfb5583531162cc683f3;chunk_bf27760df9cc5cd60a6b;chunk_caeb9cdaaed3ebca22c9;chunk_e03dd2775013e8dc54c2;chunk_970baaeef6abaec64050;chunk_1f6a2b6e286cc67a4f39;chunk_5e0743ef27d6aa3983fc;chunk_6f90a71d3eda8c90215d;chunk_b8a168b67a5ebc9d319c;chunk_88375951a81847cfbe7f;chunk_fe9da9d5f0c18b666eee;chunk_ea3211529f917eac6ad0;chunk_0388405a610f5c876829;chunk_56f38b1e1a09d04a44b5;chunk_f3f0c7669494ad6035e3;chunk_8d9c86c3a5c453630c44;chunk_315fbb3caa44e4176257;chunk_f0a97fc3634ba71ac750;chunk_54126c66244e141826b7;chunk_9403b9ee5700fe0ec3bb;chunk_ec44366c20a12d85ebb2;chunk_42347cf8dbe8cdcc440f;chunk_0adee604e918694f6d82;chunk_7bc8e8b0de16e0b8ec6a;chunk_c73313e3cef922fc602d;chunk_5278fa78b407400b5a0b;chunk_2e65e0feaffaefa9faf8;chunk_764c9d20c36c8eb636d3;chunk_4a9c5643144821aa03cd;chunk_5c925f68a32e70649023;chunk_42ce1cd78fe0605e8778;chunk_ca55fc80231a5c3ecca0;chunk_668748d072a7bc456d32;chunk_cf1a079ddaaeaeda1d5a;chunk_75d76f4c5281f97a3299;chunk_136579b2b35b688b59d7;chunk_47c168a3a60becc9765d;chunk_fa15650d62c62e69702b;chunk_f4a3410b6d3338c0e572;chunk_97ee5e389c29499944c0;chunk_04719ea392c5f65ead84;chunk_54d8af953f38709f74af;chunk_acae738833f8a58e3f42;chunk_5191863e421e5076f5ba;chunk_aa86af109d352aae184c;chunk_6d2fd61a50c48d91b66b;chunk_a7ad7a0599f88509ea33;chunk_b3c4e571de7b0b374dc9;chunk_69507c07581be476cd1c;chunk_57a6860df97269f6cd06;chunk_b50bc6dffb61e7772201;chunk_7fd152fbe4ff8f681104;chunk_4fc6d65291fb49322555;chunk_f325b9d73decf9772e7d;chunk_06ac4fb55370eb82e9eb;chunk_460f16d15d7de7e6b1d5;chunk_760d0074011528b049eb;chunk_b007bc8b2a42cb0b6440;chunk_839a50a32e20ad5f2e3d;chunk_8ce5d2c9e1c1a312cd1f;chunk_3e68d94d45f4589f85c3;chunk_bce0d887eeea5c19eef5;chunk_6e3b13012c9e0317b1a9;chunk_f597c7efc0cf7f6c6b86;chunk_62ca77c968c9eb791a79;chunk_d6c1515560c219a43a6f;chunk_c5d66fcc8ecd9eae8207;chunk_4457505fbccc57104e99;chunk_4bc7ad16b8b39af7c801;chunk_7fd7d434d5fdd6e44c59;chunk_900e439c7fe279d444bd;chunk_a776801f122110e2bd67;chunk_c750feb934ab55bc0794;chunk_f33fa11706170b96e959;chunk_6fc0f8c91301e90b9c0a;chunk_e17fc0a194035eb28d72;chunk_15fc5c258ac091c099d7;chunk_c78ef3bf228a8fa9624e;chunk_e4357519d671b02db61f;chunk_816cb027103da1a12586;chunk_5a850a9e5d36caf46c40;chunk_3ee82ebc0c090d359f62;chunk_4c51fbc1a2701b824f32;chunk_a740c5b8e9ee1fb94ce2;chunk_ba6f252308e34a8f4ad4;chunk_c5a9e22be1d53064ec84;chunk_ae134f732c056186e183;chunk_ef3b59ee62bcdacbb475;chunk_acd05cd661c9c46dc012;chunk_85fe72ef7a50ac707b2e;chunk_8a47aeb81fa23b467592;chunk_4a1d45673b90a2200249;chunk_d8562a6d40548ea92273;chunk_16d5e061277a579abee6;chunk_5e9d87f58bed85017063,candidate,Promoted by distinct-compound prevalence within the reported betalain fragment catalog.
frag_consensus_74ec0623d31d27,betalain,,119.05,,class consensus fragment (103 compounds),class_consensus_frequency,103,0.7518,11,FALSE,chunk_ed6a5031b8a947980827;chunk_6732a62550715089c26f;chunk_d456e68cddac5689e179;chunk_f11b5949ce49f042c1d7;chunk_b2f5215d26a079ab47fc;chunk_48a59759c2e737bfde8f;chunk_2d9dd1faec7e052d9650;chunk_e605b162dda8c2e6ca53;chunk_0b2bb86e056f142afb34;chunk_cfb5583531162cc683f3;chunk_bf27760df9cc5cd60a6b;chunk_caeb9cdaaed3ebca22c9;chunk_e03dd2775013e8dc54c2;chunk_970baaeef6abaec64050;chunk_1f6a2b6e286cc67a4f39;chunk_5e0743ef27d6aa3983fc;chunk_6f90a71d3eda8c90215d;chunk_88375951a81847cfbe7f;chunk_ea3211529f917eac6ad0;chunk_0388405a610f5c876829;chunk_56f38b1e1a09d04a44b5;chunk_f3f0c7669494ad6035e3;chunk_8d9c86c3a5c453630c44;chunk_315fbb3caa44e4176257;chunk_f0a97fc3634ba71ac750;chunk_54126c66244e141826b7;chunk_9403b9ee5700fe0ec3bb;chunk_ec44366c20a12d85ebb2;chunk_42347cf8dbe8cdcc440f;chunk_0adee604e918694f6d82;chunk_7bc8e8b0de16e0b8ec6a;chunk_c73313e3cef922fc602d;chunk_5278fa78b407400b5a0b;chunk_764c9d20c36c8eb636d3;chunk_4a9c5643144821aa03cd;chunk_5c925f68a32e70649023;chunk_42ce1cd78fe0605e8778;chunk_ca55fc80231a5c3ecca0;chunk_668748d072a7bc456d32;chunk_cf1a079ddaaeaeda1d5a;chunk_75d76f4c5281f97a3299;chunk_136579b2b35b688b59d7;chunk_47c168a3a60becc9765d;chunk_fa15650d62c62e69702b;chunk_f4a3410b6d3338c0e572;chunk_97ee5e389c29499944c0;chunk_04719ea392c5f65ead84;chunk_54d8af953f38709f74af;chunk_acae738833f8a58e3f42;chunk_5191863e421e5076f5ba;chunk_aa86af109d352aae184c;chunk_6d2fd61a50c48d91b66b;chunk_a7ad7a0599f88509ea33;chunk_b3c4e571de7b0b374dc9;chunk_69507c07581be476cd1c;chunk_57a6860df97269f6cd06;chunk_b50bc6dffb61e7772201;chunk_7fd152fbe4ff8f681104;chunk_4fc6d65291fb49322555;chunk_f325b9d73decf9772e7d;chunk_06ac4fb55370eb82e9eb;chunk_460f16d15d7de7e6b1d5;chunk_760d0074011528b049eb;chunk_b007bc8b2a42cb0b6440;chunk_839a50a32e20ad5f2e3d;chunk_8ce5d2c9e1c1a312cd1f;chunk_3e68d94d45f4589f85c3;chunk_bce0d887eeea5c19eef5;chunk_6e3b13012c9e0317b1a9;chunk_f597c7efc0cf7f6c6b86;chunk_62ca77c968c9eb791a79;chunk_d6c1515560c219a43a6f;chunk_c5d66fcc8ecd9eae8207;chunk_4457505fbccc57104e99;chunk_4bc7ad16b8b39af7c801;chunk_7fd7d434d5fdd6e44c59;chunk_900e439c7fe279d444bd;chunk_a776801f122110e2bd67;chunk_c750feb934ab55bc0794;chunk_f33fa11706170b96e959;chunk_6fc0f8c91301e90b9c0a;chunk_e17fc0a194035eb28d72;chunk_15fc5c258ac091c099d7;chunk_c78ef3bf228a8fa9624e;chunk_e4357519d671b02db61f;chunk_816cb027103da1a12586;chunk_5a850a9e5d36caf46c40;chunk_3ee82ebc0c090d359f62;chunk_4c51fbc1a2701b824f32;chunk_a740c5b8e9ee1fb94ce2;chunk_ba6f252308e34a8f4ad4;chunk_c5a9e22be1d53064ec84;chunk_ae134f732c056186e183;chunk_ef3b59ee62bcdacbb475;chunk_acd05cd661c9c46dc012;chunk_85fe72ef7a50ac707b2e;chunk_8a47aeb81fa23b467592;chunk_4a1d45673b90a2200249;chunk_87f26bb8482804888473;chunk_679f5a4d3eb956b4aae3;chunk_d8562a6d40548ea92273;chunk_16d5e061277a579abee6;chunk_fa19dd5fd8f7f692bd4e;chunk_5e9d87f58bed85017063,candidate,Promoted by distinct-compound prevalence within the reported betalain fragment catalog.
frag_consensus_97837e31c3e673,betalain,,205.06,,class consensus fragment (103 compounds),class_consensus_frequency,103,0.7518,12,FALSE,chunk_ed6a5031b8a947980827;chunk_6732a62550715089c26f;chunk_d456e68cddac5689e179;chunk_f11b5949ce49f042c1d7;chunk_b2f5215d26a079ab47fc;chunk_48a59759c2e737bfde8f;chunk_2d9dd1faec7e052d9650;chunk_e605b162dda8c2e6ca53;chunk_0b2bb86e056f142afb34;chunk_cfb5583531162cc683f3;chunk_bf27760df9cc5cd60a6b;chunk_caeb9cdaaed3ebca22c9;chunk_e03dd2775013e8dc54c2;chunk_970baaeef6abaec64050;chunk_1f6a2b6e286cc67a4f39;chunk_5e0743ef27d6aa3983fc;chunk_6f90a71d3eda8c90215d;chunk_88375951a81847cfbe7f;chunk_ea3211529f917eac6ad0;chunk_0388405a610f5c876829;chunk_56f38b1e1a09d04a44b5;chunk_f3f0c7669494ad6035e3;chunk_f9fd5acd6896d2224f98;chunk_8d9c86c3a5c453630c44;chunk_315fbb3caa44e4176257;chunk_f0a97fc3634ba71ac750;chunk_54126c66244e141826b7;chunk_e08af7729e27b3a0dad9;chunk_31399bbdeee90281f9cd;chunk_85e45212a9ec2c7d3cc9;chunk_764c9d20c36c8eb636d3;chunk_4a9c5643144821aa03cd;chunk_5c925f68a32e70649023;chunk_42ce1cd78fe0605e8778;chunk_ca55fc80231a5c3ecca0;chunk_668748d072a7bc456d32;chunk_cf1a079ddaaeaeda1d5a;chunk_75d76f4c5281f97a3299;chunk_136579b2b35b688b59d7;chunk_47c168a3a60becc9765d;chunk_fa15650d62c62e69702b;chunk_f4a3410b6d3338c0e572;chunk_97ee5e389c29499944c0;chunk_04719ea392c5f65ead84;chunk_54d8af953f38709f74af;chunk_acae738833f8a58e3f42;chunk_5191863e421e5076f5ba;chunk_6d2fd61a50c48d91b66b;chunk_a7ad7a0599f88509ea33;chunk_b3c4e571de7b0b374dc9;chunk_69507c07581be476cd1c;chunk_57a6860df97269f6cd06;chunk_b50bc6dffb61e7772201;chunk_7fd152fbe4ff8f681104;chunk_4fc6d65291fb49322555;chunk_f325b9d73decf9772e7d;chunk_06ac4fb55370eb82e9eb;chunk_460f16d15d7de7e6b1d5;chunk_760d0074011528b049eb;chunk_b007bc8b2a42cb0b6440;chunk_839a50a32e20ad5f2e3d;chunk_8ce5d2c9e1c1a312cd1f;chunk_3e68d94d45f4589f85c3;chunk_bce0d887eeea5c19eef5;chunk_6e3b13012c9e0317b1a9;chunk_f597c7efc0cf7f6c6b86;chunk_62ca77c968c9eb791a79;chunk_d6c1515560c219a43a6f;chunk_c5d66fcc8ecd9eae8207;chunk_4457505fbccc57104e99;chunk_4bc7ad16b8b39af7c801;chunk_7fd7d434d5fdd6e44c59;chunk_900e439c7fe279d444bd;chunk_a776801f122110e2bd67;chunk_c750feb934ab55bc0794;chunk_f33fa11706170b96e959;chunk_6fc0f8c91301e90b9c0a;chunk_e17fc0a194035eb28d72;chunk_15fc5c258ac091c099d7;chunk_c78ef3bf228a8fa9624e;chunk_48e4aa2b7a69f450ca8c;chunk_6474bca373830f34812d;chunk_5169ef13c098eb092bf9;chunk_a1bc81b25bcc7590d255;chunk_61daccb90448e0d9a673;chunk_36c78afba06ba1e52a2f;chunk_561f5b4fa06bda5f1c35;chunk_96b6bde7cd77473ff9d5;chunk_ed8e8f0b475ee8ef053c;chunk_088ea7a48d53c790b861;chunk_1321ddef870f43c42156;chunk_970b844f45eca99ed427;chunk_99bdf8ac75990809d6c6;chunk_882488fe688adcf4fc7d;chunk_87f26bb8482804888473;chunk_ff851145ecfc9a2a3279;chunk_78213e6b122c69974eae;chunk_eac3a05374d4daf9d70b;chunk_d8562a6d40548ea92273;chunk_16d5e061277a579abee6;chunk_fa19dd5fd8f7f692bd4e;chunk_5e9d87f58bed85017063;chunk_55f4ba57f7fa400d40fb;chunk_5a94f1b763c35299a08e,candidate,Promoted by distinct-compound prevalence within the reported betalain fragment catalog.
frag_consensus_0c0dd809c76a42,betalain,,135.04,,class consensus fragment (101 compounds),class_consensus_frequency,101,0.7372,13,FALSE,chunk_ed6a5031b8a947980827;chunk_6732a62550715089c26f;chunk_d456e68cddac5689e179;chunk_f11b5949ce49f042c1d7;chunk_b2f5215d26a079ab47fc;chunk_48a59759c2e737bfde8f;chunk_2d9dd1faec7e052d9650;chunk_e605b162dda8c2e6ca53;chunk_0b2bb86e056f142afb34;chunk_cfb5583531162cc683f3;chunk_bf27760df9cc5cd60a6b;chunk_caeb9cdaaed3ebca22c9;chunk_e03dd2775013e8dc54c2;chunk_970baaeef6abaec64050;chunk_1f6a2b6e286cc67a4f39;chunk_5e0743ef27d6aa3983fc;chunk_6f90a71d3eda8c90215d;chunk_88375951a81847cfbe7f;chunk_ea3211529f917eac6ad0;chunk_0388405a610f5c876829;chunk_56f38b1e1a09d04a44b5;chunk_f3f0c7669494ad6035e3;chunk_f9fd5acd6896d2224f98;chunk_8d9c86c3a5c453630c44;chunk_315fbb3caa44e4176257;chunk_f0a97fc3634ba71ac750;chunk_54126c66244e141826b7;chunk_9403b9ee5700fe0ec3bb;chunk_ec44366c20a12d85ebb2;chunk_0adee604e918694f6d82;chunk_06b8796a92c6a20988cc;chunk_7bc8e8b0de16e0b8ec6a;chunk_044c193a6767e7277818;chunk_5278fa78b407400b5a0b;chunk_764c9d20c36c8eb636d3;chunk_4a9c5643144821aa03cd;chunk_5c925f68a32e70649023;chunk_42ce1cd78fe0605e8778;chunk_ca55fc80231a5c3ecca0;chunk_668748d072a7bc456d32;chunk_cf1a079ddaaeaeda1d5a;chunk_75d76f4c5281f97a3299;chunk_136579b2b35b688b59d7;chunk_47c168a3a60becc9765d;chunk_fa15650d62c62e69702b;chunk_f4a3410b6d3338c0e572;chunk_97ee5e389c29499944c0;chunk_04719ea392c5f65ead84;chunk_54d8af953f38709f74af;chunk_acae738833f8a58e3f42;chunk_5191863e421e5076f5ba;chunk_aa86af109d352aae184c;chunk_6d2fd61a50c48d91b66b;chunk_a7ad7a0599f88509ea33;chunk_b3c4e571de7b0b374dc9;chunk_69507c07581be476cd1c;chunk_57a6860df97269f6cd06;chunk_b50bc6dffb61e7772201;chunk_7fd152fbe4ff8f681104;chunk_4fc6d65291fb49322555;chunk_f325b9d73decf9772e7d;chunk_06ac4fb55370eb82e9eb;chunk_460f16d15d7de7e6b1d5;chunk_760d0074011528b049eb;chunk_b007bc8b2a42cb0b6440;chunk_839a50a32e20ad5f2e3d;chunk_8ce5d2c9e1c1a312cd1f;chunk_3e68d94d45f4589f85c3;chunk_bce0d887eeea5c19eef5;chunk_6e3b13012c9e0317b1a9;chunk_f597c7efc0cf7f6c6b86;chunk_62ca77c968c9eb791a79;chunk_d6c1515560c219a43a6f;chunk_c5d66fcc8ecd9eae8207;chunk_4457505fbccc57104e99;chunk_4bc7ad16b8b39af7c801;chunk_7fd7d434d5fdd6e44c59;chunk_900e439c7fe279d444bd;chunk_a776801f122110e2bd67;chunk_c750feb934ab55bc0794;chunk_f33fa11706170b96e959;chunk_6fc0f8c91301e90b9c0a;chunk_e17fc0a194035eb28d72;chunk_15fc5c258ac091c099d7;chunk_c78ef3bf228a8fa9624e;chunk_e4357519d671b02db61f;chunk_816cb027103da1a12586;chunk_5a850a9e5d36caf46c40;chunk_3ee82ebc0c090d359f62;chunk_4c51fbc1a2701b824f32;chunk_a740c5b8e9ee1fb94ce2;chunk_ba6f252308e34a8f4ad4;chunk_c5a9e22be1d53064ec84;chunk_ae134f732c056186e183;chunk_ef3b59ee62bcdacbb475;chunk_acd05cd661c9c46dc012;chunk_85fe72ef7a50ac707b2e;chunk_8a47aeb81fa23b467592;chunk_4a1d45673b90a2200249;chunk_679f5a4d3eb956b4aae3;chunk_d8562a6d40548ea92273;chunk_16d5e061277a579abee6,candidate,Promoted by distinct-compound prevalence within the reported betalain fragment catalog.
frag_consensus_85a51ae94c0702,betalain,,329.11,,class consensus fragment (101 compounds),class_consensus_frequency,101,0.7372,14,FALSE,chunk_ed6a5031b8a947980827;chunk_6732a62550715089c26f;chunk_d456e68cddac5689e179;chunk_f11b5949ce49f042c1d7;chunk_b2f5215d26a079ab47fc;chunk_48a59759c2e737bfde8f;chunk_2d9dd1faec7e052d9650;chunk_e605b162dda8c2e6ca53;chunk_0b2bb86e056f142afb34;chunk_cfb5583531162cc683f3;chunk_bf27760df9cc5cd60a6b;chunk_caeb9cdaaed3ebca22c9;chunk_e03dd2775013e8dc54c2;chunk_970baaeef6abaec64050;chunk_1f6a2b6e286cc67a4f39;chunk_5e0743ef27d6aa3983fc;chunk_6f90a71d3eda8c90215d;chunk_b8a168b67a5ebc9d319c;chunk_88375951a81847cfbe7f;chunk_fe9da9d5f0c18b666eee;chunk_b21525c614b9229e8179;chunk_ea3211529f917eac6ad0;chunk_0388405a610f5c876829;chunk_56f38b1e1a09d04a44b5;chunk_f3f0c7669494ad6035e3;chunk_f9fd5acd6896d2224f98;chunk_8d9c86c3a5c453630c44;chunk_315fbb3caa44e4176257;chunk_f0a97fc3634ba71ac750;chunk_54126c66244e141826b7;chunk_e08af7729e27b3a0dad9;chunk_ec44366c20a12d85ebb2;chunk_31399bbdeee90281f9cd;chunk_85e45212a9ec2c7d3cc9;chunk_4fb607bb6eeed6d5439b;chunk_044c193a6767e7277818;chunk_2e65e0feaffaefa9faf8;chunk_764c9d20c36c8eb636d3;chunk_4a9c5643144821aa03cd;chunk_5c925f68a32e70649023;chunk_42ce1cd78fe0605e8778;chunk_ca55fc80231a5c3ecca0;chunk_668748d072a7bc456d32;chunk_cf1a079ddaaeaeda1d5a;chunk_75d76f4c5281f97a3299;chunk_136579b2b35b688b59d7;chunk_47c168a3a60becc9765d;chunk_fa15650d62c62e69702b;chunk_f4a3410b6d3338c0e572;chunk_97ee5e389c29499944c0;chunk_04719ea392c5f65ead84;chunk_54d8af953f38709f74af;chunk_acae738833f8a58e3f42;chunk_5191863e421e5076f5ba;chunk_6d2fd61a50c48d91b66b;chunk_a7ad7a0599f88509ea33;chunk_b3c4e571de7b0b374dc9;chunk_69507c07581be476cd1c;chunk_57a6860df97269f6cd06;chunk_b50bc6dffb61e7772201;chunk_7fd152fbe4ff8f681104;chunk_4fc6d65291fb49322555;chunk_f325b9d73decf9772e7d;chunk_06ac4fb55370eb82e9eb;chunk_460f16d15d7de7e6b1d5;chunk_760d0074011528b049eb;chunk_b007bc8b2a42cb0b6440;chunk_839a50a32e20ad5f2e3d;chunk_8ce5d2c9e1c1a312cd1f;chunk_3e68d94d45f4589f85c3;chunk_bce0d887eeea5c19eef5;chunk_6e3b13012c9e0317b1a9;chunk_f597c7efc0cf7f6c6b86;chunk_62ca77c968c9eb791a79;chunk_d6c1515560c219a43a6f;chunk_c5d66fcc8ecd9eae8207;chunk_4457505fbccc57104e99;chunk_4bc7ad16b8b39af7c801;chunk_7fd7d434d5fdd6e44c59;chunk_900e439c7fe279d444bd;chunk_a776801f122110e2bd67;chunk_c750feb934ab55bc0794;chunk_f33fa11706170b96e959;chunk_6fc0f8c91301e90b9c0a;chunk_e17fc0a194035eb28d72;chunk_15fc5c258ac091c099d7;chunk_c78ef3bf228a8fa9624e;chunk_83e26e2b3945f9fa3ba9;chunk_3ee82ebc0c090d359f62;chunk_4c51fbc1a2701b824f32;chunk_a740c5b8e9ee1fb94ce2;chunk_ba6f252308e34a8f4ad4;chunk_ae134f732c056186e183;chunk_ef3b59ee62bcdacbb475;chunk_acd05cd661c9c46dc012;chunk_85fe72ef7a50ac707b2e;chunk_8a47aeb81fa23b467592;chunk_4a1d45673b90a2200249;chunk_87f26bb8482804888473;chunk_679f5a4d3eb956b4aae3;chunk_16d5e061277a579abee6;chunk_5e9d87f58bed85017063,candidate,Promoted by distinct-compound prevalence within the reported betalain fragment catalog.
frag_consensus_86fb72b3c246d4,betalain,,106.04,,class consensus fragment (100 compounds),class_consensus_frequency,100,0.7299,15,FALSE,chunk_ed6a5031b8a947980827;chunk_6732a62550715089c26f;chunk_d456e68cddac5689e179;chunk_f11b5949ce49f042c1d7;chunk_b2f5215d26a079ab47fc;chunk_48a59759c2e737bfde8f;chunk_2d9dd1faec7e052d9650;chunk_e605b162dda8c2e6ca53;chunk_0b2bb86e056f142afb34;chunk_cfb5583531162cc683f3;chunk_bf27760df9cc5cd60a6b;chunk_caeb9cdaaed3ebca22c9;chunk_e03dd2775013e8dc54c2;chunk_970baaeef6abaec64050;chunk_1f6a2b6e286cc67a4f39;chunk_5e0743ef27d6aa3983fc;chunk_6f90a71d3eda8c90215d;chunk_88375951a81847cfbe7f;chunk_ea3211529f917eac6ad0;chunk_0388405a610f5c876829;chunk_56f38b1e1a09d04a44b5;chunk_f3f0c7669494ad6035e3;chunk_8d9c86c3a5c453630c44;chunk_315fbb3caa44e4176257;chunk_f0a97fc3634ba71ac750;chunk_54126c66244e141826b7;chunk_9403b9ee5700fe0ec3bb;chunk_ec44366c20a12d85ebb2;chunk_0adee604e918694f6d82;chunk_7bc8e8b0de16e0b8ec6a;chunk_5278fa78b407400b5a0b;chunk_764c9d20c36c8eb636d3;chunk_4a9c5643144821aa03cd;chunk_5c925f68a32e70649023;chunk_42ce1cd78fe0605e8778;chunk_ca55fc80231a5c3ecca0;chunk_668748d072a7bc456d32;chunk_cf1a079ddaaeaeda1d5a;chunk_75d76f4c5281f97a3299;chunk_136579b2b35b688b59d7;chunk_47c168a3a60becc9765d;chunk_fa15650d62c62e69702b;chunk_f4a3410b6d3338c0e572;chunk_97ee5e389c29499944c0;chunk_04719ea392c5f65ead84;chunk_54d8af953f38709f74af;chunk_acae738833f8a58e3f42;chunk_5191863e421e5076f5ba;chunk_aa86af109d352aae184c;chunk_6d2fd61a50c48d91b66b;chunk_a7ad7a0599f88509ea33;chunk_b3c4e571de7b0b374dc9;chunk_69507c07581be476cd1c;chunk_57a6860df97269f6cd06;chunk_b50bc6dffb61e7772201;chunk_7fd152fbe4ff8f681104;chunk_4fc6d65291fb49322555;chunk_f325b9d73decf9772e7d;chunk_06ac4fb55370eb82e9eb;chunk_460f16d15d7de7e6b1d5;chunk_760d0074011528b049eb;chunk_b007bc8b2a42cb0b6440;chunk_839a50a32e20ad5f2e3d;chunk_8ce5d2c9e1c1a312cd1f;chunk_3e68d94d45f4589f85c3;chunk_bce0d887eeea5c19eef5;chunk_6e3b13012c9e0317b1a9;chunk_f597c7efc0cf7f6c6b86;chunk_62ca77c968c9eb791a79;chunk_d6c1515560c219a43a6f;chunk_c5d66fcc8ecd9eae8207;chunk_4457505fbccc57104e99;chunk_4bc7ad16b8b39af7c801;chunk_7fd7d434d5fdd6e44c59;chunk_900e439c7fe279d444bd;chunk_a776801f122110e2bd67;chunk_c750feb934ab55bc0794;chunk_f33fa11706170b96e959;chunk_6fc0f8c91301e90b9c0a;chunk_e17fc0a194035eb28d72;chunk_15fc5c258ac091c099d7;chunk_c78ef3bf228a8fa9624e;chunk_e4357519d671b02db61f;chunk_816cb027103da1a12586;chunk_5a850a9e5d36caf46c40;chunk_3ee82ebc0c090d359f62;chunk_4c51fbc1a2701b824f32;chunk_a740c5b8e9ee1fb94ce2;chunk_ba6f252308e34a8f4ad4;chunk_c5a9e22be1d53064ec84;chunk_ae134f732c056186e183;chunk_ef3b59ee62bcdacbb475;chunk_acd05cd661c9c46dc012;chunk_85fe72ef7a50ac707b2e;chunk_8a47aeb81fa23b467592;chunk_4a1d45673b90a2200249;chunk_679f5a4d3eb956b4aae3;chunk_d8562a6d40548ea92273;chunk_16d5e061277a579abee6;chunk_fa19dd5fd8f7f692bd4e;chunk_5e9d87f58bed85017063,candidate,Promoted by distinct-compound prevalence within the reported betalain fragment catalog.
frag_consensus_10eb54317d1b3b,betalain,,177.04,,class consensus fragment (100 compounds),class_consensus_frequency,100,0.7299,16,FALSE,chunk_ed6a5031b8a947980827;chunk_6732a62550715089c26f;chunk_d456e68cddac5689e179;chunk_f11b5949ce49f042c1d7;chunk_b2f5215d26a079ab47fc;chunk_48a59759c2e737bfde8f;chunk_2d9dd1faec7e052d9650;chunk_e605b162dda8c2e6ca53;chunk_0b2bb86e056f142afb34;chunk_cfb5583531162cc683f3;chunk_bf27760df9cc5cd60a6b;chunk_caeb9cdaaed3ebca22c9;chunk_e03dd2775013e8dc54c2;chunk_970baaeef6abaec64050;chunk_1f6a2b6e286cc67a4f39;chunk_5e0743ef27d6aa3983fc;chunk_6f90a71d3eda8c90215d;chunk_b8a168b67a5ebc9d319c;chunk_88375951a81847cfbe7f;chunk_fe9da9d5f0c18b666eee;chunk_b21525c614b9229e8179;chunk_ea3211529f917eac6ad0;chunk_0388405a610f5c876829;chunk_56f38b1e1a09d04a44b5;chunk_f3f0c7669494ad6035e3;chunk_f9fd5acd6896d2224f98;chunk_8d9c86c3a5c453630c44;chunk_315fbb3caa44e4176257;chunk_9403b9ee5700fe0ec3bb;chunk_e08af7729e27b3a0dad9;chunk_0adee604e918694f6d82;chunk_06b8796a92c6a20988cc;chunk_31399bbdeee90281f9cd;chunk_7bc8e8b0de16e0b8ec6a;chunk_044c193a6767e7277818;chunk_5278fa78b407400b5a0b;chunk_2e65e0feaffaefa9faf8;chunk_764c9d20c36c8eb636d3;chunk_4a9c5643144821aa03cd;chunk_5c925f68a32e70649023;chunk_42ce1cd78fe0605e8778;chunk_ca55fc80231a5c3ecca0;chunk_668748d072a7bc456d32;chunk_cf1a079ddaaeaeda1d5a;chunk_75d76f4c5281f97a3299;chunk_136579b2b35b688b59d7;chunk_47c168a3a60becc9765d;chunk_fa15650d62c62e69702b;chunk_f4a3410b6d3338c0e572;chunk_97ee5e389c29499944c0;chunk_04719ea392c5f65ead84;chunk_54d8af953f38709f74af;chunk_acae738833f8a58e3f42;chunk_5191863e421e5076f5ba;chunk_aa86af109d352aae184c;chunk_6d2fd61a50c48d91b66b;chunk_a7ad7a0599f88509ea33;chunk_b3c4e571de7b0b374dc9;chunk_69507c07581be476cd1c;chunk_57a6860df97269f6cd06;chunk_b50bc6dffb61e7772201;chunk_7fd152fbe4ff8f681104;chunk_4fc6d65291fb49322555;chunk_f325b9d73decf9772e7d;chunk_06ac4fb55370eb82e9eb;chunk_b007bc8b2a42cb0b6440;chunk_839a50a32e20ad5f2e3d;chunk_8ce5d2c9e1c1a312cd1f;chunk_3e68d94d45f4589f85c3;chunk_bce0d887eeea5c19eef5;chunk_6e3b13012c9e0317b1a9;chunk_f597c7efc0cf7f6c6b86;chunk_62ca77c968c9eb791a79;chunk_d6c1515560c219a43a6f;chunk_c5d66fcc8ecd9eae8207;chunk_4457505fbccc57104e99;chunk_4bc7ad16b8b39af7c801;chunk_7fd7d434d5fdd6e44c59;chunk_900e439c7fe279d444bd;chunk_a776801f122110e2bd67;chunk_c750feb934ab55bc0794;chunk_f33fa11706170b96e959;chunk_6fc0f8c91301e90b9c0a;chunk_e17fc0a194035eb28d72;chunk_15fc5c258ac091c099d7;chunk_c78ef3bf228a8fa9624e;chunk_83e26e2b3945f9fa3ba9;chunk_e4357519d671b02db61f;chunk_816cb027103da1a12586;chunk_5a850a9e5d36caf46c40;chunk_3ee82ebc0c090d359f62;chunk_4c51fbc1a2701b824f32;chunk_a740c5b8e9ee1fb94ce2;chunk_ba6f252308e34a8f4ad4;chunk_c5a9e22be1d53064ec84;chunk_ae134f732c056186e183;chunk_ef3b59ee62bcdacbb475;chunk_acd05cd661c9c46dc012;chunk_85fe72ef7a50ac707b2e;chunk_8a47aeb81fa23b467592;chunk_4a1d45673b90a2200249,candidate,Promoted by distinct-compound prevalence within the reported betalain fragment catalog.
frag_consensus_25561d68e97601,betalain,,211.07,,class consensus fragment (100 compounds),class_consensus_frequency,100,0.7299,17,FALSE,chunk_ed6a5031b8a947980827;chunk_6732a62550715089c26f;chunk_d456e68cddac5689e179;chunk_f11b5949ce49f042c1d7;chunk_b2f5215d26a079ab47fc;chunk_48a59759c2e737bfde8f;chunk_2d9dd1faec7e052d9650;chunk_e605b162dda8c2e6ca53;chunk_0b2bb86e056f142afb34;chunk_cfb5583531162cc683f3;chunk_bf27760df9cc5cd60a6b;chunk_caeb9cdaaed3ebca22c9;chunk_e03dd2775013e8dc54c2;chunk_970baaeef6abaec64050;chunk_1f6a2b6e286cc67a4f39;chunk_5e0743ef27d6aa3983fc;chunk_6f90a71d3eda8c90215d;chunk_f9fd5acd6896d2224f98;chunk_f0a97fc3634ba71ac750;chunk_54126c66244e141826b7;chunk_764c9d20c36c8eb636d3;chunk_4a9c5643144821aa03cd;chunk_5c925f68a32e70649023;chunk_42ce1cd78fe0605e8778;chunk_ca55fc80231a5c3ecca0;chunk_668748d072a7bc456d32;chunk_cf1a079ddaaeaeda1d5a;chunk_75d76f4c5281f97a3299;chunk_136579b2b35b688b59d7;chunk_47c168a3a60becc9765d;chunk_fa15650d62c62e69702b;chunk_f4a3410b6d3338c0e572;chunk_97ee5e389c29499944c0;chunk_04719ea392c5f65ead84;chunk_6d2fd61a50c48d91b66b;chunk_a7ad7a0599f88509ea33;chunk_b3c4e571de7b0b374dc9;chunk_69507c07581be476cd1c;chunk_57a6860df97269f6cd06;chunk_b50bc6dffb61e7772201;chunk_7fd152fbe4ff8f681104;chunk_4fc6d65291fb49322555;chunk_f325b9d73decf9772e7d;chunk_06ac4fb55370eb82e9eb;chunk_460f16d15d7de7e6b1d5;chunk_760d0074011528b049eb;chunk_839a50a32e20ad5f2e3d;chunk_8ce5d2c9e1c1a312cd1f;chunk_3e68d94d45f4589f85c3;chunk_bce0d887eeea5c19eef5;chunk_6e3b13012c9e0317b1a9;chunk_f597c7efc0cf7f6c6b86;chunk_62ca77c968c9eb791a79;chunk_d6c1515560c219a43a6f;chunk_c5d66fcc8ecd9eae8207;chunk_4457505fbccc57104e99;chunk_900e439c7fe279d444bd;chunk_a776801f122110e2bd67;chunk_c750feb934ab55bc0794;chunk_f33fa11706170b96e959;chunk_6fc0f8c91301e90b9c0a;chunk_e17fc0a194035eb28d72;chunk_15fc5c258ac091c099d7;chunk_c78ef3bf228a8fa9624e;chunk_3ee82ebc0c090d359f62;chunk_4c51fbc1a2701b824f32;chunk_a740c5b8e9ee1fb94ce2;chunk_ba6f252308e34a8f4ad4;chunk_ae134f732c056186e183;chunk_ef3b59ee62bcdacbb475;chunk_acd05cd661c9c46dc012;chunk_85fe72ef7a50ac707b2e;chunk_8a47aeb81fa23b467592;chunk_4a1d45673b90a2200249;chunk_48e4aa2b7a69f450ca8c;chunk_6474bca373830f34812d;chunk_5169ef13c098eb092bf9;chunk_a1bc81b25bcc7590d255;chunk_61daccb90448e0d9a673;chunk_36c78afba06ba1e52a2f;chunk_561f5b4fa06bda5f1c35;chunk_96b6bde7cd77473ff9d5;chunk_ed8e8f0b475ee8ef053c;chunk_088ea7a48d53c790b861;chunk_09c69a20059ff9a19a08;chunk_1321ddef870f43c42156;chunk_970b844f45eca99ed427;chunk_99bdf8ac75990809d6c6;chunk_882488fe688adcf4fc7d;chunk_87f26bb8482804888473;chunk_679f5a4d3eb956b4aae3;chunk_0af0079c8054597ad4ff;chunk_ff851145ecfc9a2a3279;chunk_78213e6b122c69974eae;chunk_eac3a05374d4daf9d70b;chunk_d8562a6d40548ea92273;chunk_16d5e061277a579abee6;chunk_fa19dd5fd8f7f692bd4e;chunk_5e9d87f58bed85017063;chunk_55f4ba57f7fa400d40fb;chunk_5a94f1b763c35299a08e;claim_c8033ade537057dc,candidate,Promoted by distinct-compound prevalence within the reported betalain fragment catalog.
frag_consensus_017dcb4eb069f5,betalain,,235.07,,class consensus fragment (100 compounds),class_consensus_frequency,100,0.7299,18,FALSE,chunk_ed6a5031b8a947980827;chunk_6732a62550715089c26f;chunk_d456e68cddac5689e179;chunk_f11b5949ce49f042c1d7;chunk_b2f5215d26a079ab47fc;chunk_48a59759c2e737bfde8f;chunk_2d9dd1faec7e052d9650;chunk_e605b162dda8c2e6ca53;chunk_0b2bb86e056f142afb34;chunk_cfb5583531162cc683f3;chunk_bf27760df9cc5cd60a6b;chunk_caeb9cdaaed3ebca22c9;chunk_e03dd2775013e8dc54c2;chunk_970baaeef6abaec64050;chunk_1f6a2b6e286cc67a4f39;chunk_5e0743ef27d6aa3983fc;chunk_6f90a71d3eda8c90215d;chunk_b8a168b67a5ebc9d319c;chunk_fe9da9d5f0c18b666eee;chunk_f9fd5acd6896d2224f98;chunk_9403b9ee5700fe0ec3bb;chunk_e08af7729e27b3a0dad9;chunk_ec44366c20a12d85ebb2;chunk_0adee604e918694f6d82;chunk_7bc8e8b0de16e0b8ec6a;chunk_5278fa78b407400b5a0b;chunk_764c9d20c36c8eb636d3;chunk_4a9c5643144821aa03cd;chunk_5c925f68a32e70649023;chunk_42ce1cd78fe0605e8778;chunk_ca55fc80231a5c3ecca0;chunk_668748d072a7bc456d32;chunk_cf1a079ddaaeaeda1d5a;chunk_75d76f4c5281f97a3299;chunk_136579b2b35b688b59d7;chunk_47c168a3a60becc9765d;chunk_fa15650d62c62e69702b;chunk_f4a3410b6d3338c0e572;chunk_97ee5e389c29499944c0;chunk_04719ea392c5f65ead84;chunk_aa86af109d352aae184c;chunk_6d2fd61a50c48d91b66b;chunk_a7ad7a0599f88509ea33;chunk_b3c4e571de7b0b374dc9;chunk_69507c07581be476cd1c;chunk_57a6860df97269f6cd06;chunk_b50bc6dffb61e7772201;chunk_7fd152fbe4ff8f681104;chunk_4fc6d65291fb49322555;chunk_f325b9d73decf9772e7d;chunk_06ac4fb55370eb82e9eb;chunk_839a50a32e20ad5f2e3d;chunk_8ce5d2c9e1c1a312cd1f;chunk_3e68d94d45f4589f85c3;chunk_bce0d887eeea5c19eef5;chunk_6e3b13012c9e0317b1a9;chunk_f597c7efc0cf7f6c6b86;chunk_62ca77c968c9eb791a79;chunk_d6c1515560c219a43a6f;chunk_c5d66fcc8ecd9eae8207;chunk_4457505fbccc57104e99;chunk_900e439c7fe279d444bd;chunk_a776801f122110e2bd67;chunk_c750feb934ab55bc0794;chunk_f33fa11706170b96e959;chunk_6fc0f8c91301e90b9c0a;chunk_e17fc0a194035eb28d72;chunk_15fc5c258ac091c099d7;chunk_c78ef3bf228a8fa9624e;chunk_3ee82ebc0c090d359f62;chunk_4c51fbc1a2701b824f32;chunk_a740c5b8e9ee1fb94ce2;chunk_ba6f252308e34a8f4ad4;chunk_ae134f732c056186e183;chunk_ef3b59ee62bcdacbb475;chunk_acd05cd661c9c46dc012;chunk_85fe72ef7a50ac707b2e;chunk_8a47aeb81fa23b467592;chunk_4a1d45673b90a2200249;chunk_6474bca373830f34812d;chunk_5169ef13c098eb092bf9;chunk_a1bc81b25bcc7590d255;chunk_61daccb90448e0d9a673;chunk_36c78afba06ba1e52a2f;chunk_561f5b4fa06bda5f1c35;chunk_96b6bde7cd77473ff9d5;chunk_ed8e8f0b475ee8ef053c;chunk_088ea7a48d53c790b861;chunk_09c69a20059ff9a19a08;chunk_882488fe688adcf4fc7d;chunk_87f26bb8482804888473;chunk_679f5a4d3eb956b4aae3;chunk_0af0079c8054597ad4ff;chunk_ff851145ecfc9a2a3279;chunk_78213e6b122c69974eae;chunk_d8562a6d40548ea92273;chunk_16d5e061277a579abee6;chunk_fa19dd5fd8f7f692bd4e;chunk_5e9d87f58bed85017063;chunk_55f4ba57f7fa400d40fb;chunk_5a94f1b763c35299a08e,candidate,Promoted by distinct-compound prevalence within the reported betalain fragment catalog.
frag_consensus_0f4726552c0cc4,betalain,,303.1,,class consensus fragment (100 compounds),class_consensus_frequency,100,0.7299,19,FALSE,chunk_ed6a5031b8a947980827;chunk_6732a62550715089c26f;chunk_d456e68cddac5689e179;chunk_f11b5949ce49f042c1d7;chunk_b2f5215d26a079ab47fc;chunk_48a59759c2e737bfde8f;chunk_2d9dd1faec7e052d9650;chunk_e605b162dda8c2e6ca53;chunk_0b2bb86e056f142afb34;chunk_cfb5583531162cc683f3;chunk_bf27760df9cc5cd60a6b;chunk_caeb9cdaaed3ebca22c9;chunk_e03dd2775013e8dc54c2;chunk_970baaeef6abaec64050;chunk_1f6a2b6e286cc67a4f39;chunk_5e0743ef27d6aa3983fc;chunk_6f90a71d3eda8c90215d;chunk_b8a168b67a5ebc9d319c;chunk_88375951a81847cfbe7f;chunk_fe9da9d5f0c18b666eee;chunk_ea3211529f917eac6ad0;chunk_0388405a610f5c876829;chunk_56f38b1e1a09d04a44b5;chunk_f3f0c7669494ad6035e3;chunk_f9fd5acd6896d2224f98;chunk_8d9c86c3a5c453630c44;chunk_315fbb3caa44e4176257;chunk_f0a97fc3634ba71ac750;chunk_54126c66244e141826b7;chunk_ec44366c20a12d85ebb2;chunk_764c9d20c36c8eb636d3;chunk_4a9c5643144821aa03cd;chunk_5c925f68a32e70649023;chunk_42ce1cd78fe0605e8778;chunk_ca55fc80231a5c3ecca0;chunk_668748d072a7bc456d32;chunk_cf1a079ddaaeaeda1d5a;chunk_75d76f4c5281f97a3299;chunk_136579b2b35b688b59d7;chunk_47c168a3a60becc9765d;chunk_fa15650d62c62e69702b;chunk_f4a3410b6d3338c0e572;chunk_97ee5e389c29499944c0;chunk_04719ea392c5f65ead84;chunk_54d8af953f38709f74af;chunk_acae738833f8a58e3f42;chunk_5191863e421e5076f5ba;chunk_6d2fd61a50c48d91b66b;chunk_a7ad7a0599f88509ea33;chunk_b3c4e571de7b0b374dc9;chunk_69507c07581be476cd1c;chunk_57a6860df97269f6cd06;chunk_b50bc6dffb61e7772201;chunk_7fd152fbe4ff8f681104;chunk_4fc6d65291fb49322555;chunk_f325b9d73decf9772e7d;chunk_06ac4fb55370eb82e9eb;chunk_460f16d15d7de7e6b1d5;chunk_760d0074011528b049eb;chunk_b007bc8b2a42cb0b6440;chunk_839a50a32e20ad5f2e3d;chunk_8ce5d2c9e1c1a312cd1f;chunk_3e68d94d45f4589f85c3;chunk_bce0d887eeea5c19eef5;chunk_6e3b13012c9e0317b1a9;chunk_f597c7efc0cf7f6c6b86;chunk_62ca77c968c9eb791a79;chunk_d6c1515560c219a43a6f;chunk_c5d66fcc8ecd9eae8207;chunk_4457505fbccc57104e99;chunk_4bc7ad16b8b39af7c801;chunk_7fd7d434d5fdd6e44c59;chunk_900e439c7fe279d444bd;chunk_a776801f122110e2bd67;chunk_c750feb934ab55bc0794;chunk_f33fa11706170b96e959;chunk_6fc0f8c91301e90b9c0a;chunk_e17fc0a194035eb28d72;chunk_15fc5c258ac091c099d7;chunk_c78ef3bf228a8fa9624e;chunk_83e26e2b3945f9fa3ba9;chunk_e4357519d671b02db61f;chunk_816cb027103da1a12586;chunk_5a850a9e5d36caf46c40;chunk_3ee82ebc0c090d359f62;chunk_4c51fbc1a2701b824f32;chunk_a740c5b8e9ee1fb94ce2;chunk_ba6f252308e34a8f4ad4;chunk_ae134f732c056186e183;chunk_ef3b59ee62bcdacbb475;chunk_acd05cd661c9c46dc012;chunk_85fe72ef7a50ac707b2e;chunk_8a47aeb81fa23b467592;chunk_4a1d45673b90a2200249;chunk_a1bc81b25bcc7590d255;chunk_970b844f45eca99ed427;chunk_99bdf8ac75990809d6c6;chunk_882488fe688adcf4fc7d;chunk_679f5a4d3eb956b4aae3;chunk_16d5e061277a579abee6;chunk_5a94f1b763c35299a08e,candidate,Promoted by distinct-compound prevalence within the reported betalain fragment catalog.
frag_consensus_b38a5628f84b3f,betalain,,326.09,,class consensus fragment (100 compounds),class_consensus_frequency,100,0.7299,20,FALSE,chunk_ed6a5031b8a947980827;chunk_6732a62550715089c26f;chunk_d456e68cddac5689e179;chunk_f11b5949ce49f042c1d7;chunk_b2f5215d26a079ab47fc;chunk_48a59759c2e737bfde8f;chunk_2d9dd1faec7e052d9650;chunk_e605b162dda8c2e6ca53;chunk_0b2bb86e056f142afb34;chunk_cfb5583531162cc683f3;chunk_bf27760df9cc5cd60a6b;chunk_caeb9cdaaed3ebca22c9;chunk_e03dd2775013e8dc54c2;chunk_970baaeef6abaec64050;chunk_1f6a2b6e286cc67a4f39;chunk_5e0743ef27d6aa3983fc;chunk_6f90a71d3eda8c90215d;chunk_b8a168b67a5ebc9d319c;chunk_88375951a81847cfbe7f;chunk_fe9da9d5f0c18b666eee;chunk_b21525c614b9229e8179;chunk_ea3211529f917eac6ad0;chunk_0388405a610f5c876829;chunk_56f38b1e1a09d04a44b5;chunk_f3f0c7669494ad6035e3;chunk_f9fd5acd6896d2224f98;chunk_8d9c86c3a5c453630c44;chunk_315fbb3caa44e4176257;chunk_f0a97fc3634ba71ac750;chunk_54126c66244e141826b7;chunk_9403b9ee5700fe0ec3bb;chunk_e08af7729e27b3a0dad9;chunk_ec44366c20a12d85ebb2;chunk_42347cf8dbe8cdcc440f;chunk_31399bbdeee90281f9cd;chunk_c73313e3cef922fc602d;chunk_4fb607bb6eeed6d5439b;chunk_044c193a6767e7277818;chunk_5278fa78b407400b5a0b;chunk_764c9d20c36c8eb636d3;chunk_4a9c5643144821aa03cd;chunk_5c925f68a32e70649023;chunk_42ce1cd78fe0605e8778;chunk_ca55fc80231a5c3ecca0;chunk_668748d072a7bc456d32;chunk_cf1a079ddaaeaeda1d5a;chunk_75d76f4c5281f97a3299;chunk_136579b2b35b688b59d7;chunk_47c168a3a60becc9765d;chunk_fa15650d62c62e69702b;chunk_f4a3410b6d3338c0e572;chunk_97ee5e389c29499944c0;chunk_04719ea392c5f65ead84;chunk_54d8af953f38709f74af;chunk_acae738833f8a58e3f42;chunk_5191863e421e5076f5ba;chunk_6d2fd61a50c48d91b66b;chunk_a7ad7a0599f88509ea33;chunk_b3c4e571de7b0b374dc9;chunk_69507c07581be476cd1c;chunk_57a6860df97269f6cd06;chunk_b50bc6dffb61e7772201;chunk_7fd152fbe4ff8f681104;chunk_4fc6d65291fb49322555;chunk_f325b9d73decf9772e7d;chunk_06ac4fb55370eb82e9eb;chunk_460f16d15d7de7e6b1d5;chunk_760d0074011528b049eb;chunk_b007bc8b2a42cb0b6440;chunk_839a50a32e20ad5f2e3d;chunk_8ce5d2c9e1c1a312cd1f;chunk_3e68d94d45f4589f85c3;chunk_bce0d887eeea5c19eef5;chunk_6e3b13012c9e0317b1a9;chunk_f597c7efc0cf7f6c6b86;chunk_62ca77c968c9eb791a79;chunk_d6c1515560c219a43a6f;chunk_c5d66fcc8ecd9eae8207;chunk_4457505fbccc57104e99;chunk_4bc7ad16b8b39af7c801;chunk_7fd7d434d5fdd6e44c59;chunk_c750feb934ab55bc0794;chunk_f33fa11706170b96e959;chunk_6fc0f8c91301e90b9c0a;chunk_e17fc0a194035eb28d72;chunk_15fc5c258ac091c099d7;chunk_c78ef3bf228a8fa9624e;chunk_83e26e2b3945f9fa3ba9;chunk_3ee82ebc0c090d359f62;chunk_4c51fbc1a2701b824f32;chunk_a740c5b8e9ee1fb94ce2;chunk_ba6f252308e34a8f4ad4;chunk_ae134f732c056186e183;chunk_ef3b59ee62bcdacbb475;chunk_acd05cd661c9c46dc012;chunk_85fe72ef7a50ac707b2e;chunk_8a47aeb81fa23b467592;chunk_4a1d45673b90a2200249;chunk_679f5a4d3eb956b4aae3;chunk_d8562a6d40548ea92273;chunk_16d5e061277a579abee6,candidate,Promoted by distinct-compound prevalence within the reported betalain fragment catalog.
frag_consensus_c4c7f5797e3b26,betalain,,233.06,,class consensus fragment (99 compounds),class_consensus_frequency,99,0.7226,21,FALSE,chunk_ed6a5031b8a947980827;chunk_6732a62550715089c26f;chunk_d456e68cddac5689e179;chunk_f11b5949ce49f042c1d7;chunk_b2f5215d26a079ab47fc;chunk_48a59759c2e737bfde8f;chunk_2d9dd1faec7e052d9650;chunk_e605b162dda8c2e6ca53;chunk_0b2bb86e056f142afb34;chunk_cfb5583531162cc683f3;chunk_bf27760df9cc5cd60a6b;chunk_caeb9cdaaed3ebca22c9;chunk_e03dd2775013e8dc54c2;chunk_970baaeef6abaec64050;chunk_1f6a2b6e286cc67a4f39;chunk_5e0743ef27d6aa3983fc;chunk_6f90a71d3eda8c90215d;chunk_9403b9ee5700fe0ec3bb;chunk_e08af7729e27b3a0dad9;chunk_ec44366c20a12d85ebb2;chunk_42347cf8dbe8cdcc440f;chunk_0adee604e918694f6d82;chunk_7bc8e8b0de16e0b8ec6a;chunk_85e45212a9ec2c7d3cc9;chunk_4fb607bb6eeed6d5439b;chunk_5278fa78b407400b5a0b;chunk_764c9d20c36c8eb636d3;chunk_4a9c5643144821aa03cd;chunk_5c925f68a32e70649023;chunk_42ce1cd78fe0605e8778;chunk_ca55fc80231a5c3ecca0;chunk_668748d072a7bc456d32;chunk_cf1a079ddaaeaeda1d5a;chunk_75d76f4c5281f97a3299;chunk_136579b2b35b688b59d7;chunk_47c168a3a60becc9765d;chunk_fa15650d62c62e69702b;chunk_f4a3410b6d3338c0e572;chunk_97ee5e389c29499944c0;chunk_04719ea392c5f65ead84;chunk_aa86af109d352aae184c;chunk_6d2fd61a50c48d91b66b;chunk_a7ad7a0599f88509ea33;chunk_b3c4e571de7b0b374dc9;chunk_69507c07581be476cd1c;chunk_57a6860df97269f6cd06;chunk_b50bc6dffb61e7772201;chunk_7fd152fbe4ff8f681104;chunk_4fc6d65291fb49322555;chunk_f325b9d73decf9772e7d;chunk_06ac4fb55370eb82e9eb;chunk_839a50a32e20ad5f2e3d;chunk_8ce5d2c9e1c1a312cd1f;chunk_3e68d94d45f4589f85c3;chunk_bce0d887eeea5c19eef5;chunk_6e3b13012c9e0317b1a9;chunk_f597c7efc0cf7f6c6b86;chunk_62ca77c968c9eb791a79;chunk_d6c1515560c219a43a6f;chunk_c5d66fcc8ecd9eae8207;chunk_4457505fbccc57104e99;chunk_900e439c7fe279d444bd;chunk_a776801f122110e2bd67;chunk_c750feb934ab55bc0794;chunk_f33fa11706170b96e959;chunk_6fc0f8c91301e90b9c0a;chunk_e17fc0a194035eb28d72;chunk_15fc5c258ac091c099d7;chunk_c78ef3bf228a8fa9624e;chunk_e4357519d671b02db61f;chunk_816cb027103da1a12586;chunk_5a850a9e5d36caf46c40;chunk_3ee82ebc0c090d359f62;chunk_4c51fbc1a2701b824f32;chunk_a740c5b8e9ee1fb94ce2;chunk_ba6f252308e34a8f4ad4;chunk_c5a9e22be1d53064ec84;chunk_ae134f732c056186e183;chunk_ef3b59ee62bcdacbb475;chunk_acd05cd661c9c46dc012;chunk_85fe72ef7a50ac707b2e;chunk_8a47aeb81fa23b467592;chunk_4a1d45673b90a2200249;chunk_6474bca373830f34812d;chunk_5169ef13c098eb092bf9;chunk_61daccb90448e0d9a673;chunk_36c78afba06ba1e52a2f;chunk_561f5b4fa06bda5f1c35;chunk_96b6bde7cd77473ff9d5;chunk_ed8e8f0b475ee8ef053c;chunk_088ea7a48d53c790b861;chunk_970b844f45eca99ed427;chunk_99bdf8ac75990809d6c6;chunk_87f26bb8482804888473;chunk_679f5a4d3eb956b4aae3;chunk_0af0079c8054597ad4ff;chunk_ff851145ecfc9a2a3279;chunk_78213e6b122c69974eae;chunk_55f4ba57f7fa400d40fb;chunk_5a94f1b763c35299a08e,candidate,Promoted by distinct-compound prevalence within the reported betalain fragment catalog.
frag_consensus_c173f01d7d1587,betalain,,355.09,,class consensus fragment (99 compounds),class_consensus_frequency,99,0.7226,22,FALSE,chunk_ed6a5031b8a947980827;chunk_6732a62550715089c26f;chunk_d456e68cddac5689e179;chunk_f11b5949ce49f042c1d7;chunk_b2f5215d26a079ab47fc;chunk_48a59759c2e737bfde8f;chunk_2d9dd1faec7e052d9650;chunk_e605b162dda8c2e6ca53;chunk_0b2bb86e056f142afb34;chunk_cfb5583531162cc683f3;chunk_bf27760df9cc5cd60a6b;chunk_caeb9cdaaed3ebca22c9;chunk_e03dd2775013e8dc54c2;chunk_970baaeef6abaec64050;chunk_1f6a2b6e286cc67a4f39;chunk_5e0743ef27d6aa3983fc;chunk_6f90a71d3eda8c90215d;chunk_b8a168b67a5ebc9d319c;chunk_88375951a81847cfbe7f;chunk_fe9da9d5f0c18b666eee;chunk_b21525c614b9229e8179;chunk_ea3211529f917eac6ad0;chunk_56f38b1e1a09d04a44b5;chunk_f3f0c7669494ad6035e3;chunk_f9fd5acd6896d2224f98;chunk_315fbb3caa44e4176257;chunk_9403b9ee5700fe0ec3bb;chunk_e08af7729e27b3a0dad9;chunk_ec44366c20a12d85ebb2;chunk_0adee604e918694f6d82;chunk_31399bbdeee90281f9cd;chunk_7bc8e8b0de16e0b8ec6a;chunk_85e45212a9ec2c7d3cc9;chunk_c73313e3cef922fc602d;chunk_4fb607bb6eeed6d5439b;chunk_044c193a6767e7277818;chunk_5278fa78b407400b5a0b;chunk_764c9d20c36c8eb636d3;chunk_4a9c5643144821aa03cd;chunk_5c925f68a32e70649023;chunk_42ce1cd78fe0605e8778;chunk_ca55fc80231a5c3ecca0;chunk_668748d072a7bc456d32;chunk_cf1a079ddaaeaeda1d5a;chunk_75d76f4c5281f97a3299;chunk_136579b2b35b688b59d7;chunk_47c168a3a60becc9765d;chunk_fa15650d62c62e69702b;chunk_f4a3410b6d3338c0e572;chunk_97ee5e389c29499944c0;chunk_04719ea392c5f65ead84;chunk_54d8af953f38709f74af;chunk_acae738833f8a58e3f42;chunk_5191863e421e5076f5ba;chunk_aa86af109d352aae184c;chunk_6d2fd61a50c48d91b66b;chunk_a7ad7a0599f88509ea33;chunk_b3c4e571de7b0b374dc9;chunk_69507c07581be476cd1c;chunk_57a6860df97269f6cd06;chunk_b50bc6dffb61e7772201;chunk_7fd152fbe4ff8f681104;chunk_4fc6d65291fb49322555;chunk_f325b9d73decf9772e7d;chunk_06ac4fb55370eb82e9eb;chunk_b007bc8b2a42cb0b6440;chunk_839a50a32e20ad5f2e3d;chunk_8ce5d2c9e1c1a312cd1f;chunk_3e68d94d45f4589f85c3;chunk_bce0d887eeea5c19eef5;chunk_6e3b13012c9e0317b1a9;chunk_f597c7efc0cf7f6c6b86;chunk_62ca77c968c9eb791a79;chunk_d6c1515560c219a43a6f;chunk_c5d66fcc8ecd9eae8207;chunk_4457505fbccc57104e99;chunk_900e439c7fe279d444bd;chunk_a776801f122110e2bd67;chunk_c750feb934ab55bc0794;chunk_f33fa11706170b96e959;chunk_6fc0f8c91301e90b9c0a;chunk_e17fc0a194035eb28d72;chunk_15fc5c258ac091c099d7;chunk_c78ef3bf228a8fa9624e;chunk_83e26e2b3945f9fa3ba9;chunk_e4357519d671b02db61f;chunk_816cb027103da1a12586;chunk_5a850a9e5d36caf46c40;chunk_3ee82ebc0c090d359f62;chunk_4c51fbc1a2701b824f32;chunk_a740c5b8e9ee1fb94ce2;chunk_ba6f252308e34a8f4ad4;chunk_c5a9e22be1d53064ec84;chunk_ae134f732c056186e183;chunk_ef3b59ee62bcdacbb475;chunk_acd05cd661c9c46dc012;chunk_85fe72ef7a50ac707b2e;chunk_8a47aeb81fa23b467592;chunk_4a1d45673b90a2200249;chunk_16d5e061277a579abee6,candidate,Promoted by distinct-compound prevalence within the reported betalain fragment catalog.
frag_consensus_e65d063b0b6014,betalain,,255.09,,class consensus fragment (98 compounds),class_consensus_frequency,98,0.7153,23,FALSE,chunk_ed6a5031b8a947980827;chunk_6732a62550715089c26f;chunk_d456e68cddac5689e179;chunk_f11b5949ce49f042c1d7;chunk_b2f5215d26a079ab47fc;chunk_48a59759c2e737bfde8f;chunk_e605b162dda8c2e6ca53;chunk_0b2bb86e056f142afb34;chunk_cfb5583531162cc683f3;chunk_bf27760df9cc5cd60a6b;chunk_caeb9cdaaed3ebca22c9;chunk_e03dd2775013e8dc54c2;chunk_970baaeef6abaec64050;chunk_1f6a2b6e286cc67a4f39;chunk_5e0743ef27d6aa3983fc;chunk_6f90a71d3eda8c90215d;chunk_b8a168b67a5ebc9d319c;chunk_88375951a81847cfbe7f;chunk_fe9da9d5f0c18b666eee;chunk_ea3211529f917eac6ad0;chunk_0388405a610f5c876829;chunk_56f38b1e1a09d04a44b5;chunk_f3f0c7669494ad6035e3;chunk_8d9c86c3a5c453630c44;chunk_315fbb3caa44e4176257;chunk_f0a97fc3634ba71ac750;chunk_54126c66244e141826b7;chunk_9403b9ee5700fe0ec3bb;chunk_ec44366c20a12d85ebb2;chunk_42347cf8dbe8cdcc440f;chunk_0adee604e918694f6d82;chunk_7bc8e8b0de16e0b8ec6a;chunk_4fb607bb6eeed6d5439b;chunk_044c193a6767e7277818;chunk_5278fa78b407400b5a0b;chunk_2e65e0feaffaefa9faf8;chunk_764c9d20c36c8eb636d3;chunk_4a9c5643144821aa03cd;chunk_5c925f68a32e70649023;chunk_42ce1cd78fe0605e8778;chunk_ca55fc80231a5c3ecca0;chunk_668748d072a7bc456d32;chunk_cf1a079ddaaeaeda1d5a;chunk_75d76f4c5281f97a3299;chunk_136579b2b35b688b59d7;chunk_47c168a3a60becc9765d;chunk_fa15650d62c62e69702b;chunk_f4a3410b6d3338c0e572;chunk_97ee5e389c29499944c0;chunk_04719ea392c5f65ead84;chunk_54d8af953f38709f74af;chunk_acae738833f8a58e3f42;chunk_5191863e421e5076f5ba;chunk_aa86af109d352aae184c;chunk_6d2fd61a50c48d91b66b;chunk_a7ad7a0599f88509ea33;chunk_b3c4e571de7b0b374dc9;chunk_69507c07581be476cd1c;chunk_57a6860df97269f6cd06;chunk_b50bc6dffb61e7772201;chunk_7fd152fbe4ff8f681104;chunk_4fc6d65291fb49322555;chunk_f325b9d73decf9772e7d;chunk_06ac4fb55370eb82e9eb;chunk_460f16d15d7de7e6b1d5;chunk_760d0074011528b049eb;chunk_b007bc8b2a42cb0b6440;chunk_839a50a32e20ad5f2e3d;chunk_8ce5d2c9e1c1a312cd1f;chunk_3e68d94d45f4589f85c3;chunk_bce0d887eeea5c19eef5;chunk_6e3b13012c9e0317b1a9;chunk_f597c7efc0cf7f6c6b86;chunk_62ca77c968c9eb791a79;chunk_d6c1515560c219a43a6f;chunk_c5d66fcc8ecd9eae8207;chunk_4457505fbccc57104e99;chunk_900e439c7fe279d444bd;chunk_a776801f122110e2bd67;chunk_c750feb934ab55bc0794;chunk_f33fa11706170b96e959;chunk_6fc0f8c91301e90b9c0a;chunk_e17fc0a194035eb28d72;chunk_15fc5c258ac091c099d7;chunk_c78ef3bf228a8fa9624e;chunk_e4357519d671b02db61f;chunk_816cb027103da1a12586;chunk_5a850a9e5d36caf46c40;chunk_3ee82ebc0c090d359f62;chunk_4c51fbc1a2701b824f32;chunk_a740c5b8e9ee1fb94ce2;chunk_ba6f252308e34a8f4ad4;chunk_c5a9e22be1d53064ec84;chunk_ae134f732c056186e183;chunk_ef3b59ee62bcdacbb475;chunk_acd05cd661c9c46dc012;chunk_85fe72ef7a50ac707b2e;chunk_8a47aeb81fa23b467592;chunk_4a1d45673b90a2200249,candidate,Promoted by distinct-compound prevalence within the reported betalain fragment catalog.
frag_consensus_5fd30dd252c3da,betalain,,337.08,,class consensus fragment (96 compounds),class_consensus_frequency,96,0.7007,24,FALSE,chunk_ed6a5031b8a947980827;chunk_6732a62550715089c26f;chunk_d456e68cddac5689e179;chunk_f11b5949ce49f042c1d7;chunk_b2f5215d26a079ab47fc;chunk_48a59759c2e737bfde8f;chunk_2d9dd1faec7e052d9650;chunk_e605b162dda8c2e6ca53;chunk_0b2bb86e056f142afb34;chunk_cfb5583531162cc683f3;chunk_bf27760df9cc5cd60a6b;chunk_caeb9cdaaed3ebca22c9;chunk_e03dd2775013e8dc54c2;chunk_970baaeef6abaec64050;chunk_1f6a2b6e286cc67a4f39;chunk_5e0743ef27d6aa3983fc;chunk_6f90a71d3eda8c90215d;chunk_b8a168b67a5ebc9d319c;chunk_88375951a81847cfbe7f;chunk_fe9da9d5f0c18b666eee;chunk_b21525c614b9229e8179;chunk_ea3211529f917eac6ad0;chunk_56f38b1e1a09d04a44b5;chunk_f3f0c7669494ad6035e3;chunk_315fbb3caa44e4176257;chunk_9403b9ee5700fe0ec3bb;chunk_e08af7729e27b3a0dad9;chunk_0adee604e918694f6d82;chunk_31399bbdeee90281f9cd;chunk_7bc8e8b0de16e0b8ec6a;chunk_85e45212a9ec2c7d3cc9;chunk_5278fa78b407400b5a0b;chunk_764c9d20c36c8eb636d3;chunk_4a9c5643144821aa03cd;chunk_5c925f68a32e70649023;chunk_42ce1cd78fe0605e8778;chunk_ca55fc80231a5c3ecca0;chunk_668748d072a7bc456d32;chunk_cf1a079ddaaeaeda1d5a;chunk_75d76f4c5281f97a3299;chunk_136579b2b35b688b59d7;chunk_47c168a3a60becc9765d;chunk_fa15650d62c62e69702b;chunk_f4a3410b6d3338c0e572;chunk_97ee5e389c29499944c0;chunk_04719ea392c5f65ead84;chunk_54d8af953f38709f74af;chunk_acae738833f8a58e3f42;chunk_5191863e421e5076f5ba;chunk_aa86af109d352aae184c;chunk_6d2fd61a50c48d91b66b;chunk_a7ad7a0599f88509ea33;chunk_b3c4e571de7b0b374dc9;chunk_69507c07581be476cd1c;chunk_57a6860df97269f6cd06;chunk_b50bc6dffb61e7772201;chunk_7fd152fbe4ff8f681104;chunk_4fc6d65291fb49322555;chunk_f325b9d73decf9772e7d;chunk_06ac4fb55370eb82e9eb;chunk_b007bc8b2a42cb0b6440;chunk_839a50a32e20ad5f2e3d;chunk_8ce5d2c9e1c1a312cd1f;chunk_3e68d94d45f4589f85c3;chunk_bce0d887eeea5c19eef5;chunk_6e3b13012c9e0317b1a9;chunk_f597c7efc0cf7f6c6b86;chunk_62ca77c968c9eb791a79;chunk_d6c1515560c219a43a6f;chunk_c5d66fcc8ecd9eae8207;chunk_4457505fbccc57104e99;chunk_900e439c7fe279d444bd;chunk_a776801f122110e2bd67;chunk_c750feb934ab55bc0794;chunk_f33fa11706170b96e959;chunk_6fc0f8c91301e90b9c0a;chunk_e17fc0a194035eb28d72;chunk_15fc5c258ac091c099d7;chunk_c78ef3bf228a8fa9624e;chunk_83e26e2b3945f9fa3ba9;chunk_e4357519d671b02db61f;chunk_816cb027103da1a12586;chunk_5a850a9e5d36caf46c40;chunk_3ee82ebc0c090d359f62;chunk_4c51fbc1a2701b824f32;chunk_a740c5b8e9ee1fb94ce2;chunk_ba6f252308e34a8f4ad4;chunk_c5a9e22be1d53064ec84;chunk_ae134f732c056186e183;chunk_ef3b59ee62bcdacbb475;chunk_acd05cd661c9c46dc012;chunk_85fe72ef7a50ac707b2e;chunk_8a47aeb81fa23b467592;chunk_4a1d45673b90a2200249;chunk_87f26bb8482804888473;chunk_679f5a4d3eb956b4aae3;chunk_16d5e061277a579abee6,candidate,Promoted by distinct-compound prevalence within the reported betalain fragment catalog.
frag_consensus_d820eb1d3e67d0,betalain,,287.1,,class consensus fragment (95 compounds),class_consensus_frequency,95,0.6934,25,FALSE,chunk_ed6a5031b8a947980827;chunk_6732a62550715089c26f;chunk_d456e68cddac5689e179;chunk_f11b5949ce49f042c1d7;chunk_b2f5215d26a079ab47fc;chunk_48a59759c2e737bfde8f;chunk_2d9dd1faec7e052d9650;chunk_e605b162dda8c2e6ca53;chunk_0b2bb86e056f142afb34;chunk_cfb5583531162cc683f3;chunk_bf27760df9cc5cd60a6b;chunk_caeb9cdaaed3ebca22c9;chunk_e03dd2775013e8dc54c2;chunk_970baaeef6abaec64050;chunk_1f6a2b6e286cc67a4f39;chunk_5e0743ef27d6aa3983fc;chunk_6f90a71d3eda8c90215d;chunk_b8a168b67a5ebc9d319c;chunk_88375951a81847cfbe7f;chunk_fe9da9d5f0c18b666eee;chunk_ea3211529f917eac6ad0;chunk_0388405a610f5c876829;chunk_56f38b1e1a09d04a44b5;chunk_f3f0c7669494ad6035e3;chunk_f9fd5acd6896d2224f98;chunk_8d9c86c3a5c453630c44;chunk_315fbb3caa44e4176257;chunk_f0a97fc3634ba71ac750;chunk_54126c66244e141826b7;chunk_764c9d20c36c8eb636d3;chunk_4a9c5643144821aa03cd;chunk_5c925f68a32e70649023;chunk_42ce1cd78fe0605e8778;chunk_ca55fc80231a5c3ecca0;chunk_668748d072a7bc456d32;chunk_cf1a079ddaaeaeda1d5a;chunk_75d76f4c5281f97a3299;chunk_136579b2b35b688b59d7;chunk_47c168a3a60becc9765d;chunk_fa15650d62c62e69702b;chunk_f4a3410b6d3338c0e572;chunk_97ee5e389c29499944c0;chunk_04719ea392c5f65ead84;chunk_54d8af953f38709f74af;chunk_acae738833f8a58e3f42;chunk_5191863e421e5076f5ba;chunk_6d2fd61a50c48d91b66b;chunk_a7ad7a0599f88509ea33;chunk_b3c4e571de7b0b374dc9;chunk_69507c07581be476cd1c;chunk_57a6860df97269f6cd06;chunk_b50bc6dffb61e7772201;chunk_7fd152fbe4ff8f681104;chunk_4fc6d65291fb49322555;chunk_f325b9d73decf9772e7d;chunk_06ac4fb55370eb82e9eb;chunk_460f16d15d7de7e6b1d5;chunk_760d0074011528b049eb;chunk_b007bc8b2a42cb0b6440;chunk_839a50a32e20ad5f2e3d;chunk_8ce5d2c9e1c1a312cd1f;chunk_3e68d94d45f4589f85c3;chunk_bce0d887eeea5c19eef5;chunk_6e3b13012c9e0317b1a9;chunk_f597c7efc0cf7f6c6b86;chunk_62ca77c968c9eb791a79;chunk_d6c1515560c219a43a6f;chunk_c5d66fcc8ecd9eae8207;chunk_4457505fbccc57104e99;chunk_4bc7ad16b8b39af7c801;chunk_7fd7d434d5fdd6e44c59;chunk_900e439c7fe279d444bd;chunk_a776801f122110e2bd67;chunk_c750feb934ab55bc0794;chunk_f33fa11706170b96e959;chunk_6fc0f8c91301e90b9c0a;chunk_e17fc0a194035eb28d72;chunk_15fc5c258ac091c099d7;chunk_c78ef3bf228a8fa9624e;chunk_83e26e2b3945f9fa3ba9;chunk_3ee82ebc0c090d359f62;chunk_4c51fbc1a2701b824f32;chunk_a740c5b8e9ee1fb94ce2;chunk_ba6f252308e34a8f4ad4;chunk_ae134f732c056186e183;chunk_ef3b59ee62bcdacbb475;chunk_acd05cd661c9c46dc012;chunk_85fe72ef7a50ac707b2e;chunk_8a47aeb81fa23b467592;chunk_4a1d45673b90a2200249;chunk_a1bc81b25bcc7590d255;chunk_970b844f45eca99ed427;chunk_99bdf8ac75990809d6c6;chunk_87f26bb8482804888473;chunk_679f5a4d3eb956b4aae3;chunk_5e9d87f58bed85017063,candidate,Promoted by distinct-compound prevalence within the reported betalain fragment catalog.
frag_consensus_ed69977e2e14e1,betalain,,165.05,,class consensus fragment (94 compounds),class_consensus_frequency,94,0.6861,26,FALSE,chunk_ed6a5031b8a947980827;chunk_6732a62550715089c26f;chunk_d456e68cddac5689e179;chunk_f11b5949ce49f042c1d7;chunk_b2f5215d26a079ab47fc;chunk_48a59759c2e737bfde8f;chunk_2d9dd1faec7e052d9650;chunk_e605b162dda8c2e6ca53;chunk_0b2bb86e056f142afb34;chunk_cfb5583531162cc683f3;chunk_bf27760df9cc5cd60a6b;chunk_caeb9cdaaed3ebca22c9;chunk_e03dd2775013e8dc54c2;chunk_970baaeef6abaec64050;chunk_1f6a2b6e286cc67a4f39;chunk_5e0743ef27d6aa3983fc;chunk_6f90a71d3eda8c90215d;chunk_88375951a81847cfbe7f;chunk_ea3211529f917eac6ad0;chunk_0388405a610f5c876829;chunk_56f38b1e1a09d04a44b5;chunk_f3f0c7669494ad6035e3;chunk_8d9c86c3a5c453630c44;chunk_315fbb3caa44e4176257;chunk_9403b9ee5700fe0ec3bb;chunk_ec44366c20a12d85ebb2;chunk_0adee604e918694f6d82;chunk_31399bbdeee90281f9cd;chunk_7bc8e8b0de16e0b8ec6a;chunk_85e45212a9ec2c7d3cc9;chunk_5278fa78b407400b5a0b;chunk_764c9d20c36c8eb636d3;chunk_4a9c5643144821aa03cd;chunk_5c925f68a32e70649023;chunk_42ce1cd78fe0605e8778;chunk_ca55fc80231a5c3ecca0;chunk_668748d072a7bc456d32;chunk_cf1a079ddaaeaeda1d5a;chunk_75d76f4c5281f97a3299;chunk_136579b2b35b688b59d7;chunk_47c168a3a60becc9765d;chunk_fa15650d62c62e69702b;chunk_f4a3410b6d3338c0e572;chunk_97ee5e389c29499944c0;chunk_04719ea392c5f65ead84;chunk_54d8af953f38709f74af;chunk_acae738833f8a58e3f42;chunk_5191863e421e5076f5ba;chunk_aa86af109d352aae184c;chunk_6d2fd61a50c48d91b66b;chunk_a7ad7a0599f88509ea33;chunk_b3c4e571de7b0b374dc9;chunk_69507c07581be476cd1c;chunk_57a6860df97269f6cd06;chunk_b50bc6dffb61e7772201;chunk_7fd152fbe4ff8f681104;chunk_4fc6d65291fb49322555;chunk_f325b9d73decf9772e7d;chunk_06ac4fb55370eb82e9eb;chunk_b007bc8b2a42cb0b6440;chunk_839a50a32e20ad5f2e3d;chunk_8ce5d2c9e1c1a312cd1f;chunk_3e68d94d45f4589f85c3;chunk_bce0d887eeea5c19eef5;chunk_6e3b13012c9e0317b1a9;chunk_f597c7efc0cf7f6c6b86;chunk_62ca77c968c9eb791a79;chunk_d6c1515560c219a43a6f;chunk_c5d66fcc8ecd9eae8207;chunk_4457505fbccc57104e99;chunk_4bc7ad16b8b39af7c801;chunk_7fd7d434d5fdd6e44c59;chunk_900e439c7fe279d444bd;chunk_a776801f122110e2bd67;chunk_c750feb934ab55bc0794;chunk_f33fa11706170b96e959;chunk_6fc0f8c91301e90b9c0a;chunk_e17fc0a194035eb28d72;chunk_15fc5c258ac091c099d7;chunk_c78ef3bf228a8fa9624e;chunk_e4357519d671b02db61f;chunk_816cb027103da1a12586;chunk_5a850a9e5d36caf46c40;chunk_3ee82ebc0c090d359f62;chunk_4c51fbc1a2701b824f32;chunk_a740c5b8e9ee1fb94ce2;chunk_ba6f252308e34a8f4ad4;chunk_c5a9e22be1d53064ec84;chunk_ae134f732c056186e183;chunk_ef3b59ee62bcdacbb475;chunk_acd05cd661c9c46dc012;chunk_85fe72ef7a50ac707b2e;chunk_8a47aeb81fa23b467592;chunk_4a1d45673b90a2200249;chunk_679f5a4d3eb956b4aae3,candidate,Promoted by distinct-compound prevalence within the reported betalain fragment catalog.
frag_consensus_c77267d9539130,betalain,,207.08,,class consensus fragment (94 compounds),class_consensus_frequency,94,0.6861,27,FALSE,chunk_ed6a5031b8a947980827;chunk_6732a62550715089c26f;chunk_d456e68cddac5689e179;chunk_f11b5949ce49f042c1d7;chunk_b2f5215d26a079ab47fc;chunk_48a59759c2e737bfde8f;chunk_e605b162dda8c2e6ca53;chunk_0b2bb86e056f142afb34;chunk_cfb5583531162cc683f3;chunk_bf27760df9cc5cd60a6b;chunk_caeb9cdaaed3ebca22c9;chunk_e03dd2775013e8dc54c2;chunk_970baaeef6abaec64050;chunk_1f6a2b6e286cc67a4f39;chunk_5e0743ef27d6aa3983fc;chunk_6f90a71d3eda8c90215d;chunk_88375951a81847cfbe7f;chunk_ea3211529f917eac6ad0;chunk_0388405a610f5c876829;chunk_56f38b1e1a09d04a44b5;chunk_f3f0c7669494ad6035e3;chunk_f9fd5acd6896d2224f98;chunk_8d9c86c3a5c453630c44;chunk_315fbb3caa44e4176257;chunk_f0a97fc3634ba71ac750;chunk_54126c66244e141826b7;chunk_e08af7729e27b3a0dad9;chunk_764c9d20c36c8eb636d3;chunk_4a9c5643144821aa03cd;chunk_5c925f68a32e70649023;chunk_42ce1cd78fe0605e8778;chunk_ca55fc80231a5c3ecca0;chunk_668748d072a7bc456d32;chunk_cf1a079ddaaeaeda1d5a;chunk_75d76f4c5281f97a3299;chunk_136579b2b35b688b59d7;chunk_47c168a3a60becc9765d;chunk_fa15650d62c62e69702b;chunk_f4a3410b6d3338c0e572;chunk_97ee5e389c29499944c0;chunk_04719ea392c5f65ead84;chunk_54d8af953f38709f74af;chunk_acae738833f8a58e3f42;chunk_5191863e421e5076f5ba;chunk_6d2fd61a50c48d91b66b;chunk_a7ad7a0599f88509ea33;chunk_b3c4e571de7b0b374dc9;chunk_69507c07581be476cd1c;chunk_57a6860df97269f6cd06;chunk_b50bc6dffb61e7772201;chunk_7fd152fbe4ff8f681104;chunk_4fc6d65291fb49322555;chunk_f325b9d73decf9772e7d;chunk_06ac4fb55370eb82e9eb;chunk_460f16d15d7de7e6b1d5;chunk_760d0074011528b049eb;chunk_b007bc8b2a42cb0b6440;chunk_839a50a32e20ad5f2e3d;chunk_8ce5d2c9e1c1a312cd1f;chunk_3e68d94d45f4589f85c3;chunk_bce0d887eeea5c19eef5;chunk_6e3b13012c9e0317b1a9;chunk_f597c7efc0cf7f6c6b86;chunk_62ca77c968c9eb791a79;chunk_d6c1515560c219a43a6f;chunk_c5d66fcc8ecd9eae8207;chunk_4457505fbccc57104e99;chunk_4bc7ad16b8b39af7c801;chunk_7fd7d434d5fdd6e44c59;chunk_48e4aa2b7a69f450ca8c;chunk_6474bca373830f34812d;chunk_5169ef13c098eb092bf9;chunk_a1bc81b25bcc7590d255;chunk_61daccb90448e0d9a673;chunk_36c78afba06ba1e52a2f;chunk_561f5b4fa06bda5f1c35;chunk_96b6bde7cd77473ff9d5;chunk_ed8e8f0b475ee8ef053c;chunk_088ea7a48d53c790b861;chunk_1321ddef870f43c42156;chunk_970b844f45eca99ed427;chunk_99bdf8ac75990809d6c6;chunk_882488fe688adcf4fc7d;chunk_87f26bb8482804888473;chunk_679f5a4d3eb956b4aae3;chunk_0af0079c8054597ad4ff;chunk_ff851145ecfc9a2a3279;chunk_78213e6b122c69974eae;chunk_eac3a05374d4daf9d70b;chunk_d8562a6d40548ea92273;chunk_16d5e061277a579abee6;chunk_fa19dd5fd8f7f692bd4e;chunk_5e9d87f58bed85017063;chunk_55f4ba57f7fa400d40fb;chunk_5a94f1b763c35299a08e,candidate,Promoted by distinct-compound prevalence within the reported betalain fragment catalog.
frag_consensus_b4ef96246fac14,betalain,,251.07,,class consensus fragment (94 compounds),class_consensus_frequency,94,0.6861,28,FALSE,chunk_ed6a5031b8a947980827;chunk_6732a62550715089c26f;chunk_d456e68cddac5689e179;chunk_f11b5949ce49f042c1d7;chunk_b2f5215d26a079ab47fc;chunk_48a59759c2e737bfde8f;chunk_2d9dd1faec7e052d9650;chunk_e605b162dda8c2e6ca53;chunk_0b2bb86e056f142afb34;chunk_cfb5583531162cc683f3;chunk_bf27760df9cc5cd60a6b;chunk_caeb9cdaaed3ebca22c9;chunk_e03dd2775013e8dc54c2;chunk_970baaeef6abaec64050;chunk_1f6a2b6e286cc67a4f39;chunk_5e0743ef27d6aa3983fc;chunk_6f90a71d3eda8c90215d;chunk_9403b9ee5700fe0ec3bb;chunk_0adee604e918694f6d82;chunk_7bc8e8b0de16e0b8ec6a;chunk_5278fa78b407400b5a0b;chunk_764c9d20c36c8eb636d3;chunk_4a9c5643144821aa03cd;chunk_5c925f68a32e70649023;chunk_42ce1cd78fe0605e8778;chunk_ca55fc80231a5c3ecca0;chunk_668748d072a7bc456d32;chunk_cf1a079ddaaeaeda1d5a;chunk_75d76f4c5281f97a3299;chunk_136579b2b35b688b59d7;chunk_47c168a3a60becc9765d;chunk_fa15650d62c62e69702b;chunk_f4a3410b6d3338c0e572;chunk_97ee5e389c29499944c0;chunk_04719ea392c5f65ead84;chunk_aa86af109d352aae184c;chunk_6d2fd61a50c48d91b66b;chunk_a7ad7a0599f88509ea33;chunk_b3c4e571de7b0b374dc9;chunk_69507c07581be476cd1c;chunk_57a6860df97269f6cd06;chunk_b50bc6dffb61e7772201;chunk_7fd152fbe4ff8f681104;chunk_4fc6d65291fb49322555;chunk_f325b9d73decf9772e7d;chunk_06ac4fb55370eb82e9eb;chunk_839a50a32e20ad5f2e3d;chunk_8ce5d2c9e1c1a312cd1f;chunk_3e68d94d45f4589f85c3;chunk_bce0d887eeea5c19eef5;chunk_6e3b13012c9e0317b1a9;chunk_f597c7efc0cf7f6c6b86;chunk_62ca77c968c9eb791a79;chunk_d6c1515560c219a43a6f;chunk_c5d66fcc8ecd9eae8207;chunk_4457505fbccc57104e99;chunk_900e439c7fe279d444bd;chunk_a776801f122110e2bd67;chunk_c750feb934ab55bc0794;chunk_f33fa11706170b96e959;chunk_6fc0f8c91301e90b9c0a;chunk_e17fc0a194035eb28d72;chunk_15fc5c258ac091c099d7;chunk_c78ef3bf228a8fa9624e;chunk_3ee82ebc0c090d359f62;chunk_4c51fbc1a2701b824f32;chunk_a740c5b8e9ee1fb94ce2;chunk_ba6f252308e34a8f4ad4;chunk_c5a9e22be1d53064ec84;chunk_ae134f732c056186e183;chunk_ef3b59ee62bcdacbb475;chunk_acd05cd661c9c46dc012;chunk_85fe72ef7a50ac707b2e;chunk_8a47aeb81fa23b467592;chunk_4a1d45673b90a2200249;chunk_6474bca373830f34812d;chunk_5169ef13c098eb092bf9;chunk_a1bc81b25bcc7590d255;chunk_61daccb90448e0d9a673;chunk_36c78afba06ba1e52a2f;chunk_561f5b4fa06bda5f1c35;chunk_96b6bde7cd77473ff9d5;chunk_ed8e8f0b475ee8ef053c;chunk_088ea7a48d53c790b861;chunk_1321ddef870f43c42156;chunk_970b844f45eca99ed427;chunk_99bdf8ac75990809d6c6;chunk_882488fe688adcf4fc7d;chunk_87f26bb8482804888473;chunk_679f5a4d3eb956b4aae3;chunk_0af0079c8054597ad4ff;chunk_78213e6b122c69974eae;chunk_16d5e061277a579abee6;chunk_55f4ba57f7fa400d40fb;chunk_5a94f1b763c35299a08e,candidate,Promoted by distinct-compound prevalence within the reported betalain fragment catalog.
frag_consensus_3aa004cd9557ad,betalain,,147.04,,class consensus fragment (93 compounds),class_consensus_frequency,93,0.6788,29,FALSE,chunk_ed6a5031b8a947980827;chunk_6732a62550715089c26f;chunk_d456e68cddac5689e179;chunk_f11b5949ce49f042c1d7;chunk_b2f5215d26a079ab47fc;chunk_48a59759c2e737bfde8f;chunk_2d9dd1faec7e052d9650;chunk_e605b162dda8c2e6ca53;chunk_0b2bb86e056f142afb34;chunk_cfb5583531162cc683f3;chunk_bf27760df9cc5cd60a6b;chunk_caeb9cdaaed3ebca22c9;chunk_e03dd2775013e8dc54c2;chunk_970baaeef6abaec64050;chunk_1f6a2b6e286cc67a4f39;chunk_5e0743ef27d6aa3983fc;chunk_6f90a71d3eda8c90215d;chunk_88375951a81847cfbe7f;chunk_ea3211529f917eac6ad0;chunk_0388405a610f5c876829;chunk_56f38b1e1a09d04a44b5;chunk_f3f0c7669494ad6035e3;chunk_8d9c86c3a5c453630c44;chunk_315fbb3caa44e4176257;chunk_9403b9ee5700fe0ec3bb;chunk_0adee604e918694f6d82;chunk_7bc8e8b0de16e0b8ec6a;chunk_5278fa78b407400b5a0b;chunk_764c9d20c36c8eb636d3;chunk_4a9c5643144821aa03cd;chunk_5c925f68a32e70649023;chunk_42ce1cd78fe0605e8778;chunk_ca55fc80231a5c3ecca0;chunk_668748d072a7bc456d32;chunk_cf1a079ddaaeaeda1d5a;chunk_75d76f4c5281f97a3299;chunk_136579b2b35b688b59d7;chunk_47c168a3a60becc9765d;chunk_fa15650d62c62e69702b;chunk_f4a3410b6d3338c0e572;chunk_97ee5e389c29499944c0;chunk_04719ea392c5f65ead84;chunk_54d8af953f38709f74af;chunk_acae738833f8a58e3f42;chunk_5191863e421e5076f5ba;chunk_aa86af109d352aae184c;chunk_6d2fd61a50c48d91b66b;chunk_a7ad7a0599f88509ea33;chunk_b3c4e571de7b0b374dc9;chunk_69507c07581be476cd1c;chunk_57a6860df97269f6cd06;chunk_b50bc6dffb61e7772201;chunk_7fd152fbe4ff8f681104;chunk_4fc6d65291fb49322555;chunk_f325b9d73decf9772e7d;chunk_06ac4fb55370eb82e9eb;chunk_b007bc8b2a42cb0b6440;chunk_839a50a32e20ad5f2e3d;chunk_8ce5d2c9e1c1a312cd1f;chunk_3e68d94d45f4589f85c3;chunk_bce0d887eeea5c19eef5;chunk_6e3b13012c9e0317b1a9;chunk_f597c7efc0cf7f6c6b86;chunk_62ca77c968c9eb791a79;chunk_d6c1515560c219a43a6f;chunk_c5d66fcc8ecd9eae8207;chunk_4457505fbccc57104e99;chunk_4bc7ad16b8b39af7c801;chunk_7fd7d434d5fdd6e44c59;chunk_900e439c7fe279d444bd;chunk_a776801f122110e2bd67;chunk_c750feb934ab55bc0794;chunk_f33fa11706170b96e959;chunk_6fc0f8c91301e90b9c0a;chunk_e17fc0a194035eb28d72;chunk_15fc5c258ac091c099d7;chunk_c78ef3bf228a8fa9624e;chunk_e4357519d671b02db61f;chunk_816cb027103da1a12586;chunk_5a850a9e5d36caf46c40;chunk_3ee82ebc0c090d359f62;chunk_4c51fbc1a2701b824f32;chunk_a740c5b8e9ee1fb94ce2;chunk_ba6f252308e34a8f4ad4;chunk_c5a9e22be1d53064ec84;chunk_ae134f732c056186e183;chunk_ef3b59ee62bcdacbb475;chunk_acd05cd661c9c46dc012;chunk_85fe72ef7a50ac707b2e;chunk_8a47aeb81fa23b467592;chunk_4a1d45673b90a2200249;chunk_87f26bb8482804888473;chunk_679f5a4d3eb956b4aae3;chunk_16d5e061277a579abee6,candidate,Promoted by distinct-compound prevalence within the reported betalain fragment catalog.
frag_consensus_122ae457059551,betalain,,164.05,,class consensus fragment (93 compounds),class_consensus_frequency,93,0.6788,30,FALSE,chunk_ed6a5031b8a947980827;chunk_6732a62550715089c26f;chunk_d456e68cddac5689e179;chunk_f11b5949ce49f042c1d7;chunk_b2f5215d26a079ab47fc;chunk_48a59759c2e737bfde8f;chunk_2d9dd1faec7e052d9650;chunk_e605b162dda8c2e6ca53;chunk_0b2bb86e056f142afb34;chunk_cfb5583531162cc683f3;chunk_bf27760df9cc5cd60a6b;chunk_caeb9cdaaed3ebca22c9;chunk_e03dd2775013e8dc54c2;chunk_970baaeef6abaec64050;chunk_1f6a2b6e286cc67a4f39;chunk_5e0743ef27d6aa3983fc;chunk_6f90a71d3eda8c90215d;chunk_88375951a81847cfbe7f;chunk_ea3211529f917eac6ad0;chunk_0388405a610f5c876829;chunk_56f38b1e1a09d04a44b5;chunk_f3f0c7669494ad6035e3;chunk_8d9c86c3a5c453630c44;chunk_315fbb3caa44e4176257;chunk_9403b9ee5700fe0ec3bb;chunk_0adee604e918694f6d82;chunk_7bc8e8b0de16e0b8ec6a;chunk_5278fa78b407400b5a0b;chunk_764c9d20c36c8eb636d3;chunk_4a9c5643144821aa03cd;chunk_5c925f68a32e70649023;chunk_42ce1cd78fe0605e8778;chunk_ca55fc80231a5c3ecca0;chunk_668748d072a7bc456d32;chunk_cf1a079ddaaeaeda1d5a;chunk_75d76f4c5281f97a3299;chunk_136579b2b35b688b59d7;chunk_47c168a3a60becc9765d;chunk_fa15650d62c62e69702b;chunk_f4a3410b6d3338c0e572;chunk_97ee5e389c29499944c0;chunk_04719ea392c5f65ead84;chunk_54d8af953f38709f74af;chunk_acae738833f8a58e3f42;chunk_5191863e421e5076f5ba;chunk_aa86af109d352aae184c;chunk_6d2fd61a50c48d91b66b;chunk_a7ad7a0599f88509ea33;chunk_b3c4e571de7b0b374dc9;chunk_69507c07581be476cd1c;chunk_57a6860df97269f6cd06;chunk_b50bc6dffb61e7772201;chunk_7fd152fbe4ff8f681104;chunk_4fc6d65291fb49322555;chunk_f325b9d73decf9772e7d;chunk_06ac4fb55370eb82e9eb;chunk_b007bc8b2a42cb0b6440;chunk_839a50a32e20ad5f2e3d;chunk_8ce5d2c9e1c1a312cd1f;chunk_3e68d94d45f4589f85c3;chunk_bce0d887eeea5c19eef5;chunk_6e3b13012c9e0317b1a9;chunk_f597c7efc0cf7f6c6b86;chunk_62ca77c968c9eb791a79;chunk_d6c1515560c219a43a6f;chunk_c5d66fcc8ecd9eae8207;chunk_4457505fbccc57104e99;chunk_4bc7ad16b8b39af7c801;chunk_7fd7d434d5fdd6e44c59;chunk_900e439c7fe279d444bd;chunk_a776801f122110e2bd67;chunk_c750feb934ab55bc0794;chunk_f33fa11706170b96e959;chunk_6fc0f8c91301e90b9c0a;chunk_e17fc0a194035eb28d72;chunk_15fc5c258ac091c099d7;chunk_c78ef3bf228a8fa9624e;chunk_e4357519d671b02db61f;chunk_816cb027103da1a12586;chunk_5a850a9e5d36caf46c40;chunk_3ee82ebc0c090d359f62;chunk_4c51fbc1a2701b824f32;chunk_a740c5b8e9ee1fb94ce2;chunk_ba6f252308e34a8f4ad4;chunk_c5a9e22be1d53064ec84;chunk_ae134f732c056186e183;chunk_ef3b59ee62bcdacbb475;chunk_acd05cd661c9c46dc012;chunk_85fe72ef7a50ac707b2e;chunk_8a47aeb81fa23b467592;chunk_4a1d45673b90a2200249;chunk_6474bca373830f34812d;chunk_679f5a4d3eb956b4aae3;chunk_16d5e061277a579abee6,candidate,Promoted by distinct-compound prevalence within the reported betalain fragment catalog.
frag_consensus_fe25ae6c4ec177,betalain,,263.07,,class consensus fragment (92 compounds),class_consensus_frequency,92,0.6715,31,FALSE,chunk_ed6a5031b8a947980827;chunk_6732a62550715089c26f;chunk_d456e68cddac5689e179;chunk_f11b5949ce49f042c1d7;chunk_b2f5215d26a079ab47fc;chunk_48a59759c2e737bfde8f;chunk_2d9dd1faec7e052d9650;chunk_e605b162dda8c2e6ca53;chunk_0b2bb86e056f142afb34;chunk_cfb5583531162cc683f3;chunk_bf27760df9cc5cd60a6b;chunk_caeb9cdaaed3ebca22c9;chunk_e03dd2775013e8dc54c2;chunk_970baaeef6abaec64050;chunk_1f6a2b6e286cc67a4f39;chunk_5e0743ef27d6aa3983fc;chunk_6f90a71d3eda8c90215d;chunk_9403b9ee5700fe0ec3bb;chunk_0adee604e918694f6d82;chunk_7bc8e8b0de16e0b8ec6a;chunk_5278fa78b407400b5a0b;chunk_764c9d20c36c8eb636d3;chunk_4a9c5643144821aa03cd;chunk_5c925f68a32e70649023;chunk_42ce1cd78fe0605e8778;chunk_ca55fc80231a5c3ecca0;chunk_668748d072a7bc456d32;chunk_cf1a079ddaaeaeda1d5a;chunk_75d76f4c5281f97a3299;chunk_136579b2b35b688b59d7;chunk_47c168a3a60becc9765d;chunk_fa15650d62c62e69702b;chunk_f4a3410b6d3338c0e572;chunk_97ee5e389c29499944c0;chunk_04719ea392c5f65ead84;chunk_aa86af109d352aae184c;chunk_6d2fd61a50c48d91b66b;chunk_a7ad7a0599f88509ea33;chunk_b3c4e571de7b0b374dc9;chunk_69507c07581be476cd1c;chunk_57a6860df97269f6cd06;chunk_b50bc6dffb61e7772201;chunk_7fd152fbe4ff8f681104;chunk_4fc6d65291fb49322555;chunk_f325b9d73decf9772e7d;chunk_06ac4fb55370eb82e9eb;chunk_839a50a32e20ad5f2e3d;chunk_8ce5d2c9e1c1a312cd1f;chunk_3e68d94d45f4589f85c3;chunk_bce0d887eeea5c19eef5;chunk_6e3b13012c9e0317b1a9;chunk_f597c7efc0cf7f6c6b86;chunk_62ca77c968c9eb791a79;chunk_d6c1515560c219a43a6f;chunk_c5d66fcc8ecd9eae8207;chunk_4457505fbccc57104e99;chunk_900e439c7fe279d444bd;chunk_a776801f122110e2bd67;chunk_c750feb934ab55bc0794;chunk_f33fa11706170b96e959;chunk_6fc0f8c91301e90b9c0a;chunk_e17fc0a194035eb28d72;chunk_15fc5c258ac091c099d7;chunk_c78ef3bf228a8fa9624e;chunk_e4357519d671b02db61f;chunk_816cb027103da1a12586;chunk_5a850a9e5d36caf46c40;chunk_3ee82ebc0c090d359f62;chunk_4c51fbc1a2701b824f32;chunk_a740c5b8e9ee1fb94ce2;chunk_ba6f252308e34a8f4ad4;chunk_c5a9e22be1d53064ec84;chunk_ae134f732c056186e183;chunk_ef3b59ee62bcdacbb475;chunk_acd05cd661c9c46dc012;chunk_85fe72ef7a50ac707b2e;chunk_8a47aeb81fa23b467592;chunk_4a1d45673b90a2200249;chunk_6474bca373830f34812d;chunk_a1bc81b25bcc7590d255;chunk_61daccb90448e0d9a673;chunk_36c78afba06ba1e52a2f;chunk_96b6bde7cd77473ff9d5;chunk_ed8e8f0b475ee8ef053c;chunk_088ea7a48d53c790b861;chunk_09c69a20059ff9a19a08;chunk_882488fe688adcf4fc7d;chunk_87f26bb8482804888473;chunk_679f5a4d3eb956b4aae3;chunk_0af0079c8054597ad4ff;chunk_78213e6b122c69974eae;chunk_16d5e061277a579abee6;chunk_5a94f1b763c35299a08e,candidate,Promoted by distinct-compound prevalence within the reported betalain fragment catalog.
frag_consensus_efe11929af1b60,betalain,,373.1,,class consensus fragment (91 compounds),class_consensus_frequency,91,0.6642,32,FALSE,chunk_ed6a5031b8a947980827;chunk_6732a62550715089c26f;chunk_d456e68cddac5689e179;chunk_f11b5949ce49f042c1d7;chunk_b2f5215d26a079ab47fc;chunk_48a59759c2e737bfde8f;chunk_e605b162dda8c2e6ca53;chunk_0b2bb86e056f142afb34;chunk_cfb5583531162cc683f3;chunk_bf27760df9cc5cd60a6b;chunk_caeb9cdaaed3ebca22c9;chunk_e03dd2775013e8dc54c2;chunk_970baaeef6abaec64050;chunk_1f6a2b6e286cc67a4f39;chunk_5e0743ef27d6aa3983fc;chunk_6f90a71d3eda8c90215d;chunk_b8a168b67a5ebc9d319c;chunk_88375951a81847cfbe7f;chunk_fe9da9d5f0c18b666eee;chunk_ea3211529f917eac6ad0;chunk_56f38b1e1a09d04a44b5;chunk_f9fd5acd6896d2224f98;chunk_f0a97fc3634ba71ac750;chunk_54126c66244e141826b7;chunk_9403b9ee5700fe0ec3bb;chunk_e08af7729e27b3a0dad9;chunk_ec44366c20a12d85ebb2;chunk_0adee604e918694f6d82;chunk_31399bbdeee90281f9cd;chunk_7bc8e8b0de16e0b8ec6a;chunk_85e45212a9ec2c7d3cc9;chunk_4fb607bb6eeed6d5439b;chunk_044c193a6767e7277818;chunk_5278fa78b407400b5a0b;chunk_764c9d20c36c8eb636d3;chunk_4a9c5643144821aa03cd;chunk_5c925f68a32e70649023;chunk_42ce1cd78fe0605e8778;chunk_ca55fc80231a5c3ecca0;chunk_668748d072a7bc456d32;chunk_cf1a079ddaaeaeda1d5a;chunk_75d76f4c5281f97a3299;chunk_136579b2b35b688b59d7;chunk_47c168a3a60becc9765d;chunk_fa15650d62c62e69702b;chunk_f4a3410b6d3338c0e572;chunk_97ee5e389c29499944c0;chunk_04719ea392c5f65ead84;chunk_aa86af109d352aae184c;chunk_6d2fd61a50c48d91b66b;chunk_a7ad7a0599f88509ea33;chunk_b3c4e571de7b0b374dc9;chunk_69507c07581be476cd1c;chunk_57a6860df97269f6cd06;chunk_b50bc6dffb61e7772201;chunk_7fd152fbe4ff8f681104;chunk_4fc6d65291fb49322555;chunk_f325b9d73decf9772e7d;chunk_06ac4fb55370eb82e9eb;chunk_839a50a32e20ad5f2e3d;chunk_8ce5d2c9e1c1a312cd1f;chunk_3e68d94d45f4589f85c3;chunk_bce0d887eeea5c19eef5;chunk_6e3b13012c9e0317b1a9;chunk_f597c7efc0cf7f6c6b86;chunk_62ca77c968c9eb791a79;chunk_d6c1515560c219a43a6f;chunk_c5d66fcc8ecd9eae8207;chunk_4457505fbccc57104e99;chunk_900e439c7fe279d444bd;chunk_a776801f122110e2bd67;chunk_c750feb934ab55bc0794;chunk_f33fa11706170b96e959;chunk_6fc0f8c91301e90b9c0a;chunk_e17fc0a194035eb28d72;chunk_15fc5c258ac091c099d7;chunk_c78ef3bf228a8fa9624e;chunk_83e26e2b3945f9fa3ba9;chunk_e4357519d671b02db61f;chunk_816cb027103da1a12586;chunk_5a850a9e5d36caf46c40;chunk_3ee82ebc0c090d359f62;chunk_4c51fbc1a2701b824f32;chunk_a740c5b8e9ee1fb94ce2;chunk_ba6f252308e34a8f4ad4;chunk_c5a9e22be1d53064ec84;chunk_ae134f732c056186e183;chunk_ef3b59ee62bcdacbb475;chunk_acd05cd661c9c46dc012;chunk_85fe72ef7a50ac707b2e;chunk_8a47aeb81fa23b467592;chunk_4a1d45673b90a2200249,candidate,Promoted by distinct-compound prevalence within the reported betalain fragment catalog.
frag_consensus_a5d1a03ebebd89,betalain,,180.04,,class consensus fragment (90 compounds),class_consensus_frequency,90,0.6569,33,FALSE,chunk_ed6a5031b8a947980827;chunk_6732a62550715089c26f;chunk_d456e68cddac5689e179;chunk_f11b5949ce49f042c1d7;chunk_b2f5215d26a079ab47fc;chunk_48a59759c2e737bfde8f;chunk_2d9dd1faec7e052d9650;chunk_e605b162dda8c2e6ca53;chunk_0b2bb86e056f142afb34;chunk_cfb5583531162cc683f3;chunk_bf27760df9cc5cd60a6b;chunk_caeb9cdaaed3ebca22c9;chunk_e03dd2775013e8dc54c2;chunk_970baaeef6abaec64050;chunk_1f6a2b6e286cc67a4f39;chunk_5e0743ef27d6aa3983fc;chunk_6f90a71d3eda8c90215d;chunk_88375951a81847cfbe7f;chunk_ea3211529f917eac6ad0;chunk_0388405a610f5c876829;chunk_56f38b1e1a09d04a44b5;chunk_f3f0c7669494ad6035e3;chunk_8d9c86c3a5c453630c44;chunk_315fbb3caa44e4176257;chunk_9403b9ee5700fe0ec3bb;chunk_0adee604e918694f6d82;chunk_7bc8e8b0de16e0b8ec6a;chunk_5278fa78b407400b5a0b;chunk_764c9d20c36c8eb636d3;chunk_4a9c5643144821aa03cd;chunk_5c925f68a32e70649023;chunk_42ce1cd78fe0605e8778;chunk_ca55fc80231a5c3ecca0;chunk_668748d072a7bc456d32;chunk_cf1a079ddaaeaeda1d5a;chunk_75d76f4c5281f97a3299;chunk_136579b2b35b688b59d7;chunk_47c168a3a60becc9765d;chunk_fa15650d62c62e69702b;chunk_f4a3410b6d3338c0e572;chunk_97ee5e389c29499944c0;chunk_04719ea392c5f65ead84;chunk_54d8af953f38709f74af;chunk_acae738833f8a58e3f42;chunk_5191863e421e5076f5ba;chunk_aa86af109d352aae184c;chunk_6d2fd61a50c48d91b66b;chunk_a7ad7a0599f88509ea33;chunk_b3c4e571de7b0b374dc9;chunk_69507c07581be476cd1c;chunk_57a6860df97269f6cd06;chunk_b50bc6dffb61e7772201;chunk_7fd152fbe4ff8f681104;chunk_4fc6d65291fb49322555;chunk_f325b9d73decf9772e7d;chunk_06ac4fb55370eb82e9eb;chunk_b007bc8b2a42cb0b6440;chunk_839a50a32e20ad5f2e3d;chunk_8ce5d2c9e1c1a312cd1f;chunk_3e68d94d45f4589f85c3;chunk_bce0d887eeea5c19eef5;chunk_6e3b13012c9e0317b1a9;chunk_f597c7efc0cf7f6c6b86;chunk_62ca77c968c9eb791a79;chunk_d6c1515560c219a43a6f;chunk_c5d66fcc8ecd9eae8207;chunk_4457505fbccc57104e99;chunk_4bc7ad16b8b39af7c801;chunk_7fd7d434d5fdd6e44c59;chunk_900e439c7fe279d444bd;chunk_a776801f122110e2bd67;chunk_c750feb934ab55bc0794;chunk_f33fa11706170b96e959;chunk_6fc0f8c91301e90b9c0a;chunk_e17fc0a194035eb28d72;chunk_15fc5c258ac091c099d7;chunk_c78ef3bf228a8fa9624e;chunk_e4357519d671b02db61f;chunk_816cb027103da1a12586;chunk_5a850a9e5d36caf46c40;chunk_3ee82ebc0c090d359f62;chunk_4c51fbc1a2701b824f32;chunk_a740c5b8e9ee1fb94ce2;chunk_ba6f252308e34a8f4ad4;chunk_c5a9e22be1d53064ec84;chunk_ae134f732c056186e183;chunk_ef3b59ee62bcdacbb475;chunk_acd05cd661c9c46dc012;chunk_85fe72ef7a50ac707b2e;chunk_8a47aeb81fa23b467592;chunk_4a1d45673b90a2200249,candidate,Promoted by distinct-compound prevalence within the reported betalain fragment catalog.
frag_consensus_6fc8458ff3ac45,betalain,,301.08,,class consensus fragment (90 compounds),class_consensus_frequency,90,0.6569,34,FALSE,chunk_ed6a5031b8a947980827;chunk_6732a62550715089c26f;chunk_d456e68cddac5689e179;chunk_f11b5949ce49f042c1d7;chunk_b2f5215d26a079ab47fc;chunk_48a59759c2e737bfde8f;chunk_2d9dd1faec7e052d9650;chunk_e605b162dda8c2e6ca53;chunk_0b2bb86e056f142afb34;chunk_cfb5583531162cc683f3;chunk_bf27760df9cc5cd60a6b;chunk_caeb9cdaaed3ebca22c9;chunk_e03dd2775013e8dc54c2;chunk_970baaeef6abaec64050;chunk_1f6a2b6e286cc67a4f39;chunk_5e0743ef27d6aa3983fc;chunk_6f90a71d3eda8c90215d;chunk_b8a168b67a5ebc9d319c;chunk_fe9da9d5f0c18b666eee;chunk_f0a97fc3634ba71ac750;chunk_54126c66244e141826b7;chunk_9403b9ee5700fe0ec3bb;chunk_ec44366c20a12d85ebb2;chunk_42347cf8dbe8cdcc440f;chunk_0adee604e918694f6d82;chunk_7bc8e8b0de16e0b8ec6a;chunk_4fb607bb6eeed6d5439b;chunk_044c193a6767e7277818;chunk_5278fa78b407400b5a0b;chunk_764c9d20c36c8eb636d3;chunk_4a9c5643144821aa03cd;chunk_5c925f68a32e70649023;chunk_42ce1cd78fe0605e8778;chunk_ca55fc80231a5c3ecca0;chunk_668748d072a7bc456d32;chunk_cf1a079ddaaeaeda1d5a;chunk_75d76f4c5281f97a3299;chunk_136579b2b35b688b59d7;chunk_47c168a3a60becc9765d;chunk_fa15650d62c62e69702b;chunk_f4a3410b6d3338c0e572;chunk_97ee5e389c29499944c0;chunk_04719ea392c5f65ead84;chunk_aa86af109d352aae184c;chunk_6d2fd61a50c48d91b66b;chunk_a7ad7a0599f88509ea33;chunk_b3c4e571de7b0b374dc9;chunk_69507c07581be476cd1c;chunk_57a6860df97269f6cd06;chunk_b50bc6dffb61e7772201;chunk_7fd152fbe4ff8f681104;chunk_4fc6d65291fb49322555;chunk_f325b9d73decf9772e7d;chunk_06ac4fb55370eb82e9eb;chunk_460f16d15d7de7e6b1d5;chunk_760d0074011528b049eb;chunk_839a50a32e20ad5f2e3d;chunk_8ce5d2c9e1c1a312cd1f;chunk_3e68d94d45f4589f85c3;chunk_bce0d887eeea5c19eef5;chunk_6e3b13012c9e0317b1a9;chunk_f597c7efc0cf7f6c6b86;chunk_62ca77c968c9eb791a79;chunk_d6c1515560c219a43a6f;chunk_c5d66fcc8ecd9eae8207;chunk_4457505fbccc57104e99;chunk_900e439c7fe279d444bd;chunk_a776801f122110e2bd67;chunk_c750feb934ab55bc0794;chunk_f33fa11706170b96e959;chunk_6fc0f8c91301e90b9c0a;chunk_e17fc0a194035eb28d72;chunk_15fc5c258ac091c099d7;chunk_c78ef3bf228a8fa9624e;chunk_83e26e2b3945f9fa3ba9;chunk_e4357519d671b02db61f;chunk_816cb027103da1a12586;chunk_5a850a9e5d36caf46c40;chunk_3ee82ebc0c090d359f62;chunk_4c51fbc1a2701b824f32;chunk_a740c5b8e9ee1fb94ce2;chunk_ba6f252308e34a8f4ad4;chunk_c5a9e22be1d53064ec84;chunk_ae134f732c056186e183;chunk_ef3b59ee62bcdacbb475;chunk_acd05cd661c9c46dc012;chunk_85fe72ef7a50ac707b2e;chunk_8a47aeb81fa23b467592;chunk_4a1d45673b90a2200249;chunk_a1bc81b25bcc7590d255;chunk_16d5e061277a579abee6,candidate,Promoted by distinct-compound prevalence within the reported betalain fragment catalog.
frag_consensus_03393c4620e519,betalain,,306.07,,class consensus fragment (90 compounds),class_consensus_frequency,90,0.6569,35,FALSE,chunk_ed6a5031b8a947980827;chunk_6732a62550715089c26f;chunk_d456e68cddac5689e179;chunk_f11b5949ce49f042c1d7;chunk_b2f5215d26a079ab47fc;chunk_48a59759c2e737bfde8f;chunk_e605b162dda8c2e6ca53;chunk_0b2bb86e056f142afb34;chunk_cfb5583531162cc683f3;chunk_bf27760df9cc5cd60a6b;chunk_caeb9cdaaed3ebca22c9;chunk_e03dd2775013e8dc54c2;chunk_970baaeef6abaec64050;chunk_1f6a2b6e286cc67a4f39;chunk_5e0743ef27d6aa3983fc;chunk_6f90a71d3eda8c90215d;chunk_88375951a81847cfbe7f;chunk_ea3211529f917eac6ad0;chunk_0388405a610f5c876829;chunk_56f38b1e1a09d04a44b5;chunk_f3f0c7669494ad6035e3;chunk_8d9c86c3a5c453630c44;chunk_315fbb3caa44e4176257;chunk_9403b9ee5700fe0ec3bb;chunk_0adee604e918694f6d82;chunk_7bc8e8b0de16e0b8ec6a;chunk_5278fa78b407400b5a0b;chunk_764c9d20c36c8eb636d3;chunk_4a9c5643144821aa03cd;chunk_5c925f68a32e70649023;chunk_42ce1cd78fe0605e8778;chunk_ca55fc80231a5c3ecca0;chunk_668748d072a7bc456d32;chunk_cf1a079ddaaeaeda1d5a;chunk_75d76f4c5281f97a3299;chunk_136579b2b35b688b59d7;chunk_47c168a3a60becc9765d;chunk_fa15650d62c62e69702b;chunk_f4a3410b6d3338c0e572;chunk_97ee5e389c29499944c0;chunk_04719ea392c5f65ead84;chunk_54d8af953f38709f74af;chunk_acae738833f8a58e3f42;chunk_5191863e421e5076f5ba;chunk_aa86af109d352aae184c;chunk_6d2fd61a50c48d91b66b;chunk_a7ad7a0599f88509ea33;chunk_b3c4e571de7b0b374dc9;chunk_69507c07581be476cd1c;chunk_57a6860df97269f6cd06;chunk_b50bc6dffb61e7772201;chunk_7fd152fbe4ff8f681104;chunk_4fc6d65291fb49322555;chunk_f325b9d73decf9772e7d;chunk_06ac4fb55370eb82e9eb;chunk_b007bc8b2a42cb0b6440;chunk_839a50a32e20ad5f2e3d;chunk_8ce5d2c9e1c1a312cd1f;chunk_3e68d94d45f4589f85c3;chunk_bce0d887eeea5c19eef5;chunk_6e3b13012c9e0317b1a9;chunk_f597c7efc0cf7f6c6b86;chunk_62ca77c968c9eb791a79;chunk_d6c1515560c219a43a6f;chunk_c5d66fcc8ecd9eae8207;chunk_4457505fbccc57104e99;chunk_4bc7ad16b8b39af7c801;chunk_7fd7d434d5fdd6e44c59;chunk_900e439c7fe279d444bd;chunk_a776801f122110e2bd67;chunk_c750feb934ab55bc0794;chunk_f33fa11706170b96e959;chunk_6fc0f8c91301e90b9c0a;chunk_e17fc0a194035eb28d72;chunk_15fc5c258ac091c099d7;chunk_c78ef3bf228a8fa9624e;chunk_e4357519d671b02db61f;chunk_816cb027103da1a12586;chunk_5a850a9e5d36caf46c40;chunk_3ee82ebc0c090d359f62;chunk_4c51fbc1a2701b824f32;chunk_a740c5b8e9ee1fb94ce2;chunk_ba6f252308e34a8f4ad4;chunk_c5a9e22be1d53064ec84;chunk_ae134f732c056186e183;chunk_ef3b59ee62bcdacbb475;chunk_acd05cd661c9c46dc012;chunk_85fe72ef7a50ac707b2e;chunk_8a47aeb81fa23b467592;chunk_4a1d45673b90a2200249;chunk_882488fe688adcf4fc7d,candidate,Promoted by distinct-compound prevalence within the reported betalain fragment catalog.
frag_consensus_a5eaab962751ee,betalain,,317.08,,class consensus fragment (89 compounds),class_consensus_frequency,89,0.6496,36,FALSE,chunk_ed6a5031b8a947980827;chunk_6732a62550715089c26f;chunk_d456e68cddac5689e179;chunk_f11b5949ce49f042c1d7;chunk_b2f5215d26a079ab47fc;chunk_48a59759c2e737bfde8f;chunk_2d9dd1faec7e052d9650;chunk_e605b162dda8c2e6ca53;chunk_0b2bb86e056f142afb34;chunk_cfb5583531162cc683f3;chunk_bf27760df9cc5cd60a6b;chunk_caeb9cdaaed3ebca22c9;chunk_e03dd2775013e8dc54c2;chunk_970baaeef6abaec64050;chunk_1f6a2b6e286cc67a4f39;chunk_5e0743ef27d6aa3983fc;chunk_6f90a71d3eda8c90215d;chunk_b8a168b67a5ebc9d319c;chunk_fe9da9d5f0c18b666eee;chunk_f9fd5acd6896d2224f98;chunk_f0a97fc3634ba71ac750;chunk_54126c66244e141826b7;chunk_9403b9ee5700fe0ec3bb;chunk_ec44366c20a12d85ebb2;chunk_0adee604e918694f6d82;chunk_7bc8e8b0de16e0b8ec6a;chunk_4fb607bb6eeed6d5439b;chunk_044c193a6767e7277818;chunk_5278fa78b407400b5a0b;chunk_764c9d20c36c8eb636d3;chunk_4a9c5643144821aa03cd;chunk_5c925f68a32e70649023;chunk_42ce1cd78fe0605e8778;chunk_ca55fc80231a5c3ecca0;chunk_668748d072a7bc456d32;chunk_cf1a079ddaaeaeda1d5a;chunk_75d76f4c5281f97a3299;chunk_136579b2b35b688b59d7;chunk_47c168a3a60becc9765d;chunk_fa15650d62c62e69702b;chunk_f4a3410b6d3338c0e572;chunk_97ee5e389c29499944c0;chunk_04719ea392c5f65ead84;chunk_aa86af109d352aae184c;chunk_6d2fd61a50c48d91b66b;chunk_a7ad7a0599f88509ea33;chunk_b3c4e571de7b0b374dc9;chunk_69507c07581be476cd1c;chunk_57a6860df97269f6cd06;chunk_b50bc6dffb61e7772201;chunk_7fd152fbe4ff8f681104;chunk_4fc6d65291fb49322555;chunk_f325b9d73decf9772e7d;chunk_06ac4fb55370eb82e9eb;chunk_460f16d15d7de7e6b1d5;chunk_760d0074011528b049eb;chunk_839a50a32e20ad5f2e3d;chunk_8ce5d2c9e1c1a312cd1f;chunk_3e68d94d45f4589f85c3;chunk_bce0d887eeea5c19eef5;chunk_6e3b13012c9e0317b1a9;chunk_f597c7efc0cf7f6c6b86;chunk_62ca77c968c9eb791a79;chunk_d6c1515560c219a43a6f;chunk_c5d66fcc8ecd9eae8207;chunk_4457505fbccc57104e99;chunk_900e439c7fe279d444bd;chunk_a776801f122110e2bd67;chunk_c750feb934ab55bc0794;chunk_f33fa11706170b96e959;chunk_6fc0f8c91301e90b9c0a;chunk_e17fc0a194035eb28d72;chunk_15fc5c258ac091c099d7;chunk_c78ef3bf228a8fa9624e;chunk_83e26e2b3945f9fa3ba9;chunk_e4357519d671b02db61f;chunk_816cb027103da1a12586;chunk_5a850a9e5d36caf46c40;chunk_3ee82ebc0c090d359f62;chunk_4c51fbc1a2701b824f32;chunk_a740c5b8e9ee1fb94ce2;chunk_ba6f252308e34a8f4ad4;chunk_c5a9e22be1d53064ec84;chunk_ae134f732c056186e183;chunk_ef3b59ee62bcdacbb475;chunk_acd05cd661c9c46dc012;chunk_85fe72ef7a50ac707b2e;chunk_8a47aeb81fa23b467592;chunk_4a1d45673b90a2200249;chunk_5a94f1b763c35299a08e,candidate,Promoted by distinct-compound prevalence within the reported betalain fragment catalog.
frag_consensus_eb21960b52717a,betalain,,324.08,,class consensus fragment (89 compounds),class_consensus_frequency,89,0.6496,37,FALSE,chunk_ed6a5031b8a947980827;chunk_6732a62550715089c26f;chunk_d456e68cddac5689e179;chunk_f11b5949ce49f042c1d7;chunk_b2f5215d26a079ab47fc;chunk_48a59759c2e737bfde8f;chunk_e605b162dda8c2e6ca53;chunk_0b2bb86e056f142afb34;chunk_cfb5583531162cc683f3;chunk_bf27760df9cc5cd60a6b;chunk_caeb9cdaaed3ebca22c9;chunk_e03dd2775013e8dc54c2;chunk_970baaeef6abaec64050;chunk_1f6a2b6e286cc67a4f39;chunk_5e0743ef27d6aa3983fc;chunk_6f90a71d3eda8c90215d;chunk_88375951a81847cfbe7f;chunk_ea3211529f917eac6ad0;chunk_0388405a610f5c876829;chunk_56f38b1e1a09d04a44b5;chunk_f3f0c7669494ad6035e3;chunk_8d9c86c3a5c453630c44;chunk_315fbb3caa44e4176257;chunk_9403b9ee5700fe0ec3bb;chunk_0adee604e918694f6d82;chunk_7bc8e8b0de16e0b8ec6a;chunk_5278fa78b407400b5a0b;chunk_764c9d20c36c8eb636d3;chunk_4a9c5643144821aa03cd;chunk_5c925f68a32e70649023;chunk_42ce1cd78fe0605e8778;chunk_ca55fc80231a5c3ecca0;chunk_668748d072a7bc456d32;chunk_cf1a079ddaaeaeda1d5a;chunk_75d76f4c5281f97a3299;chunk_136579b2b35b688b59d7;chunk_47c168a3a60becc9765d;chunk_fa15650d62c62e69702b;chunk_f4a3410b6d3338c0e572;chunk_97ee5e389c29499944c0;chunk_04719ea392c5f65ead84;chunk_54d8af953f38709f74af;chunk_acae738833f8a58e3f42;chunk_5191863e421e5076f5ba;chunk_aa86af109d352aae184c;chunk_6d2fd61a50c48d91b66b;chunk_a7ad7a0599f88509ea33;chunk_b3c4e571de7b0b374dc9;chunk_69507c07581be476cd1c;chunk_57a6860df97269f6cd06;chunk_b50bc6dffb61e7772201;chunk_7fd152fbe4ff8f681104;chunk_4fc6d65291fb49322555;chunk_f325b9d73decf9772e7d;chunk_06ac4fb55370eb82e9eb;chunk_b007bc8b2a42cb0b6440;chunk_839a50a32e20ad5f2e3d;chunk_8ce5d2c9e1c1a312cd1f;chunk_3e68d94d45f4589f85c3;chunk_bce0d887eeea5c19eef5;chunk_6e3b13012c9e0317b1a9;chunk_f597c7efc0cf7f6c6b86;chunk_62ca77c968c9eb791a79;chunk_d6c1515560c219a43a6f;chunk_c5d66fcc8ecd9eae8207;chunk_4457505fbccc57104e99;chunk_4bc7ad16b8b39af7c801;chunk_7fd7d434d5fdd6e44c59;chunk_900e439c7fe279d444bd;chunk_a776801f122110e2bd67;chunk_c750feb934ab55bc0794;chunk_f33fa11706170b96e959;chunk_6fc0f8c91301e90b9c0a;chunk_e17fc0a194035eb28d72;chunk_15fc5c258ac091c099d7;chunk_c78ef3bf228a8fa9624e;chunk_e4357519d671b02db61f;chunk_816cb027103da1a12586;chunk_5a850a9e5d36caf46c40;chunk_3ee82ebc0c090d359f62;chunk_4c51fbc1a2701b824f32;chunk_a740c5b8e9ee1fb94ce2;chunk_ba6f252308e34a8f4ad4;chunk_ae134f732c056186e183;chunk_ef3b59ee62bcdacbb475;chunk_acd05cd661c9c46dc012;chunk_85fe72ef7a50ac707b2e;chunk_8a47aeb81fa23b467592;chunk_4a1d45673b90a2200249;chunk_5a94f1b763c35299a08e,candidate,Promoted by distinct-compound prevalence within the reported betalain fragment catalog.
frag_consensus_c3037f0b96e6bb,betalain,,345.11,,class consensus fragment (89 compounds),class_consensus_frequency,89,0.6496,38,FALSE,chunk_ed6a5031b8a947980827;chunk_6732a62550715089c26f;chunk_d456e68cddac5689e179;chunk_f11b5949ce49f042c1d7;chunk_b2f5215d26a079ab47fc;chunk_48a59759c2e737bfde8f;chunk_2d9dd1faec7e052d9650;chunk_e605b162dda8c2e6ca53;chunk_0b2bb86e056f142afb34;chunk_cfb5583531162cc683f3;chunk_bf27760df9cc5cd60a6b;chunk_caeb9cdaaed3ebca22c9;chunk_e03dd2775013e8dc54c2;chunk_970baaeef6abaec64050;chunk_1f6a2b6e286cc67a4f39;chunk_5e0743ef27d6aa3983fc;chunk_6f90a71d3eda8c90215d;chunk_88375951a81847cfbe7f;chunk_b21525c614b9229e8179;chunk_ea3211529f917eac6ad0;chunk_0388405a610f5c876829;chunk_56f38b1e1a09d04a44b5;chunk_f3f0c7669494ad6035e3;chunk_f9fd5acd6896d2224f98;chunk_8d9c86c3a5c453630c44;chunk_315fbb3caa44e4176257;chunk_f0a97fc3634ba71ac750;chunk_54126c66244e141826b7;chunk_764c9d20c36c8eb636d3;chunk_4a9c5643144821aa03cd;chunk_5c925f68a32e70649023;chunk_42ce1cd78fe0605e8778;chunk_ca55fc80231a5c3ecca0;chunk_668748d072a7bc456d32;chunk_cf1a079ddaaeaeda1d5a;chunk_75d76f4c5281f97a3299;chunk_136579b2b35b688b59d7;chunk_47c168a3a60becc9765d;chunk_fa15650d62c62e69702b;chunk_f4a3410b6d3338c0e572;chunk_97ee5e389c29499944c0;chunk_04719ea392c5f65ead84;chunk_54d8af953f38709f74af;chunk_acae738833f8a58e3f42;chunk_5191863e421e5076f5ba;chunk_6d2fd61a50c48d91b66b;chunk_a7ad7a0599f88509ea33;chunk_b3c4e571de7b0b374dc9;chunk_69507c07581be476cd1c;chunk_57a6860df97269f6cd06;chunk_b50bc6dffb61e7772201;chunk_7fd152fbe4ff8f681104;chunk_4fc6d65291fb49322555;chunk_f325b9d73decf9772e7d;chunk_06ac4fb55370eb82e9eb;chunk_460f16d15d7de7e6b1d5;chunk_760d0074011528b049eb;chunk_b007bc8b2a42cb0b6440;chunk_839a50a32e20ad5f2e3d;chunk_8ce5d2c9e1c1a312cd1f;chunk_3e68d94d45f4589f85c3;chunk_bce0d887eeea5c19eef5;chunk_6e3b13012c9e0317b1a9;chunk_f597c7efc0cf7f6c6b86;chunk_62ca77c968c9eb791a79;chunk_d6c1515560c219a43a6f;chunk_c5d66fcc8ecd9eae8207;chunk_4457505fbccc57104e99;chunk_4bc7ad16b8b39af7c801;chunk_7fd7d434d5fdd6e44c59;chunk_900e439c7fe279d444bd;chunk_a776801f122110e2bd67;chunk_c750feb934ab55bc0794;chunk_f33fa11706170b96e959;chunk_6fc0f8c91301e90b9c0a;chunk_e17fc0a194035eb28d72;chunk_15fc5c258ac091c099d7;chunk_c78ef3bf228a8fa9624e;chunk_3ee82ebc0c090d359f62;chunk_4c51fbc1a2701b824f32;chunk_a740c5b8e9ee1fb94ce2;chunk_ba6f252308e34a8f4ad4;chunk_ae134f732c056186e183;chunk_ef3b59ee62bcdacbb475;chunk_acd05cd661c9c46dc012;chunk_85fe72ef7a50ac707b2e;chunk_8a47aeb81fa23b467592;chunk_4a1d45673b90a2200249;chunk_679f5a4d3eb956b4aae3;chunk_16d5e061277a579abee6,candidate,Promoted by distinct-compound prevalence within the reported betalain fragment catalog.
frag_consensus_4dfd2e0946258d,betalain,,339.1,,class consensus fragment (88 compounds),class_consensus_frequency,88,0.6423,39,FALSE,chunk_ed6a5031b8a947980827;chunk_6732a62550715089c26f;chunk_d456e68cddac5689e179;chunk_f11b5949ce49f042c1d7;chunk_b2f5215d26a079ab47fc;chunk_48a59759c2e737bfde8f;chunk_2d9dd1faec7e052d9650;chunk_e605b162dda8c2e6ca53;chunk_0b2bb86e056f142afb34;chunk_cfb5583531162cc683f3;chunk_bf27760df9cc5cd60a6b;chunk_caeb9cdaaed3ebca22c9;chunk_e03dd2775013e8dc54c2;chunk_970baaeef6abaec64050;chunk_1f6a2b6e286cc67a4f39;chunk_5e0743ef27d6aa3983fc;chunk_6f90a71d3eda8c90215d;chunk_b8a168b67a5ebc9d319c;chunk_fe9da9d5f0c18b666eee;chunk_b21525c614b9229e8179;chunk_f9fd5acd6896d2224f98;chunk_9403b9ee5700fe0ec3bb;chunk_e08af7729e27b3a0dad9;chunk_31399bbdeee90281f9cd;chunk_7bc8e8b0de16e0b8ec6a;chunk_85e45212a9ec2c7d3cc9;chunk_5278fa78b407400b5a0b;chunk_2e65e0feaffaefa9faf8;chunk_764c9d20c36c8eb636d3;chunk_4a9c5643144821aa03cd;chunk_5c925f68a32e70649023;chunk_42ce1cd78fe0605e8778;chunk_ca55fc80231a5c3ecca0;chunk_668748d072a7bc456d32;chunk_cf1a079ddaaeaeda1d5a;chunk_75d76f4c5281f97a3299;chunk_136579b2b35b688b59d7;chunk_47c168a3a60becc9765d;chunk_fa15650d62c62e69702b;chunk_f4a3410b6d3338c0e572;chunk_97ee5e389c29499944c0;chunk_04719ea392c5f65ead84;chunk_aa86af109d352aae184c;chunk_6d2fd61a50c48d91b66b;chunk_a7ad7a0599f88509ea33;chunk_b3c4e571de7b0b374dc9;chunk_69507c07581be476cd1c;chunk_57a6860df97269f6cd06;chunk_b50bc6dffb61e7772201;chunk_7fd152fbe4ff8f681104;chunk_4fc6d65291fb49322555;chunk_f325b9d73decf9772e7d;chunk_06ac4fb55370eb82e9eb;chunk_839a50a32e20ad5f2e3d;chunk_8ce5d2c9e1c1a312cd1f;chunk_3e68d94d45f4589f85c3;chunk_bce0d887eeea5c19eef5;chunk_6e3b13012c9e0317b1a9;chunk_f597c7efc0cf7f6c6b86;chunk_62ca77c968c9eb791a79;chunk_d6c1515560c219a43a6f;chunk_c5d66fcc8ecd9eae8207;chunk_4457505fbccc57104e99;chunk_900e439c7fe279d444bd;chunk_a776801f122110e2bd67;chunk_c750feb934ab55bc0794;chunk_f33fa11706170b96e959;chunk_6fc0f8c91301e90b9c0a;chunk_e17fc0a194035eb28d72;chunk_15fc5c258ac091c099d7;chunk_c78ef3bf228a8fa9624e;chunk_83e26e2b3945f9fa3ba9;chunk_e4357519d671b02db61f;chunk_816cb027103da1a12586;chunk_5a850a9e5d36caf46c40;chunk_3ee82ebc0c090d359f62;chunk_4c51fbc1a2701b824f32;chunk_a740c5b8e9ee1fb94ce2;chunk_ba6f252308e34a8f4ad4;chunk_c5a9e22be1d53064ec84;chunk_ae134f732c056186e183;chunk_ef3b59ee62bcdacbb475;chunk_acd05cd661c9c46dc012;chunk_85fe72ef7a50ac707b2e;chunk_8a47aeb81fa23b467592;chunk_4a1d45673b90a2200249;chunk_679f5a4d3eb956b4aae3;chunk_16d5e061277a579abee6;chunk_5e9d87f58bed85017063,candidate,Promoted by distinct-compound prevalence within the reported betalain fragment catalog.
frag_consensus_1f02f6e99e0b76,betalain,,357.11,,class consensus fragment (88 compounds),class_consensus_frequency,88,0.6423,40,FALSE,chunk_ed6a5031b8a947980827;chunk_6732a62550715089c26f;chunk_d456e68cddac5689e179;chunk_f11b5949ce49f042c1d7;chunk_b2f5215d26a079ab47fc;chunk_48a59759c2e737bfde8f;chunk_2d9dd1faec7e052d9650;chunk_e605b162dda8c2e6ca53;chunk_0b2bb86e056f142afb34;chunk_cfb5583531162cc683f3;chunk_bf27760df9cc5cd60a6b;chunk_caeb9cdaaed3ebca22c9;chunk_e03dd2775013e8dc54c2;chunk_970baaeef6abaec64050;chunk_1f6a2b6e286cc67a4f39;chunk_5e0743ef27d6aa3983fc;chunk_6f90a71d3eda8c90215d;chunk_b8a168b67a5ebc9d319c;chunk_88375951a81847cfbe7f;chunk_fe9da9d5f0c18b666eee;chunk_b21525c614b9229e8179;chunk_ea3211529f917eac6ad0;chunk_56f38b1e1a09d04a44b5;chunk_f9fd5acd6896d2224f98;chunk_9403b9ee5700fe0ec3bb;chunk_e08af7729e27b3a0dad9;chunk_0adee604e918694f6d82;chunk_7bc8e8b0de16e0b8ec6a;chunk_5278fa78b407400b5a0b;chunk_2e65e0feaffaefa9faf8;chunk_764c9d20c36c8eb636d3;chunk_4a9c5643144821aa03cd;chunk_5c925f68a32e70649023;chunk_42ce1cd78fe0605e8778;chunk_ca55fc80231a5c3ecca0;chunk_668748d072a7bc456d32;chunk_cf1a079ddaaeaeda1d5a;chunk_75d76f4c5281f97a3299;chunk_136579b2b35b688b59d7;chunk_47c168a3a60becc9765d;chunk_fa15650d62c62e69702b;chunk_f4a3410b6d3338c0e572;chunk_97ee5e389c29499944c0;chunk_04719ea392c5f65ead84;chunk_aa86af109d352aae184c;chunk_6d2fd61a50c48d91b66b;chunk_a7ad7a0599f88509ea33;chunk_b3c4e571de7b0b374dc9;chunk_69507c07581be476cd1c;chunk_57a6860df97269f6cd06;chunk_b50bc6dffb61e7772201;chunk_7fd152fbe4ff8f681104;chunk_4fc6d65291fb49322555;chunk_f325b9d73decf9772e7d;chunk_06ac4fb55370eb82e9eb;chunk_839a50a32e20ad5f2e3d;chunk_8ce5d2c9e1c1a312cd1f;chunk_3e68d94d45f4589f85c3;chunk_bce0d887eeea5c19eef5;chunk_6e3b13012c9e0317b1a9;chunk_f597c7efc0cf7f6c6b86;chunk_62ca77c968c9eb791a79;chunk_d6c1515560c219a43a6f;chunk_c5d66fcc8ecd9eae8207;chunk_4457505fbccc57104e99;chunk_900e439c7fe279d444bd;chunk_a776801f122110e2bd67;chunk_c750feb934ab55bc0794;chunk_f33fa11706170b96e959;chunk_6fc0f8c91301e90b9c0a;chunk_e17fc0a194035eb28d72;chunk_15fc5c258ac091c099d7;chunk_c78ef3bf228a8fa9624e;chunk_83e26e2b3945f9fa3ba9;chunk_e4357519d671b02db61f;chunk_816cb027103da1a12586;chunk_5a850a9e5d36caf46c40;chunk_3ee82ebc0c090d359f62;chunk_4c51fbc1a2701b824f32;chunk_a740c5b8e9ee1fb94ce2;chunk_ba6f252308e34a8f4ad4;chunk_c5a9e22be1d53064ec84;chunk_ae134f732c056186e183;chunk_ef3b59ee62bcdacbb475;chunk_acd05cd661c9c46dc012;chunk_85fe72ef7a50ac707b2e;chunk_8a47aeb81fa23b467592;chunk_4a1d45673b90a2200249;chunk_16d5e061277a579abee6,candidate,Promoted by distinct-compound prevalence within the reported betalain fragment catalog.
frag_consensus_7d3f4a0804adb7,betalain,,194.04,positive,class consensus fragment (81 compounds),class_consensus_frequency,81,0.8351,1,FALSE,chunk_08bc69e91bb6ef88479b;chunk_185a54d9c1554c086b1f;chunk_604c7281d5352cd71b73;chunk_6fd34ce473bbe06c7d2c;chunk_5a93b1bf7c684ebe607a;chunk_36f9a1e15ee1c9a6dea3;chunk_0cad1c16a843ec08c84b;chunk_b44abcaeed5e9e15a279;chunk_c38516e1a5ad8f5aef05;chunk_ad5844dad00adf5d2084;chunk_16526064ef1607e694e6;chunk_82673d67884b2f28bb05;chunk_ead883afefd188e4666e;chunk_8228c6baaa4de3e1383f;chunk_39e7f9c94aacbc26cb22;chunk_70f8c51bdb8f198362e3;chunk_449079aa1e56ca82affc;chunk_14d78bace3360ff7fd2a;chunk_d12aa39677775155a72d;chunk_e41fc5d1900463545fa3;chunk_e26aed64faea75f4c0ed;chunk_d766910b32669ee3ebd6;chunk_cf0fd7aeea8ebdcd5021;chunk_a4497fc97806221c9c82;chunk_a1fe7e2a304735ee39b6;chunk_3d6daf77c2b9a1be6234;chunk_80c635179fa0acdc6029;chunk_e07279178443fe78833a;chunk_84eaa72ce61bc4c99b59;chunk_8bb4ed9858049c6da420;chunk_e1d11a9376eec8f8da18;chunk_e0affcc4697ee3ef6423;chunk_1db6192d8975db4fa5f0;chunk_dc90cc1a8de65411bafa;chunk_6b1b8212cd2bb29fb86d;chunk_c3998fef0fa1497a4594;chunk_5d01d8e3c4896447d285;chunk_cb7c25169d2b54cb1dfb;chunk_dd369b3c1c841c84e031;chunk_b50b7266db8f1546f8c8;chunk_f6572ba3bcec888327ef;chunk_89eb971a5d4c2e5bf1d3;chunk_768c899f6788870b3fab;chunk_bf5dac78a3b8224ba674;chunk_60eb331aa56495e52b21;chunk_8dae594a3f6ab14aa525;chunk_6309dedd94a62644476a;chunk_a39f52376cd9c963f1ba;chunk_8172f7e7f178901209b2;chunk_0769deaa4319c5bcedab;chunk_a8c4f6b9d9c11bee7535;chunk_c1ad2ff7a6e1042caab8;chunk_16328953cc580865a80c;chunk_6d17a155e997faa0c330;chunk_6837470739d82353dbe0;chunk_f4312eb668b32f3afe54;chunk_07862e32b8465ae209f0;chunk_c1e69493d298fb0b8081;chunk_02cea0bfc36ee74b351b;chunk_74c472629a72fbcc508a,candidate,Promoted by distinct-compound prevalence within the reported betalain fragment catalog.
frag_consensus_affb55f4c14559,betalain,,150.05,positive,class consensus fragment (79 compounds),class_consensus_frequency,79,0.8144,2,FALSE,chunk_185a54d9c1554c086b1f;chunk_604c7281d5352cd71b73;chunk_6fd34ce473bbe06c7d2c;chunk_5a93b1bf7c684ebe607a;chunk_36f9a1e15ee1c9a6dea3;chunk_0cad1c16a843ec08c84b;chunk_b44abcaeed5e9e15a279;chunk_c38516e1a5ad8f5aef05;chunk_ad5844dad00adf5d2084;chunk_16526064ef1607e694e6;chunk_82673d67884b2f28bb05;chunk_ead883afefd188e4666e;chunk_8228c6baaa4de3e1383f;chunk_39e7f9c94aacbc26cb22;chunk_70f8c51bdb8f198362e3;chunk_449079aa1e56ca82affc;chunk_14d78bace3360ff7fd2a;chunk_d12aa39677775155a72d;chunk_e41fc5d1900463545fa3;chunk_e26aed64faea75f4c0ed;chunk_d766910b32669ee3ebd6;chunk_cf0fd7aeea8ebdcd5021;chunk_a4497fc97806221c9c82;chunk_a1fe7e2a304735ee39b6;chunk_3d6daf77c2b9a1be6234;chunk_80c635179fa0acdc6029;chunk_e07279178443fe78833a;chunk_84eaa72ce61bc4c99b59;chunk_8bb4ed9858049c6da420;chunk_e1d11a9376eec8f8da18;chunk_e0affcc4697ee3ef6423;chunk_1db6192d8975db4fa5f0;chunk_dc90cc1a8de65411bafa;chunk_6b1b8212cd2bb29fb86d;chunk_c3998fef0fa1497a4594;chunk_5d01d8e3c4896447d285;chunk_cb7c25169d2b54cb1dfb;chunk_dd369b3c1c841c84e031;chunk_b50b7266db8f1546f8c8;chunk_f6572ba3bcec888327ef;chunk_89eb971a5d4c2e5bf1d3;chunk_768c899f6788870b3fab;chunk_bf5dac78a3b8224ba674;chunk_60eb331aa56495e52b21;chunk_8dae594a3f6ab14aa525;chunk_a39f52376cd9c963f1ba;chunk_8172f7e7f178901209b2;chunk_0769deaa4319c5bcedab;chunk_a8c4f6b9d9c11bee7535;chunk_c1ad2ff7a6e1042caab8;chunk_16328953cc580865a80c;chunk_6d17a155e997faa0c330;chunk_6837470739d82353dbe0;chunk_322674a96e060c9e21ce;chunk_f4312eb668b32f3afe54;chunk_07862e32b8465ae209f0;chunk_c1e69493d298fb0b8081;chunk_02cea0bfc36ee74b351b;chunk_74c472629a72fbcc508a,candidate,Promoted by distinct-compound prevalence within the reported betalain fragment catalog.
frag_consensus_c9940be4ccfdf2,betalain,,132.04,positive,class consensus fragment (75 compounds),class_consensus_frequency,75,0.7732,3,FALSE,chunk_185a54d9c1554c086b1f;chunk_604c7281d5352cd71b73;chunk_6fd34ce473bbe06c7d2c;chunk_5a93b1bf7c684ebe607a;chunk_36f9a1e15ee1c9a6dea3;chunk_0cad1c16a843ec08c84b;chunk_b44abcaeed5e9e15a279;chunk_c38516e1a5ad8f5aef05;chunk_ad5844dad00adf5d2084;chunk_16526064ef1607e694e6;chunk_82673d67884b2f28bb05;chunk_ead883afefd188e4666e;chunk_8228c6baaa4de3e1383f;chunk_39e7f9c94aacbc26cb22;chunk_70f8c51bdb8f198362e3;chunk_449079aa1e56ca82affc;chunk_14d78bace3360ff7fd2a;chunk_d12aa39677775155a72d;chunk_e41fc5d1900463545fa3;chunk_e26aed64faea75f4c0ed;chunk_d766910b32669ee3ebd6;chunk_cf0fd7aeea8ebdcd5021;chunk_a4497fc97806221c9c82;chunk_a1fe7e2a304735ee39b6;chunk_80c635179fa0acdc6029;chunk_e07279178443fe78833a;chunk_84eaa72ce61bc4c99b59;chunk_8bb4ed9858049c6da420;chunk_e1d11a9376eec8f8da18;chunk_e0affcc4697ee3ef6423;chunk_1db6192d8975db4fa5f0;chunk_dc90cc1a8de65411bafa;chunk_6b1b8212cd2bb29fb86d;chunk_c3998fef0fa1497a4594;chunk_5d01d8e3c4896447d285;chunk_cb7c25169d2b54cb1dfb;chunk_dd369b3c1c841c84e031;chunk_b50b7266db8f1546f8c8;chunk_f6572ba3bcec888327ef;chunk_89eb971a5d4c2e5bf1d3;chunk_768c899f6788870b3fab;chunk_bf5dac78a3b8224ba674;chunk_fdf77de258f3dbf6d59b;chunk_60eb331aa56495e52b21;chunk_8dae594a3f6ab14aa525;chunk_a39f52376cd9c963f1ba;chunk_8172f7e7f178901209b2;chunk_0769deaa4319c5bcedab;chunk_a8c4f6b9d9c11bee7535;chunk_c1ad2ff7a6e1042caab8;chunk_16328953cc580865a80c;chunk_6d17a155e997faa0c330;chunk_322674a96e060c9e21ce;chunk_f4312eb668b32f3afe54;chunk_07862e32b8465ae209f0;chunk_c1e69493d298fb0b8081;chunk_02cea0bfc36ee74b351b;chunk_74c472629a72fbcc508a,candidate,Promoted by distinct-compound prevalence within the reported betalain fragment catalog.
frag_consensus_014c3bf3ba8d4b,betalain,,138.05,positive,class consensus fragment (73 compounds),class_consensus_frequency,73,0.7526,4,FALSE,chunk_08bc69e91bb6ef88479b;chunk_185a54d9c1554c086b1f;chunk_604c7281d5352cd71b73;chunk_6fd34ce473bbe06c7d2c;chunk_5a93b1bf7c684ebe607a;chunk_36f9a1e15ee1c9a6dea3;chunk_0cad1c16a843ec08c84b;chunk_b44abcaeed5e9e15a279;chunk_c38516e1a5ad8f5aef05;chunk_ad5844dad00adf5d2084;chunk_16526064ef1607e694e6;chunk_82673d67884b2f28bb05;chunk_ead883afefd188e4666e;chunk_8228c6baaa4de3e1383f;chunk_39e7f9c94aacbc26cb22;chunk_70f8c51bdb8f198362e3;chunk_449079aa1e56ca82affc;chunk_d12aa39677775155a72d;chunk_e41fc5d1900463545fa3;chunk_e26aed64faea75f4c0ed;chunk_d766910b32669ee3ebd6;chunk_cf0fd7aeea8ebdcd5021;chunk_a4497fc97806221c9c82;chunk_a1fe7e2a304735ee39b6;chunk_3d6daf77c2b9a1be6234;chunk_80c635179fa0acdc6029;chunk_e07279178443fe78833a;chunk_84eaa72ce61bc4c99b59;chunk_8bb4ed9858049c6da420;chunk_e1d11a9376eec8f8da18;chunk_e0affcc4697ee3ef6423;chunk_1db6192d8975db4fa5f0;chunk_dc90cc1a8de65411bafa;chunk_6b1b8212cd2bb29fb86d;chunk_c3998fef0fa1497a4594;chunk_5d01d8e3c4896447d285;chunk_cb7c25169d2b54cb1dfb;chunk_dd369b3c1c841c84e031;chunk_b50b7266db8f1546f8c8;chunk_f6572ba3bcec888327ef;chunk_89eb971a5d4c2e5bf1d3;chunk_768c899f6788870b3fab;chunk_bf5dac78a3b8224ba674;chunk_60eb331aa56495e52b21;chunk_8dae594a3f6ab14aa525;chunk_6309dedd94a62644476a;chunk_a39f52376cd9c963f1ba;chunk_8172f7e7f178901209b2;chunk_0769deaa4319c5bcedab;chunk_a8c4f6b9d9c11bee7535;chunk_c1ad2ff7a6e1042caab8;chunk_16328953cc580865a80c;chunk_6d17a155e997faa0c330;chunk_6837470739d82353dbe0;chunk_322674a96e060c9e21ce;chunk_f4312eb668b32f3afe54;chunk_07862e32b8465ae209f0;chunk_c1e69493d298fb0b8081;chunk_02cea0bfc36ee74b351b;chunk_74c472629a72fbcc508a,candidate,Promoted by distinct-compound prevalence within the reported betalain fragment catalog.
frag_consensus_79a02ed4d6c738,betalain,,176.07,positive,class consensus fragment (61 compounds),class_consensus_frequency,61,0.6289,5,FALSE,chunk_185a54d9c1554c086b1f;chunk_604c7281d5352cd71b73;chunk_6fd34ce473bbe06c7d2c;chunk_5a93b1bf7c684ebe607a;chunk_36f9a1e15ee1c9a6dea3;chunk_0cad1c16a843ec08c84b;chunk_b44abcaeed5e9e15a279;chunk_c38516e1a5ad8f5aef05;chunk_ad5844dad00adf5d2084;chunk_16526064ef1607e694e6;chunk_82673d67884b2f28bb05;chunk_ead883afefd188e4666e;chunk_8228c6baaa4de3e1383f;chunk_39e7f9c94aacbc26cb22;chunk_70f8c51bdb8f198362e3;chunk_449079aa1e56ca82affc;chunk_14d78bace3360ff7fd2a;chunk_d12aa39677775155a72d;chunk_e41fc5d1900463545fa3;chunk_e26aed64faea75f4c0ed;chunk_d766910b32669ee3ebd6;chunk_cf0fd7aeea8ebdcd5021;chunk_a4497fc97806221c9c82;chunk_a1fe7e2a304735ee39b6;chunk_3d6daf77c2b9a1be6234;chunk_80c635179fa0acdc6029;chunk_e07279178443fe78833a;chunk_84eaa72ce61bc4c99b59;chunk_8bb4ed9858049c6da420;chunk_e1d11a9376eec8f8da18;chunk_e0affcc4697ee3ef6423;chunk_1db6192d8975db4fa5f0;chunk_dc90cc1a8de65411bafa;chunk_6b1b8212cd2bb29fb86d;chunk_c3998fef0fa1497a4594;chunk_5d01d8e3c4896447d285;chunk_a39f52376cd9c963f1ba;chunk_8172f7e7f178901209b2;chunk_0769deaa4319c5bcedab;chunk_a8c4f6b9d9c11bee7535;chunk_c1ad2ff7a6e1042caab8;chunk_16328953cc580865a80c;chunk_6d17a155e997faa0c330;chunk_6837470739d82353dbe0,candidate,Promoted by distinct-compound prevalence within the reported betalain fragment catalog.
frag_consensus_0def9e325cdb21,betalain,,253.09,positive,class consensus fragment (61 compounds),class_consensus_frequency,61,0.6289,6,FALSE,chunk_185a54d9c1554c086b1f;chunk_604c7281d5352cd71b73;chunk_6fd34ce473bbe06c7d2c;chunk_5a93b1bf7c684ebe607a;chunk_36f9a1e15ee1c9a6dea3;chunk_0cad1c16a843ec08c84b;chunk_b44abcaeed5e9e15a279;chunk_c38516e1a5ad8f5aef05;chunk_ad5844dad00adf5d2084;chunk_16526064ef1607e694e6;chunk_82673d67884b2f28bb05;chunk_ead883afefd188e4666e;chunk_8228c6baaa4de3e1383f;chunk_39e7f9c94aacbc26cb22;chunk_70f8c51bdb8f198362e3;chunk_449079aa1e56ca82affc;chunk_14d78bace3360ff7fd2a;chunk_d12aa39677775155a72d;chunk_e41fc5d1900463545fa3;chunk_e26aed64faea75f4c0ed;chunk_d766910b32669ee3ebd6;chunk_cf0fd7aeea8ebdcd5021;chunk_a4497fc97806221c9c82;chunk_a1fe7e2a304735ee39b6;chunk_3d6daf77c2b9a1be6234;chunk_80c635179fa0acdc6029;chunk_e07279178443fe78833a;chunk_84eaa72ce61bc4c99b59;chunk_8bb4ed9858049c6da420;chunk_e1d11a9376eec8f8da18;chunk_e0affcc4697ee3ef6423;chunk_1db6192d8975db4fa5f0;chunk_dc90cc1a8de65411bafa;chunk_6b1b8212cd2bb29fb86d;chunk_c3998fef0fa1497a4594;chunk_cb7c25169d2b54cb1dfb;chunk_a39f52376cd9c963f1ba;chunk_8172f7e7f178901209b2;chunk_a8c4f6b9d9c11bee7535;chunk_16328953cc580865a80c;chunk_6d17a155e997faa0c330;chunk_6837470739d82353dbe0;chunk_f4312eb668b32f3afe54,candidate,Promoted by distinct-compound prevalence within the reported betalain fragment catalog.
frag_consensus_c6979f434aeb04,betalain,,178.05,positive,class consensus fragment (60 compounds),class_consensus_frequency,60,0.6186,7,FALSE,chunk_185a54d9c1554c086b1f;chunk_604c7281d5352cd71b73;chunk_6fd34ce473bbe06c7d2c;chunk_5a93b1bf7c684ebe607a;chunk_36f9a1e15ee1c9a6dea3;chunk_0cad1c16a843ec08c84b;chunk_b44abcaeed5e9e15a279;chunk_c38516e1a5ad8f5aef05;chunk_ad5844dad00adf5d2084;chunk_16526064ef1607e694e6;chunk_82673d67884b2f28bb05;chunk_ead883afefd188e4666e;chunk_8228c6baaa4de3e1383f;chunk_39e7f9c94aacbc26cb22;chunk_70f8c51bdb8f198362e3;chunk_449079aa1e56ca82affc;chunk_14d78bace3360ff7fd2a;chunk_d12aa39677775155a72d;chunk_e41fc5d1900463545fa3;chunk_e26aed64faea75f4c0ed;chunk_d766910b32669ee3ebd6;chunk_cf0fd7aeea8ebdcd5021;chunk_a4497fc97806221c9c82;chunk_a1fe7e2a304735ee39b6;chunk_3d6daf77c2b9a1be6234;chunk_80c635179fa0acdc6029;chunk_e07279178443fe78833a;chunk_84eaa72ce61bc4c99b59;chunk_8bb4ed9858049c6da420;chunk_e1d11a9376eec8f8da18;chunk_e0affcc4697ee3ef6423;chunk_1db6192d8975db4fa5f0;chunk_dc90cc1a8de65411bafa;chunk_6b1b8212cd2bb29fb86d;chunk_c3998fef0fa1497a4594;chunk_a39f52376cd9c963f1ba;chunk_8172f7e7f178901209b2;chunk_0769deaa4319c5bcedab;chunk_a8c4f6b9d9c11bee7535;chunk_c1ad2ff7a6e1042caab8;chunk_16328953cc580865a80c;chunk_6d17a155e997faa0c330;chunk_6837470739d82353dbe0,candidate,Promoted by distinct-compound prevalence within the reported betalain fragment catalog.
frag_consensus_040af52781e6b7,betalain,,166.05,positive,class consensus fragment (58 compounds),class_consensus_frequency,58,0.5979,8,FALSE,chunk_08bc69e91bb6ef88479b;chunk_185a54d9c1554c086b1f;chunk_604c7281d5352cd71b73;chunk_5a93b1bf7c684ebe607a;chunk_0cad1c16a843ec08c84b;chunk_ad5844dad00adf5d2084;chunk_82673d67884b2f28bb05;chunk_ead883afefd188e4666e;chunk_8228c6baaa4de3e1383f;chunk_39e7f9c94aacbc26cb22;chunk_14d78bace3360ff7fd2a;chunk_e41fc5d1900463545fa3;chunk_e26aed64faea75f4c0ed;chunk_cf0fd7aeea8ebdcd5021;chunk_a4497fc97806221c9c82;chunk_a1fe7e2a304735ee39b6;chunk_3d6daf77c2b9a1be6234;chunk_e07279178443fe78833a;chunk_84eaa72ce61bc4c99b59;chunk_8bb4ed9858049c6da420;chunk_e1d11a9376eec8f8da18;chunk_e0affcc4697ee3ef6423;chunk_1db6192d8975db4fa5f0;chunk_dc90cc1a8de65411bafa;chunk_6b1b8212cd2bb29fb86d;chunk_c3998fef0fa1497a4594;chunk_5d01d8e3c4896447d285;chunk_cb7c25169d2b54cb1dfb;chunk_dd369b3c1c841c84e031;chunk_b50b7266db8f1546f8c8;chunk_f6572ba3bcec888327ef;chunk_89eb971a5d4c2e5bf1d3;chunk_768c899f6788870b3fab;chunk_bf5dac78a3b8224ba674;chunk_60eb331aa56495e52b21;chunk_8dae594a3f6ab14aa525;chunk_6309dedd94a62644476a;chunk_a39f52376cd9c963f1ba;chunk_8172f7e7f178901209b2;chunk_a8c4f6b9d9c11bee7535;chunk_16328953cc580865a80c;chunk_6d17a155e997faa0c330;chunk_f4312eb668b32f3afe54;chunk_07862e32b8465ae209f0;chunk_c1e69493d298fb0b8081;chunk_02cea0bfc36ee74b351b;chunk_74c472629a72fbcc508a,candidate,Promoted by distinct-compound prevalence within the reported betalain fragment catalog.
frag_consensus_9247224e5e231c,betalain,,281.09,positive,class consensus fragment (51 compounds),class_consensus_frequency,51,0.5258,9,FALSE,chunk_08bc69e91bb6ef88479b;chunk_185a54d9c1554c086b1f;chunk_604c7281d5352cd71b73;chunk_6fd34ce473bbe06c7d2c;chunk_5a93b1bf7c684ebe607a;chunk_36f9a1e15ee1c9a6dea3;chunk_0cad1c16a843ec08c84b;chunk_b44abcaeed5e9e15a279;chunk_c38516e1a5ad8f5aef05;chunk_ad5844dad00adf5d2084;chunk_16526064ef1607e694e6;chunk_82673d67884b2f28bb05;chunk_ead883afefd188e4666e;chunk_8228c6baaa4de3e1383f;chunk_39e7f9c94aacbc26cb22;chunk_70f8c51bdb8f198362e3;chunk_449079aa1e56ca82affc;chunk_d12aa39677775155a72d;chunk_e41fc5d1900463545fa3;chunk_e26aed64faea75f4c0ed;chunk_d766910b32669ee3ebd6;chunk_cf0fd7aeea8ebdcd5021;chunk_a4497fc97806221c9c82;chunk_a1fe7e2a304735ee39b6;chunk_80c635179fa0acdc6029;chunk_e07279178443fe78833a;chunk_84eaa72ce61bc4c99b59;chunk_8bb4ed9858049c6da420;chunk_e1d11a9376eec8f8da18;chunk_1db6192d8975db4fa5f0;chunk_dc90cc1a8de65411bafa;chunk_6b1b8212cd2bb29fb86d;chunk_c3998fef0fa1497a4594;chunk_a39f52376cd9c963f1ba;chunk_8172f7e7f178901209b2;chunk_a8c4f6b9d9c11bee7535;chunk_16328953cc580865a80c;chunk_6d17a155e997faa0c330,candidate,Promoted by distinct-compound prevalence within the reported betalain fragment catalog.
frag_consensus_2eef3ac1f3222b,betalain,,297.08,positive,class consensus fragment (51 compounds),class_consensus_frequency,51,0.5258,10,FALSE,chunk_08bc69e91bb6ef88479b;chunk_185a54d9c1554c086b1f;chunk_604c7281d5352cd71b73;chunk_6fd34ce473bbe06c7d2c;chunk_5a93b1bf7c684ebe607a;chunk_36f9a1e15ee1c9a6dea3;chunk_0cad1c16a843ec08c84b;chunk_b44abcaeed5e9e15a279;chunk_c38516e1a5ad8f5aef05;chunk_ad5844dad00adf5d2084;chunk_16526064ef1607e694e6;chunk_82673d67884b2f28bb05;chunk_ead883afefd188e4666e;chunk_8228c6baaa4de3e1383f;chunk_39e7f9c94aacbc26cb22;chunk_70f8c51bdb8f198362e3;chunk_449079aa1e56ca82affc;chunk_d12aa39677775155a72d;chunk_e41fc5d1900463545fa3;chunk_e26aed64faea75f4c0ed;chunk_d766910b32669ee3ebd6;chunk_cf0fd7aeea8ebdcd5021;chunk_a4497fc97806221c9c82;chunk_a1fe7e2a304735ee39b6;chunk_80c635179fa0acdc6029;chunk_e07279178443fe78833a;chunk_84eaa72ce61bc4c99b59;chunk_8bb4ed9858049c6da420;chunk_e1d11a9376eec8f8da18;chunk_1db6192d8975db4fa5f0;chunk_dc90cc1a8de65411bafa;chunk_6b1b8212cd2bb29fb86d;chunk_c3998fef0fa1497a4594;chunk_a39f52376cd9c963f1ba;chunk_8172f7e7f178901209b2;chunk_a8c4f6b9d9c11bee7535;chunk_16328953cc580865a80c;chunk_6d17a155e997faa0c330,candidate,Promoted by distinct-compound prevalence within the reported betalain fragment catalog.
frag_consensus_78cea2d418c54c,betalain,,299.1,positive,class consensus fragment (51 compounds),class_consensus_frequency,51,0.5258,11,FALSE,chunk_08bc69e91bb6ef88479b;chunk_185a54d9c1554c086b1f;chunk_604c7281d5352cd71b73;chunk_6fd34ce473bbe06c7d2c;chunk_5a93b1bf7c684ebe607a;chunk_36f9a1e15ee1c9a6dea3;chunk_0cad1c16a843ec08c84b;chunk_b44abcaeed5e9e15a279;chunk_c38516e1a5ad8f5aef05;chunk_ad5844dad00adf5d2084;chunk_16526064ef1607e694e6;chunk_82673d67884b2f28bb05;chunk_ead883afefd188e4666e;chunk_8228c6baaa4de3e1383f;chunk_39e7f9c94aacbc26cb22;chunk_70f8c51bdb8f198362e3;chunk_449079aa1e56ca82affc;chunk_d12aa39677775155a72d;chunk_e41fc5d1900463545fa3;chunk_e26aed64faea75f4c0ed;chunk_d766910b32669ee3ebd6;chunk_cf0fd7aeea8ebdcd5021;chunk_a4497fc97806221c9c82;chunk_a1fe7e2a304735ee39b6;chunk_80c635179fa0acdc6029;chunk_e07279178443fe78833a;chunk_84eaa72ce61bc4c99b59;chunk_8bb4ed9858049c6da420;chunk_e1d11a9376eec8f8da18;chunk_1db6192d8975db4fa5f0;chunk_dc90cc1a8de65411bafa;chunk_6b1b8212cd2bb29fb86d;chunk_c3998fef0fa1497a4594;chunk_a39f52376cd9c963f1ba;chunk_8172f7e7f178901209b2;chunk_a8c4f6b9d9c11bee7535;chunk_16328953cc580865a80c;chunk_6d17a155e997faa0c330,candidate,Promoted by distinct-compound prevalence within the reported betalain fragment catalog.
frag_consensus_7e7d22692e0c4b,betalain,,106.06,positive,class consensus fragment (45 compounds),class_consensus_frequency,45,0.4639,12,FALSE,chunk_604c7281d5352cd71b73;chunk_6fd34ce473bbe06c7d2c;chunk_36f9a1e15ee1c9a6dea3;chunk_0cad1c16a843ec08c84b;chunk_b44abcaeed5e9e15a279;chunk_c38516e1a5ad8f5aef05;chunk_ad5844dad00adf5d2084;chunk_16526064ef1607e694e6;chunk_ead883afefd188e4666e;chunk_8228c6baaa4de3e1383f;chunk_39e7f9c94aacbc26cb22;chunk_70f8c51bdb8f198362e3;chunk_449079aa1e56ca82affc;chunk_14d78bace3360ff7fd2a;chunk_d12aa39677775155a72d;chunk_e41fc5d1900463545fa3;chunk_d766910b32669ee3ebd6;chunk_80c635179fa0acdc6029;chunk_e07279178443fe78833a;chunk_84eaa72ce61bc4c99b59;chunk_c3998fef0fa1497a4594;chunk_5d01d8e3c4896447d285;chunk_cb7c25169d2b54cb1dfb;chunk_dd369b3c1c841c84e031;chunk_b50b7266db8f1546f8c8;chunk_f6572ba3bcec888327ef;chunk_89eb971a5d4c2e5bf1d3;chunk_768c899f6788870b3fab;chunk_bf5dac78a3b8224ba674;chunk_fdf77de258f3dbf6d59b;chunk_60eb331aa56495e52b21;chunk_8dae594a3f6ab14aa525;chunk_6d17a155e997faa0c330;chunk_322674a96e060c9e21ce;chunk_f4312eb668b32f3afe54;chunk_07862e32b8465ae209f0;chunk_c1e69493d298fb0b8081;chunk_02cea0bfc36ee74b351b;chunk_74c472629a72fbcc508a,candidate,Promoted by distinct-compound prevalence within the reported betalain fragment catalog.
frag_consensus_0f4c8ef16c13c4,betalain,,255.11,positive,class consensus fragment (38 compounds),class_consensus_frequency,38,0.3918,13,FALSE,chunk_08bc69e91bb6ef88479b;chunk_185a54d9c1554c086b1f;chunk_6fd34ce473bbe06c7d2c;chunk_5a93b1bf7c684ebe607a;chunk_0cad1c16a843ec08c84b;chunk_b44abcaeed5e9e15a279;chunk_c38516e1a5ad8f5aef05;chunk_82673d67884b2f28bb05;chunk_ead883afefd188e4666e;chunk_8228c6baaa4de3e1383f;chunk_39e7f9c94aacbc26cb22;chunk_70f8c51bdb8f198362e3;chunk_449079aa1e56ca82affc;chunk_d12aa39677775155a72d;chunk_e26aed64faea75f4c0ed;chunk_cf0fd7aeea8ebdcd5021;chunk_a4497fc97806221c9c82;chunk_a1fe7e2a304735ee39b6;chunk_80c635179fa0acdc6029;chunk_e07279178443fe78833a;chunk_8bb4ed9858049c6da420;chunk_e1d11a9376eec8f8da18;chunk_1db6192d8975db4fa5f0;chunk_dc90cc1a8de65411bafa;chunk_6b1b8212cd2bb29fb86d;chunk_c3998fef0fa1497a4594;chunk_a39f52376cd9c963f1ba;chunk_8172f7e7f178901209b2;chunk_a8c4f6b9d9c11bee7535;chunk_16328953cc580865a80c,candidate,Promoted by distinct-compound prevalence within the reported betalain fragment catalog.
frag_consensus_0e504d7343f0e3,betalain,,269.09,positive,class consensus fragment (38 compounds),class_consensus_frequency,38,0.3918,14,FALSE,chunk_08bc69e91bb6ef88479b;chunk_185a54d9c1554c086b1f;chunk_604c7281d5352cd71b73;chunk_5a93b1bf7c684ebe607a;chunk_36f9a1e15ee1c9a6dea3;chunk_ad5844dad00adf5d2084;chunk_16526064ef1607e694e6;chunk_82673d67884b2f28bb05;chunk_d12aa39677775155a72d;chunk_e41fc5d1900463545fa3;chunk_e26aed64faea75f4c0ed;chunk_d766910b32669ee3ebd6;chunk_cf0fd7aeea8ebdcd5021;chunk_a4497fc97806221c9c82;chunk_a1fe7e2a304735ee39b6;chunk_e07279178443fe78833a;chunk_84eaa72ce61bc4c99b59;chunk_8bb4ed9858049c6da420;chunk_e1d11a9376eec8f8da18;chunk_1db6192d8975db4fa5f0;chunk_dc90cc1a8de65411bafa;chunk_6b1b8212cd2bb29fb86d;chunk_cb7c25169d2b54cb1dfb;chunk_dd369b3c1c841c84e031;chunk_a39f52376cd9c963f1ba;chunk_8172f7e7f178901209b2;chunk_a8c4f6b9d9c11bee7535;chunk_16328953cc580865a80c;chunk_6d17a155e997faa0c330;chunk_f4312eb668b32f3afe54,candidate,Promoted by distinct-compound prevalence within the reported betalain fragment catalog.
frag_consensus_9be954dbea7093,betalain,,345.1,positive,class consensus fragment (35 compounds),class_consensus_frequency,35,0.3608,15,FALSE,chunk_08bc69e91bb6ef88479b;chunk_185a54d9c1554c086b1f;chunk_6fd34ce473bbe06c7d2c;chunk_5a93b1bf7c684ebe607a;chunk_0cad1c16a843ec08c84b;chunk_b44abcaeed5e9e15a279;chunk_c38516e1a5ad8f5aef05;chunk_82673d67884b2f28bb05;chunk_ead883afefd188e4666e;chunk_8228c6baaa4de3e1383f;chunk_39e7f9c94aacbc26cb22;chunk_70f8c51bdb8f198362e3;chunk_449079aa1e56ca82affc;chunk_e26aed64faea75f4c0ed;chunk_cf0fd7aeea8ebdcd5021;chunk_a4497fc97806221c9c82;chunk_a1fe7e2a304735ee39b6;chunk_80c635179fa0acdc6029;chunk_e07279178443fe78833a;chunk_8bb4ed9858049c6da420;chunk_e1d11a9376eec8f8da18;chunk_1db6192d8975db4fa5f0;chunk_dc90cc1a8de65411bafa;chunk_6b1b8212cd2bb29fb86d;chunk_c3998fef0fa1497a4594;chunk_a39f52376cd9c963f1ba;chunk_16328953cc580865a80c,candidate,Promoted by distinct-compound prevalence within the reported betalain fragment catalog.
frag_consensus_ed082cff744e81,betalain,,343.09,positive,class consensus fragment (33 compounds),class_consensus_frequency,33,0.3402,16,FALSE,chunk_08bc69e91bb6ef88479b;chunk_185a54d9c1554c086b1f;chunk_604c7281d5352cd71b73;chunk_5a93b1bf7c684ebe607a;chunk_36f9a1e15ee1c9a6dea3;chunk_ad5844dad00adf5d2084;chunk_16526064ef1607e694e6;chunk_82673d67884b2f28bb05;chunk_d12aa39677775155a72d;chunk_e41fc5d1900463545fa3;chunk_e26aed64faea75f4c0ed;chunk_d766910b32669ee3ebd6;chunk_cf0fd7aeea8ebdcd5021;chunk_a4497fc97806221c9c82;chunk_a1fe7e2a304735ee39b6;chunk_e07279178443fe78833a;chunk_84eaa72ce61bc4c99b59;chunk_8bb4ed9858049c6da420;chunk_e1d11a9376eec8f8da18;chunk_1db6192d8975db4fa5f0;chunk_dc90cc1a8de65411bafa;chunk_6b1b8212cd2bb29fb86d;chunk_a39f52376cd9c963f1ba;chunk_8172f7e7f178901209b2;chunk_a8c4f6b9d9c11bee7535;chunk_6d17a155e997faa0c330,candidate,Promoted by distinct-compound prevalence within the reported betalain fragment catalog.
frag_consensus_af71dcc21a69ab,betalain,,106.6,positive,class consensus fragment (23 compounds),class_consensus_frequency,23,0.2371,17,FALSE,chunk_185a54d9c1554c086b1f;chunk_604c7281d5352cd71b73;chunk_5a93b1bf7c684ebe607a;chunk_0cad1c16a843ec08c84b;chunk_82673d67884b2f28bb05;chunk_ead883afefd188e4666e;chunk_39e7f9c94aacbc26cb22;chunk_e26aed64faea75f4c0ed;chunk_cf0fd7aeea8ebdcd5021;chunk_a4497fc97806221c9c82;chunk_a1fe7e2a304735ee39b6;chunk_e07279178443fe78833a;chunk_8bb4ed9858049c6da420;chunk_e1d11a9376eec8f8da18;chunk_1db6192d8975db4fa5f0;chunk_dc90cc1a8de65411bafa;chunk_6b1b8212cd2bb29fb86d;chunk_c3998fef0fa1497a4594;chunk_a39f52376cd9c963f1ba;chunk_8172f7e7f178901209b2;chunk_a8c4f6b9d9c11bee7535;chunk_16328953cc580865a80c,candidate,Promoted by distinct-compound prevalence within the reported betalain fragment catalog.
frag_consensus_0b8477c44a4ddb,betalain,,255.08,positive,class consensus fragment (21 compounds),class_consensus_frequency,21,0.2165,18,FALSE,chunk_604c7281d5352cd71b73;chunk_5a93b1bf7c684ebe607a;chunk_36f9a1e15ee1c9a6dea3;chunk_ad5844dad00adf5d2084;chunk_16526064ef1607e694e6;chunk_14d78bace3360ff7fd2a;chunk_d12aa39677775155a72d;chunk_e41fc5d1900463545fa3;chunk_d766910b32669ee3ebd6;chunk_cf0fd7aeea8ebdcd5021;chunk_e07279178443fe78833a;chunk_84eaa72ce61bc4c99b59;chunk_8bb4ed9858049c6da420;chunk_e0affcc4697ee3ef6423;chunk_1db6192d8975db4fa5f0;chunk_6b1b8212cd2bb29fb86d;chunk_8172f7e7f178901209b2;chunk_a8c4f6b9d9c11bee7535;chunk_6d17a155e997faa0c330,candidate,Promoted by distinct-compound prevalence within the reported betalain fragment catalog.
frag_consensus_327969a3990194,betalain,,130.05,positive,class consensus fragment (20 compounds),class_consensus_frequency,20,0.2062,19,FALSE,chunk_5d01d8e3c4896447d285;chunk_cb7c25169d2b54cb1dfb;chunk_dd369b3c1c841c84e031;chunk_b50b7266db8f1546f8c8;chunk_f6572ba3bcec888327ef;chunk_89eb971a5d4c2e5bf1d3;chunk_768c899f6788870b3fab;chunk_bf5dac78a3b8224ba674;chunk_fdf77de258f3dbf6d59b;chunk_60eb331aa56495e52b21;chunk_8dae594a3f6ab14aa525;chunk_322674a96e060c9e21ce;chunk_f4312eb668b32f3afe54;chunk_07862e32b8465ae209f0;chunk_c1e69493d298fb0b8081;chunk_02cea0bfc36ee74b351b;chunk_74c472629a72fbcc508a,candidate,Promoted by distinct-compound prevalence within the reported betalain fragment catalog.
frag_consensus_c6ffa2ef4ed0c3,betalain,,211.07,positive,class consensus fragment (20 compounds),class_consensus_frequency,20,0.2062,20,FALSE,chunk_5d01d8e3c4896447d285;chunk_cb7c25169d2b54cb1dfb;chunk_dd369b3c1c841c84e031;chunk_b50b7266db8f1546f8c8;chunk_f6572ba3bcec888327ef;chunk_89eb971a5d4c2e5bf1d3;chunk_768c899f6788870b3fab;chunk_bf5dac78a3b8224ba674;chunk_60eb331aa56495e52b21;chunk_8dae594a3f6ab14aa525;chunk_322674a96e060c9e21ce;chunk_f4312eb668b32f3afe54;chunk_07862e32b8465ae209f0;chunk_c1e69493d298fb0b8081;chunk_02cea0bfc36ee74b351b;chunk_74c472629a72fbcc508a,candidate,Promoted by distinct-compound prevalence within the reported betalain fragment catalog.
frag_consensus_4803a3fa741723,betalain,,389.09,positive,class consensus fragment (18 compounds),class_consensus_frequency,18,0.1856,21,FALSE,chunk_08bc69e91bb6ef88479b;chunk_185a54d9c1554c086b1f;chunk_5a93b1bf7c684ebe607a;chunk_82673d67884b2f28bb05;chunk_e26aed64faea75f4c0ed;chunk_cf0fd7aeea8ebdcd5021;chunk_a4497fc97806221c9c82;chunk_a1fe7e2a304735ee39b6;chunk_8bb4ed9858049c6da420;chunk_e1d11a9376eec8f8da18;chunk_1db6192d8975db4fa5f0;chunk_dc90cc1a8de65411bafa;chunk_6b1b8212cd2bb29fb86d;chunk_a39f52376cd9c963f1ba,candidate,Promoted by distinct-compound prevalence within the reported betalain fragment catalog.
frag_consensus_7a46d67b5e077b,betalain,,223.12,positive,class consensus fragment (4 compounds),class_consensus_frequency,4,0.0412,22,FALSE,chunk_768c899f6788870b3fab;chunk_8dae594a3f6ab14aa525;chunk_74c472629a72fbcc508a,candidate,Promoted by distinct-compound prevalence within the reported betalain fragment catalog.
frag_consensus_ed318c2a711862,betalain,,267.11,positive,class consensus fragment (4 compounds),class_consensus_frequency,4,0.0412,23,FALSE,chunk_768c899f6788870b3fab;chunk_8dae594a3f6ab14aa525;chunk_74c472629a72fbcc508a,candidate,Promoted by distinct-compound prevalence within the reported betalain fragment catalog.
frag_consensus_e40eef70b12298,betalain,,55,positive,class consensus fragment (3 compounds),class_consensus_frequency,3,0.0309,24,FALSE,chunk_6fd34ce473bbe06c7d2c;chunk_36f9a1e15ee1c9a6dea3;chunk_c38516e1a5ad8f5aef05,candidate,Promoted by distinct-compound prevalence within the reported betalain fragment catalog.
frag_consensus_7fcb37875b4697,betalain,,219.11,positive,class consensus fragment (3 compounds),class_consensus_frequency,3,0.0309,25,FALSE,chunk_b50b7266db8f1546f8c8;chunk_f6572ba3bcec888327ef;chunk_07862e32b8465ae209f0;chunk_c1e69493d298fb0b8081,candidate,Promoted by distinct-compound prevalence within the reported betalain fragment catalog.
frag_consensus_c047fa5eb24801,betalain,,233.12,positive,class consensus fragment (3 compounds),class_consensus_frequency,3,0.0309,26,FALSE,chunk_f6572ba3bcec888327ef;chunk_89eb971a5d4c2e5bf1d3;chunk_c1e69493d298fb0b8081,candidate,Promoted by distinct-compound prevalence within the reported betalain fragment catalog.
frag_consensus_b92dfe82a9b521,betalain,,235.14,positive,class consensus fragment (3 compounds),class_consensus_frequency,3,0.0309,27,FALSE,chunk_f6572ba3bcec888327ef;chunk_89eb971a5d4c2e5bf1d3;chunk_c1e69493d298fb0b8081,candidate,Promoted by distinct-compound prevalence within the reported betalain fragment catalog.
frag_consensus_8c5298cdc98d8b,betalain,,239.11,positive,class consensus fragment (3 compounds),class_consensus_frequency,3,0.0309,28,FALSE,chunk_dd369b3c1c841c84e031;chunk_bf5dac78a3b8224ba674;chunk_07862e32b8465ae209f0,candidate,Promoted by distinct-compound prevalence within the reported betalain fragment catalog.
frag_consensus_e18db9bfe49827,betalain,,251.13,positive,class consensus fragment (3 compounds),class_consensus_frequency,3,0.0309,29,FALSE,chunk_f6572ba3bcec888327ef;chunk_89eb971a5d4c2e5bf1d3;chunk_c1e69493d298fb0b8081,candidate,Promoted by distinct-compound prevalence within the reported betalain fragment catalog.
frag_consensus_1201e72ae65d17,betalain,,255,positive,class consensus fragment (3 compounds),class_consensus_frequency,3,0.0309,30,FALSE,chunk_6728239b8e00bff5424c;chunk_6d000622e583807e58e7;chunk_c7f6416d93feb3a50d18,candidate,Promoted by distinct-compound prevalence within the reported betalain fragment catalog.
frag_consensus_ba7f8ad3b6e9f2,betalain,,265.11,positive,class consensus fragment (3 compounds),class_consensus_frequency,3,0.0309,31,FALSE,chunk_b50b7266db8f1546f8c8;chunk_f6572ba3bcec888327ef;chunk_07862e32b8465ae209f0;chunk_c1e69493d298fb0b8081,candidate,Promoted by distinct-compound prevalence within the reported betalain fragment catalog.
frag_consensus_e583483c7ec5b3,betalain,,269.12,positive,class consensus fragment (3 compounds),class_consensus_frequency,3,0.0309,32,FALSE,chunk_768c899f6788870b3fab;chunk_60eb331aa56495e52b21,candidate,Promoted by distinct-compound prevalence within the reported betalain fragment catalog.
frag_consensus_7ff72da14e60d7,betalain,,279.13,positive,class consensus fragment (3 compounds),class_consensus_frequency,3,0.0309,33,FALSE,chunk_f6572ba3bcec888327ef;chunk_89eb971a5d4c2e5bf1d3;chunk_c1e69493d298fb0b8081,candidate,Promoted by distinct-compound prevalence within the reported betalain fragment catalog.
frag_consensus_dab8fac1ffd76d,betalain,,285.12,positive,class consensus fragment (3 compounds),class_consensus_frequency,3,0.0309,34,FALSE,chunk_dd369b3c1c841c84e031;chunk_bf5dac78a3b8224ba674;chunk_07862e32b8465ae209f0,candidate,Promoted by distinct-compound prevalence within the reported betalain fragment catalog.
frag_consensus_15cf9ffc6aab9e,betalain,,315.13,positive,class consensus fragment (3 compounds),class_consensus_frequency,3,0.0309,35,FALSE,chunk_768c899f6788870b3fab;chunk_60eb331aa56495e52b21,candidate,Promoted by distinct-compound prevalence within the reported betalain fragment catalog.
frag_consensus_522c43e838ec3d,betalain,,343,positive,class consensus fragment (3 compounds),class_consensus_frequency,3,0.0309,36,FALSE,chunk_f0a2d0db1aad93dc174a;chunk_afbdef08147047c8f727;chunk_c7f6416d93feb3a50d18,candidate,Promoted by distinct-compound prevalence within the reported betalain fragment catalog.
frag_1a5eb7973a7bcf,betalain,,389.09,,"m/z 389 is a diagnostic fragment for betacyanins, m/z 345 for betalain derivatives, and m/z 343 for neobetanin variants, aiding identification of decarboxylated and dehydrogenated betalains.",explicit_evidence,,,,FALSE,claim_a0476b25e7f60326,candidate,"m/z 389 is a diagnostic fragment for betacyanins, m/z 345 for betalain derivatives, and m/z 343 for neobetanin variants, aiding identification of decarboxylated and dehydrogenated betalains."
frag_470970f04a0127,betalain,,345.1,,"m/z 345 is a diagnostic fragment for betalain derivatives, aiding identification of decarboxylated and dehydrogenated betalains.",explicit_evidence,,,,FALSE,claim_e0a1c8b07ef09dad,candidate,"m/z 345 is a diagnostic fragment for betalain derivatives, aiding identification of decarboxylated and dehydrogenated betalains."
frag_a5d871165bb8ea,betalain,,343.09,,"m/z 343 is a diagnostic fragment for neobetanin variants, aiding identification of decarboxylated and dehydrogenated betalains.",explicit_evidence,,,,FALSE,claim_c91f602a23204b68,candidate,"m/z 343 is a diagnostic fragment for neobetanin variants, aiding identification of decarboxylated and dehydrogenated betalains."
frag_380da0a2a8c085,betalain,,150,positive,"Fragment ion at m/z 150 corresponds to 5,6-dihydroxy-indole moiety.",explicit_evidence,,,,FALSE,claim_f9381192cbd6e644;claim_1c467d9b6b1ae579;claim_c6a3af82b6c04e1d;claim_6f97c928d7c39f69,candidate,"Fragment ion at m/z 150 corresponds to 5,6-dihydroxy-indole moiety."
frag_e144341b873ed4,betalain,,132,positive,m/z 132 is a final fragment ion from 18-chloro-15-decarboxy-betanin.,explicit_evidence,,,,FALSE,claim_12c28bec17ae5f74,candidate,m/z 132 is a final fragment ion from 18-chloro-15-decarboxy-betanin.
frag_e144341b873ed4,betalain,,132,,"Fragment ion at m/z 132 is assigned as dehydrated 5,6-dihydroxy-indole.",explicit_evidence,,,,FALSE,claim_a1953b05ba40e8cc,candidate,"Fragment ion at m/z 132 is assigned as dehydrated 5,6-dihydroxy-indole."
