rule_id,compound_class,subclass,source_entity,target_entity,source_entity_id,target_entity_id,transformation_name,evidence_type,claim_source,component_name,component_delta_formula,relation_evidence_status,template_support_level,candidate_policy,propagation_policy,reaction_arity,reactant_entities,product_entities,anchor_reactant_index,network_anchor_role,resolved_network_anchor_count,anchor_resolution_stage,reaction_type,reaction_operator,formula_equation,reactant_form_ids,product_form_ids,fragment_evidence_contract,calculated_delta_mass,chemical_validation_status,product_resolution_status,derivation_id,delta_mass,direction,repeatable,max_repeat,required_context,evidence_ids,review_status,review_note
tr_0263937a57487b,betalain,,dopamine,dopamine-derived betalains,entity_85edab3a428facf6,entity_650d2a44905cfe65,biosynthesis,explicit_report,,,,,,,,1,"[{""coefficient"":1,""entity_id"":""entity_85edab3a428facf6"",""role"":""substrate""}]","[{""coefficient"":1,""entity_id"":""entity_650d2a44905cfe65"",""role"":""product""}]",0,substrate,0,network_preflight,unary_literature_transformation,biosynthesis,,"[""form_b4bcd16f5aa26f33""]",[],{},,unresolved_entities,unique_reported_entity,derivation_8979994706b63c,,source_to_target,FALSE,1,real resolved network anchor,claim_fb756838ac16d9ca,candidate,Dopamine is transformed into dopamine-derived betalains.
tr_ca0f9db45e9cc4,betalain,,L-dihydroxyphenylalanine (L-DOPA),traditional betalains,entity_6d36754318f4b6,entity_224463154dcc87f6,biosynthesis,explicit_report,,,,,,,,1,"[{""coefficient"":1,""entity_id"":""entity_6d36754318f4b6"",""role"":""substrate""}]","[{""coefficient"":1,""entity_id"":""entity_224463154dcc87f6"",""role"":""product""}]",0,substrate,0,network_preflight,unary_literature_transformation,biosynthesis,,[],[],{},,unresolved_entities,unique_reported_entity,derivation_40e4931a50a84e,,source_to_target,FALSE,1,real resolved network anchor,claim_247687f3001aa546,candidate,L-DOPA is transformed into traditional betalains.
tr_5a3ab64ab2b0ec,betalain,,betanidin,betanin,entity_dc93e29b3650969f,entity_12822fcd1f86c3ce,glucosylation,explicit_report,,,,,,,,1,"[{""coefficient"":1,""entity_id"":""entity_dc93e29b3650969f"",""role"":""substrate""}]","[{""coefficient"":1,""entity_id"":""entity_12822fcd1f86c3ce"",""role"":""product""}]",0,substrate,0,network_preflight,unary_literature_transformation,glucosylation,C18H16N2O8 -> C24H26N2O13,"[""form_e11c1757de4513f1""]","[""form_3f1cc1b9b810f94c""]",{},162.052823,valid,unique_reported_entity,derivation_6f05abbbba7f0a,162.052823,source_to_target,FALSE,1,real resolved network anchor,claim_13e5c1fffd3a8a56,candidate,"Betanin is the 5-glucoside of betanidin, indicating a glucosylation transformation from betanidin to betanin."
tr_6e2e889e2796f5,betalain,,betalains,acylated betalains,,,acylation,explicit_report,,,,,,,,1,"[{""coefficient"":1,""entity_id"":"""",""role"":""substrate""}]","[{""coefficient"":1,""entity_id"":"""",""role"":""product""}]",0,substrate,0,network_preflight,unary_literature_transformation,acylation,,[],[],{},,unresolved_entities,unresolved_product_class,derivation_a12a33a7e16ab7,,source_to_target,FALSE,1,non_propagating_unresolved_entity,claim_cb2a7fa44a2e93f8,candidate,Sugar moieties of betalains can be acylated with aromatic organic acids.
tr_0bc345033aea09,betalain,,betanidin,betanidin 5,entity_dc93e29b3650969f,entity_4edae395b4203c5a,chlorination,explicit_report,,,,,,,,1,"[{""coefficient"":1,""entity_id"":""entity_dc93e29b3650969f"",""role"":""substrate""}]","[{""coefficient"":1,""entity_id"":""entity_4edae395b4203c5a"",""role"":""product""}]",0,substrate,0,network_preflight,unary_literature_transformation,chlorination,,"[""form_e11c1757de4513f1""]",[],{},,unresolved_entities,unique_reported_entity,derivation_b82116f66da76c,,source_to_target,FALSE,1,real resolved network anchor,claim_ae0c95f37857f1c5,candidate,"Betanidin 5 is described as a chlorination product, indicating a chlorination transformation."
tr_82ae8106fd0385,betalain,,betanin 1,monochloro-betanin 1a,entity_d8c48cad1e6cb780,entity_2161f2c12be6c7e3,chlorination,explicit_report,,,,,,,,1,"[{""coefficient"":1,""entity_id"":""entity_d8c48cad1e6cb780"",""role"":""substrate""}]","[{""coefficient"":1,""entity_id"":""entity_2161f2c12be6c7e3"",""role"":""product""}]",0,substrate,0,network_preflight,unary_literature_transformation,chlorination,,[],[],{},,unresolved_entities,unique_reported_entity,derivation_46d0a503930b11,,source_to_target,FALSE,1,real resolved network anchor,claim_6676f2857eec755f,candidate,"Compounds 1a, 2a, and 6a are chlorinated derivatives of their respective precursors 1, 2, and 6."
tr_41dcff9c07deb4,betalain,,17-decarboxy-betanin 2,monochloro-17-decarboxy-betanin 2a,entity_efe80b36aa4941eb,entity_f5f280c1f41c4d25,chlorination,explicit_report,,,,,,,,1,"[{""coefficient"":1,""entity_id"":""entity_efe80b36aa4941eb"",""role"":""substrate""}]","[{""coefficient"":1,""entity_id"":""entity_f5f280c1f41c4d25"",""role"":""product""}]",0,substrate,0,network_preflight,unary_literature_transformation,chlorination,,[],[],{},,unresolved_entities,unique_reported_entity,derivation_5ffac2ed4cf3ea,,source_to_target,FALSE,1,real resolved network anchor,claim_55ae3addec1fcd15,candidate,Compound 2a is a chlorinated derivative of 17-decarboxy-betanin 2.
tr_a06335fb017149,betalain,,"2,17-decarboxy-betanin 6","monochloro-2,17-decarboxy-betanin 6a",entity_708bce734f296636,entity_84a5f7337f99863b,chlorination,explicit_report,,,,,,,,1,"[{""coefficient"":1,""entity_id"":""entity_708bce734f296636"",""role"":""substrate""}]","[{""coefficient"":1,""entity_id"":""entity_84a5f7337f99863b"",""role"":""product""}]",0,substrate,0,network_preflight,unary_literature_transformation,chlorination,,[],[],{},,unresolved_entities,unique_reported_entity,derivation_a7d8b410582e1e,,source_to_target,FALSE,1,real resolved network anchor,claim_82243889ecbfcde3,candidate,"Compound 6a is a chlorinated derivative of 2,17-decarboxy-betanin 6."
tr_5cd84a773c0e8c,betalain,,betanin 1,17-decarboxy-betanin 2,entity_d8c48cad1e6cb780,entity_efe80b36aa4941eb,decarboxylation,explicit_report,,,,,,,,1,"[{""coefficient"":1,""entity_id"":""entity_d8c48cad1e6cb780"",""role"":""substrate""}]","[{""coefficient"":1,""entity_id"":""entity_efe80b36aa4941eb"",""role"":""product""}]",0,substrate,0,network_preflight,unary_literature_transformation,decarboxylation,,[],[],{},,unresolved_entities,unique_reported_entity,derivation_be703d5d531ea6,,source_to_target,FALSE,1,real resolved network anchor,claim_a88e1c5fc615e325,candidate,"The window describes decarboxylation at C-17 in the precursor 2, indicating a decarboxylation transformation."
tr_c1121c5ed3178c,betalain,,betanin,2-O-Glucosyl-betanin,entity_12822fcd1f86c3ce,entity_8d69a655ba3c9a7e,glucosylation,literature_inferred,,,,,,,,1,"[{""coefficient"":1,""entity_id"":""entity_12822fcd1f86c3ce"",""role"":""substrate""}]","[{""coefficient"":1,""entity_id"":""entity_8d69a655ba3c9a7e"",""role"":""product""}]",0,substrate,0,network_preflight,unary_literature_transformation,glucosylation,,"[""form_3f1cc1b9b810f94c""]",[],{},,unresolved_entities,unique_reported_entity,derivation_507afa9dfa2b62,,source_to_target,FALSE,1,real resolved network anchor,claim_fb2f2e4aa66260ff,candidate,"2-O-Glucosyl-betanin is a glucosylated derivative of betanin, indicating a glucosylation transformation."
tr_82caffa635bd79,betalain,,betalains,decarboxylated betalains,,,decarboxylation,explicit_report,,,,,,,,1,"[{""coefficient"":1,""entity_id"":"""",""role"":""substrate""}]","[{""coefficient"":1,""entity_id"":"""",""role"":""product""}]",0,substrate,0,network_preflight,unary_literature_transformation,decarboxylation,,[],[],{},,unresolved_entities,unresolved_product_class,derivation_8025a970b1a41d,,source_to_target,FALSE,1,non_propagating_unresolved_entity,claim_f2d2cd7bd9f8073c,candidate,The text states that thermal processing leads to the formation of decarboxylated betalains from betalains present in beetroot.
tr_23c11db4084186,betalain,,betanin,18-chloro-betanin,entity_12822fcd1f86c3ce,entity_52721104398e4d3a,chlorination,literature_inferred,,,,,,,,1,"[{""coefficient"":1,""entity_id"":""entity_12822fcd1f86c3ce"",""role"":""substrate""}]","[{""coefficient"":1,""entity_id"":""entity_52721104398e4d3a"",""role"":""product""}]",0,substrate,0,network_preflight,unary_literature_transformation,chlorination,,"[""form_3f1cc1b9b810f94c""]",[],{},,unresolved_entities,unique_reported_entity,derivation_85bee0ffb96682,,source_to_target,FALSE,1,real resolved network anchor,claim_097f2958ca42a2a2,candidate,"The chlorinated derivatives 1a, 2a, 6a are compared to their precursors 1, 2, 6, implying chlorination transformations."
tr_06a3b8d696ea87,betalain,,17-decarboxy-betanin,18-chloro-17-decarboxy-betanin,entity_231c36f3d94f8119,entity_1cffd0c2c566ecac,chlorination,explicit_report,,,,,,,,1,"[{""coefficient"":1,""entity_id"":""entity_231c36f3d94f8119"",""role"":""substrate""}]","[{""coefficient"":1,""entity_id"":""entity_1cffd0c2c566ecac"",""role"":""product""}]",0,substrate,0,network_preflight,unary_literature_transformation,chlorination,,"[""form_0c0da057243e1237""]",[],{},,unresolved_entities,unique_reported_entity,derivation_7d188d54bea730,,source_to_target,FALSE,1,real resolved network anchor,claim_f12eeee7763d7ac3,candidate,"The chlorinated derivatives 1a, 2a, 6a are compared to their precursors 1, 2, 6, implying chlorination transformations."
tr_4654381036b76a,betalain,,"2,17-bidecarboxy-betanin","18-chloro-2,17-bidecarboxy-betanin",entity_df401f885ccc8471,entity_c63ef914c38130fd,chlorination,explicit_report,,,,,,,,1,"[{""coefficient"":1,""entity_id"":""entity_df401f885ccc8471"",""role"":""substrate""}]","[{""coefficient"":1,""entity_id"":""entity_c63ef914c38130fd"",""role"":""product""}]",0,substrate,0,network_preflight,unary_literature_transformation,chlorination,,[],[],{},,unresolved_entities,unique_reported_entity,derivation_f4448aa17070aa,,source_to_target,FALSE,1,real resolved network anchor,claim_2faeecb43d5b270d,candidate,"The chlorinated derivatives 1a, 2a, 6a are compared to their precursors 1, 2, 6, implying chlorination transformations."
tr_330425843b13d5,betalain,,betanin,"2,15-bidecarboxy-betanin",entity_12822fcd1f86c3ce,entity_386f398d7ea8f7f8,15-decarboxylation and further decarboxylation,explicit_report,,,,,,,,1,"[{""coefficient"":1,""entity_id"":""entity_12822fcd1f86c3ce"",""role"":""substrate""}]","[{""coefficient"":1,""entity_id"":""entity_386f398d7ea8f7f8"",""role"":""product""}]",0,substrate,0,network_preflight,unary_literature_transformation,15_decarboxylation_and_further_decarboxylation,C24H26N2O13 -> C22H27N2O9,"[""form_3f1cc1b9b810f94c""]","[""form_c05079c8874f5b4b""]",{},-86.971833,valid,unique_reported_entity,derivation_bbfdb2babeccd3,-86.971833,source_to_target,FALSE,1,real resolved network anchor,claim_2ea68bd305b578df,candidate,"Betanin undergoes initial 15-decarboxylation, leading to 2,15-bidecarboxy-betanin upon heating."
tr_c2178c1d0eed90,betalain,,betanin,dehydrogenated products,entity_12822fcd1f86c3ce,,"dehydrogenation following 2,17-decarboxylation",explicit_report,,,,,,,,1,"[{""coefficient"":1,""entity_id"":""entity_12822fcd1f86c3ce"",""role"":""substrate""}]","[{""coefficient"":1,""entity_id"":"""",""role"":""product""}]",0,substrate,0,network_preflight,unary_literature_transformation,dehydrogenation_following_2_17_decarboxylation,,"[""form_3f1cc1b9b810f94c""]",[],{},,unresolved_entities,unresolved_product_class,derivation_c26a176c8164a3,,source_to_target,FALSE,1,non_propagating_unresolved_entity,claim_064b446f9347c6a5,candidate,"Dehydrogenated products are formed from betanin via 2,17-decarboxylation routes."
tr_7cef49f8f61280,betalain,,Betalamic acid,g-aminobutyric acid-bx,entity_64818f42fdf603ee,entity_cabbdf66758bf204,Betalamic acid condensation with amino acids,literature_inferred,,,,,name_encoded_reactant,literature_supported,no_propagation,2,"[{""coefficient"":1,""entity_id"":""entity_64818f42fdf603ee"",""role"":""structural_unit""},{""coefficient"":1,""entity_id"":""entity_002884d7e2a98cda"",""role"":""structural_component""}]","[{""coefficient"":1,""entity_id"":""entity_cabbdf66758bf204"",""role"":""product""}]",0,structural_unit,0,network_preflight,condensation,condensation_h2o_loss,C9H9NO5+C4H9NO2 -> C13H16N2O6,"[""form_2b8d7ea13b9d7267"",""form_cdc06981512a5824""]","[""form_a4025117ba7286e1""]","{""class_diagnostic_ids"":[],""core_fragment_evidence_ids"":[],""donor_fragment_evidence_ids"":[],""explicit_target_diagnostic_ids"":[],""reaction_fragment_evidence_ids"":[],""reported_target_fragment_ids"":[""fragment_16a9e105cfb8d352"",""fragment_28908ff83d919384"",""fragment_4df2ff308654e8a5"",""fragment_693df5fe52c80229"",""fragment_6e44c986cd745a92"",""fragment_747945ad32e4664c"",""fragment_7b5a0c5de90dbf01"",""fragment_7bdf13f2d22bff5e"",""fragment_a72d86c9be8265c9"",""fragment_cbad5b206a734ef9"",""fragment_cd37c14eb1742335""],""target_product_ion_ids"":[""fragment_16a9e105cfb8d352"",""fragment_28908ff83d919384"",""fragment_4df2ff308654e8a5"",""fragment_693df5fe52c80229"",""fragment_6e44c986cd745a92"",""fragment_747945ad32e4664c"",""fragment_7b5a0c5de90dbf01"",""fragment_7bdf13f2d22bff5e"",""fragment_a72d86c9be8265c9"",""fragment_cbad5b206a734ef9"",""fragment_cd37c14eb1742335""],""theoretical_catalog_ids"":[]}",85.052764,valid,unique_reported_entity,derivation_27b8ddad27e09f25,85.052764,source_to_target,FALSE,1,real resolved network anchor; target-specific reported fragments; no propagation,reaction_beed6493403f4fd9,candidate,Materialized from an evidence-backed variable-arity reaction template.
tr_a73d6d73d614d2,betalain,,6-decarboxy-betalamic acid,Tyrosine-6-decarboxy-betaxanthin,entity_ba886bd316a78fbe,entity_4c8c06c0d169a8ac,Condensation of 6-decarboxy-betalamic acid with amines/amino acids,literature_inferred,,,,,name_encoded_reactant,literature_supported,no_propagation,2,"[{""coefficient"":1,""entity_id"":""entity_ba886bd316a78fbe"",""role"":""structural_unit""},{""coefficient"":1,""entity_id"":""entity_88735b39e06748e8"",""role"":""structural_component""}]","[{""coefficient"":1,""entity_id"":""entity_4c8c06c0d169a8ac"",""role"":""product""}]",0,structural_unit,0,network_preflight,condensation,condensation_h2o_loss,C8H9NO3+C9H11NO3 -> C17H18N2O5,"[""form_6406417d303ec17b"",""form_b8edeeec3f149688""]","[""form_8e54c08531617081""]","{""class_diagnostic_ids"":[],""core_fragment_evidence_ids"":[],""donor_fragment_evidence_ids"":[],""explicit_target_diagnostic_ids"":[],""reaction_fragment_evidence_ids"":[],""reported_target_fragment_ids"":[],""target_product_ion_ids"":[],""theoretical_catalog_ids"":[]}",163.063329,valid,unique_reported_entity,derivation_7c2f7a5be4e63a93,163.063329,source_to_target,FALSE,1,exploratory_only_missing_target_fragments,reaction_8903839669ac0388,candidate,Materialized from an evidence-backed variable-arity reaction template.
tr_a8d13b9c6a05a1,betalain,,"2,17-bidecarboxy-betanin",2-decarboxy-neohylocerenin,entity_df401f885ccc8471,entity_7048300dc22a0e65,"Chlorination of 2,17-bidecarboxy-betanin at C-18",literature_inferred,,,,,class_mechanism_product_join,literature_explanation_only,no_propagation,1,"[{""coefficient"":1,""entity_id"":""entity_df401f885ccc8471"",""role"":""substrate""}]","[{""coefficient"":1,""entity_id"":""entity_7048300dc22a0e65"",""role"":""product""}]",0,substrate,0,network_preflight,chlorination,identity,C29H32N2O15 -> C29H32N2O15,"[""form_9e7bdbb36b41703b""]","[""form_dc82a76cc2db6198""]","{""class_diagnostic_ids"":[],""core_fragment_evidence_ids"":[],""donor_fragment_evidence_ids"":[],""explicit_target_diagnostic_ids"":[],""reaction_fragment_evidence_ids"":[],""reported_target_fragment_ids"":[""fragment_09f545dc3f39150c"",""fragment_1868283470db12ca"",""fragment_3547b50ebf00541f"",""fragment_54576881bd85eefe"",""fragment_5d7daea9f570efed"",""fragment_5f02bdc00d80c232"",""fragment_84a8913054351768"",""fragment_a42327f0112ba0b0"",""fragment_c8f1a636f887448e"",""fragment_d24cb157f441e493"",""fragment_d539c80c9dfaea99"",""fragment_d59600538f8a1310"",""fragment_f65a98e13aba43c2"",""fragment_f946c5880d26f483""],""target_product_ion_ids"":[""fragment_09f545dc3f39150c"",""fragment_1868283470db12ca"",""fragment_3547b50ebf00541f"",""fragment_54576881bd85eefe"",""fragment_5d7daea9f570efed"",""fragment_5f02bdc00d80c232"",""fragment_84a8913054351768"",""fragment_a42327f0112ba0b0"",""fragment_c8f1a636f887448e"",""fragment_d24cb157f441e493"",""fragment_d539c80c9dfaea99"",""fragment_d59600538f8a1310"",""fragment_f65a98e13aba43c2"",""fragment_f946c5880d26f483""],""theoretical_catalog_ids"":[""fragment_00446013014f922e"",""fragment_029133f435824a4a"",""fragment_03ea63fbd333237d"",""fragment_05f5ac183b463343"",""fragment_05f83f0bd6644277"",""fragment_072f425d3c61668f"",""fragment_0994b6d1eeabe578"",""fragment_0ab18a02f2c8d0d2"",""fragment_0b97ddcd74296d6c"",""fragment_0ba2bb77f72b9aa9"",""fragment_0d34f3062856ee60"",""fragment_0d9f5bbbddad128c"",""fragment_0db579b4105c12ff"",""fragment_0eb5a9ab6620685b"",""fragment_0f34fbb613fc10cd"",""fragment_0f99739672d15a8c"",""fragment_1060010d40ef7fb4"",""fragment_10e93fc890c34cfe"",""fragment_112e94989ca66118"",""fragment_1190ac61d97bf33b"",""fragment_12540d841096183c"",""fragment_13380a9260acad1e"",""fragment_147ed1f680713f1b"",""fragment_14aee4dc2a8f604e"",""fragment_164932f497713085"",""fragment_168adda5413f0933"",""fragment_17a755376078eb34"",""fragment_17e50d831575d750"",""fragment_18bbc7b60e47aa55"",""fragment_18f294fd9ee7215b"",""fragment_1a230ae20e47fe9b"",""fragment_1b26ecba7de2919a"",""fragment_1b7379fe3ea3cd84"",""fragment_1cb69b108762bfc9"",""fragment_1d7946a8eab18c4d"",""fragment_1edcccc222c8f515"",""fragment_1f23e022600f4e15"",""fragment_1f2606cac47cb4ee"",""fragment_1fc08f3695e3897c"",""fragment_20b62a42e886157d"",""fragment_22af51247a8d5812"",""fragment_242ed936e4b4f636"",""fragment_2699e1e010320933"",""fragment_27e9f2c31b460fb1"",""fragment_2936b768f69c33fa"",""fragment_29d8323a31ff4eac"",""fragment_2a41b897eb7bf474"",""fragment_2b223c03be6c6f6d"",""fragment_2b42355fc9cc48d8"",""fragment_2bec1102b5b86b7b"",""fragment_2c90ec4ffb3c8818"",""fragment_2eb0847def1d3175"",""fragment_30f3e33cd7b5bc3b"",""fragment_31eecbf8c10d97b6"",""fragment_329cd16e2ff5cd64"",""fragment_347dcf91eba75473"",""fragment_34e878a3b9911fca"",""fragment_38cfc93778c34d39"",""fragment_3a836c88fae1df45"",""fragment_3a9361f0067b9a2d"",""fragment_3ac5a70251fbae97"",""fragment_3b10c9541916e0c9"",""fragment_3dca3520df0b562c"",""fragment_3dffabd89ac8dc68"",""fragment_3e33fd8326596449"",""fragment_3f02f6b1265c608e"",""fragment_3f537f6570e599d9"",""fragment_3f65b90a58426ef5"",""fragment_3ffad1665ee23e4d"",""fragment_40787108f5c5a9dc"",""fragment_42acae00abb06d25"",""fragment_43ab81ae7480fed5"",""fragment_43cf46fed545bef2"",""fragment_46da494c8c09ee2a"",""fragment_47a2baba21e295cf"",""fragment_47fb86099edf0401"",""fragment_48b7ac49d0eacc35"",""fragment_49073ca3a783fbac"",""fragment_495b52b206ae0c59"",""fragment_49db2992edb435a2"",""fragment_49df5d27ef9663c8"",""fragment_4ac18bf15d93a038"",""fragment_506fa3b7c31b17f7"",""fragment_515e2e637c3806ef"",""fragment_51a6ad54efaa1876"",""fragment_51e1c662f4d1b075"",""fragment_52d62c5fd9cf54a4"",""fragment_53059f2701cfa99f"",""fragment_5709b1aa332ce731"",""fragment_59a7e5592ba667df"",""fragment_59e36cb67c753615"",""fragment_5a0cc4db2c3a4cbc"",""fragment_5a7c1a93370caeb0"",""fragment_5e0dc0f9dea9303d"",""fragment_5e8be99e999ba726"",""fragment_5f7a85f3607b8cf8"",""fragment_6018a05f486fab80"",""fragment_6021aaca32014599"",""fragment_605efe78e9f345d2"",""fragment_60a43e183ae6eb96"",""fragment_6140e6bbee3d250e"",""fragment_6195a84d8e003dbd"",""fragment_63bb0caa319e0fd2"",""fragment_6553c76842058a86"",""fragment_65d83bc70f6d9a94"",""fragment_6b9ecaf4fde855b4"",""fragment_6be13dec8359aa7c"",""fragment_6f4ab59c677d3ad4"",""fragment_703fdfc5f1c1b665"",""fragment_70bad655e4d6ea5d"",""fragment_72dc1a2234b5296f"",""fragment_7326e923cc699ba4"",""fragment_73aa8d3e5c3227dd"",""fragment_74aecce7d1a90ada"",""fragment_7586e9dac37815c1"",""fragment_76631ac312e73d1e"",""fragment_783cef66402ab0a3"",""fragment_7c373cde29cb0445"",""fragment_7dd0ee6ff6475b1b"",""fragment_80aa4822dcd652a7"",""fragment_80fb064890794276"",""fragment_826ec0f738c4a944"",""fragment_829afc98d211d8ff"",""fragment_830935a352705c06"",""fragment_831ca3bdaf1d0961"",""fragment_83a9ee4083d54440"",""fragment_83cab04fae4b6471"",""fragment_84351c2fba3b2aa5"",""fragment_84442b77fdbe671f"",""fragment_8457b8819030bca8"",""fragment_84d7c7fcef0c4df0"",""fragment_85be04095b09cdbf"",""fragment_85f8ea949dee2ddf"",""fragment_8607c9ae7541172a"",""fragment_8659a38d31c4a752"",""fragment_8950c8133621978b"",""fragment_8a1d45e221bfacfb"",""fragment_8adab35cda1e831d"",""fragment_8b4c91c1204c58f0"",""fragment_8bcf1988af95d14f"",""fragment_8f2c3efec11cd482"",""fragment_8fb0e5f3dd48c0e8"",""fragment_92cc7fb199c8998a"",""fragment_935a0aad63f0e26e"",""fragment_9574c1fef21b33d1"",""fragment_95bc37f1f41377e5"",""fragment_963a355153f5bbff"",""fragment_97588126108ad4e2"",""fragment_97ffcc9d3f59198d"",""fragment_9a6a1a9a937b3459"",""fragment_9ac47efacb4d76df"",""fragment_9ba26fcc95fe83aa"",""fragment_9bfa1f985953de32"",""fragment_9c1a632118db3442"",""fragment_9e7ff7fc899b5713"",""fragment_9fc3e32cb5e64ff1"",""fragment_a01d14a5b5731f5c"",""fragment_a1d5e2f8b6c46734"",""fragment_a2cf497c8b1708e1"",""fragment_a35634eb00bda95c"",""fragment_a3826da7310a4283"",""fragment_a3c174431a32c4be"",""fragment_a5ce42a621670b21"",""fragment_a5e971de55e3ed0a"",""fragment_a6d8727b00ba60c6"",""fragment_a721157fa645cc0f"",""fragment_a7b26d549a246fe6"",""fragment_a7fda935e1f10748"",""fragment_a817a6cddc188a27"",""fragment_a8ed5054202ab8b4"",""fragment_acc290b992f92f57"",""fragment_b0257a957e576540"",""fragment_b1b27cbf61bec48c"",""fragment_b2d632e513250503"",""fragment_b2fc4e6d003ce88d"",""fragment_b3f0a653ff179e78"",""fragment_b40eb37718110d2b"",""fragment_b44081a8486f9286"",""fragment_b5c48aef45b30546"",""fragment_b6705649746b1bf0"",""fragment_b6a8a341c0f974e3"",""fragment_b6b4da447d518240"",""fragment_b6f8a34e3dcfaff8"",""fragment_b94a8ad864f1e495"",""fragment_ba5b785ac3a96fda"",""fragment_baf579ec425eaf62"",""fragment_bafa8674731a1e0e"",""fragment_bcbc2d09b7ddeca7"",""fragment_bcdd2335d471f662"",""fragment_be2d8085a96abbc3"",""fragment_be9d3a446496ec8c"",""fragment_bf82f4a3fb1f19ba"",""fragment_c12adddeb11f6402"",""fragment_c1b72d20eabd9a4f"",""fragment_c2f9011d935dd62e"",""fragment_c66c310bc3dd9413"",""fragment_c904e4e3923bb35c"",""fragment_c9a45345775e3526"",""fragment_cb8dd2718ee3c3d2"",""fragment_cd04ae28bb70c675"",""fragment_cd690dea3c091e16"",""fragment_cd6e8d56eb7a9127"",""fragment_ce1ea4fc12e920cc"",""fragment_cf808bfef6c5a983"",""fragment_cfecd8faab677c03"",""fragment_d12367783a9e1592"",""fragment_d275ed2360b52e90"",""fragment_d659e5ea5d21dd06"",""fragment_d66b0101daf23d37"",""fragment_d76c018ba901f0ab"",""fragment_d7ddb7d7e7e3637a"",""fragment_d8114012d9374582"",""fragment_d8c058fa22d7add3"",""fragment_d960091c3e554ea7"",""fragment_db6b1f7370414bf1"",""fragment_dce6a16fd98edbb2"",""fragment_dd964e971315d886"",""fragment_ddd1481942605f1f"",""fragment_de3b1990c977ff24"",""fragment_de8571efb42325a6"",""fragment_dfd0ecf8fd135692"",""fragment_e033e89b1ee152aa"",""fragment_e0ac49e4bfac0396"",""fragment_e1001d4c939fb99d"",""fragment_e4541e8f9994e907"",""fragment_e48bdc78e13baf9e"",""fragment_e65029eb45f67fe1"",""fragment_e660731cb9b2874a"",""fragment_e69d76dbafe2cf1d"",""fragment_e72204c9d97a5908"",""fragment_e7955c4505f0d48e"",""fragment_e7faa3a6dd8b6114"",""fragment_e89a49caa48dfa13"",""fragment_e8ae663c93fba9c2"",""fragment_e8b5539b140c309d"",""fragment_e8c57dc48d83f2a5"",""fragment_e8f191a46e1c7ea4"",""fragment_e9b824a3991cadef"",""fragment_eb61275f23d246a9"",""fragment_eb640d7ea1218b4d"",""fragment_eb822863ae6dfec5"",""fragment_ebc84706afabeb4d"",""fragment_ec5e35a480b86692"",""fragment_ecb16a1526b0362d"",""fragment_ed1b772d0697cb3e"",""fragment_edd4e021dac5490e"",""fragment_efa32f248d27e74f"",""fragment_f05c107d3bfa1500"",""fragment_f1de0ca3e3e1abef"",""fragment_f25440e41d95d522"",""fragment_f2a6fa24ecca7684"",""fragment_f371309c60bd832a"",""fragment_f4072bd8c51bab43"",""fragment_f43094b29abd02ea"",""fragment_f4a213c6ae514c9c"",""fragment_f521517e033fbbde"",""fragment_f55659172d83cc94"",""fragment_f8e4fe4891719cb6"",""fragment_f9cb13fd8bec8bdf"",""fragment_f9daaba09b376e43"",""fragment_fa3bc407c0ed62ba"",""fragment_fbed7bbde467fddc"",""fragment_fc9206065cb4501c"",""fragment_fcde13069a50ebfe"",""fragment_ff754e706733a306"",""fragment_ff9774cb33724b2c"",""fragment_ffbeefeeec3effd8""]}",,valid,unique_reported_entity,derivation_b11989b48c77a814,,source_to_target,FALSE,1,literature_explanation_only; no propagation,reaction_5157871dd9487abf,candidate,Materialized from an evidence-backed variable-arity reaction template.
tr_02e647e656684a,betalain,,Betalamic acid,Glutamic acid-bx (Vulgaxanthin II),entity_64818f42fdf603ee,entity_38c49dc6a44ffad0,Betalamic acid condensation with amino acids,literature_inferred,,,,,name_encoded_reactant,literature_supported,no_propagation,2,"[{""coefficient"":1,""entity_id"":""entity_64818f42fdf603ee"",""role"":""structural_unit""},{""coefficient"":1,""entity_id"":""entity_2a3193a48b5ed046"",""role"":""structural_component""}]","[{""coefficient"":1,""entity_id"":""entity_38c49dc6a44ffad0"",""role"":""product""}]",0,structural_unit,0,network_preflight,condensation,condensation_h2o_loss,C9H9NO5+C5H9NO4 -> C14H16N2O8,"[""form_2b8d7ea13b9d7267"",""form_c9cdeab80595495d""]","[""form_d297be2ccdfedca2""]","{""class_diagnostic_ids"":[],""core_fragment_evidence_ids"":[],""donor_fragment_evidence_ids"":[],""explicit_target_diagnostic_ids"":[],""reaction_fragment_evidence_ids"":[],""reported_target_fragment_ids"":[],""target_product_ion_ids"":[],""theoretical_catalog_ids"":[""fragment_0219c937629da703"",""fragment_027fb333017912da"",""fragment_05370804e0fecb6f"",""fragment_05c09a4036ac7079"",""fragment_05f9911ed245d70a"",""fragment_06869c61a259fb11"",""fragment_071efb09c8dc96b1"",""fragment_073c4fa81233e06e"",""fragment_081b1b932eb81e20"",""fragment_0bac865a0bf6d42b"",""fragment_0cbbb0f8e8d86b4a"",""fragment_103a0c97c31ba2a9"",""fragment_1458f68f4522900f"",""fragment_14abce04970b095f"",""fragment_175fab3fcf097130"",""fragment_17ff9090a371cc3f"",""fragment_1855b653e0f23918"",""fragment_19977fc3e1aafee8"",""fragment_19f016270a49f604"",""fragment_1be2bd12fb573582"",""fragment_1e328882ddbbb52e"",""fragment_1e69ac3c3a87657c"",""fragment_1ee287d815c10215"",""fragment_1f198faf4db8e86d"",""fragment_1fd61bdaf00234c8"",""fragment_20117f9988c51da0"",""fragment_2192fcd280d499c9"",""fragment_23bc9efd41f3fb17"",""fragment_24982fe99adeff96"",""fragment_250dcf3facdbed61"",""fragment_26b959956051229f"",""fragment_294ec8532daef614"",""fragment_29cc4362725ebf84"",""fragment_2b1617d1035f2f1a"",""fragment_2bae9e1f1d525008"",""fragment_2c3005f1da87f7a1"",""fragment_2d798c19c6dea53a"",""fragment_2e5d393f0231d643"",""fragment_304e12c062ceb503"",""fragment_33590386926b2f7b"",""fragment_34eda503d265ba7f"",""fragment_352e96a9aee69b4d"",""fragment_36a2dba535c9c9d8"",""fragment_383d1245e77f5e66"",""fragment_394385be46656890"",""fragment_3a919b6b4de3f660"",""fragment_3f46c3053a8f8901"",""fragment_3fd32183bf406210"",""fragment_41ce0c81b599356f"",""fragment_43c9b9f8c8da4b9b"",""fragment_45e37a50f32db353"",""fragment_4816a0c559fe062c"",""fragment_4a2e4f1951a26c07"",""fragment_4a5fa26cf9e842b6"",""fragment_4c01c4fac8f62c8f"",""fragment_4c1461117c5b9527"",""fragment_4c28347ff3dcc567"",""fragment_4d2da7e72c99edad"",""fragment_4e8d3305db400f66"",""fragment_4ee27239a5701201"",""fragment_508b887ba3682f4c"",""fragment_51342fed99295cb2"",""fragment_51cc3283e2690f53"",""fragment_51f376c0f91f889f"",""fragment_524911fc84c8a0e7"",""fragment_52bc9edb59b2c297"",""fragment_52bd0aa0203fb698"",""fragment_53e9b1fc8567c7d7"",""fragment_57fdda30f4282908"",""fragment_58bcb5a71f034443"",""fragment_58c217f701786aa8"",""fragment_596e83dab1bd0610"",""fragment_5a2907efb08361d4"",""fragment_5fe0b7dfcbd97dab"",""fragment_6092185954fee79a"",""fragment_6a6704dde078dcff"",""fragment_6be16ee8eef1cdfb"",""fragment_6cbac86c33d25c53"",""fragment_6d7bd0d4b7957bf6"",""fragment_6e996a7785188da7"",""fragment_6f12f8021a43eba4"",""fragment_6ff39a2357f29e97"",""fragment_710e08ea8f6e8678"",""fragment_71a5a84d4ce1fe64"",""fragment_735d9f706097ba10"",""fragment_74018d3639969299"",""fragment_784b0813c49aae7f"",""fragment_78e43ae671e8523e"",""fragment_791e6898cf6f2238"",""fragment_7939592d4f581fce"",""fragment_7e0f246c489eef13"",""fragment_7e20ff49833dee17"",""fragment_7f3b5818f9b801a9"",""fragment_7ff95bb99de087af"",""fragment_814a73398289ac6b"",""fragment_82d1e60938a58747"",""fragment_841da1d4525a9e6b"",""fragment_843a72c232391512"",""fragment_8477283202bd9f96"",""fragment_84c18e1dcd2131de"",""fragment_855fa7f16ffa17d6"",""fragment_86c10f5c3dac5463"",""fragment_87b8d00fd7d09a8d"",""fragment_88d2ed5837566111"",""fragment_891d0d483f207d52"",""fragment_8a64ff34b5455971"",""fragment_8b7f1b058bbc44ac"",""fragment_8d217051783078d5"",""fragment_8d4eec90a35d668f"",""fragment_8ddcb4de4da9e3d3"",""fragment_8eb68b123a7bc81b"",""fragment_8ebf061350e25a18"",""fragment_915da1cec8ef15b7"",""fragment_923802e25edad908"",""fragment_93d93459960a59d9"",""fragment_9489e4d97e7ad9fc"",""fragment_96e6895b71e3662f"",""fragment_96f7991f864efa54"",""fragment_97f48c7dbc0e02fb"",""fragment_9a81ac5cec50d16c"",""fragment_9da63304f0017b6b"",""fragment_9db1a3df803183a7"",""fragment_a0b54a0ec4cc3d39"",""fragment_a35195a1f0f6bd7e"",""fragment_a45291a65bd25658"",""fragment_a498d8393a76c0c9"",""fragment_a6846cda1920d18f"",""fragment_a8f31869ca2c2ded"",""fragment_ab2f1b6d12e6faab"",""fragment_ab5d779286be2d1d"",""fragment_aeb71b152a071016"",""fragment_aed57d20f7e398f0"",""fragment_b1b31ee70ea8845e"",""fragment_b31fa1a634800ae2"",""fragment_b34a171fd3e1a738"",""fragment_b4513aa67d307be4"",""fragment_b461251e5e7ca1c8"",""fragment_b6103710a96f1093"",""fragment_b61cd994a8d83ca4"",""fragment_b6a56248b4edd69d"",""fragment_b7d16add7512dd15"",""fragment_ba981afef2108b93"",""fragment_bb88f4608766c06d"",""fragment_bc33a024bdd964c6"",""fragment_bd3227094461efe5"",""fragment_bebe242b480017e6"",""fragment_c0ee63baa79a2367"",""fragment_c13d3dcb49f85a1c"",""fragment_c3e74fa423def31f"",""fragment_c635ed223402ae99"",""fragment_c75880563efe26cc"",""fragment_c9230a97c48eaf57"",""fragment_ca54e7ea56dfbf80"",""fragment_cb5f6e24dc58962a"",""fragment_cbabe4c609b68da2"",""fragment_cc413cad529742c0"",""fragment_cdbaa769fb850875"",""fragment_cdde38abd1dc12c1"",""fragment_ce8caddac7460f5e"",""fragment_cece7e72034db85b"",""fragment_d09bb62e8522a606"",""fragment_d1711b7ce3deb54a"",""fragment_d1d94bb5af7dd9ac"",""fragment_d23aec7fd631a5d4"",""fragment_d4b8361dfd263b41"",""fragment_dedec51da1987acf"",""fragment_e01b43fe084b5e38"",""fragment_e05454fcb55ceb8b"",""fragment_e657350c5ea71e4b"",""fragment_e78308eb8e87ac89"",""fragment_e826a39025e15fc3"",""fragment_ec43165f099f983c"",""fragment_eeb6c24da6bdd12b"",""fragment_efaee5715ea019e3"",""fragment_f0c3d3f18f75461a"",""fragment_f0e1a3d49f78e12a"",""fragment_f0f315f8d1d19e31"",""fragment_f1dd12ec07ad2dc0"",""fragment_f600c7fab9a09af6"",""fragment_f66dccf6031926b9"",""fragment_faf51a5fd53ae124"",""fragment_fcc62107264e7ba9"",""fragment_ff480e5285fdaca5""]}",129.042593,valid,unique_reported_entity,derivation_423aabf418a5c21f,129.042593,source_to_target,FALSE,1,exploratory_only_missing_target_fragments,reaction_63da84c1bf3b0028,candidate,Materialized from an evidence-backed variable-arity reaction template.
tr_e5cacf9ecf75b3,betalain,,Betalamic acid,Dopamine-bx,entity_64818f42fdf603ee,entity_8fa922c7b3681802,Betalamic acid condensation with amino acids,literature_inferred,,,,,name_encoded_reactant,literature_supported,no_propagation,2,"[{""coefficient"":1,""entity_id"":""entity_64818f42fdf603ee"",""role"":""structural_unit""},{""coefficient"":1,""entity_id"":""entity_85edab3a428facf6"",""role"":""structural_component""}]","[{""coefficient"":1,""entity_id"":""entity_8fa922c7b3681802"",""role"":""product""}]",0,structural_unit,0,network_preflight,condensation,condensation_h2o_loss,C9H9NO5+C8H11NO2 -> C17H18N2O6,"[""form_2b8d7ea13b9d7267"",""form_b4bcd16f5aa26f33""]","[""form_e425de8422650c66""]","{""class_diagnostic_ids"":[],""core_fragment_evidence_ids"":[],""donor_fragment_evidence_ids"":[],""explicit_target_diagnostic_ids"":[],""reaction_fragment_evidence_ids"":[],""reported_target_fragment_ids"":[""fragment_1769ab05f2e32595"",""fragment_26d4ab14149fba37"",""fragment_4f1d74b1102b572e"",""fragment_5458a22cc6199c17"",""fragment_58de097a0bae7406"",""fragment_99ce535f218b8fbf"",""fragment_d38f61aa3b33bb53"",""fragment_e4a0f9a008661218""],""target_product_ion_ids"":[""fragment_1769ab05f2e32595"",""fragment_26d4ab14149fba37"",""fragment_4f1d74b1102b572e"",""fragment_5458a22cc6199c17"",""fragment_58de097a0bae7406"",""fragment_99ce535f218b8fbf"",""fragment_d38f61aa3b33bb53"",""fragment_e4a0f9a008661218""],""theoretical_catalog_ids"":[]}",135.068414,valid,unique_reported_entity,derivation_fd71a4d7bfc1ef64,135.068414,source_to_target,FALSE,1,real resolved network anchor; target-specific reported fragments; no propagation,reaction_5fc2b38b99bb2e98,candidate,Materialized from an evidence-backed variable-arity reaction template.
tr_776639435f3109,betalain,,Betalamic acid,Aspartic acid-bx (Miraxanthin II),entity_64818f42fdf603ee,entity_f7b6824f068dc142,Betalamic acid condensation with amino acids,literature_inferred,,,,,name_encoded_reactant,literature_supported,no_propagation,2,"[{""coefficient"":1,""entity_id"":""entity_64818f42fdf603ee"",""role"":""structural_unit""},{""coefficient"":1,""entity_id"":""entity_d790142044e31cbb"",""role"":""structural_component""}]","[{""coefficient"":1,""entity_id"":""entity_f7b6824f068dc142"",""role"":""product""}]",0,structural_unit,0,network_preflight,condensation,condensation_h2o_loss,C9H9NO5+C4H7NO4 -> C13H14N2O8,"[""form_2b8d7ea13b9d7267"",""form_11816cdc3b258fad""]","[""form_565fc2f97660ad5b""]","{""class_diagnostic_ids"":[],""core_fragment_evidence_ids"":[],""donor_fragment_evidence_ids"":[],""explicit_target_diagnostic_ids"":[],""reaction_fragment_evidence_ids"":[],""reported_target_fragment_ids"":[],""target_product_ion_ids"":[],""theoretical_catalog_ids"":[""fragment_002aa220df932a16"",""fragment_01126b6fb924d27a"",""fragment_02de9fc25ae29397"",""fragment_078d2d1ded6d03b7"",""fragment_08317826e434c89b"",""fragment_0afddfe5680cda58"",""fragment_0db033d93d4d3053"",""fragment_0e905c74d15f4953"",""fragment_0eee4582a6535b09"",""fragment_1071acd544fcc04a"",""fragment_108b278b8d292f56"",""fragment_113761c1018320db"",""fragment_185b2422412d3356"",""fragment_18756c71e7d12f78"",""fragment_18b9b2807d6122c5"",""fragment_19621efceb0f133a"",""fragment_19cdf6b73c90b467"",""fragment_1b68a200e8087f61"",""fragment_2098f16314ecf386"",""fragment_2210f631e61484dc"",""fragment_240648f97fe370e1"",""fragment_24443397851bea5d"",""fragment_26412f7f46403e10"",""fragment_268edb2a2cd42ef6"",""fragment_276975f620baf5fe"",""fragment_2b1e740fff935322"",""fragment_2e8f87309ae788ec"",""fragment_2f12e93f6b450163"",""fragment_328d2be8c5b4e66b"",""fragment_32bf20951c2c7e36"",""fragment_32dd08b2e2145fe8"",""fragment_3448f71a755b23f3"",""fragment_3513f1c59f0d8981"",""fragment_355d928677e8e1e7"",""fragment_3623a2779a42ddcc"",""fragment_3676d72f8a74865e"",""fragment_3912c88d1768026f"",""fragment_39441eea4dd39f35"",""fragment_3b3388cf69bdb89f"",""fragment_3bac7259684dccd3"",""fragment_3e5d9ef2db971b1f"",""fragment_3e9c470f36ddbed4"",""fragment_40085bb0911e969d"",""fragment_40b57b5244d02bfa"",""fragment_40d776dfb6584aa5"",""fragment_4396d13a94b739d8"",""fragment_4cc07074ec632a25"",""fragment_4d3cd175b9649707"",""fragment_4dbef3a84de3b9a4"",""fragment_4ff92e83bbd18449"",""fragment_50ad171ef225bbe7"",""fragment_514a15bb92d1f2ab"",""fragment_551f16330b6056dd"",""fragment_55ab13c537ed56ab"",""fragment_578f0150661d5882"",""fragment_594b0a11fd976ebe"",""fragment_59c0214e2cf17723"",""fragment_5c2173012a4f5ed0"",""fragment_5c36eb46d0a0136f"",""fragment_5d33cf564a4f1a56"",""fragment_62ead0b5fcaada64"",""fragment_62f08154356c175b"",""fragment_6339a639d62fa9f0"",""fragment_6362da346a9409c9"",""fragment_648c3251be8d87ac"",""fragment_6501a17935eb4133"",""fragment_6ab16600c56e20f8"",""fragment_6ad23d31d67c2ebf"",""fragment_6f4215df03bf0131"",""fragment_6fca09e25caae88f"",""fragment_6fedb2fd58dd15dd"",""fragment_723f742493f7b257"",""fragment_73b0f93990f9c2ae"",""fragment_7407c742415d285e"",""fragment_74604142f72aa798"",""fragment_75a6156235a9d3fb"",""fragment_75e0be5b28a255c0"",""fragment_77784f10014c5fe4"",""fragment_79127de5043c182c"",""fragment_7995f861d2e041cb"",""fragment_7a50da7f34d58da7"",""fragment_7c50b909888ca237"",""fragment_7d08e2b4c3daa430"",""fragment_7e1d5854eba37ee0"",""fragment_82074ceb0fdfb38c"",""fragment_8387f9c9952af06c"",""fragment_8450dff80466714e"",""fragment_86135557b097f74d"",""fragment_8842bdd4355ac0b0"",""fragment_887355d2e4e088f8"",""fragment_8978fb0a8cbeca84"",""fragment_8abb9a048a965ede"",""fragment_8cdedf5289a5be10"",""fragment_8d08435739065dc7"",""fragment_8f81fd85de0149b5"",""fragment_900ce534c2e0f2fe"",""fragment_90f34924bb82e196"",""fragment_913fe9a16fd59928"",""fragment_914073af658dd3f1"",""fragment_92e3f47262556e5b"",""fragment_9357e84e590c97ad"",""fragment_95e783d8e0bc6e30"",""fragment_96ba7868a2d655f5"",""fragment_9834e95cfd4f8697"",""fragment_98bfc05cfe527d27"",""fragment_99d9f207f716fe2b"",""fragment_9b4a938bbb5e5f84"",""fragment_9e3a091f872809fc"",""fragment_9f8635dda9cf696f"",""fragment_9feee57ea7f92bd2"",""fragment_a20d271e187c609d"",""fragment_a340d42a9512726f"",""fragment_a3ef8cd23fb95f49"",""fragment_a56353099a46dc75"",""fragment_a5ba6853bb146d97"",""fragment_a5bbf61432e13f8b"",""fragment_a9d2fea0e650a7ce"",""fragment_aaf84abf82139340"",""fragment_ab09fa1362186ab1"",""fragment_ac8c5a492ae0e267"",""fragment_ad2489e9ca0d1d24"",""fragment_ad77cc4bd8dfe968"",""fragment_b0eba38c97ff68cc"",""fragment_b11f0ef4717578f6"",""fragment_b12747bf1cb1fe96"",""fragment_b8912276c870fda7"",""fragment_bfb84037d3f4f8c3"",""fragment_c08bc1f6bb3b97b4"",""fragment_c0ad7e5204093eef"",""fragment_c0c46c99154c39be"",""fragment_c0f10aa074b813c5"",""fragment_c35e2925c039b6a7"",""fragment_c39d7556e3a41e71"",""fragment_c3c418b94ea39d15"",""fragment_c40e59010a477566"",""fragment_c492ee22d8e98185"",""fragment_c5496e890928b3b2"",""fragment_c7cfbd3bd29e3c15"",""fragment_c99f75108fec82e2"",""fragment_cc69c076662ba0ea"",""fragment_d08df85fcf15d210"",""fragment_d25da44b8cd74057"",""fragment_d2bf1dd2e90886db"",""fragment_d5a21907901227b1"",""fragment_d6a549b78b3c2a43"",""fragment_d729dca66c148b8a"",""fragment_d7b22b1aeceb225e"",""fragment_d9cd03aaada555b1"",""fragment_da96d8b36bbf7095"",""fragment_dafb0c60431ebe92"",""fragment_ddaa846d2edc042f"",""fragment_dea78128f5f3a5e1"",""fragment_ded99b8fd440af89"",""fragment_e03020ba4df7a691"",""fragment_e151482b1df0e4d1"",""fragment_e23bc3863a30a6db"",""fragment_e2e9193be6c8f3f9"",""fragment_e6ad04f9d0218cca"",""fragment_e7544b291ed9313d"",""fragment_e7d322ce800738c6"",""fragment_e812c374b8dc7072"",""fragment_e8b1eeb1c3147991"",""fragment_e8bf99923aac82a7"",""fragment_e9a6bf75ccbc6a15"",""fragment_ed46099d505930b7"",""fragment_ee65d6761dc66a34"",""fragment_eef3b87ac4f61d28"",""fragment_f04c02ffc4946d54"",""fragment_f37897ab2ea30ddd"",""fragment_f39863e3237ccd07"",""fragment_f64b7849c73d9ec8"",""fragment_ff772f2dbd9692fa""]}",115.026943,valid,unique_reported_entity,derivation_a41d50afff162d24,115.026943,source_to_target,FALSE,1,exploratory_only_missing_target_fragments,reaction_d6949c4bed29e3fa,candidate,Materialized from an evidence-backed variable-arity reaction template.
tr_6144478b94a820,betalain,,6-decarboxy-betalamic acid,Phenylethylamine-6-decarboxy-betaxanthin,entity_ba886bd316a78fbe,entity_c2c858bb552850de,Condensation of 6-decarboxy-betalamic acid with amines/amino acids,literature_inferred,,,,,name_encoded_reactant,literature_supported,no_propagation,2,"[{""coefficient"":1,""entity_id"":""entity_ba886bd316a78fbe"",""role"":""structural_unit""},{""coefficient"":1,""entity_id"":""entity_1966cbb9db34fafd"",""role"":""structural_component""}]","[{""coefficient"":1,""entity_id"":""entity_c2c858bb552850de"",""role"":""product""}]",0,structural_unit,0,network_preflight,condensation,condensation_h2o_loss,C8H9NO3+C8H11N -> C16H18N2O2,"[""form_6406417d303ec17b""]","[""form_b49f1d2f913b7f7a""]","{""class_diagnostic_ids"":[],""core_fragment_evidence_ids"":[],""donor_fragment_evidence_ids"":[],""explicit_target_diagnostic_ids"":[],""reaction_fragment_evidence_ids"":[],""reported_target_fragment_ids"":[],""target_product_ion_ids"":[],""theoretical_catalog_ids"":[]}",103.078585,valid,unique_reported_entity,derivation_c9e94c734c152608,103.078585,source_to_target,FALSE,1,exploratory_only_missing_target_fragments,reaction_c47d5b0ffe7b96b0,candidate,Materialized from an evidence-backed variable-arity reaction template.
tr_c1d45453b96dd8,betalain,,6-decarboxy-betalamic acid,Methionine sulfoxide-6-decarboxy-betaxanthin,entity_ba886bd316a78fbe,entity_3585d69f59ceac52,Condensation of 6-decarboxy-betalamic acid with amines/amino acids,literature_inferred,,,,,name_encoded_reactant,literature_supported,no_propagation,2,"[{""coefficient"":1,""entity_id"":""entity_ba886bd316a78fbe"",""role"":""structural_unit""},{""coefficient"":1,""entity_id"":""entity_92eb77927efb1328"",""role"":""structural_component""}]","[{""coefficient"":1,""entity_id"":""entity_3585d69f59ceac52"",""role"":""product""}]",0,structural_unit,0,network_preflight,condensation,condensation_h2o_loss,C8H9NO3+C5H11NO3S -> C13H18N2O5S,"[""form_6406417d303ec17b"",""form_8f01ae391fc4ec91""]","[""form_b45d25fe041f404b""]","{""class_diagnostic_ids"":[],""core_fragment_evidence_ids"":[],""donor_fragment_evidence_ids"":[],""explicit_target_diagnostic_ids"":[],""reaction_fragment_evidence_ids"":[],""reported_target_fragment_ids"":[],""target_product_ion_ids"":[],""theoretical_catalog_ids"":[]}",147.0354,valid,unique_reported_entity,derivation_e048a81d3319ea57,147.0354,source_to_target,FALSE,1,exploratory_only_missing_target_fragments,reaction_40895debfa05ed13,candidate,Materialized from an evidence-backed variable-arity reaction template.
tr_2443fb4b194c3f,betalain,,Betanin,17-Decarboxy-betanin,entity_12822fcd1f86c3ce,entity_231c36f3d94f8119,Decarboxylation of betanin at C-17,literature_inferred,,,,,name_encoded_endpoint,literature_supported,allow_after_identity_gate,1,"[{""coefficient"":1,""entity_id"":""entity_12822fcd1f86c3ce"",""role"":""substrate""}]","[{""coefficient"":1,""entity_id"":""entity_231c36f3d94f8119"",""role"":""product""}]",0,substrate,0,network_preflight,decarboxylation,decarboxylation_co2_loss,C24H26N2O13 -> C23H26N2O11,"[""form_3f1cc1b9b810f94c""]","[""form_0c0da057243e1237""]","{""class_diagnostic_ids"":[],""core_fragment_evidence_ids"":[],""donor_fragment_evidence_ids"":[],""explicit_target_diagnostic_ids"":[],""reaction_fragment_evidence_ids"":[],""reported_target_fragment_ids"":[""fragment_1a52d63daf3d429a"",""fragment_32ed825ca935ec1c"",""fragment_57763bb7b4969f03"",""fragment_5916c79a7736c3ca"",""fragment_6e102b0e455804c3"",""fragment_8eb0604446f92724"",""fragment_93a6a522b2933538"",""fragment_99c142e68328864d"",""fragment_b2db81683b466a0f"",""fragment_cdb2a663b5ca39e5"",""fragment_d84768a15d18a17c"",""fragment_e27f23ba930bb945"",""fragment_f9754c118059260a"",""fragment_fa9bc723c673e39a""],""target_product_ion_ids"":[""fragment_1a52d63daf3d429a"",""fragment_32ed825ca935ec1c"",""fragment_57763bb7b4969f03"",""fragment_5916c79a7736c3ca"",""fragment_6e102b0e455804c3"",""fragment_8eb0604446f92724"",""fragment_93a6a522b2933538"",""fragment_99c142e68328864d"",""fragment_b2db81683b466a0f"",""fragment_cdb2a663b5ca39e5"",""fragment_d84768a15d18a17c"",""fragment_e27f23ba930bb945"",""fragment_f9754c118059260a"",""fragment_fa9bc723c673e39a""],""theoretical_catalog_ids"":[""fragment_00138d982ca2b546"",""fragment_023ab246d465e70b"",""fragment_03fdc83d47e56504"",""fragment_05890c4eb63d3669"",""fragment_07bbd533a0e1816f"",""fragment_085f56c343f30322"",""fragment_0aa19b4d8dee45ff"",""fragment_0ab1c9be35ff6e1b"",""fragment_0c1d25b5248ea3ee"",""fragment_0c984bb6a26a7cae"",""fragment_0cf00317fc93de8b"",""fragment_0d6decf0f512baf3"",""fragment_0fc7a0cf09a2790e"",""fragment_105759d18c15c56a"",""fragment_115160df85b9096b"",""fragment_12f0de29617b25bc"",""fragment_14c0ad628124b71d"",""fragment_1620d29ed32533bf"",""fragment_1664a89601ae14fe"",""fragment_17078835c9f55153"",""fragment_175d534d12d25843"",""fragment_1a5536e98e319bc3"",""fragment_1baf98b5506ec255"",""fragment_1d51f47a20be36d0"",""fragment_1ea4cbbad9c963d2"",""fragment_1ff0ee2349b73d8a"",""fragment_21c739c81ce310e0"",""fragment_22c412758fff9547"",""fragment_24584aac0e0ddeb1"",""fragment_25cad1601e4ab9a0"",""fragment_26922571107ec026"",""fragment_27b76b47d09dd778"",""fragment_2a3bdef2bf225631"",""fragment_2be2e04f849f624b"",""fragment_2cb948895815f357"",""fragment_2d29a4db4c0587b9"",""fragment_2e055949c4162ba4"",""fragment_2ec06cd95f07ebfe"",""fragment_339c22a5070410b8"",""fragment_33ff412247d1102f"",""fragment_3527e6e51fc1a840"",""fragment_36153ed927aa239e"",""fragment_3688a3eef6c41f03"",""fragment_37f35a604ffa3a55"",""fragment_389f03250f13a6cb"",""fragment_39de4c1dc3fa8dd5"",""fragment_3a1aa25911a9b9eb"",""fragment_3bb4b1a2243d8203"",""fragment_3bc586b4d5cf5b2a"",""fragment_3c0136e8946a3396"",""fragment_3c241896079c1296"",""fragment_3d889d79144081d1"",""fragment_3d9ccbee4b5942d4"",""fragment_3e1e157e144d959f"",""fragment_40fddfa99ce7ac08"",""fragment_49b393ca69f18b1a"",""fragment_4b7b6faf0d66fca8"",""fragment_4d3bf4617d25465a"",""fragment_4d5bf4e613c4b6d9"",""fragment_4ee78235986225b6"",""fragment_4f9113dadf048b7c"",""fragment_50ac124087e57684"",""fragment_52b12ea585cc6229"",""fragment_52ba38cab42e861e"",""fragment_53c05c9266fbab01"",""fragment_5426afc6ae55cfeb"",""fragment_54f088c39f2a4802"",""fragment_551671374c1c3fcb"",""fragment_555d560ff3aa25ab"",""fragment_57e05d38becdc781"",""fragment_5c18e7f9782bc881"",""fragment_5d28fe650923ac1f"",""fragment_5e0918ab4170d31d"",""fragment_5e27941cd46066b1"",""fragment_5f078e2523fbadf0"",""fragment_5f409d00ff421ba8"",""fragment_647027818d7b3bb1"",""fragment_647b94b129e0fedd"",""fragment_65c925693174fa24"",""fragment_6624b7e44d171f41"",""fragment_6679adb149c73789"",""fragment_67febd06f10e9fcf"",""fragment_6820458061f04f5a"",""fragment_68448aeefd88d51c"",""fragment_68ec9f810bd67230"",""fragment_6a75435e7a254c3a"",""fragment_6adf477684cd8c18"",""fragment_6b94d24dfe46293b"",""fragment_6bd487a088d2575e"",""fragment_6e47a353cbec1020"",""fragment_6f190d0d6abbf10f"",""fragment_7026942b8254cdc2"",""fragment_715fa33b7d97375f"",""fragment_718aecbbe59df337"",""fragment_73519ff6d4e85040"",""fragment_7355b155392d40ec"",""fragment_73ba02b6d81b4275"",""fragment_7688f9fdf5ffd869"",""fragment_778162e9a89fdcb7"",""fragment_77b434b5d18d2f40"",""fragment_77f88627168e911c"",""fragment_7a8ff9d615e26559"",""fragment_7af347193d577038"",""fragment_7bd899b7a8530710"",""fragment_7ccfa3d36b9354e2"",""fragment_7d32e3bcfaef9fe7"",""fragment_7daf024062d5f8b5"",""fragment_7fafd545f8a80e30"",""fragment_80d83ded9c9fb7a9"",""fragment_85596353292fefe0"",""fragment_86e401e964ea3e2a"",""fragment_8861f22526cbf09d"",""fragment_88642046f0590dfb"",""fragment_8a0f7ecd13d5b42a"",""fragment_8a7fd7946e859270"",""fragment_8a8b226d2029105d"",""fragment_8faeab2018fe1006"",""fragment_901472072fe83a9a"",""fragment_90fb609b7996041a"",""fragment_917fb2aad8b289f6"",""fragment_91f3880fe0c82f42"",""fragment_9374bad983abe9dc"",""fragment_93a832bf22b3131e"",""fragment_96d7532f1b817b33"",""fragment_971ae40a9a5d8a55"",""fragment_9a0309570064881f"",""fragment_9a57760d5861f47d"",""fragment_9aa21f549d56aced"",""fragment_9e175bddfbccd59b"",""fragment_9ec4bffe4f708799"",""fragment_9f0c45625f339421"",""fragment_9f96e93585f3dbc1"",""fragment_9facb9536baccd1e"",""fragment_a37d94f038d5dc3d"",""fragment_a50cebdbc09d7ace"",""fragment_a733ef6b606bf6b2"",""fragment_a7fad1aeeac6aa07"",""fragment_a9ceff5ff18f99ad"",""fragment_ab4e1e4a03773f2e"",""fragment_accdda1fbdb8a511"",""fragment_ad12015ec8ce178a"",""fragment_ad2fe854b0cea5a2"",""fragment_adbc9267df5066c4"",""fragment_ae655b96bdddb9c9"",""fragment_afb230e5b523d88a"",""fragment_b3cb54feefabd1a8"",""fragment_b4933d62ec6c9088"",""fragment_b7b7f3f82f06d6f5"",""fragment_b9183bcb9990ac36"",""fragment_b93d6688325728fc"",""fragment_bcd4650e34340780"",""fragment_bd0e33794d0a32be"",""fragment_bf32e99b5f88479a"",""fragment_c27f3f79e7352a2c"",""fragment_c39aa6a0a3c5d20a"",""fragment_c5167b8783aed22c"",""fragment_c983c219808340d9"",""fragment_ca7d8aa50c797631"",""fragment_cb7752a2e3665756"",""fragment_cb7b00291682daec"",""fragment_cbdd03725a627df6"",""fragment_cc66b914e2440a94"",""fragment_ccd0fd0311f8b087"",""fragment_cf346e81c0f355b1"",""fragment_d02982b683bffe92"",""fragment_d0600071598310e4"",""fragment_d18b458f44ff7431"",""fragment_d5aa7239851c099e"",""fragment_d62663d711661bee"",""fragment_d693780d94d77ea9"",""fragment_d6f0a565cdbc8a1b"",""fragment_d7cec7097a96499a"",""fragment_d8bab00a43d4f7d6"",""fragment_d92cb3cf6468cfac"",""fragment_dcb3bd88c4b6c6dd"",""fragment_dcf1d647d74f5507"",""fragment_deabf07a40196a41"",""fragment_dfb688ca921bddfa"",""fragment_e12984dbcc6deeb5"",""fragment_e1f16d1e1ade4bbd"",""fragment_e36228c4ec1bc0ac"",""fragment_e4d02924a0503208"",""fragment_e4f5ee83962cfce1"",""fragment_e5443402a6a635b9"",""fragment_e63281457c6f952a"",""fragment_e6704b001b16ec7c"",""fragment_e7f9e704644e6a7e"",""fragment_e880db83e863862d"",""fragment_e9e48b210954d305"",""fragment_eafd14fe3abda7e0"",""fragment_eb4a5fbd2540653b"",""fragment_ebaee37cb4ad1d74"",""fragment_ec1a8a1872eeb632"",""fragment_ec6c9f772865b50f"",""fragment_ed9f556a2ee65152"",""fragment_ee31bdf28e3a98e7"",""fragment_f05db11676cf98de"",""fragment_f12b739d120cedee"",""fragment_f2318129de5a7484"",""fragment_f3a53ef4eac1d125"",""fragment_f905f97347358840"",""fragment_f999819ef568ae45"",""fragment_f9bfd8203e64db2c"",""fragment_fcb8211af7f6c781"",""fragment_fd1399966726ca9d""]}",-43.989829,valid,unique_reported_entity,derivation_2e94dda3e9dc6aef,-43.989829,source_to_target,FALSE,1,real resolved network anchor; target-specific reported fragments,reaction_23fe4549350a1e9c,candidate,Materialized from an evidence-backed variable-arity reaction template.
tr_7a1087cc9a3a91,betalain,,Betanin,neobetanin,entity_12822fcd1f86c3ce,entity_1ad3c6cd6014c707,Betanin dehydrogenation to neobetanin,literature_inferred,,,,,explicit_endpoint_relation,literature_supported,allow_after_identity_gate,1,"[{""coefficient"":1,""entity_id"":""entity_12822fcd1f86c3ce"",""role"":""substrate""}]","[{""coefficient"":1,""entity_id"":""entity_1ad3c6cd6014c707"",""role"":""product""}]",0,substrate,0,network_preflight,dehydrogenation,dehydrogenation_h2_loss,C24H26N2O13 -> C24H24N2O13,"[""form_3f1cc1b9b810f94c""]","[""form_0304a3e233b842aa""]","{""class_diagnostic_ids"":[],""core_fragment_evidence_ids"":[],""donor_fragment_evidence_ids"":[],""explicit_target_diagnostic_ids"":[],""reaction_fragment_evidence_ids"":[],""reported_target_fragment_ids"":[""fragment_02530526e6075c96"",""fragment_226f3fbd9b933e5d"",""fragment_2744e96d5c196345"",""fragment_2e5dbadf2a8cbce9"",""fragment_4b143ab54bd05c28"",""fragment_4cf0c9ccc12ad0a4"",""fragment_4dae56531b5a540f"",""fragment_5520fdfff0e02b6b"",""fragment_5ca2eb24b91c979a"",""fragment_60a3712af9929c20"",""fragment_8c5d65e4867f6104"",""fragment_a81b28e71e5886ea"",""fragment_a9d4bba5d24872af""],""target_product_ion_ids"":[""fragment_02530526e6075c96"",""fragment_226f3fbd9b933e5d"",""fragment_2744e96d5c196345"",""fragment_2e5dbadf2a8cbce9"",""fragment_4b143ab54bd05c28"",""fragment_4cf0c9ccc12ad0a4"",""fragment_4dae56531b5a540f"",""fragment_5520fdfff0e02b6b"",""fragment_5ca2eb24b91c979a"",""fragment_60a3712af9929c20"",""fragment_8c5d65e4867f6104"",""fragment_a81b28e71e5886ea"",""fragment_a9d4bba5d24872af""],""theoretical_catalog_ids"":[""fragment_01efa3e0eb5fc8d6"",""fragment_026a194da9076a6f"",""fragment_0315bac5fc72bb7b"",""fragment_03dc3256a70609c6"",""fragment_052e2a50f23ed9fa"",""fragment_078c8c55f124a372"",""fragment_07ec9eba5ae3c1c2"",""fragment_07f21424b29d36c3"",""fragment_0d7561ae8027cf4e"",""fragment_0df60b56bf3cb426"",""fragment_0fe100cedb8a1f97"",""fragment_11f16d772783ff40"",""fragment_1211b45dad1dd229"",""fragment_12f23a6758eca51a"",""fragment_13e55e799258de19"",""fragment_1538f268dba49022"",""fragment_153c1a491f988824"",""fragment_158eb855cc0a48f3"",""fragment_17f88ecc19f266de"",""fragment_1bd6ef4480d1b427"",""fragment_1f65cbfd60860287"",""fragment_217a5e045162f244"",""fragment_23565349b6caf3ec"",""fragment_2644927c6d7f69ed"",""fragment_2f6f60c525794ac6"",""fragment_30f89a7476029004"",""fragment_3169bd7c50fd8609"",""fragment_328405eec2faf14c"",""fragment_338608b4195b9c18"",""fragment_3430c8008088e6e1"",""fragment_34c31a1ffdef703a"",""fragment_384d295005067643"",""fragment_38ddbdb220035aa5"",""fragment_39530a60d57e44f2"",""fragment_395a1a9af6fe36d0"",""fragment_39b16ae023ce03bf"",""fragment_3b977e8e20013768"",""fragment_3ba9c9c8a04dc8aa"",""fragment_3c57e1db2f83636b"",""fragment_3d755b02b027307e"",""fragment_4014667bfe433dd7"",""fragment_41d75082bf441d04"",""fragment_45236b86549a76e5"",""fragment_462e1b259bc512a1"",""fragment_4bd438f3c9991de3"",""fragment_4bdf7b9116f2b098"",""fragment_505f2ee5e0750c6a"",""fragment_53a0dea58fb77cc2"",""fragment_53c542249d46e44e"",""fragment_54948a18849b7455"",""fragment_54c0c1a4016a05f9"",""fragment_55853d4b586de66e"",""fragment_58d2b0924aeb9d0b"",""fragment_592f134f3f146d40"",""fragment_5981a6f32a9eb6ea"",""fragment_599c8ee25299a9be"",""fragment_59bfb7a550f4866a"",""fragment_5bbde75219c7dd8f"",""fragment_5e295022c4218fcc"",""fragment_5f978c36b33a04c3"",""fragment_5f9a528d912dd78b"",""fragment_5fa0a7da833ad215"",""fragment_607af2d05b58d50b"",""fragment_61d61b393f99105f"",""fragment_61d8a72da034ac73"",""fragment_61eb9889fca0cffb"",""fragment_64fb7178caba71cc"",""fragment_6a163a08fe14c227"",""fragment_6b565df07b2c63b9"",""fragment_6b637a8fb23d18e9"",""fragment_6c3c3f7d91f1b7fd"",""fragment_6ccf56359ccf32fc"",""fragment_6d2d8cb6c983e7a3"",""fragment_702ffd5e0ee3e515"",""fragment_70b11abaafd02b28"",""fragment_7132a1a8787fdeab"",""fragment_7513a943ed64a8a0"",""fragment_76134772467c799f"",""fragment_77e7a93080be49ba"",""fragment_78bbe2af84e46d74"",""fragment_7b2eceaa35d94069"",""fragment_7d6711958cf970cf"",""fragment_7dc86a5e28cfa9ac"",""fragment_7eb001f879654bbf"",""fragment_7ebcdd808590f4f5"",""fragment_7f621165ec70c6a0"",""fragment_8083ecef9eb7eedd"",""fragment_8188c45b619f21ed"",""fragment_822d40868541fdcd"",""fragment_8362d2171962d943"",""fragment_870b6a6ab7057ef9"",""fragment_88ddf24300c76286"",""fragment_89b25b40d762a592"",""fragment_8a21e08e83047fe0"",""fragment_8aac02f8e6fa0e1f"",""fragment_8cdb642e430e2dea"",""fragment_8ce819d2a49b3148"",""fragment_8f4d8e82ae8c9316"",""fragment_909f7bef2922c042"",""fragment_90e53d1c58e6b8e4"",""fragment_922a76bf1e6226c9"",""fragment_9244a30f9d1c58fa"",""fragment_93289dd6b3c5f797"",""fragment_935015d672d29c9d"",""fragment_93b650fa3ccba4f8"",""fragment_97da147041dc5fe2"",""fragment_98354dcd4ba39797"",""fragment_98faec5043ccb406"",""fragment_99374a786fa4a267"",""fragment_9986413c7e549228"",""fragment_9b766e825376e526"",""fragment_9b7d2416474574b8"",""fragment_9e70b1159039ea9b"",""fragment_a283d9d5ee09194b"",""fragment_a29fcb6173475414"",""fragment_a2fca16bc32b3010"",""fragment_a34732f04bc75ae3"",""fragment_a6b192680145af83"",""fragment_a74a0b5b8f87998d"",""fragment_a96d217b0e59d07a"",""fragment_aaeb30b1f0b6382f"",""fragment_abacf9dbcacbd597"",""fragment_acdc7366a0f382a2"",""fragment_ad65535cff1e3612"",""fragment_ad8fd7916c30bce2"",""fragment_b093a7a5dadddf31"",""fragment_b20c3cf948bf4d30"",""fragment_b233fd20ca5bb3f6"",""fragment_b2a72b25433ba505"",""fragment_b330778ed0d96720"",""fragment_b4550af921ff8ef1"",""fragment_b49c80a972244571"",""fragment_b599b3a3bd538c89"",""fragment_b7db4189ee60ffab"",""fragment_bade4acb08dc89c2"",""fragment_bc56d5fd5e5f3f15"",""fragment_bd1395a0c25ccd7e"",""fragment_bd1f3a84b1be569a"",""fragment_be3d0852b83a9506"",""fragment_bf27cad8c86d0729"",""fragment_c0c46f0f98e46f1a"",""fragment_c1001a55b8fb0c25"",""fragment_c3677ed959fd6856"",""fragment_c540a340f6a60b4d"",""fragment_c5df76ce1d08098f"",""fragment_c783b4f11e8f1a52"",""fragment_caa6ab30c87cfc7e"",""fragment_cbef7a79a7e81b01"",""fragment_cc4736c6a06a3600"",""fragment_cc638e20fbbb6b07"",""fragment_ce5fbf6c7b1f1432"",""fragment_ceeeacc3b1005fc6"",""fragment_cf34f63552c28f3e"",""fragment_d0787772f2f1a1e7"",""fragment_d0f3d4bfd7160db6"",""fragment_d53bc31b0b7e8004"",""fragment_d68d12a466772c33"",""fragment_d9b8e898146072e7"",""fragment_dc262ff773ab6c9c"",""fragment_dc294aac41fa58f4"",""fragment_de9b2da687287c97"",""fragment_e0cb39cd1103b17f"",""fragment_e0d854beeea91f2b"",""fragment_e100e3682bb57280"",""fragment_e146bc8e4d7a7346"",""fragment_e378f78d437f4ec4"",""fragment_e40f01ecef9eb517"",""fragment_e548979d2e8cf2b8"",""fragment_e6ca068c72d4a051"",""fragment_e7c4d62c2b8e4a8e"",""fragment_e8cf3b392ab43986"",""fragment_e9d0d6c24b816eb5"",""fragment_e9dae2b96284e2d5"",""fragment_ead266be7f6512c0"",""fragment_eb55b2cfabf766ba"",""fragment_eb8328622fce59c4"",""fragment_ec2ca0d6a4e8618c"",""fragment_ec9a85f4849b22eb"",""fragment_ecb5fef627cc92a5"",""fragment_ed70f85324c8c97d"",""fragment_f05e54c38ea5d8a5"",""fragment_f0e8f44fd8e3ae8d"",""fragment_f3b1fd044a7cb823"",""fragment_f3f9f83ef2f9acbf"",""fragment_f84e3f15919bdd14"",""fragment_f87b3cc7219128ad"",""fragment_f91fa73734be0279"",""fragment_fa0f5b584582eabe"",""fragment_fa72e26063fac91f"",""fragment_fb1e4878be80c63f"",""fragment_fd1f88155da15be3"",""fragment_fd37242eec3000d6"",""fragment_fd4fceb94740667c"",""fragment_fde1fc3239ed618a"",""fragment_ff1a28218b846e98""]}",-2.01565,valid,unique_reported_entity,derivation_4c0827fa13f4848a,-2.01565,source_to_target,FALSE,1,real resolved network anchor; target-specific reported fragments,reaction_053d8666dffc2961,candidate,Materialized from an evidence-backed variable-arity reaction template.
tr_232fde81d8f04a,betalain,,6-decarboxy-betalamic acid,Tyramine-6-decarboxy-betaxanthin,entity_ba886bd316a78fbe,entity_d51b7cee67dc9c60,Condensation of 6-decarboxy-betalamic acid with amines/amino acids,literature_inferred,,,,,name_encoded_reactant,literature_supported,no_propagation,2,"[{""coefficient"":1,""entity_id"":""entity_ba886bd316a78fbe"",""role"":""structural_unit""},{""coefficient"":1,""entity_id"":""entity_bca4c298abc7476e"",""role"":""structural_component""}]","[{""coefficient"":1,""entity_id"":""entity_d51b7cee67dc9c60"",""role"":""product""}]",0,structural_unit,0,network_preflight,condensation,condensation_h2o_loss,C8H9NO3+C8H11NO -> C16H18N2O3,"[""form_6406417d303ec17b"",""form_db3060643667b075""]","[""form_06a0632d9c258d5f""]","{""class_diagnostic_ids"":[],""core_fragment_evidence_ids"":[],""donor_fragment_evidence_ids"":[],""explicit_target_diagnostic_ids"":[],""reaction_fragment_evidence_ids"":[],""reported_target_fragment_ids"":[],""target_product_ion_ids"":[],""theoretical_catalog_ids"":[]}",119.073499,valid,unique_reported_entity,derivation_60ed54e83aeb3732,119.073499,source_to_target,FALSE,1,exploratory_only_missing_target_fragments,reaction_190c7829e124a127,candidate,Materialized from an evidence-backed variable-arity reaction template.
tr_2ed78617b251e4,betalain,,6-decarboxy-betalamic acid,Norvaline-6-decarboxy-betaxanthin,entity_ba886bd316a78fbe,entity_1574e5e89370df1f,Condensation of 6-decarboxy-betalamic acid with amines/amino acids,literature_inferred,,,,,name_encoded_reactant,literature_supported,no_propagation,2,"[{""coefficient"":1,""entity_id"":""entity_ba886bd316a78fbe"",""role"":""structural_unit""},{""coefficient"":1,""entity_id"":""entity_d86081527ef9eeff"",""role"":""structural_component""}]","[{""coefficient"":1,""entity_id"":""entity_1574e5e89370df1f"",""role"":""product""}]",0,structural_unit,0,network_preflight,condensation,condensation_h2o_loss,C8H9NO3+C5H11NO2 -> C13H18N2O4,"[""form_6406417d303ec17b""]","[""form_4168447d5a5fbba4""]","{""class_diagnostic_ids"":[],""core_fragment_evidence_ids"":[],""donor_fragment_evidence_ids"":[],""explicit_target_diagnostic_ids"":[],""reaction_fragment_evidence_ids"":[],""reported_target_fragment_ids"":[],""target_product_ion_ids"":[],""theoretical_catalog_ids"":[]}",99.068414,valid,unique_reported_entity,derivation_e5f9426fd6570d00,99.068414,source_to_target,FALSE,1,exploratory_only_missing_target_fragments,reaction_7f391485c3c3fd31,candidate,Materialized from an evidence-backed variable-arity reaction template.
tr_4fabaaaf3c62f3,betalain,,6-decarboxy-betalamic acid,Threonine-6-decarboxy-betaxanthin,entity_ba886bd316a78fbe,entity_06d22cd6823ec973,Condensation of 6-decarboxy-betalamic acid with amines/amino acids,literature_inferred,,,,,name_encoded_reactant,literature_supported,no_propagation,2,"[{""coefficient"":1,""entity_id"":""entity_ba886bd316a78fbe"",""role"":""structural_unit""},{""coefficient"":1,""entity_id"":""entity_06c6604666ebd428"",""role"":""structural_component""}]","[{""coefficient"":1,""entity_id"":""entity_06d22cd6823ec973"",""role"":""product""}]",0,structural_unit,0,network_preflight,condensation,condensation_h2o_loss,C8H9NO3+C4H9NO3 -> C12H16N2O5,"[""form_6406417d303ec17b"",""form_4168499e6a452cd8""]","[""form_6171595ae7d3cf8d""]","{""class_diagnostic_ids"":[],""core_fragment_evidence_ids"":[],""donor_fragment_evidence_ids"":[],""explicit_target_diagnostic_ids"":[],""reaction_fragment_evidence_ids"":[],""reported_target_fragment_ids"":[],""target_product_ion_ids"":[],""theoretical_catalog_ids"":[]}",101.047678,valid,unique_reported_entity,derivation_0dd8d27543ed7dd5,101.047678,source_to_target,FALSE,1,exploratory_only_missing_target_fragments,reaction_019a614fcac0d11c,candidate,Materialized from an evidence-backed variable-arity reaction template.
tr_9c80dcc1e22ca0,betalain,,Betalamic acid,γ-aminobutyric acid-bx,entity_64818f42fdf603ee,entity_099743788df741df,Betalamic acid condensation with amino acids,literature_inferred,,,,,name_encoded_reactant,literature_supported,no_propagation,2,"[{""coefficient"":1,""entity_id"":""entity_64818f42fdf603ee"",""role"":""structural_unit""},{""coefficient"":1,""entity_id"":""entity_002884d7e2a98cda"",""role"":""structural_component""}]","[{""coefficient"":1,""entity_id"":""entity_099743788df741df"",""role"":""product""}]",0,structural_unit,0,network_preflight,condensation,condensation_h2o_loss,C9H9NO5+C4H9NO2 -> C13H16N2O6,"[""form_2b8d7ea13b9d7267"",""form_cdc06981512a5824""]","[""form_b790cda47bd3ad9e""]","{""class_diagnostic_ids"":[],""core_fragment_evidence_ids"":[],""donor_fragment_evidence_ids"":[],""explicit_target_diagnostic_ids"":[],""reaction_fragment_evidence_ids"":[],""reported_target_fragment_ids"":[],""target_product_ion_ids"":[],""theoretical_catalog_ids"":[""fragment_025c2ea9f8d43c2b"",""fragment_05c7e2b73ed705a3"",""fragment_079bd7dcbe1a29ec"",""fragment_0c5531d719821221"",""fragment_0cf1d014e3b634ee"",""fragment_0f2c36d6f7769005"",""fragment_0fd33edcc7e6d89d"",""fragment_0fed8f726c1b00a2"",""fragment_1225862c10381100"",""fragment_1352a8f4fb1f3e30"",""fragment_13a73fafdd8aebfb"",""fragment_14154e060a63aea4"",""fragment_1770457582e9fe34"",""fragment_1bec21819ba7c024"",""fragment_1f4c3a1c12146deb"",""fragment_2105626aee338b6b"",""fragment_21ae90d6d9024d59"",""fragment_21d45027d553feb8"",""fragment_240270290f03ca87"",""fragment_2434344a9e6affbd"",""fragment_257ecd85a2048f70"",""fragment_281cee01ca89c660"",""fragment_285f7206b7afa1c5"",""fragment_287f24aadadd100e"",""fragment_2b79997b19873251"",""fragment_2d1b7580a1dd27fa"",""fragment_2e74c8f58007bb51"",""fragment_2f6c70031ef00f84"",""fragment_3066fb0cda250a88"",""fragment_31e9099bc73ee44e"",""fragment_32b28457a985d117"",""fragment_33f8478b8a9f850e"",""fragment_3971f88ccc4e08dd"",""fragment_3b47f38361bad10d"",""fragment_3c2a593a4f54843e"",""fragment_3ca09b79a962f044"",""fragment_3d71380777ac0fce"",""fragment_3dc9185e7d4a744a"",""fragment_3e59d151a9a05750"",""fragment_401cb480440b1d56"",""fragment_4156567b55243157"",""fragment_42cb87c682070a9d"",""fragment_458255cb15aea43f"",""fragment_4a4eed33e9f31bb4"",""fragment_4bc1128b58464157"",""fragment_4c9ed27ab8719424"",""fragment_4cc8ec1b68897968"",""fragment_4e1b9d3788f495dd"",""fragment_52dd1610f3a4fa98"",""fragment_542bfa4e61919055"",""fragment_556a198d8eafc12a"",""fragment_558107caec2dff97"",""fragment_55f06561991a9f7e"",""fragment_57ddcdd413df69ca"",""fragment_57e342cdbd5f02aa"",""fragment_5820724ad7d71463"",""fragment_5a2f6bc413a8a0fa"",""fragment_5d18de8e7b06fc38"",""fragment_5d8192b48e82c008"",""fragment_5e1b0501bd5e1278"",""fragment_5e8ae9b7e0f1cd72"",""fragment_5edfd48983fed05d"",""fragment_5f6ea35113534725"",""fragment_5fa5f8f837678ad7"",""fragment_633a3c1d1de7a04b"",""fragment_65ba5f491e76d2b2"",""fragment_69bb3ec80d0f3f26"",""fragment_69e20b81808060f4"",""fragment_705fc4b307a3e416"",""fragment_71d6052389794402"",""fragment_72c29a87e2ab5072"",""fragment_75eedba3a220c65e"",""fragment_787829cf7d832403"",""fragment_799fdac1e78ef719"",""fragment_7a3699b6bf114073"",""fragment_7aead9f0e2a1e5ea"",""fragment_7c68cc75a5571291"",""fragment_7eb8cce520caf8e6"",""fragment_8156b93cc63ecce2"",""fragment_81951788be09cf9f"",""fragment_835ec3d043f1a5c1"",""fragment_8556b9fbee1ee200"",""fragment_8943a56023ed7f21"",""fragment_89c82cdffd21b7f4"",""fragment_8da82a49ca6d9b8c"",""fragment_939a3f9923ec4c02"",""fragment_96d87ea556ca43a5"",""fragment_9ed0680dcb05e88a"",""fragment_a37064ced7ecfa20"",""fragment_a62eed9b10ca27ca"",""fragment_a63715527538e9d3"",""fragment_a6fdd2d6976de1e4"",""fragment_a8a0307a8fe72d76"",""fragment_aa9c8e933c5d1866"",""fragment_ac612f552879af76"",""fragment_adce0999ce4b3d2c"",""fragment_adebcb2e6fe2b0a8"",""fragment_ae0a30f565b4f73a"",""fragment_ae0adba9faf66b81"",""fragment_b10791715994d67d"",""fragment_b28d2688590db69f"",""fragment_ba002cd026137c07"",""fragment_ba5e2d616ab232d0"",""fragment_bb79400fa38412c2"",""fragment_bd3ca27a58becc40"",""fragment_be81e77e3a4cedb0"",""fragment_c05a7a7d90ef9f56"",""fragment_c416c5c777eb5ce9"",""fragment_c52e6f07102d0168"",""fragment_c672b933f1cac059"",""fragment_c718fe45c296cd66"",""fragment_c870c54c89c9035b"",""fragment_cb85e4912cac67b5"",""fragment_cd3c7e7c20103241"",""fragment_ce49ff1915465ddc"",""fragment_ced8015cf7385183"",""fragment_cf256c9ffd99323a"",""fragment_d1715b3f2af819bd"",""fragment_d182bcba41e20a5d"",""fragment_d49adce1edae0624"",""fragment_d4e2de881227382a"",""fragment_d6ab4f273e0e82f4"",""fragment_da7eb81a3d8d2bca"",""fragment_de998b6e42ad198f"",""fragment_dff1765e4d5ff583"",""fragment_e321dc5f4c17dfbf"",""fragment_e404dbe33f5b82dd"",""fragment_e6cbb2cb4da664e5"",""fragment_e79b355e4c7fc099"",""fragment_e8f0800120e82524"",""fragment_eacdca98c37f03a6"",""fragment_ead3a30d005f1d94"",""fragment_ef07eb35db537f8f"",""fragment_f059b560720ee4c9"",""fragment_f163930ab5ad1cc8"",""fragment_f66da9315bc74cc4"",""fragment_fbbe3f85fbf1df0c"",""fragment_fc66b9021a75aa8e""]}",85.052764,valid,unique_reported_entity,derivation_0c3be098cb5f8f71,85.052764,source_to_target,FALSE,1,exploratory_only_missing_target_fragments,reaction_8a6e99bf15c4aa23,candidate,Materialized from an evidence-backed variable-arity reaction template.
tr_b3f2042ba4f8e6,betalain,,6-decarboxy-betalamic acid,Glycine-6-decarboxy-betaxanthin,entity_ba886bd316a78fbe,entity_f71baae03be8f452,Condensation of 6-decarboxy-betalamic acid with amines/amino acids,literature_inferred,,,,,name_encoded_reactant,literature_supported,no_propagation,2,"[{""coefficient"":1,""entity_id"":""entity_ba886bd316a78fbe"",""role"":""structural_unit""},{""coefficient"":1,""entity_id"":""entity_55b0b1238950c55d"",""role"":""structural_component""}]","[{""coefficient"":1,""entity_id"":""entity_f71baae03be8f452"",""role"":""product""}]",0,structural_unit,0,network_preflight,condensation,condensation_h2o_loss,C8H9NO3+C2H5NO2 -> C10H12N2O4,"[""form_6406417d303ec17b"",""form_deb77c25b0dd5c41""]","[""form_a5710dc83fb751ac""]","{""class_diagnostic_ids"":[],""core_fragment_evidence_ids"":[],""donor_fragment_evidence_ids"":[],""explicit_target_diagnostic_ids"":[],""reaction_fragment_evidence_ids"":[],""reported_target_fragment_ids"":[],""target_product_ion_ids"":[],""theoretical_catalog_ids"":[]}",57.021464,valid,unique_reported_entity,derivation_817f96920f53e92d,57.021464,source_to_target,FALSE,1,exploratory_only_missing_target_fragments,reaction_1bb8f1ead0731366,candidate,Materialized from an evidence-backed variable-arity reaction template.
tr_33c6e639c9cdfb,betalain,,6-decarboxy-betalamic acid,Serine-6-decarboxy-betaxanthin,entity_ba886bd316a78fbe,entity_a35dbcf1cfb8f976,Condensation of 6-decarboxy-betalamic acid with amines/amino acids,literature_inferred,,,,,name_encoded_reactant,literature_supported,no_propagation,2,"[{""coefficient"":1,""entity_id"":""entity_ba886bd316a78fbe"",""role"":""structural_unit""},{""coefficient"":1,""entity_id"":""entity_ae935b5cba3813a4"",""role"":""structural_component""}]","[{""coefficient"":1,""entity_id"":""entity_a35dbcf1cfb8f976"",""role"":""product""}]",0,structural_unit,0,network_preflight,condensation,condensation_h2o_loss,C8H9NO3+C3H7NO3 -> C11H14N2O5,"[""form_6406417d303ec17b"",""form_c19042648bcf5b8e""]","[""form_346e83d182e95ab0""]","{""class_diagnostic_ids"":[],""core_fragment_evidence_ids"":[],""donor_fragment_evidence_ids"":[],""explicit_target_diagnostic_ids"":[],""reaction_fragment_evidence_ids"":[],""reported_target_fragment_ids"":[],""target_product_ion_ids"":[],""theoretical_catalog_ids"":[]}",87.032028,valid,unique_reported_entity,derivation_39558b6840b4b4a6,87.032028,source_to_target,FALSE,1,exploratory_only_missing_target_fragments,reaction_66fc12acfd8b3fa2,candidate,Materialized from an evidence-backed variable-arity reaction template.
tr_1a9daedccc0ab5,betalain,,Betanin,15-decarboxy-betanin,entity_12822fcd1f86c3ce,entity_c9f12ee56ae109af,Decarboxylation of betanin at C-15,literature_inferred,,,,,name_encoded_endpoint,literature_supported,allow_after_identity_gate,1,"[{""coefficient"":1,""entity_id"":""entity_12822fcd1f86c3ce"",""role"":""substrate""}]","[{""coefficient"":1,""entity_id"":""entity_c9f12ee56ae109af"",""role"":""product""}]",0,substrate,0,network_preflight,decarboxylation,decarboxylation_co2_loss,C24H26N2O13 -> C23H26N2O11,"[""form_3f1cc1b9b810f94c""]","[""form_be0d9731ae54c38a""]","{""class_diagnostic_ids"":[],""core_fragment_evidence_ids"":[],""donor_fragment_evidence_ids"":[],""explicit_target_diagnostic_ids"":[],""reaction_fragment_evidence_ids"":[],""reported_target_fragment_ids"":[""fragment_038f84fba13e0334"",""fragment_04d79cfefdf8c13e"",""fragment_0f8f640369414826"",""fragment_1b4d582a23a2cc26"",""fragment_26f7a787be47ab45"",""fragment_30c4b06510c86dc7"",""fragment_3c5bcca63804baf1"",""fragment_5aa0f548e85e917f"",""fragment_5cd29086ff58d79e"",""fragment_77f3040675af0045"",""fragment_98b5ecf3675b5c0d"",""fragment_9dc4c17f7feebc26"",""fragment_a40d2d7f7fe6fd0b"",""fragment_a413bb6d188351e5"",""fragment_d9eb0773db47cc0b"",""fragment_dccb9830dde6e51c"",""fragment_e1f7113e9e6791a0"",""fragment_ed6d1acc3dd5da92""],""target_product_ion_ids"":[""fragment_038f84fba13e0334"",""fragment_04d79cfefdf8c13e"",""fragment_0f8f640369414826"",""fragment_1b4d582a23a2cc26"",""fragment_26f7a787be47ab45"",""fragment_30c4b06510c86dc7"",""fragment_3c5bcca63804baf1"",""fragment_5aa0f548e85e917f"",""fragment_5cd29086ff58d79e"",""fragment_77f3040675af0045"",""fragment_98b5ecf3675b5c0d"",""fragment_9dc4c17f7feebc26"",""fragment_a40d2d7f7fe6fd0b"",""fragment_a413bb6d188351e5"",""fragment_d9eb0773db47cc0b"",""fragment_dccb9830dde6e51c"",""fragment_e1f7113e9e6791a0"",""fragment_ed6d1acc3dd5da92""],""theoretical_catalog_ids"":[""fragment_0445c5576ed955ff"",""fragment_046af40821978e4e"",""fragment_05828b858c4e5a05"",""fragment_07558254dbc66b80"",""fragment_07da164cd65be42a"",""fragment_0808ddd1d63efa70"",""fragment_08bebd9cbfa84f11"",""fragment_09b367314300d170"",""fragment_0e8be5b4c00f2326"",""fragment_0e9a7dcf70c7c4bd"",""fragment_10da3144910fcd2c"",""fragment_1221c8bbca8e5eb3"",""fragment_12caa8213b74cd1e"",""fragment_15b84d2e03753eef"",""fragment_160d4941fe6e6a6f"",""fragment_16593fb1fb54728e"",""fragment_16cd8e6134286e7a"",""fragment_1730470ee35e46ba"",""fragment_17e805b4dbac212f"",""fragment_18fdeed50cfa81b4"",""fragment_1962e26eb9dd09de"",""fragment_1bd7b2b0326d205b"",""fragment_1ca61c21f6f9f289"",""fragment_1dad4e4e83dbcd66"",""fragment_1e703e247efa2cb0"",""fragment_1f66b35d98efa94c"",""fragment_200457975885134c"",""fragment_20b4f8859f7435a4"",""fragment_2284c63f7c3297ae"",""fragment_2603677abffb99ea"",""fragment_2715df3d91c6f911"",""fragment_2759a32d6eca3042"",""fragment_2a039c5ff75761db"",""fragment_2ba7625dd94f4457"",""fragment_2dede0f652b77e2f"",""fragment_2e727e648e438050"",""fragment_2e8bfcfda15a3d54"",""fragment_2ec7768e07967976"",""fragment_2f832d9d781c6759"",""fragment_307f5e8648838913"",""fragment_326846aaf0d50eaa"",""fragment_329959bbc3d8c070"",""fragment_35b4e0218f5608cb"",""fragment_36102e8665bfb7eb"",""fragment_372cc38e41708b40"",""fragment_378dd15b630da353"",""fragment_37c34a7a73460473"",""fragment_3802f05620d2016a"",""fragment_39a3b377b7c40f96"",""fragment_3a7a7ba3df98d65d"",""fragment_3f6ee282b21ba416"",""fragment_410086e624c8a50e"",""fragment_44f6e66e196e8c46"",""fragment_45af7e7d1c56658f"",""fragment_48b5d56363812c77"",""fragment_48d983497fb4a83d"",""fragment_4a20d077a59b80a0"",""fragment_4c4a5aa78ced4d96"",""fragment_4ea9fe9b14ec6ab9"",""fragment_511ed4ee00721867"",""fragment_51e3773347eb6a7f"",""fragment_5243af736bcb411b"",""fragment_531fdd8e175bdb0f"",""fragment_5334f4f8d2934091"",""fragment_534f78f1791b6292"",""fragment_5406114825fbb962"",""fragment_5447e0b131ec8902"",""fragment_5489db1a3284b748"",""fragment_54cd40e1e9a8b3fc"",""fragment_55c6395594bbc9c8"",""fragment_5645c7b441579b7f"",""fragment_56a5eb986ad29ff4"",""fragment_56a6f00c15c5edb9"",""fragment_570516c3f1f06b69"",""fragment_571f1461e43c01a1"",""fragment_581935d76ce16149"",""fragment_5bc744219c808c40"",""fragment_5c3487c6938ae572"",""fragment_5c5ef8e6158efdf9"",""fragment_5ef19a3c8cb6f732"",""fragment_5f19775e5741e825"",""fragment_641d8600c3b7670f"",""fragment_64be12097f13c295"",""fragment_652a4ff71a099043"",""fragment_679b85240faabdbb"",""fragment_6827f18d649975e8"",""fragment_693709df544e91fa"",""fragment_6b4e9b30d219e322"",""fragment_6d353c469735a1fc"",""fragment_6d4af051a181353b"",""fragment_6e898be0468bb458"",""fragment_6f869e941575ea9d"",""fragment_6fd68813dd832bdf"",""fragment_70c157fc488580f3"",""fragment_7407e448802aaa3b"",""fragment_740adb8f428d5b42"",""fragment_75ea3f8edad2473d"",""fragment_769c70457014ee6d"",""fragment_7731a644bf835a06"",""fragment_792bc87c30ed6dc7"",""fragment_792f5e9d6b245b5b"",""fragment_795df22270f7e8ac"",""fragment_79d849ed1f16e4fc"",""fragment_7a9c47bf3d7c9a84"",""fragment_7fc4f4eb5f249897"",""fragment_801990c4b1d6e058"",""fragment_813c94e23955406f"",""fragment_815b60ae163bf57d"",""fragment_82229fee77aa548c"",""fragment_822736222b137ab2"",""fragment_8246484dc3990ec0"",""fragment_8411120c5464bca1"",""fragment_8938189dc85e5f30"",""fragment_89f7340c7a116f13"",""fragment_8a1a395d5036e421"",""fragment_8a3b2501ea8e1af3"",""fragment_8aae5691bdc24017"",""fragment_8d44995114b17445"",""fragment_8fe806034799814b"",""fragment_92fd8a5b2bc9f781"",""fragment_9500c5b8f5ae4a96"",""fragment_96b65da5a1b89149"",""fragment_96d76a0d3de44de9"",""fragment_9758676e8d21541b"",""fragment_97c0a4dd9ce22952"",""fragment_9bd761b7c0061daa"",""fragment_9cde2d4f2488820b"",""fragment_a0d969729098c6f2"",""fragment_a475825574218098"",""fragment_a4f0aa889edfadd3"",""fragment_a51bb4d2103dbf80"",""fragment_a578319e2aa8b754"",""fragment_a5a7cc32915f05dd"",""fragment_a6ba6dc5dc37b5c2"",""fragment_a7dff24815b34392"",""fragment_a830ca825688dcc7"",""fragment_a87510bf8c73a318"",""fragment_afc4ef7a33543290"",""fragment_b26f81dca2940e47"",""fragment_b75386330afaa01b"",""fragment_b7af7196722e0486"",""fragment_bb794e6b9e678a9d"",""fragment_bb91714456ea62e1"",""fragment_bd3c122bb457f92c"",""fragment_bd92230cad4ae2b8"",""fragment_bf79279962a00307"",""fragment_c0c2878f9e8cb031"",""fragment_c0ebef42ec48af93"",""fragment_c115e98a6a36573a"",""fragment_c306785215340d37"",""fragment_c567bb9dac69aa1b"",""fragment_c5ddef545eed6cef"",""fragment_c6e07e596ff769c1"",""fragment_c7960a8639c961bc"",""fragment_c88a7d2b9aa68706"",""fragment_c9547a8b3222cbbd"",""fragment_ca9b3b554541b8bb"",""fragment_cc92d270d476dd7e"",""fragment_d00261e72ad29756"",""fragment_d220ddbbcff5f4b6"",""fragment_d2a6945df9914b63"",""fragment_d2fbda5cf4321e96"",""fragment_d4baecc0d09fb084"",""fragment_d59ee0611c5af2d8"",""fragment_d5b763b66b149b4d"",""fragment_d7f546daab639882"",""fragment_d87de2b88f72da3b"",""fragment_d96ca6aaa797cf6c"",""fragment_da4247ea29595a94"",""fragment_dc55af48915306cf"",""fragment_dc6e2c5c637bb417"",""fragment_dcd0517020363273"",""fragment_de40e81ff035848c"",""fragment_e29be29007827db9"",""fragment_e2a486b733119bd1"",""fragment_e458a562b244053f"",""fragment_e4a5f94283ed5d44"",""fragment_e595bfc17bd44813"",""fragment_e656c4b6bdf2e0c1"",""fragment_e66ea32e66e490aa"",""fragment_e768d367a1603a20"",""fragment_e7b4e4d2ac598f93"",""fragment_e7e77563b7a172b0"",""fragment_e8507302f88cf84d"",""fragment_e9848f22e36da8e4"",""fragment_eb6040bdb7530e8f"",""fragment_eb6e45a0236c4945"",""fragment_ec666b1b347af7a5"",""fragment_ecd2b435c30cd536"",""fragment_ed587bf8a2062249"",""fragment_ee2174d9cf9a845d"",""fragment_eece682e4dfd8678"",""fragment_eed2c4fa4396eea3"",""fragment_eeed8ba7e42e60d9"",""fragment_f02dd94f3d76dbc4"",""fragment_f100d774960cbb02"",""fragment_f175638cda63e3d2"",""fragment_f3165b3a1f06c294"",""fragment_f4ec6d64f2d46aa2"",""fragment_f54f61d393912a29"",""fragment_f746699c5a6476c4"",""fragment_f8d7ca64eaf3842f"",""fragment_fca134df1849278d""]}",-43.989829,valid,unique_reported_entity,derivation_db0fadc6bd83a7f4,-43.989829,source_to_target,FALSE,1,real resolved network anchor; target-specific reported fragments,reaction_d7bb52230a99601e,candidate,Materialized from an evidence-backed variable-arity reaction template.
tr_0eb7743f29beb2,betalain,,Betanin,2-decarboxy-betanin,entity_12822fcd1f86c3ce,entity_07f0b70473fa2541,Decarboxylation of betanin at C-2,literature_inferred,,,,,name_encoded_endpoint,literature_supported,allow_after_identity_gate,1,"[{""coefficient"":1,""entity_id"":""entity_12822fcd1f86c3ce"",""role"":""substrate""}]","[{""coefficient"":1,""entity_id"":""entity_07f0b70473fa2541"",""role"":""product""}]",0,substrate,0,network_preflight,decarboxylation,decarboxylation_co2_loss,C24H26N2O13 -> C23H26N2O11,"[""form_3f1cc1b9b810f94c""]","[""form_30680874eaab7b6d""]","{""class_diagnostic_ids"":[],""core_fragment_evidence_ids"":[],""donor_fragment_evidence_ids"":[],""explicit_target_diagnostic_ids"":[],""reaction_fragment_evidence_ids"":[],""reported_target_fragment_ids"":[""fragment_2ae1d7cccc014723"",""fragment_34791421062826d7"",""fragment_395c641aef0a5c91"",""fragment_3d2efb5c2c8a7f06"",""fragment_5c68ac42de635dda"",""fragment_775f9674bd553b6d"",""fragment_78d927e1bfba240c"",""fragment_80b080b32ef06ab9"",""fragment_83a88babba9161b5"",""fragment_85812cba0f2ce9c4"",""fragment_ca858a171cc49468"",""fragment_ceb9d0d95ff1be46"",""fragment_d35aa33ed9ce077c"",""fragment_e332153adcbe4874""],""target_product_ion_ids"":[""fragment_2ae1d7cccc014723"",""fragment_34791421062826d7"",""fragment_395c641aef0a5c91"",""fragment_3d2efb5c2c8a7f06"",""fragment_5c68ac42de635dda"",""fragment_775f9674bd553b6d"",""fragment_78d927e1bfba240c"",""fragment_80b080b32ef06ab9"",""fragment_83a88babba9161b5"",""fragment_85812cba0f2ce9c4"",""fragment_ca858a171cc49468"",""fragment_ceb9d0d95ff1be46"",""fragment_d35aa33ed9ce077c"",""fragment_e332153adcbe4874""],""theoretical_catalog_ids"":[""fragment_034e93b856756be2"",""fragment_03a9f96bd62f9218"",""fragment_06700de834e549d0"",""fragment_07f444ee32948464"",""fragment_0bf3f20d543e3a15"",""fragment_0c2bf244197989be"",""fragment_0d1e4e306256698c"",""fragment_0d5a27e62221ead9"",""fragment_0e6c8abb0f139f73"",""fragment_0f75aa34f661b3a2"",""fragment_10257a8f597fe2ff"",""fragment_102ea9b4d62e5d5b"",""fragment_107b5558a200df2f"",""fragment_107f322366479527"",""fragment_11a601eaa9193c3c"",""fragment_1397ef4a7012e3e7"",""fragment_13b030d5f237f19c"",""fragment_14e6539fe53e0b29"",""fragment_154252390370bc29"",""fragment_16f627b62804d0ee"",""fragment_171744d8a7948393"",""fragment_17748963d0ba57c6"",""fragment_1b05fd9776650f58"",""fragment_1b615f9e4aed2888"",""fragment_1e0b90a0e49e03df"",""fragment_1e357bef9c38a83e"",""fragment_1ec873402cf4184e"",""fragment_1fcc4bb5b90f7dab"",""fragment_20e9dd7573eeb604"",""fragment_22814d1ee983bd38"",""fragment_22abff6a6e4cc62f"",""fragment_22b281762549d7c7"",""fragment_238aa5cec396f4bf"",""fragment_257cbd599bcc4a33"",""fragment_25cc06b043f67821"",""fragment_280f18798d6a0d04"",""fragment_2a2d3a4ea68c900d"",""fragment_2a5cf9a247492220"",""fragment_2af9a87d82b38d0d"",""fragment_2c353adb2a65d690"",""fragment_2fc21151c4d54d58"",""fragment_301dc7eb7ca39874"",""fragment_334b7466dab8837a"",""fragment_338b184283492194"",""fragment_3978d9207d924a87"",""fragment_3b9811d52ad765a5"",""fragment_3be361bb8b7df4e0"",""fragment_3cc72dc7c6db78b6"",""fragment_3d3059278c8315fa"",""fragment_3e7fcf8464b22e48"",""fragment_3f719c6f3105889d"",""fragment_4539722559a3697d"",""fragment_45bd946bd42086c3"",""fragment_487fb4bdcbedd62c"",""fragment_4b455e9fb5c10f65"",""fragment_4c9580f931bbd203"",""fragment_4cb5c8aa06dc3911"",""fragment_4cf28f303da6f4c6"",""fragment_4d5bf96c946665d7"",""fragment_4db96b0beffb5ce3"",""fragment_4fdb128180a0a6ea"",""fragment_5042546d9a0c7be8"",""fragment_51d2068365747036"",""fragment_52091252eecddcfc"",""fragment_54605aae4f9129e3"",""fragment_54eedcff2b950c71"",""fragment_55cc4a47a306be76"",""fragment_5670d82fc22f765e"",""fragment_56a9a130d581533c"",""fragment_579dbf3987d5c603"",""fragment_59c0b908cd0fdc32"",""fragment_59f4bd6a1d23e694"",""fragment_5c7bf8b90733913e"",""fragment_5f4d70c657bec2ff"",""fragment_643b1f427ff9f375"",""fragment_64fdbcc6a7284837"",""fragment_65315df2557d1a07"",""fragment_67aba027f60b6051"",""fragment_688bc177c9049261"",""fragment_6b535b47b086206d"",""fragment_6e45a4418c1116d6"",""fragment_70e71583f572f45e"",""fragment_71abcc10533299fb"",""fragment_72ea4ba11f2d608a"",""fragment_74e5fab591d75277"",""fragment_77e095e96f19cce3"",""fragment_7a50b5a5c768796d"",""fragment_7a602b6fda120935"",""fragment_7abb84cdcbefb23c"",""fragment_7b40632bf44a4986"",""fragment_7be0c71b32c5bf50"",""fragment_7c3bb8e219b1e229"",""fragment_7d1e67e7f6d76f45"",""fragment_7d752c7350e99929"",""fragment_7e5fdfecdd062cb4"",""fragment_7ea0f2954772210f"",""fragment_802965764a758139"",""fragment_80464d6da9fd4fa1"",""fragment_80d8b7f43e0e4359"",""fragment_8144e343140643de"",""fragment_833f784e84402eff"",""fragment_8352295bfe29681c"",""fragment_83a8674c8d01b4db"",""fragment_8474cef0c3d78c7e"",""fragment_8669167adf045d0a"",""fragment_87eb8cecb87172d6"",""fragment_89dedd03cd36b7b7"",""fragment_8bca4661819fa41c"",""fragment_8f6d74b8bdc39255"",""fragment_8f982edb00a9cabe"",""fragment_904e8ffa88884abe"",""fragment_906cc2074663e441"",""fragment_919de84f5f77f353"",""fragment_91f2be3440fe45ba"",""fragment_924f1c1a652957d2"",""fragment_9294c193b9aecf54"",""fragment_93ab5b0ce9dd7448"",""fragment_946b6126d5d656fa"",""fragment_948b6a5cea90bd80"",""fragment_95b4a5e972d23ec5"",""fragment_9670af4308695a9a"",""fragment_967f898344f3ef65"",""fragment_998109e0cee0d2cd"",""fragment_9c389777521e86c0"",""fragment_9c765c733f317915"",""fragment_9ec9055775120a10"",""fragment_9f0cfc1b4115cbd6"",""fragment_a057494b32e11e05"",""fragment_a0ad75d76044960a"",""fragment_a14a530b708ea0bf"",""fragment_a27306d16c8aa46c"",""fragment_a2a473b8dec6ef19"",""fragment_a2c2073c8e4d02c7"",""fragment_a8af28eb7dd8b8a3"",""fragment_a8cfa34958f4356d"",""fragment_a9d10b822b43f09b"",""fragment_aa3b6029caa9565b"",""fragment_acde16454a80df51"",""fragment_ad3ce0a0da017eec"",""fragment_ad91032d0ce1fb6e"",""fragment_aeaaa49a33304d63"",""fragment_af30e03f0990e46d"",""fragment_af56eaaf785100b8"",""fragment_b042ec2c97c2c9b1"",""fragment_b086bba91c5774d5"",""fragment_b0ca6edd04e41d1e"",""fragment_b0ccdd191794a1cb"",""fragment_b10e654751c539a9"",""fragment_b21027699c65c988"",""fragment_b38b53c0f4d6d5e3"",""fragment_b7408c5425413761"",""fragment_b8c6515baad708ae"",""fragment_bad9866db9a8faba"",""fragment_bcac7940909e2671"",""fragment_bd50c2afaa8a2ac7"",""fragment_bd81ceec63b2bfb5"",""fragment_bf272538564d5379"",""fragment_c49385eb6202606b"",""fragment_c498525b6a512d86"",""fragment_c4db02aba61d5771"",""fragment_c626cc0bf09c6549"",""fragment_c7e7df93af0f72ae"",""fragment_c8a450c52aa37ff3"",""fragment_cbacf3023c4a8741"",""fragment_cd1d538bb5741952"",""fragment_cd47ac28c52ce9d7"",""fragment_cdbbd8aff610651b"",""fragment_cff5a51c5b441d65"",""fragment_d048a2de87a355b5"",""fragment_d053b40e9721cca1"",""fragment_d22da0c1f40cfc41"",""fragment_d4a48db0f34ad6f2"",""fragment_d4d80bd0bbc9d9fb"",""fragment_d90f95dc5b935624"",""fragment_d9f7b36a20b6833e"",""fragment_dac32ad0c40c1440"",""fragment_dc2f89c8a4027aed"",""fragment_dd5ef5e8c46d1994"",""fragment_df19c6dce2e4f3c6"",""fragment_df28dc9687e22547"",""fragment_e323623124021c9c"",""fragment_e364f33e71d670e2"",""fragment_e8a7b41adde59411"",""fragment_ea21205c658a7fd7"",""fragment_ea2d866be9d042ee"",""fragment_ea6722e744827742"",""fragment_eed47b50d4cf9313"",""fragment_efc2499e76be94ed"",""fragment_f0278c3c95e0a3ee"",""fragment_f09e62838b4fda02"",""fragment_f178866352821816"",""fragment_f67cf9f66e291b98"",""fragment_f7734471de21bd51"",""fragment_f89e806e7220a460"",""fragment_f8ddb91a69611ee1"",""fragment_f90c9c7b12b5bec6"",""fragment_fa86b57e37dc44ac"",""fragment_fb41868f12a71f39"",""fragment_fcfd73708bc976bb"",""fragment_fdd0974395770cd9"",""fragment_ff8f841a5c868c14""]}",-43.989829,valid,unique_reported_entity,derivation_8088132526d65ca2,-43.989829,source_to_target,FALSE,1,real resolved network anchor; target-specific reported fragments,reaction_3c305c2c17b14f3d,candidate,Materialized from an evidence-backed variable-arity reaction template.
tr_552fac67a262b9,betalain,,6-decarboxy-betalamic acid,Histidine-6-decarboxy-betaxanthin,entity_ba886bd316a78fbe,entity_4b0e5e81c3d3b402,Condensation of 6-decarboxy-betalamic acid with amines/amino acids,literature_inferred,,,,,name_encoded_reactant,literature_supported,no_propagation,2,"[{""coefficient"":1,""entity_id"":""entity_ba886bd316a78fbe"",""role"":""structural_unit""},{""coefficient"":1,""entity_id"":""entity_a92c9554807536cb"",""role"":""structural_component""}]","[{""coefficient"":1,""entity_id"":""entity_4b0e5e81c3d3b402"",""role"":""product""}]",0,structural_unit,0,network_preflight,condensation,condensation_h2o_loss,C8H9NO3+C6H9N3O2 -> C14H16N4O4,"[""form_6406417d303ec17b"",""form_1720d4444eb61645""]","[""form_7baa31715bb51f5c""]","{""class_diagnostic_ids"":[],""core_fragment_evidence_ids"":[],""donor_fragment_evidence_ids"":[],""explicit_target_diagnostic_ids"":[],""reaction_fragment_evidence_ids"":[],""reported_target_fragment_ids"":[],""target_product_ion_ids"":[],""theoretical_catalog_ids"":[]}",137.058912,valid,unique_reported_entity,derivation_fcd6671a357171a1,137.058912,source_to_target,FALSE,1,exploratory_only_missing_target_fragments,reaction_7af3fac3cf4d9de1,candidate,Materialized from an evidence-backed variable-arity reaction template.
tr_68376ac0aa4808,betalain,,6-decarboxy-betalamic acid,Histamine-6-decarboxy-betaxanthin,entity_ba886bd316a78fbe,entity_fc5165198cfdb09a,Condensation of 6-decarboxy-betalamic acid with amines/amino acids,literature_inferred,,,,,name_encoded_reactant,literature_supported,no_propagation,2,"[{""coefficient"":1,""entity_id"":""entity_ba886bd316a78fbe"",""role"":""structural_unit""},{""coefficient"":1,""entity_id"":""entity_433fbba7f63379ab"",""role"":""structural_component""}]","[{""coefficient"":1,""entity_id"":""entity_fc5165198cfdb09a"",""role"":""product""}]",0,structural_unit,0,network_preflight,condensation,condensation_h2o_loss,C8H9NO3+C5H9N3 -> C13H16N4O2,"[""form_6406417d303ec17b"",""form_c45342f36ad12a7f""]","[""form_6dc3129bef5ce893""]","{""class_diagnostic_ids"":[],""core_fragment_evidence_ids"":[],""donor_fragment_evidence_ids"":[],""explicit_target_diagnostic_ids"":[],""reaction_fragment_evidence_ids"":[],""reported_target_fragment_ids"":[],""target_product_ion_ids"":[],""theoretical_catalog_ids"":[]}",93.069083,valid,unique_reported_entity,derivation_2e06b426629f4d6c,93.069083,source_to_target,FALSE,1,exploratory_only_missing_target_fragments,reaction_8c933c7266890f7b,candidate,Materialized from an evidence-backed variable-arity reaction template.
tr_b77af183c51a11,betalain,,6-decarboxy-betalamic acid,Asparagine-6-decarboxy-betaxanthin,entity_ba886bd316a78fbe,entity_4920996bfe1a50cc,Condensation of 6-decarboxy-betalamic acid with amines/amino acids,literature_inferred,,,,,name_encoded_reactant,literature_supported,no_propagation,2,"[{""coefficient"":1,""entity_id"":""entity_ba886bd316a78fbe"",""role"":""structural_unit""},{""coefficient"":1,""entity_id"":""entity_1141c2be8f8598d4"",""role"":""structural_component""}]","[{""coefficient"":1,""entity_id"":""entity_4920996bfe1a50cc"",""role"":""product""}]",0,structural_unit,0,network_preflight,condensation,condensation_h2o_loss,C8H9NO3+C4H8N2O3 -> C12H15N3O5,"[""form_6406417d303ec17b"",""form_9cb3ae5f72c3a8e4""]","[""form_a5f21db2f0ee1535""]","{""class_diagnostic_ids"":[],""core_fragment_evidence_ids"":[],""donor_fragment_evidence_ids"":[],""explicit_target_diagnostic_ids"":[],""reaction_fragment_evidence_ids"":[],""reported_target_fragment_ids"":[],""target_product_ion_ids"":[],""theoretical_catalog_ids"":[]}",114.042927,valid,unique_reported_entity,derivation_f0d1a75f937a756b,114.042927,source_to_target,FALSE,1,exploratory_only_missing_target_fragments,reaction_60b480d6fb96f0a1,candidate,Materialized from an evidence-backed variable-arity reaction template.
tr_680204d6554edd,betalain,,Betanin,Decarboxybetanin,entity_12822fcd1f86c3ce,entity_5a264227eea012c1,Decarboxylation of betanin at C-17,literature_inferred,,,,,name_encoded_endpoint,literature_supported,allow_after_identity_gate,1,"[{""coefficient"":1,""entity_id"":""entity_12822fcd1f86c3ce"",""role"":""substrate""}]","[{""coefficient"":1,""entity_id"":""entity_5a264227eea012c1"",""role"":""product""}]",0,substrate,0,network_preflight,decarboxylation,decarboxylation_co2_loss,C24H26N2O13 -> C23H26N2O11,"[""form_3f1cc1b9b810f94c""]","[""form_cd55c2fa29cf7cbb""]","{""class_diagnostic_ids"":[],""core_fragment_evidence_ids"":[],""donor_fragment_evidence_ids"":[],""explicit_target_diagnostic_ids"":[],""reaction_fragment_evidence_ids"":[],""reported_target_fragment_ids"":[],""target_product_ion_ids"":[],""theoretical_catalog_ids"":[""fragment_337f67d227a91532"",""fragment_7bff5f9009629c34""]}",-43.989829,valid,unique_reported_entity,derivation_13b1457c019cf561,-43.989829,source_to_target,FALSE,1,exploratory_only_missing_target_fragments,reaction_885e6aa25a7c79ac,candidate,Materialized from an evidence-backed variable-arity reaction template.
tr_48b96a8bdae69c,betalain,,6-decarboxy-betalamic acid,Ethanolamine-6-decarboxy-betaxanthin,entity_ba886bd316a78fbe,entity_cc8b757fa91cda44,Condensation of 6-decarboxy-betalamic acid with amines/amino acids,literature_inferred,,,,,name_encoded_reactant,literature_supported,no_propagation,2,"[{""coefficient"":1,""entity_id"":""entity_ba886bd316a78fbe"",""role"":""structural_unit""},{""coefficient"":1,""entity_id"":""entity_71959dde04be26dd"",""role"":""structural_component""}]","[{""coefficient"":1,""entity_id"":""entity_cc8b757fa91cda44"",""role"":""product""}]",0,structural_unit,0,network_preflight,condensation,condensation_h2o_loss,C8H9NO3+C2H7NO -> C10H14N2O3,"[""form_6406417d303ec17b""]","[""form_d83ed800236df6a8""]","{""class_diagnostic_ids"":[],""core_fragment_evidence_ids"":[],""donor_fragment_evidence_ids"":[],""explicit_target_diagnostic_ids"":[],""reaction_fragment_evidence_ids"":[],""reported_target_fragment_ids"":[],""target_product_ion_ids"":[],""theoretical_catalog_ids"":[]}",43.042199,valid,unique_reported_entity,derivation_301aa0549d7c27a1,43.042199,source_to_target,FALSE,1,exploratory_only_missing_target_fragments,reaction_13af7711ab95b89c,candidate,Materialized from an evidence-backed variable-arity reaction template.
tr_acff55e2a6a1a4,betalain,,"2,17-bidecarboxy-betanin",2-decarboxy-neophyllocactin,entity_df401f885ccc8471,entity_9f3b8168ffdc7c04,"Chlorination of 2,17-bidecarboxy-betanin at C-18",literature_inferred,,,,,class_mechanism_product_join,literature_explanation_only,no_propagation,1,"[{""coefficient"":1,""entity_id"":""entity_df401f885ccc8471"",""role"":""substrate""}]","[{""coefficient"":1,""entity_id"":""entity_9f3b8168ffdc7c04"",""role"":""product""}]",0,substrate,0,network_preflight,chlorination,identity,C26H26N2O14 -> C26H26N2O14,"[""form_bdeb19a64dffdf50""]","[""form_16229b9299f75ba6""]","{""class_diagnostic_ids"":[],""core_fragment_evidence_ids"":[],""donor_fragment_evidence_ids"":[],""explicit_target_diagnostic_ids"":[],""reaction_fragment_evidence_ids"":[],""reported_target_fragment_ids"":[""fragment_17622882d7482f20"",""fragment_26c167f973f0aa1b"",""fragment_49df22c923e46570"",""fragment_71d029158676f18d"",""fragment_7b8aa71ed7a56b89"",""fragment_85c748cd64d58926"",""fragment_9b03cd6cac50f960"",""fragment_a461243e13e28678"",""fragment_b4bbed022a66c6fc"",""fragment_b7e0a02878195755"",""fragment_b94f023bcb88196b"",""fragment_c8bdf33839b17c15"",""fragment_eba7bed1b00a21fa"",""fragment_eca93fc84d069d47""],""target_product_ion_ids"":[""fragment_17622882d7482f20"",""fragment_26c167f973f0aa1b"",""fragment_49df22c923e46570"",""fragment_71d029158676f18d"",""fragment_7b8aa71ed7a56b89"",""fragment_85c748cd64d58926"",""fragment_9b03cd6cac50f960"",""fragment_a461243e13e28678"",""fragment_b4bbed022a66c6fc"",""fragment_b7e0a02878195755"",""fragment_b94f023bcb88196b"",""fragment_c8bdf33839b17c15"",""fragment_eba7bed1b00a21fa"",""fragment_eca93fc84d069d47""],""theoretical_catalog_ids"":[""fragment_00e75f83f0f21fce"",""fragment_021d066b453ffd4a"",""fragment_03ac03e2b9a89a5b"",""fragment_04b7bfed4eef63ad"",""fragment_04da8ebe17347ab3"",""fragment_0613fc679ca83c68"",""fragment_0790e2e4babb4c94"",""fragment_091b4be0914cbc57"",""fragment_09beccf0fcb0222d"",""fragment_0a5ea814b7319013"",""fragment_0b98468a4159bdb2"",""fragment_0cbd13e66f06a269"",""fragment_0d5d68798d18b8c1"",""fragment_0e74ce82b0898367"",""fragment_0e8ab51b0aecfa80"",""fragment_0fcd687f7132b5bb"",""fragment_108eb7edb0b3472e"",""fragment_14fa8133182d39f3"",""fragment_15b9951112622fdb"",""fragment_16913c640f25c28e"",""fragment_16d0d3a9f033edb2"",""fragment_16ddbcd6836f2fc4"",""fragment_174693fb208709c2"",""fragment_19c5d20cfe9d2997"",""fragment_1b3bbdf1c30bec16"",""fragment_1b58e0c046be71d2"",""fragment_1bf92953c48d145d"",""fragment_1da04f80e3037721"",""fragment_1debd6d00ae680ec"",""fragment_1dfd43ac405a97d1"",""fragment_1fc9f266a3c8df84"",""fragment_20f7f4fd683fdd0b"",""fragment_218334cd84716c24"",""fragment_22a666676920a964"",""fragment_25589b203274566f"",""fragment_2601cf20daa8d18d"",""fragment_27f1197e3f8383bd"",""fragment_28039447144ea359"",""fragment_281f453130a59452"",""fragment_28abcad3b86ef056"",""fragment_28c5e8247259ccd1"",""fragment_2ae5c1b1adefeed3"",""fragment_2cef877b5eb41a71"",""fragment_2ddd2ac2df2eaaa3"",""fragment_2f3eeaa6930fef1c"",""fragment_2f5dd78c88ac1e68"",""fragment_2fac2114e695d000"",""fragment_335e7847f48bb752"",""fragment_355fcf695e865f18"",""fragment_35f9d95f5cd185b5"",""fragment_368273202960a061"",""fragment_37cb92f4669c20be"",""fragment_38121f1f7e4f5bee"",""fragment_387c56b83171cc56"",""fragment_39799911f26294d6"",""fragment_3b008c27f5ff604c"",""fragment_3ce9a5d4d1cb3dac"",""fragment_3cf3518a9716f9eb"",""fragment_3ddf7949ef15ac66"",""fragment_3f77ba050bbf4350"",""fragment_404e41fc43af9684"",""fragment_4268e38dbcc98bd2"",""fragment_43e997999030e157"",""fragment_4406f624c4a813a5"",""fragment_456d1780495e3a44"",""fragment_45e0be04a1d869e0"",""fragment_464bd7305d17374c"",""fragment_46674a4c6f805a1a"",""fragment_47ae4cdaed204810"",""fragment_47ba1de240f16696"",""fragment_48095646647dda3a"",""fragment_48f603636508fe13"",""fragment_4a3a06ce9e3eecf4"",""fragment_4bd88b379f052914"",""fragment_4c5aab8f098c80a3"",""fragment_4dcb3870d1afa4d2"",""fragment_4e0e36e28cf343b1"",""fragment_4f1504eaf68c4bee"",""fragment_4f2f675542bd7537"",""fragment_507245d13232f0a3"",""fragment_50b37ae85c3b6cd0"",""fragment_51450f8e0a110ad7"",""fragment_52a91e5688adef15"",""fragment_53ffce26aa678081"",""fragment_546577f8435a24b6"",""fragment_5490e33779f23c8a"",""fragment_561d2fc928bd7ceb"",""fragment_566b4891170eb6a3"",""fragment_58750e8631887166"",""fragment_5922e1b6179c395e"",""fragment_59eb9b864f39e3ef"",""fragment_5b77edce11f924ec"",""fragment_5b952c431d0a6dcf"",""fragment_5c187ad6d22261be"",""fragment_5c517ddb0cb458a1"",""fragment_5c5ef7bd16cf316b"",""fragment_5db8572ffebab82d"",""fragment_5e4e335842bec56d"",""fragment_5e7a5e31f4e6bde5"",""fragment_5f0ff753b019268c"",""fragment_5f1584bea61ff021"",""fragment_603837e5a83dc304"",""fragment_61150af4beee30eb"",""fragment_61170270d1a7e576"",""fragment_62b8b6b0575ead1e"",""fragment_63df429e790529dc"",""fragment_65e9ed4aa6136217"",""fragment_669034b054212e5b"",""fragment_66d14060bbdf1e67"",""fragment_687962fb56359d07"",""fragment_69b35bd8a5a36435"",""fragment_6a8b99930c08ae29"",""fragment_6b0620f0950d5a9e"",""fragment_6ba94003d7de6811"",""fragment_6bc1e684e3801df3"",""fragment_6c5f7ac6b9368cec"",""fragment_6d21e642d9da4109"",""fragment_6d7f8f780cfb9b79"",""fragment_6f2a9c3082cad10a"",""fragment_7084de5aa4905680"",""fragment_70adf0ab0af88321"",""fragment_71cf39d04d3bd364"",""fragment_71d710dd1193f9eb"",""fragment_73975552a54b7468"",""fragment_739973b5c2943850"",""fragment_74d0118c5be0ad6f"",""fragment_7616d6d8a6cd85cc"",""fragment_768b6404f02c4106"",""fragment_76f4410db934acff"",""fragment_777e0376944283f9"",""fragment_77a915b29ed238a9"",""fragment_785404cf9556a3de"",""fragment_78e1973085d46d3d"",""fragment_791879b189371dd3"",""fragment_7a7a12d2e9b3ab2d"",""fragment_7c66f6c5dbd1c11a"",""fragment_7cfc571dc88e2c21"",""fragment_7d1e6a730271f6d1"",""fragment_7dbcfba8bcb4ade3"",""fragment_7e80054aad970fc2"",""fragment_80272ee96bdc1f54"",""fragment_80ac306fe6240245"",""fragment_81849a102f391f93"",""fragment_82521f6cc7601bdf"",""fragment_842e166524a65cb8"",""fragment_84ca6996517b63a2"",""fragment_8593d08ff5c1c7c7"",""fragment_86154cb935bc53ee"",""fragment_86e1e60926c4d657"",""fragment_879834f31092bdfa"",""fragment_889215f4a2b019aa"",""fragment_8c3884b3d491f75b"",""fragment_8c77dc87719143bc"",""fragment_8d908ead263d64ca"",""fragment_8f890c07a39b7c3b"",""fragment_91d8bd8d4ee70fb5"",""fragment_92a7174d91c45a3b"",""fragment_933cd10b16a0d47b"",""fragment_937c0e2fe7ec6cf4"",""fragment_938ef4cabc594e06"",""fragment_96682302f5f5e5f3"",""fragment_96966a137b3cf9e9"",""fragment_97361caac443928e"",""fragment_97f14b4aa2a33a39"",""fragment_989cad2092125bd9"",""fragment_99c77fffe3204196"",""fragment_9a11008571ef83ee"",""fragment_9b2f6a219d6ec3bf"",""fragment_9bbd333101b6808c"",""fragment_9d337cffa5db90ba"",""fragment_9d8171244dc6bda3"",""fragment_9eb345c706958ac0"",""fragment_9ff12911ae01adda"",""fragment_a01c4c2c8444aa04"",""fragment_a093ee1a38f5da3d"",""fragment_a21d65780e0ecbbc"",""fragment_a34be9487a54a469"",""fragment_a5e707c304b15a64"",""fragment_a62b7f9e871ae465"",""fragment_a6482bb80632a5d7"",""fragment_a64d098bf812d8d2"",""fragment_a66417a9c793c698"",""fragment_a6b014d5084699d0"",""fragment_a75fd84fb218b33f"",""fragment_a8480a20e5ecf744"",""fragment_a92f4079c288397b"",""fragment_a9549cfe5b15848f"",""fragment_a9ffce5a2008f1ac"",""fragment_aa1c05fda55a631c"",""fragment_aa75c72b6bbbd72e"",""fragment_aa9008e26520d430"",""fragment_ab6340c67be584ba"",""fragment_ab7141ee7f81eee3"",""fragment_ac3b8c8ed17403a3"",""fragment_acaa04e1d2d211ce"",""fragment_acf131f864037605"",""fragment_ae736e756888359c"",""fragment_afc00c97a31f7f37"",""fragment_b0192ade50fa381b"",""fragment_b4480eaaaf494232"",""fragment_b5367f16706b28c0"",""fragment_b55be34974c048d0"",""fragment_b5b7f3efd113cebe"",""fragment_b7020b3f9ae0b26c"",""fragment_b7d56a9af864d1f3"",""fragment_baf37f256499ea81"",""fragment_bc69f7544771a410"",""fragment_bcd47ba8a653f668"",""fragment_beea9b3a217c1582"",""fragment_bf20100ef4f7068a"",""fragment_c074828e40c261cc"",""fragment_c101e759f369cc53"",""fragment_c1a2a249790ae25f"",""fragment_c2107ac3bd11c2b3"",""fragment_c216d9687b86c928"",""fragment_c374f03e619de608"",""fragment_c5f46b1a259e49ba"",""fragment_c782a54cf96f57a8"",""fragment_c80f952b5a8de2dc"",""fragment_c8273214d9a9ec88"",""fragment_c840484036c0d036"",""fragment_c846d98f84404d4a"",""fragment_c8f0d8add30835e5"",""fragment_cd35841a9fd4eec4"",""fragment_ce6f3c2d06bd92eb"",""fragment_d03356f950a37c70"",""fragment_d35ab9a200c1f50b"",""fragment_d3b540fee82db619"",""fragment_d6ba4d91957099b7"",""fragment_d6d2d9bfd44ce33d"",""fragment_d6e759270dfcdded"",""fragment_d71cb414485c58c5"",""fragment_d90b5b79b9de0668"",""fragment_d9959944e2c9e527"",""fragment_da7a11fd472595f3"",""fragment_db68a2d18fb6ff48"",""fragment_df8d6b493cd96aa5"",""fragment_dfaab41b231b1599"",""fragment_dfb4be444fe1ed3f"",""fragment_dfb8936a4af2feaa"",""fragment_e09d422103fbd981"",""fragment_e1324730a831a380"",""fragment_e16e5742119b41e1"",""fragment_e38bde2ba0fb3964"",""fragment_e409a7075e2558c2"",""fragment_e50dc579fdc2ca07"",""fragment_e6589f27b84664f4"",""fragment_e6ba957c3ad9a8c0"",""fragment_e79ae8b223c6e68d"",""fragment_e897f9cfdde68da8"",""fragment_e9451f7d87562a1e"",""fragment_eab3efd1da365d7e"",""fragment_ee372a357ba9cdff"",""fragment_efede5276e211942"",""fragment_f113b8acd5142c91"",""fragment_f1a7e57835781ea4"",""fragment_f35af5151894c8e1"",""fragment_f3e7baf7f333b4f6"",""fragment_f512910db08d4ce1"",""fragment_f5ab720824130dab"",""fragment_f5efd8f558eb76f9"",""fragment_f5f7198e27669f11"",""fragment_f98655f5974b143e"",""fragment_fa1ebd67d001a6e1"",""fragment_fa65193c9824fb89"",""fragment_fcb2590dc15166a7"",""fragment_fd5a2368207ca466""]}",,valid,unique_reported_entity,derivation_0ff56a590a7b88e9,,source_to_target,FALSE,1,literature_explanation_only; no propagation,reaction_39e60f9ea1da3ca8,candidate,Materialized from an evidence-backed variable-arity reaction template.
tr_57e65c3cb440e6,betalain,,Betalamic acid,L-DOPA-bx (Dopaxanthin),entity_64818f42fdf603ee,entity_dc2a681719b3ca84,Betalamic acid condensation with amino acids,literature_inferred,,,,,name_encoded_reactant,literature_supported,no_propagation,2,"[{""coefficient"":1,""entity_id"":""entity_64818f42fdf603ee"",""role"":""structural_unit""},{""coefficient"":1,""entity_id"":""entity_339682eb05f9786a"",""role"":""structural_component""}]","[{""coefficient"":1,""entity_id"":""entity_dc2a681719b3ca84"",""role"":""product""}]",0,structural_unit,0,network_preflight,condensation,condensation_h2o_loss,C9H9NO5+C9H11NO4 -> C18H18N2O8,"[""form_2b8d7ea13b9d7267"",""form_70e23aec727a1003""]","[""form_791ab51d61f00df3""]","{""class_diagnostic_ids"":[],""core_fragment_evidence_ids"":[],""donor_fragment_evidence_ids"":[],""explicit_target_diagnostic_ids"":[],""reaction_fragment_evidence_ids"":[],""reported_target_fragment_ids"":[],""target_product_ion_ids"":[],""theoretical_catalog_ids"":[""fragment_003632efb963f3de"",""fragment_00c5a95737dd910a"",""fragment_01da4bbf86add323"",""fragment_0907d4c4c2eff8f8"",""fragment_0b1154275c1840bc"",""fragment_0db26a069dc85cd6"",""fragment_0fd1edaf63923213"",""fragment_1147ee12dc20b85d"",""fragment_117ce36929f30e37"",""fragment_11ee9f16cba165f2"",""fragment_12b3a1e829f0443b"",""fragment_15073a247dccb758"",""fragment_1612fe27e0280d02"",""fragment_16d631dc18e9f208"",""fragment_1729eebcc511a8ea"",""fragment_1756c49a99787253"",""fragment_1908f416bacb1779"",""fragment_1999fb9893171f4d"",""fragment_19a7c649ed802a91"",""fragment_1a62dbaec83a55e0"",""fragment_1d1329edee3a34f6"",""fragment_1d4380cd9ff79090"",""fragment_1e7e473f03970ba9"",""fragment_1f36b7a930de91bd"",""fragment_22a02e200d966f15"",""fragment_2451db6881f85dd9"",""fragment_24cd28724aec21da"",""fragment_2627f3f9243b3ac0"",""fragment_270dea23437b857c"",""fragment_276b64e2af6539de"",""fragment_2c4a146b7199f692"",""fragment_2e6970d3080c643a"",""fragment_31342470af96a5ad"",""fragment_31f1ac8b8083e9fe"",""fragment_323b062c9b1d150f"",""fragment_32755f0bd98d2e90"",""fragment_331959978f56d191"",""fragment_33aa0f27149c7d40"",""fragment_33bb6ca5ad27720e"",""fragment_33bd30b348fff0c9"",""fragment_3467acd4d87d158c"",""fragment_363d4fb43c844c20"",""fragment_38ea5721bfb31430"",""fragment_3960f668d1d157fb"",""fragment_3a5dd6fbc86a5481"",""fragment_3b2e0feac4e52177"",""fragment_3b79396d52312359"",""fragment_3b8cb093232b40a7"",""fragment_3f3c6582bc281981"",""fragment_3ff8ed7eaa14d142"",""fragment_4516d38b4dac2c1f"",""fragment_45ee121f4e123c07"",""fragment_46fc3c8b3e737178"",""fragment_473234e17fc98053"",""fragment_480c516d73848ce6"",""fragment_49baca7c8227966b"",""fragment_4a6f41e2d31c3f22"",""fragment_4ab5c30ecae44131"",""fragment_4abd3b5fec674f40"",""fragment_4d55f40ca300829e"",""fragment_4db9dbe00aaead73"",""fragment_51d51268e818bd8c"",""fragment_53776ecb7300979f"",""fragment_5470a4c76232e5eb"",""fragment_55439478dc41fdec"",""fragment_55d207b58520583a"",""fragment_563fb7e70b62e2a0"",""fragment_5a0fe56805fca90f"",""fragment_5c711881972eae26"",""fragment_5e02cd445eb1a10f"",""fragment_60f20ff6e6889229"",""fragment_64b3d5a31140a289"",""fragment_66136b986b936b08"",""fragment_67a7577f2d5e980c"",""fragment_68455bd0b1b92b13"",""fragment_687edbfe73d5b53a"",""fragment_6a2ecf9162662a88"",""fragment_6a729231cc976db9"",""fragment_6a970be9e185f216"",""fragment_6b43831416f48a4e"",""fragment_6bcd6a2d62beb8ab"",""fragment_6bfc0d4bc47585b1"",""fragment_6e39b026cb8ccbf3"",""fragment_6f291fb119a8303a"",""fragment_710aceb98a3f85ac"",""fragment_71de1158c417c432"",""fragment_72a513c54eceb37b"",""fragment_73b866a826fb32d9"",""fragment_7a0527990c1a9666"",""fragment_7a59c259286c959f"",""fragment_7b7d255b5c986bc3"",""fragment_7bc62f8fff410092"",""fragment_7c671401cfdabaf0"",""fragment_7df10259d177679c"",""fragment_7f142a67aa212c8e"",""fragment_810e88e4ab2a406a"",""fragment_81c505a623ff1776"",""fragment_83a34fd9335c13e5"",""fragment_83ddfb5daca77cd9"",""fragment_84a293adb57bc87e"",""fragment_854b730a56310764"",""fragment_86b984618deb3034"",""fragment_882b5a85f1b2e7d9"",""fragment_88308f9ac3ad9d5d"",""fragment_893affb5679adaed"",""fragment_898046a3a4bd0bfd"",""fragment_89ad22aa63709658"",""fragment_8a8b0c13d9becd73"",""fragment_8f89a00da3d2af59"",""fragment_909b0c3cd88cd422"",""fragment_90f83996ee155f04"",""fragment_912cc49df86ed656"",""fragment_928578f87edc3225"",""fragment_93c39f8ee2fa5ae7"",""fragment_94eedb5ada4a254a"",""fragment_95c047e9e9282e7d"",""fragment_97bda6aeaebb0473"",""fragment_97fea03c47e34756"",""fragment_98090942c1f9c9cf"",""fragment_981fbdeb37027545"",""fragment_9931aa569d5a7428"",""fragment_994eb569cef641f7"",""fragment_9b3cad2ce64e003d"",""fragment_9b9f6bd11cb70b8e"",""fragment_9c063bc7ea09e6c0"",""fragment_9c0ca9cf2da556f9"",""fragment_9c68a692fd3ad2b1"",""fragment_9c71cbf8499c8327"",""fragment_9f27eda2f7e62b55"",""fragment_a05f82413b1aeab2"",""fragment_a12a9290f409c282"",""fragment_a287e4e65bed5167"",""fragment_a3e52f124685d5ac"",""fragment_a51f53431b36f117"",""fragment_a6b48e7ef3720432"",""fragment_a72fe83784900dd5"",""fragment_a739fca45fe86861"",""fragment_a7a20705f27e418f"",""fragment_a7b06b0bea135056"",""fragment_a941f966394c0e6b"",""fragment_a99d2957b2f3f345"",""fragment_aa79faa3534915d3"",""fragment_acdc734762f902dd"",""fragment_ad2a9f9212c3debb"",""fragment_b2c36289434c1a22"",""fragment_b5dc111d7d2baba5"",""fragment_b5fde42671155acf"",""fragment_b68d57ba3135f61b"",""fragment_b8b8c218d5f49d25"",""fragment_b968beeb92c7242d"",""fragment_baf92cd8d4f89a11"",""fragment_bb42c7eb34022e02"",""fragment_bbbe95b648d389b2"",""fragment_bc33ddd74a6707fe"",""fragment_bc6d7d9fd461f0c7"",""fragment_bdebf2afece01348"",""fragment_be76cf3cb09fbd52"",""fragment_bf524512ccc956f8"",""fragment_c101ac314520b611"",""fragment_c285487aaad0976f"",""fragment_c2999a70e0e211c7"",""fragment_c5927a87509f37e0"",""fragment_ca70a32679c933d5"",""fragment_cbc494b6e596d204"",""fragment_cc4f03586e05e097"",""fragment_cc543cb365c234c0"",""fragment_cd3949093e45017b"",""fragment_cd6f670028a44094"",""fragment_cdb066c0ccafd696"",""fragment_ce966089c5301287"",""fragment_cfd9f697ff5e379f"",""fragment_d2c996ad613aebfb"",""fragment_d3d68045259c06d9"",""fragment_d4959642e720421f"",""fragment_d5cdc37f1bdfd8ab"",""fragment_d7244cda8a9aa391"",""fragment_d84a368208ada201"",""fragment_daa89d65f3c16c56"",""fragment_dcc05098b5c3f588"",""fragment_dd07806ce2b4861e"",""fragment_df224b715627dae5"",""fragment_e01aa4cf46a1f15f"",""fragment_e26a7ab144a5b7a4"",""fragment_e515b46d3e8fb9ac"",""fragment_e563894674d62b81"",""fragment_e7178f3806a74317"",""fragment_e80d3bf55eb659b8"",""fragment_e89373f2e6caada1"",""fragment_e8bcf6e0fa6824b7"",""fragment_e91a1099bee7a730"",""fragment_ea059dfa1134dff7"",""fragment_eace45390053d57d"",""fragment_ec4c83631c5b710a"",""fragment_ee710fce291a4c8e"",""fragment_f24f7ffe5047adbc"",""fragment_f2783b5936e985b2"",""fragment_f2d81a83c63027ea"",""fragment_f30675ee138fcdb6"",""fragment_f30ae8ebc72acac3"",""fragment_f40847f9de239960"",""fragment_f6b4719bbc8909e7"",""fragment_f8806d067c197955"",""fragment_f9803470f108f31f"",""fragment_fa88c968f6668704"",""fragment_fe3b3c77b9753608"",""fragment_febb44bc8904b419""]}",179.058243,valid,unique_reported_entity,derivation_8c01732a13193e82,179.058243,source_to_target,FALSE,1,exploratory_only_missing_target_fragments,reaction_dddbc3c1203d93d9,candidate,Materialized from an evidence-backed variable-arity reaction template.
tr_1722cb2f5a75df,betalain,,Betalamic acid,Glutamic acid bx (Vulgaxanthin II),entity_64818f42fdf603ee,entity_93f6337181483b79,Betalamic acid condensation with amino acids,literature_inferred,,,,,name_encoded_reactant,literature_supported,no_propagation,2,"[{""coefficient"":1,""entity_id"":""entity_64818f42fdf603ee"",""role"":""structural_unit""},{""coefficient"":1,""entity_id"":""entity_2a3193a48b5ed046"",""role"":""structural_component""}]","[{""coefficient"":1,""entity_id"":""entity_93f6337181483b79"",""role"":""product""}]",0,structural_unit,0,network_preflight,condensation,condensation_h2o_loss,C9H9NO5+C5H10NO4 -> C14H17N2O8,"[""form_2b8d7ea13b9d7267"",""form_9725e0bb01879bd0""]","[""form_3e0cb2a9c6b9b2ff""]","{""class_diagnostic_ids"":[],""core_fragment_evidence_ids"":[],""donor_fragment_evidence_ids"":[],""explicit_target_diagnostic_ids"":[],""reaction_fragment_evidence_ids"":[],""reported_target_fragment_ids"":[],""target_product_ion_ids"":[],""theoretical_catalog_ids"":[]}",130.050418,valid,unique_reported_entity,derivation_da8e2a41e38f47b8,130.050418,source_to_target,FALSE,1,exploratory_only_missing_target_fragments,reaction_f3daff5d3e89e890,candidate,Materialized from an evidence-backed variable-arity reaction template.
tr_a44652183fb96c,betalain,,6-decarboxy-betalamic acid,Glutamine-6-decarboxy-betaxanthin,entity_ba886bd316a78fbe,entity_2a0241154596bee0,Condensation of 6-decarboxy-betalamic acid with amines/amino acids,literature_inferred,,,,,name_encoded_reactant,literature_supported,no_propagation,2,"[{""coefficient"":1,""entity_id"":""entity_ba886bd316a78fbe"",""role"":""structural_unit""},{""coefficient"":1,""entity_id"":""entity_c0fce3e0ed4a9487"",""role"":""structural_component""}]","[{""coefficient"":1,""entity_id"":""entity_2a0241154596bee0"",""role"":""product""}]",0,structural_unit,0,network_preflight,condensation,condensation_h2o_loss,C8H9NO3+C5H10N2O3 -> C13H17N3O5,"[""form_6406417d303ec17b"",""form_efddad66e3b9594f""]","[""form_fac5fec742098cf8""]","{""class_diagnostic_ids"":[],""core_fragment_evidence_ids"":[],""donor_fragment_evidence_ids"":[],""explicit_target_diagnostic_ids"":[],""reaction_fragment_evidence_ids"":[],""reported_target_fragment_ids"":[],""target_product_ion_ids"":[],""theoretical_catalog_ids"":[]}",128.058578,valid,unique_reported_entity,derivation_6b78901de1be13c2,128.058578,source_to_target,FALSE,1,exploratory_only_missing_target_fragments,reaction_4e0461c49b17754f,candidate,Materialized from an evidence-backed variable-arity reaction template.
tr_a4049d53d31757,betalain,,6-decarboxy-betalamic acid,Arginine-6-decarboxy-betaxanthin,entity_ba886bd316a78fbe,entity_9496c0733f9d7be4,Condensation of 6-decarboxy-betalamic acid with amines/amino acids,literature_inferred,,,,,name_encoded_reactant,literature_supported,no_propagation,2,"[{""coefficient"":1,""entity_id"":""entity_ba886bd316a78fbe"",""role"":""structural_unit""},{""coefficient"":1,""entity_id"":""entity_fc501f327a3e038d"",""role"":""structural_component""}]","[{""coefficient"":1,""entity_id"":""entity_9496c0733f9d7be4"",""role"":""product""}]",0,structural_unit,0,network_preflight,condensation,condensation_h2o_loss,C8H9NO3+C6H14N4O2 -> C14H21N5O4,"[""form_6406417d303ec17b"",""form_f8001a9a2f2130de""]","[""form_8a6b5e9df5070a53""]","{""class_diagnostic_ids"":[],""core_fragment_evidence_ids"":[],""donor_fragment_evidence_ids"":[],""explicit_target_diagnostic_ids"":[],""reaction_fragment_evidence_ids"":[],""reported_target_fragment_ids"":[],""target_product_ion_ids"":[],""theoretical_catalog_ids"":[]}",156.101111,valid,unique_reported_entity,derivation_93a77b4b37da75c0,156.101111,source_to_target,FALSE,1,exploratory_only_missing_target_fragments,reaction_95baa45f08c7e544,candidate,Materialized from an evidence-backed variable-arity reaction template.
tr_1cfd1ef2d3d427,betalain,,Betalamic acid,Dopamine-bx,entity_64818f42fdf603ee,entity_8fa922c7b3681802,Betalamic acid condensation with amino acids,literature_inferred,,,,,name_encoded_reactant,literature_supported,no_propagation,2,"[{""coefficient"":1,""entity_id"":""entity_64818f42fdf603ee"",""role"":""structural_unit""},{""coefficient"":1,""entity_id"":""entity_85edab3a428facf6"",""role"":""structural_component""}]","[{""coefficient"":1,""entity_id"":""entity_8fa922c7b3681802"",""role"":""product""}]",0,structural_unit,0,network_preflight,condensation,condensation_h2o_loss,C9H9NO5+C8H11NO2 -> C17H18N2O6,"[""form_2b8d7ea13b9d7267"",""form_b4bcd16f5aa26f33""]","[""form_e425de8422650c66""]","{""class_diagnostic_ids"":[],""core_fragment_evidence_ids"":[],""donor_fragment_evidence_ids"":[],""explicit_target_diagnostic_ids"":[],""reaction_fragment_evidence_ids"":[],""reported_target_fragment_ids"":[""fragment_1769ab05f2e32595"",""fragment_26d4ab14149fba37"",""fragment_4f1d74b1102b572e"",""fragment_5458a22cc6199c17"",""fragment_58de097a0bae7406"",""fragment_99ce535f218b8fbf"",""fragment_d38f61aa3b33bb53"",""fragment_e4a0f9a008661218""],""target_product_ion_ids"":[""fragment_1769ab05f2e32595"",""fragment_26d4ab14149fba37"",""fragment_4f1d74b1102b572e"",""fragment_5458a22cc6199c17"",""fragment_58de097a0bae7406"",""fragment_99ce535f218b8fbf"",""fragment_d38f61aa3b33bb53"",""fragment_e4a0f9a008661218""],""theoretical_catalog_ids"":[]}",135.068414,valid,unique_reported_entity,derivation_5737611d15ef3879,135.068414,source_to_target,FALSE,1,real resolved network anchor; target-specific reported fragments; no propagation,reaction_4107ab91f6ada25f,candidate,Materialized from an evidence-backed variable-arity reaction template.
tr_6399edaf26188c,betalain,,6-decarboxy-betalamic acid,Hydroxyproline-6-decarboxy-betaxanthin,entity_ba886bd316a78fbe,entity_866d468dd326063a,Condensation of 6-decarboxy-betalamic acid with amines/amino acids,literature_inferred,,,,,name_encoded_reactant,literature_supported,no_propagation,2,"[{""coefficient"":1,""entity_id"":""entity_ba886bd316a78fbe"",""role"":""structural_unit""},{""coefficient"":1,""entity_id"":""entity_489eac6ab4353eb0"",""role"":""structural_component""}]","[{""coefficient"":1,""entity_id"":""entity_866d468dd326063a"",""role"":""product""}]",0,structural_unit,0,network_preflight,condensation,condensation_h2o_loss,C8H9NO3+C5H10NO3 -> C13H17N2O5,"[""form_6406417d303ec17b""]","[""form_0cede3a9461460aa""]","{""class_diagnostic_ids"":[],""core_fragment_evidence_ids"":[],""donor_fragment_evidence_ids"":[],""explicit_target_diagnostic_ids"":[],""reaction_fragment_evidence_ids"":[],""reported_target_fragment_ids"":[],""target_product_ion_ids"":[],""theoretical_catalog_ids"":[]}",114.055504,valid,unique_reported_entity,derivation_e3231c1108c942dc,114.055504,source_to_target,FALSE,1,exploratory_only_missing_target_fragments,reaction_e300f9987ce500d7,candidate,Materialized from an evidence-backed variable-arity reaction template.
tr_0d6dfb58365ac3,betalain,,Betalamic acid,Cysteine-bx,entity_64818f42fdf603ee,entity_0dbdbb37cfccbfa6,Betalamic acid condensation with amino acids,literature_inferred,,,,,name_encoded_reactant,literature_supported,no_propagation,2,"[{""coefficient"":1,""entity_id"":""entity_64818f42fdf603ee"",""role"":""structural_unit""},{""coefficient"":1,""entity_id"":""entity_dbba00517ef925d4"",""role"":""structural_component""}]","[{""coefficient"":1,""entity_id"":""entity_0dbdbb37cfccbfa6"",""role"":""product""}]",0,structural_unit,0,network_preflight,condensation,condensation_h2o_loss,C9H9NO5+C3H5NO2S -> C12H12N2O6S,"[""form_2b8d7ea13b9d7267"",""form_8b5d79dc8aa8c2a1""]","[""form_43babdb06b1839c6""]","{""class_diagnostic_ids"":[],""core_fragment_evidence_ids"":[],""donor_fragment_evidence_ids"":[],""explicit_target_diagnostic_ids"":[],""reaction_fragment_evidence_ids"":[],""reported_target_fragment_ids"":[],""target_product_ion_ids"":[],""theoretical_catalog_ids"":[""fragment_0057496930ccefd5"",""fragment_04c433e0aa526ec0"",""fragment_053a38d2696a10d1"",""fragment_05beaf6de8ee5a02"",""fragment_05ed3acf44063941"",""fragment_067e953736de180a"",""fragment_06bfcebfb74c2fb3"",""fragment_074952b2f7e2cf77"",""fragment_0a0e1ea56a67fc5b"",""fragment_0bd480c387b545e7"",""fragment_0c31e90f4f55ac7c"",""fragment_0ed12f5fb98e2312"",""fragment_0fc6cb167516c167"",""fragment_16036847f3ca7180"",""fragment_161cc80b8c7cea58"",""fragment_1752d17671ee7605"",""fragment_179447872f929a32"",""fragment_1954f4d5e34cc9e3"",""fragment_1a784786cf98d9b3"",""fragment_1c5c07b0831fe9a3"",""fragment_274ea553cdf4be4b"",""fragment_27e42eb11a84e8f7"",""fragment_2b6fd5408b6bf1f3"",""fragment_2bf29a7b089ce4bb"",""fragment_2c029c503f25439f"",""fragment_2cc791c50f8b7dc2"",""fragment_2f4d7063c3d0ee0f"",""fragment_30135910ec58206e"",""fragment_319b4a5bbfec0fde"",""fragment_32ae5e8593dce702"",""fragment_38babc4f495b6d66"",""fragment_38dacf46a3a84604"",""fragment_3c19a943fa7dc75d"",""fragment_3eaf5c530bea7144"",""fragment_3f62dcc0d49a1f30"",""fragment_41a59c0cadc24496"",""fragment_41f16c063616ca9d"",""fragment_478f3e38133b509c"",""fragment_47b97f16467e7f38"",""fragment_485b1924b66c5f04"",""fragment_49d8f0f7de729d05"",""fragment_4b188460daf92b89"",""fragment_4bad1e66709dbfa7"",""fragment_5517cfc83676e20b"",""fragment_56fdd7626c1b6303"",""fragment_5c50167df2bafd1e"",""fragment_5d00610480d58e7e"",""fragment_5e863deace28c566"",""fragment_5ebc95dfaee78d5f"",""fragment_5f0f7e9797d15b24"",""fragment_5f187623504c5001"",""fragment_6130b485f4c89978"",""fragment_617b086bff7b2a3a"",""fragment_66c19d84e4fc6c87"",""fragment_6740dd28e46f089d"",""fragment_67985eb7a0a16380"",""fragment_68c3bffd01b7273e"",""fragment_69ee21d706eac5d7"",""fragment_6c057d818229b8e6"",""fragment_6cfa828cd7434725"",""fragment_72d2ea30936b34cc"",""fragment_745bf22550bc198b"",""fragment_77def960a7143d11"",""fragment_794d11c98faabdb6"",""fragment_7961f87b29fe8db5"",""fragment_7b0737212f98f235"",""fragment_7dff40d01a9cfca1"",""fragment_80fe8fb84c6a51ac"",""fragment_82fef2d124eb1a1e"",""fragment_8537814fb6e7d204"",""fragment_85a84a85d245b257"",""fragment_87f2703598e1175b"",""fragment_8d38c170fb8a7ab1"",""fragment_8d70f7b511350320"",""fragment_8df8c913d9fcab3f"",""fragment_8f7acec6efbdfd4b"",""fragment_8fe61e39337e815f"",""fragment_9173be0b04e6b03d"",""fragment_92688de20496bb50"",""fragment_95dbcf1df8dfba69"",""fragment_967d0e13e5b0ce99"",""fragment_9ba4cb09f620b3fc"",""fragment_9ca68b1314ffd846"",""fragment_9da90e6ce280839c"",""fragment_9e311799dfe1a9f3"",""fragment_a22c02f1c4134c09"",""fragment_a22fd7319351deed"",""fragment_a28dc327e066d57c"",""fragment_a3431e6fe3f092bc"",""fragment_a5d27af8369f3c50"",""fragment_a603db0d4c47620e"",""fragment_a85a75996056bac7"",""fragment_aa77c2e443f5010c"",""fragment_ab3474d77ac3f639"",""fragment_ab63f80be9936f20"",""fragment_aba3a13e73d26122"",""fragment_b019967dd6195264"",""fragment_b07d94aad1617cc7"",""fragment_b1b68581c8360dc7"",""fragment_b5dbdc6b2446ca44"",""fragment_b6dbc8c68a1e9405"",""fragment_bb59690c21cf34dd"",""fragment_c14cf6dfe93d1bc3"",""fragment_c2430db11095d882"",""fragment_c2676b0a8d009077"",""fragment_c292f8508378d551"",""fragment_c4a15596d81a3d6f"",""fragment_c605a2f2e99bae10"",""fragment_cbeae4e07eced7ae"",""fragment_ce73777da60f07b8"",""fragment_d1a4c359d4a7a8f9"",""fragment_d8f9eaf41ae99628"",""fragment_e54b5029e626daff"",""fragment_e5a385ae933a2776"",""fragment_e5eda38a9218d204"",""fragment_e81e6eef61e5e3c0"",""fragment_e8aa08368865913f"",""fragment_e9350908fbe1362a"",""fragment_e9ed79a9f3ad04b0"",""fragment_ea37d497223fc7a9"",""fragment_eb76227534fa2984"",""fragment_ecd734ab1aa7088f"",""fragment_eec62bdddc4d16cf"",""fragment_f445b91a71fba51f"",""fragment_fb2b4abf2d6c8118"",""fragment_ff67916e371652cb""]}",100.993535,valid,unique_reported_entity,derivation_19d8cfdf67d8a23b,100.993535,source_to_target,FALSE,1,exploratory_only_missing_target_fragments,reaction_78f312d7655da79d,candidate,Materialized from an evidence-backed variable-arity reaction template.
tr_d6eac0f6bf88df,betalain,,Betalamic acid,Glycine-bx,entity_64818f42fdf603ee,entity_56807df6ddc288cf,Betalamic acid condensation with amino acids,literature_inferred,,,,,name_encoded_reactant,literature_supported,no_propagation,2,"[{""coefficient"":1,""entity_id"":""entity_64818f42fdf603ee"",""role"":""structural_unit""},{""coefficient"":1,""entity_id"":""entity_55b0b1238950c55d"",""role"":""structural_component""}]","[{""coefficient"":1,""entity_id"":""entity_56807df6ddc288cf"",""role"":""product""}]",0,structural_unit,0,network_preflight,condensation,condensation_h2o_loss,C9H9NO5+C2H5NO2 -> C11H12N2O6,"[""form_2b8d7ea13b9d7267"",""form_deb77c25b0dd5c41""]","[""form_551b50e9ca1fe750""]","{""class_diagnostic_ids"":[],""core_fragment_evidence_ids"":[],""donor_fragment_evidence_ids"":[],""explicit_target_diagnostic_ids"":[],""reaction_fragment_evidence_ids"":[],""reported_target_fragment_ids"":[""fragment_2df8988fa9aac2a9"",""fragment_43baade94fdd244d"",""fragment_63b4936e1a9d64f0"",""fragment_6f1ff83621d4bfd5"",""fragment_75bc1ae85a90b7ff"",""fragment_77599b086760ed50"",""fragment_8ac08d8d02bb929d"",""fragment_a17f4e6d2e6c7e19"",""fragment_e4cf96126e00acee"",""fragment_f0aa3d34d3fce7c1""],""target_product_ion_ids"":[""fragment_2df8988fa9aac2a9"",""fragment_43baade94fdd244d"",""fragment_63b4936e1a9d64f0"",""fragment_6f1ff83621d4bfd5"",""fragment_75bc1ae85a90b7ff"",""fragment_77599b086760ed50"",""fragment_8ac08d8d02bb929d"",""fragment_a17f4e6d2e6c7e19"",""fragment_e4cf96126e00acee"",""fragment_f0aa3d34d3fce7c1""],""theoretical_catalog_ids"":[""fragment_079e0b1003533535"",""fragment_0a80e0f3d86500fe"",""fragment_19608a7252793266"",""fragment_1ff13f321c65de55"",""fragment_20fed78619741b67"",""fragment_62a69a47be8e405b"",""fragment_76018f000724d759"",""fragment_9e2d7a10ea742ec4"",""fragment_ab5c542e68b5ac81"",""fragment_b1b475ce6d988437"",""fragment_ced58af39b75a269"",""fragment_d97f296965f7b000""]}",57.021464,valid,unique_reported_entity,derivation_0d7f62c93e574240,57.021464,source_to_target,FALSE,1,real resolved network anchor; target-specific reported fragments; no propagation,reaction_7bb05947808421fe,candidate,Materialized from an evidence-backed variable-arity reaction template.
tr_e7caf77050b9e4,betalain,,Betalamic acid,Histidine-bx (Muscaaurin VII),entity_64818f42fdf603ee,entity_517530dbdfd5b130,Betalamic acid condensation with amino acids,literature_inferred,,,,,name_encoded_reactant,literature_supported,no_propagation,2,"[{""coefficient"":1,""entity_id"":""entity_64818f42fdf603ee"",""role"":""structural_unit""},{""coefficient"":1,""entity_id"":""entity_a92c9554807536cb"",""role"":""structural_component""}]","[{""coefficient"":1,""entity_id"":""entity_517530dbdfd5b130"",""role"":""product""}]",0,structural_unit,0,network_preflight,condensation,condensation_h2o_loss,C9H9NO5+C6H9N3O2 -> C15H16N4O6,"[""form_2b8d7ea13b9d7267"",""form_1720d4444eb61645""]","[""form_4fc89f2b5c08e11f""]","{""class_diagnostic_ids"":[],""core_fragment_evidence_ids"":[],""donor_fragment_evidence_ids"":[],""explicit_target_diagnostic_ids"":[],""reaction_fragment_evidence_ids"":[],""reported_target_fragment_ids"":[],""target_product_ion_ids"":[],""theoretical_catalog_ids"":[""fragment_00a875a1c7ebe7e8"",""fragment_01be6b2a55485cb0"",""fragment_033cbbf48f739791"",""fragment_07d5c3c8e6abd5f2"",""fragment_08438dec051fbb69"",""fragment_089ab1facd3f1abf"",""fragment_0c46ea462c29ce31"",""fragment_0dc72ee3a5842633"",""fragment_0f0feaeba995d5d3"",""fragment_0f3d088fb4097b6c"",""fragment_10e2ef39a9df9624"",""fragment_111c06b861b17558"",""fragment_118a90b4f88206da"",""fragment_1281bd1b9a3c033f"",""fragment_1282f65b27547597"",""fragment_12ff7376c7c429ce"",""fragment_1405df3c364bf3b1"",""fragment_157c422012b99c9c"",""fragment_1748fbeede9f3c68"",""fragment_17df1fa9d11bf896"",""fragment_197789ec701d5651"",""fragment_19a2d5ec724a306d"",""fragment_19b15988dddde2d0"",""fragment_1a9423433acb6fa5"",""fragment_1b7b6a040901890f"",""fragment_1bda31e575657138"",""fragment_1f935a786a5ce86f"",""fragment_2178bd7871ddd916"",""fragment_21c1e3ba361446ee"",""fragment_21ec619d130918c7"",""fragment_23e916de459ee341"",""fragment_23ed18374dbc780c"",""fragment_2528ba353ef0299a"",""fragment_278ac89fff2b70a3"",""fragment_28079ac36533f51e"",""fragment_288480cf7987701b"",""fragment_28b8512c037cda62"",""fragment_292bfa64e14675a5"",""fragment_29a457bdef7eea65"",""fragment_2be9b872b78a3f55"",""fragment_30367e8d9ecf7091"",""fragment_31e00fcd7754078f"",""fragment_32515785694a66c9"",""fragment_3499e66082762289"",""fragment_35b508e803b79a87"",""fragment_35eb6a1acb22f135"",""fragment_37585a27262eb613"",""fragment_3959575e805c6ef5"",""fragment_39c6ceea41c085a9"",""fragment_3acbbcf9516764b8"",""fragment_3bad145078f3d7f3"",""fragment_3bd4de029844f8ba"",""fragment_3ec4ad2aea6a2e43"",""fragment_3f321004bafa4508"",""fragment_41cb2494ea4e4be6"",""fragment_42ec9a904b213448"",""fragment_430f4663080174fb"",""fragment_43bb0b8a734943ee"",""fragment_479f5ad716b44e60"",""fragment_47afae3be13ba63e"",""fragment_494458a1e4355945"",""fragment_4957308c886a0d60"",""fragment_4a2143e6678cf20e"",""fragment_4ae7fba90bbff302"",""fragment_505849325a97a3c0"",""fragment_538b6e508f4b2304"",""fragment_555fbe9a576e3254"",""fragment_58f22df4694f7eb5"",""fragment_5d5f4203eb1377be"",""fragment_5ec5fe144542dafa"",""fragment_5f2c35b0e257700c"",""fragment_6296e5fecbab58e2"",""fragment_63531b1ef79b340b"",""fragment_63fcfdde23886156"",""fragment_64ec216879240031"",""fragment_667eab2684a7c85f"",""fragment_692470b98ecebcfa"",""fragment_692eb735f3dab2be"",""fragment_6d099b73e338140e"",""fragment_6ead3640aea2fc55"",""fragment_706ff6b7c5bb794c"",""fragment_74869651fe2d55b0"",""fragment_74fa105c2bb3097a"",""fragment_76cca7365a7559e3"",""fragment_7c19b173a9dcaa0a"",""fragment_7c825ef464cedfbc"",""fragment_7d1c46fef90784e3"",""fragment_7eefe230e22a6288"",""fragment_7f1498ee7b4ec2df"",""fragment_80d11ca0e6adc343"",""fragment_82c846e30368e43c"",""fragment_83a9a5148ef18e35"",""fragment_85e37ba136c3db2a"",""fragment_88410363a741c363"",""fragment_8b8924e66d682ecc"",""fragment_8bdf835bf9b5e3d3"",""fragment_8e91c518398a93b3"",""fragment_96177b9bf3cc5556"",""fragment_977be8a2cc87c22b"",""fragment_995779449590b514"",""fragment_99a278118e5a9d1c"",""fragment_9a5cd60cbcf47445"",""fragment_9ad239a4331254c3"",""fragment_9ad8d1f784501f70"",""fragment_9b0786777e5e8c2d"",""fragment_9c32325e2c26599d"",""fragment_9c4668b10b07e3f8"",""fragment_9c7e40eee7434992"",""fragment_9dda746a4c2f2356"",""fragment_9e97e5d61b7e4b3c"",""fragment_9f90ed95c3b2f98a"",""fragment_a1172180ad15856a"",""fragment_a28a857450d43e05"",""fragment_a2a122dd38289b89"",""fragment_a461f42771a16760"",""fragment_a5bb3c26b1af3316"",""fragment_a6acb67d80cffb26"",""fragment_a884fbec2786c8eb"",""fragment_abfa47eea6ab494f"",""fragment_adcefe1f5292d6fc"",""fragment_b20c9325385a4256"",""fragment_b2b8fa63b365618c"",""fragment_b64ea998acdae77a"",""fragment_b67a659f1b7e9dff"",""fragment_b6903f11b929c138"",""fragment_b6e4fd3efb1c8eca"",""fragment_b75579a56bf885a5"",""fragment_b796faf4536a0bdc"",""fragment_b7f69926c8a4c9e4"",""fragment_b8b521e4adde07d1"",""fragment_b8c88808ce2e2ae3"",""fragment_b8f5768172d6ecc8"",""fragment_bb37cb5b0debdd80"",""fragment_bc9444ffc08e82c6"",""fragment_bcc13de8049d086d"",""fragment_bd03510aed613711"",""fragment_bd98f4dc8f5baad1"",""fragment_bf52c352657b4993"",""fragment_c0614ebc6b25e4a3"",""fragment_c378e9162172e3eb"",""fragment_c38c60fcb66f508b"",""fragment_c3bc7651ffd7f79d"",""fragment_c3ec1979af8d42de"",""fragment_c7df813e7d97bd21"",""fragment_ca941af598e1e146"",""fragment_cb832f699c4b4bb2"",""fragment_cc59f3e8db365965"",""fragment_cce90e16202465b6"",""fragment_cd8726e12d05def0"",""fragment_cf2c74625e60debc"",""fragment_cfd896e97dafe8b1"",""fragment_cff8e0cbbf202c92"",""fragment_cffbc30bee61a964"",""fragment_d0ec42a82d47c24f"",""fragment_d22b3ad2d59d844c"",""fragment_d3c3d54de3350e49"",""fragment_d519d53d1bc90d21"",""fragment_d56c90f6ebc822cc"",""fragment_db83a181c6b02c53"",""fragment_dc9361fef8434896"",""fragment_dd83a78ff05c3b75"",""fragment_e2cab966a5657c06"",""fragment_e34f669173442c48"",""fragment_e5b2b9ab1242596e"",""fragment_e8d1626e3af07f7a"",""fragment_e970bf4debb55d3e"",""fragment_ea0314bcf4ef0d06"",""fragment_ec14a10df337e980"",""fragment_ec1c47df6ac88441"",""fragment_ec40d123516ba964"",""fragment_ec4e7a3af4c2355f"",""fragment_ee585fbb97c2c761"",""fragment_ef32a1e17cc5cdda"",""fragment_f071b7023a06ac68"",""fragment_f0a7b96c787ee4e9"",""fragment_f0e03f612d7c19e9"",""fragment_f1545848b37e75d8"",""fragment_f49e0d8e25d335e6"",""fragment_f4b40785c35c9cb0"",""fragment_f7b8ad7752aa2c42"",""fragment_f7da81555a4ced65"",""fragment_f9dbbe0670b9252c"",""fragment_f9dbe288bfd14718"",""fragment_f9fa25b2e8a0c065"",""fragment_fa9807c35f9252e9"",""fragment_fbabb6288d898ae3"",""fragment_fc177ff288390c97"",""fragment_fc31e233986340f9"",""fragment_fceae6d6e7f350a8"",""fragment_ff7e839badce6e06"",""fragment_ffdd7672e15153ce""]}",137.058912,valid,unique_reported_entity,derivation_fea46ec28b42379c,137.058912,source_to_target,FALSE,1,exploratory_only_missing_target_fragments,reaction_90e13f61c1ec95c2,candidate,Materialized from an evidence-backed variable-arity reaction template.
tr_e9c5190decc8d8,betalain,,Betalamic acid,Arginine-bx,entity_64818f42fdf603ee,entity_73cefc1d5013e272,Betalamic acid condensation with amino acids,literature_inferred,,,,,name_encoded_reactant,literature_supported,no_propagation,2,"[{""coefficient"":1,""entity_id"":""entity_64818f42fdf603ee"",""role"":""structural_unit""},{""coefficient"":1,""entity_id"":""entity_fc501f327a3e038d"",""role"":""structural_component""}]","[{""coefficient"":1,""entity_id"":""entity_73cefc1d5013e272"",""role"":""product""}]",0,structural_unit,0,network_preflight,condensation,condensation_h2o_loss,C9H9NO5+C6H14N4O2 -> C15H21N5O6,"[""form_2b8d7ea13b9d7267"",""form_f8001a9a2f2130de""]","[""form_9085c2e196f552ae""]","{""class_diagnostic_ids"":[],""core_fragment_evidence_ids"":[],""donor_fragment_evidence_ids"":[],""explicit_target_diagnostic_ids"":[],""reaction_fragment_evidence_ids"":[],""reported_target_fragment_ids"":[],""target_product_ion_ids"":[],""theoretical_catalog_ids"":[""fragment_0051eb547aca4c89"",""fragment_018391bbeae7a9e6"",""fragment_02d873cf0c4b606d"",""fragment_0450bf98be18e9ab"",""fragment_04917eb47f129197"",""fragment_04e9a5940f0716e2"",""fragment_06059023cf58d3f3"",""fragment_061f70641966f90d"",""fragment_0662f8500573a6bf"",""fragment_06fd19e28c4afd3a"",""fragment_0766dad32685be3f"",""fragment_084e1d305b141dd4"",""fragment_087c23c64c5027fb"",""fragment_09544f08fba13990"",""fragment_0c56344351bfa76d"",""fragment_0f1dcc9ae2754e43"",""fragment_0f4c280f931c8276"",""fragment_0f82fac14e915396"",""fragment_0fae176dc5a8f6a5"",""fragment_0fee12de1fbf3e40"",""fragment_136b0c5247cace40"",""fragment_168f8a6483d0eba3"",""fragment_1834aaa9e33ed675"",""fragment_18b89f85e65f65ff"",""fragment_1d3bc41b61afcbd6"",""fragment_1e7bd3dcc6687812"",""fragment_1e8c9e1e366d87db"",""fragment_1eebc43174bc3a0d"",""fragment_1fd7a75351fc1548"",""fragment_229d84ff6caf76fc"",""fragment_22d85f63c138f4ef"",""fragment_2532d58d7d613346"",""fragment_25a1c9462e9e5172"",""fragment_27015ca41692687e"",""fragment_2794e24a3a9e1595"",""fragment_28570f52f4edc196"",""fragment_28a7db1805bc8e94"",""fragment_2b32352834d60392"",""fragment_2c86b4f16ef6c443"",""fragment_2e2b777e599f72f4"",""fragment_2e96dc5167a9f82c"",""fragment_332d3afe0da08794"",""fragment_389a8603c6fc3140"",""fragment_3c9459f433e8a20a"",""fragment_3d3ffeb8dd2a09ab"",""fragment_3dd25abb4590e017"",""fragment_3dfc9e79df6a3db5"",""fragment_3ed75e6f59815c14"",""fragment_3ed924369d50dd20"",""fragment_43d7d3ad42b2c7e6"",""fragment_45ee75adb8552556"",""fragment_468192e197aab923"",""fragment_46b7215f06697435"",""fragment_46c18b5e73f153aa"",""fragment_4caa13badfb2c0a7"",""fragment_4d5feb1233680b9b"",""fragment_4f23004e494096f3"",""fragment_4ff56e53583ce3d5"",""fragment_5047a79753bfcd2c"",""fragment_51279bc6131d88b6"",""fragment_525dfd2db6b9bb22"",""fragment_52621ad53dc49ac1"",""fragment_534bfbc3953d76f5"",""fragment_53deac2159fcdec8"",""fragment_546853dd34c52656"",""fragment_54ad0debd75e299c"",""fragment_5513d049ca248c2d"",""fragment_55da7c3cd32401ac"",""fragment_583b03dedd9e5879"",""fragment_587f48d4c7cfc258"",""fragment_5c228f5f23428678"",""fragment_5c85732b6e9db2a1"",""fragment_5d181a894f99a0e7"",""fragment_5d1fb7aefa3a2307"",""fragment_5da3ecaafc40f01e"",""fragment_5e8e18be93a60837"",""fragment_5e9a09ca2ee81c68"",""fragment_60176ec24de87dd3"",""fragment_60765254ce3c4c5b"",""fragment_61652b82a9c90e80"",""fragment_61841fea41e1f638"",""fragment_61d39195e3b140b1"",""fragment_6388fcd11ff44d12"",""fragment_648d9a2f1476aec3"",""fragment_654b305c5c36c312"",""fragment_656290f0b5fa5104"",""fragment_69e41461826c7862"",""fragment_6aaa18374e3f9375"",""fragment_6ab4d01e005df3b1"",""fragment_6ad01ecc450ae5ad"",""fragment_6c099866a1eef7aa"",""fragment_6c13314fab6658df"",""fragment_6d2adeb0d1960b5a"",""fragment_6f39c7b2c5e1e8c3"",""fragment_72a23521708f5daa"",""fragment_746eae15498cec60"",""fragment_766be106e0a3ccce"",""fragment_7772a6c23a59050e"",""fragment_7977a260adafdd91"",""fragment_79c01a65ef09a212"",""fragment_7ebc05bbae939540"",""fragment_7ec4be8435873570"",""fragment_7efe3046ae3e88f9"",""fragment_7f14b5ec765881b1"",""fragment_7f37f17827cb76c1"",""fragment_80945898c87745a7"",""fragment_860323611cfa3221"",""fragment_87364c39b0a92943"",""fragment_87b0d9d1e2303b42"",""fragment_8a021d5b4c30bbfe"",""fragment_8b7960bbf229555d"",""fragment_8c3d287a9723ab78"",""fragment_8cb7005896513fd0"",""fragment_8d7ea10e2846c3c9"",""fragment_8f8a53e1fb2760ee"",""fragment_9050071d21e80e1a"",""fragment_922c37d212cc115b"",""fragment_9309347db27b6442"",""fragment_9408326560bab4c7"",""fragment_9554d96f511ee08a"",""fragment_95d3066ad83f139d"",""fragment_961ebfd8640cd848"",""fragment_98a2217015eb8eab"",""fragment_98d44bd95f20677f"",""fragment_9ac618fcffb69c80"",""fragment_9c915df4542f94b7"",""fragment_9dbb1488b26423bc"",""fragment_9dd6e5a3e609df78"",""fragment_9e460b0ce9b4ff63"",""fragment_9f50bc32658d978d"",""fragment_9fe6defff56edd75"",""fragment_a0a7604ff6e1a939"",""fragment_a17d3488b8364ce9"",""fragment_a198cae11b3203f9"",""fragment_a677f86fbfc86c27"",""fragment_a7103f90a0c0e378"",""fragment_a8f1eb84d7afbbd4"",""fragment_a9837b7ca36bab86"",""fragment_acab88974375e386"",""fragment_af50c5a568a41ba0"",""fragment_b1a7d810f931a22c"",""fragment_b2943ca77287e790"",""fragment_b3597244978463dc"",""fragment_b4f110ad2ea4b70c"",""fragment_b79330aec371e52d"",""fragment_b8e31d4b5d89bb18"",""fragment_b98300c667cb5756"",""fragment_ba2344091ac2c474"",""fragment_baf6bca89d1418f6"",""fragment_bce14e9f57dd19db"",""fragment_bd533e18274e0e4a"",""fragment_bec7875bb36f2253"",""fragment_bf77ea171271d67c"",""fragment_bfe85076fcbb8da6"",""fragment_c0159cbcdd3e0b6d"",""fragment_c07d99b54fdaf0e5"",""fragment_c085cd73f89adcaf"",""fragment_c2652cf5bdae80c3"",""fragment_c3cc0db0aa575073"",""fragment_c45991000c465826"",""fragment_c4a062c265f40a4c"",""fragment_c5a0f68cd65b8fa0"",""fragment_c76e9940d50561d3"",""fragment_ca44f420991bd7fe"",""fragment_cabc9dcd9985afaa"",""fragment_cb3166f73cdd87d1"",""fragment_cd0bdc7c94a915d2"",""fragment_cdcfb727b810ab0c"",""fragment_ce4f06bcb0030232"",""fragment_d027c3da80023dbf"",""fragment_d1947c815eb3d351"",""fragment_d1d6f3b73788213d"",""fragment_d3aac6df4251136c"",""fragment_d41fb34ec368f51f"",""fragment_d4d36cc1cede1b62"",""fragment_d4fcacdc4d876754"",""fragment_d8f94837b0a342cf"",""fragment_d9ee70ec9f6d7fde"",""fragment_da9b6efba612b3f2"",""fragment_dc4be1c1054780c3"",""fragment_e01f9c04e4505b89"",""fragment_e0c41b96e6800f3f"",""fragment_e3ff8a67fe228823"",""fragment_e50cf705dfef881b"",""fragment_e557c9067c081592"",""fragment_e6099259cb1f0685"",""fragment_e7606b8a1d6c28d4"",""fragment_e9f344322e36de2d"",""fragment_eb1fffbbca477d85"",""fragment_eb4f7c49978a2f71"",""fragment_ec3882f7db03efb3"",""fragment_ec8491baa6bc5ed9"",""fragment_eeaa6158dd7c05ff"",""fragment_f02dbc117126477c"",""fragment_f0ace1f3513ae4e9"",""fragment_f18911415dab7b88"",""fragment_f1f9dcacdf118a1a"",""fragment_f28b51d13b1e1832"",""fragment_f36b30830199ef92"",""fragment_f5a4c0b8f7901d23"",""fragment_f5b4acdaa78fac98"",""fragment_f8492deac1d20f57"",""fragment_f84c05383d7105dc"",""fragment_fa1570495863e543"",""fragment_fb6b18c821a1ef3b"",""fragment_fcf6f4775a3075c5"",""fragment_fd77bdb1b784c81e""]}",156.101111,valid,unique_reported_entity,derivation_589b7c715e90fe7e,156.101111,source_to_target,FALSE,1,exploratory_only_missing_target_fragments,reaction_859290eb7faea16c,candidate,Materialized from an evidence-backed variable-arity reaction template.
tr_0d56abd69d5de7,betalain,,Betalamic acid,Tryptophan-bx,entity_64818f42fdf603ee,entity_6cf7a5e62e9d3a3a,Betalamic acid condensation with amino acids,literature_inferred,,,,,name_encoded_reactant,literature_supported,no_propagation,2,"[{""coefficient"":1,""entity_id"":""entity_64818f42fdf603ee"",""role"":""structural_unit""},{""coefficient"":1,""entity_id"":""entity_9c7ef67a1e76654c"",""role"":""structural_component""}]","[{""coefficient"":1,""entity_id"":""entity_6cf7a5e62e9d3a3a"",""role"":""product""}]",0,structural_unit,0,network_preflight,condensation,condensation_h2o_loss,C9H9NO5+C11H12N2O2 -> C20H19N3O6,"[""form_2b8d7ea13b9d7267"",""form_96f6798f2ea79182""]","[""form_baa779d97e4c6aa8""]","{""class_diagnostic_ids"":[],""core_fragment_evidence_ids"":[],""donor_fragment_evidence_ids"":[],""explicit_target_diagnostic_ids"":[],""reaction_fragment_evidence_ids"":[],""reported_target_fragment_ids"":[""fragment_0b302343df3c1a17"",""fragment_0b8d22908d738d6c"",""fragment_4ef2f7c08d40b25f"",""fragment_60f2bc8e752ab63e"",""fragment_9bc967a0f3321e4e"",""fragment_9d9266af7ac7d216"",""fragment_a66de4248bbe0058"",""fragment_ad28e59659a83d88"",""fragment_b290504ec93c3ea7"",""fragment_e3cc638c18378303""],""target_product_ion_ids"":[""fragment_0b302343df3c1a17"",""fragment_0b8d22908d738d6c"",""fragment_4ef2f7c08d40b25f"",""fragment_60f2bc8e752ab63e"",""fragment_9bc967a0f3321e4e"",""fragment_9d9266af7ac7d216"",""fragment_a66de4248bbe0058"",""fragment_ad28e59659a83d88"",""fragment_b290504ec93c3ea7"",""fragment_e3cc638c18378303""],""theoretical_catalog_ids"":[""fragment_02300723d868c160"",""fragment_03a37dbbb390588e"",""fragment_03cab20330f98744"",""fragment_03dbde17425758d1"",""fragment_04f3f51c8a046d7d"",""fragment_05598a0cdaebc0c2"",""fragment_0586feed9306db2c"",""fragment_0742a1d53f4efdb1"",""fragment_084c9c8aac0d190d"",""fragment_094c955d31799a7b"",""fragment_09ab3565cb7aad3a"",""fragment_0b0e1f0997a2ddd7"",""fragment_0c0db7d021066cde"",""fragment_0c558093653d5514"",""fragment_0c703443d32883ac"",""fragment_0f901d2d008f3489"",""fragment_11778f414db555ea"",""fragment_12206ebea5df8264"",""fragment_12791c89a92c46ad"",""fragment_16dea02b1db0f296"",""fragment_19f48f3fd6f02dce"",""fragment_1aa5a8a3f7006e51"",""fragment_1abac6ae09cfcf65"",""fragment_1af6c7654ec751be"",""fragment_1b5fbd5d5a065da0"",""fragment_1b77ebf15d98b668"",""fragment_1bcff5c98f42c0c7"",""fragment_1d4f0d22738a6604"",""fragment_1e744807ae1261da"",""fragment_1eb7900f7a684916"",""fragment_222d91ebe80923ea"",""fragment_22a6404afc027e0d"",""fragment_2314a433465fddda"",""fragment_247c8c3908af995b"",""fragment_25a2a037d47fb6c0"",""fragment_27276a8d96bacdce"",""fragment_278d536436bf865f"",""fragment_27bb2a439fe76b5d"",""fragment_2828880c7a2a506d"",""fragment_2b08589e86335605"",""fragment_2b12696cf16c6aaa"",""fragment_2bd75608c20f791a"",""fragment_2d6bddd47a06a610"",""fragment_2f598af79aeebf61"",""fragment_309d80b834785176"",""fragment_315be43d1a1a8857"",""fragment_324b12935db61b07"",""fragment_35846db533847d2a"",""fragment_35b158c3596ae24e"",""fragment_360817042d624c3e"",""fragment_36e64e17ef7f4643"",""fragment_3800d04a8eb02da0"",""fragment_3a5ef3ef8390299a"",""fragment_3ad8093c76e139ba"",""fragment_3b01b0139b134937"",""fragment_3b8b91e7868ca081"",""fragment_3f32b35471373918"",""fragment_3ffc926b81e5e1a2"",""fragment_40a5e1fdf02f3c60"",""fragment_4156220ee26515a0"",""fragment_4342201e59505937"",""fragment_446b420a99b36d3f"",""fragment_45d1238ed32b1385"",""fragment_45f884619d57d2c7"",""fragment_46a8de4208f5d1bc"",""fragment_46e1ec7595725664"",""fragment_47e5adef769ff72f"",""fragment_48039e62b7bba86b"",""fragment_48bf5496936a462e"",""fragment_48e9e0516ce25f89"",""fragment_491307b41a4bd70f"",""fragment_4ad08c8a92818dd6"",""fragment_4b0363b9f1eb46d5"",""fragment_4db441fdba93cd10"",""fragment_4e6a0672ac495646"",""fragment_4e82632384bbb53b"",""fragment_4f892fe95d137b9a"",""fragment_502364f0b38c1383"",""fragment_541699c3c32f6bb9"",""fragment_557779ae60a716cf"",""fragment_566b1b9bce76a002"",""fragment_56c6bc443efc4d78"",""fragment_5c38bad17b8a5f7d"",""fragment_5ced0d320370af79"",""fragment_5e81f32e536f8c65"",""fragment_6041cd76a1fee2e5"",""fragment_623d7c97bb33d496"",""fragment_62fb6a9181b20f34"",""fragment_6578e25ed5761679"",""fragment_66512c110c3c1076"",""fragment_669032181d448a59"",""fragment_67aa8e5879115c7f"",""fragment_69ec3cc8c49f9193"",""fragment_6a7e2614129b5df8"",""fragment_6d611cb44d849cdf"",""fragment_6e63c491b23317dc"",""fragment_6e71aa11ef227b8e"",""fragment_6ee5bf6f90c46f51"",""fragment_70554144cf326157"",""fragment_708fff0bf9815c1c"",""fragment_70c750c22e7679a4"",""fragment_71f37259e9e85a50"",""fragment_72ce39518174e51c"",""fragment_73960b4000c1f5a8"",""fragment_75168b40bab54941"",""fragment_770bcf84b4dfa20f"",""fragment_790d1a0f9a6f23da"",""fragment_79cc1aee2f21ac59"",""fragment_79e68fc816ca9faf"",""fragment_7c8c782d4427daff"",""fragment_7d19f2eac3aa4030"",""fragment_7e092439f90ad744"",""fragment_7ee541f2be594a8e"",""fragment_817896bcbdd72d97"",""fragment_81f574eed37d6597"",""fragment_8270c3feafb65ca0"",""fragment_8281f08151442a39"",""fragment_830fade65ed9feea"",""fragment_83ea74ae09a23cc4"",""fragment_87ab6f436e935ab3"",""fragment_88fa62c454b4fff6"",""fragment_893151accda3b862"",""fragment_898c853ddd21beaa"",""fragment_8a3110425628d0fb"",""fragment_8a4df79c993988be"",""fragment_8efeb3a300eea5e6"",""fragment_8f18c0085a8a625d"",""fragment_8f2ef96efec40fdd"",""fragment_8f57238a24adb892"",""fragment_8f8934e7bed8dd0c"",""fragment_910803e1234d6845"",""fragment_9128457edf9763f3"",""fragment_9152f2aec3441347"",""fragment_926433253b436675"",""fragment_9334c4c16643c503"",""fragment_9394926dffbe4119"",""fragment_94630ae0b7b15de9"",""fragment_94c1bf74c8fd436f"",""fragment_97fdc7fa04483b3d"",""fragment_99a1a33ff33e533a"",""fragment_99dd57dafc92cdfa"",""fragment_9a2d8d8443014446"",""fragment_9a33865b1a32eac7"",""fragment_9d7f78a356f291a3"",""fragment_9fc78c108c2a97a6"",""fragment_a1c1e393cde591d7"",""fragment_a206c22779bd3520"",""fragment_a21046af9ac2cb5e"",""fragment_a23d1a1d953ee6cc"",""fragment_a246227d52ca892f"",""fragment_a26ed75179e1819f"",""fragment_a306d42379ed19c2"",""fragment_a3c1b44cfecc8957"",""fragment_a4e4560e11e8245f"",""fragment_a571e6d55ed0e445"",""fragment_a7b4dd302c2448d5"",""fragment_a818d53a2125400a"",""fragment_a84c07afcb139212"",""fragment_a9d493630fdd0b45"",""fragment_a9faeb4400ff3f07"",""fragment_aa0e67c72ffd7970"",""fragment_ad1575893d303c69"",""fragment_ae11b219d682f130"",""fragment_af00b7b4e36cc88d"",""fragment_b189e4955ca67e12"",""fragment_b26c339999b899e1"",""fragment_b2b41d7ddd8d8a70"",""fragment_b319c98d3193ba60"",""fragment_b6ba7fd216029dec"",""fragment_b85199925607fdae"",""fragment_b8a1f2ab56b870da"",""fragment_b9ed1fca48be5801"",""fragment_bbd79b13685b83bc"",""fragment_bc76e2d369cf9053"",""fragment_bd19b58b2a5eeef6"",""fragment_bdd89ea4862d8f32"",""fragment_beef7590cb6b7a43"",""fragment_bf89b79ac2914de1"",""fragment_c000bd28db085157"",""fragment_c024e60aa62784b8"",""fragment_c2b0e317be5cf909"",""fragment_c34489589bb9e8c5"",""fragment_c377d39efc81c1ea"",""fragment_c39166b83465cc7d"",""fragment_c5f078bd1a8a86b7"",""fragment_c8a84620210a2a64"",""fragment_c904778ca34c9380"",""fragment_c98e757835fd114e"",""fragment_cb7acd507b79cada"",""fragment_cd47a8483761dccd"",""fragment_cda1963e526c893b"",""fragment_cdd9834f92ee451b"",""fragment_ceba00a56c77c7e3"",""fragment_cebdf52b4bb98dd6"",""fragment_cf0c8593162c19c6"",""fragment_d25edb4ff93df73f"",""fragment_d481da3f6f2632cb"",""fragment_d4dff2dd06a31214"",""fragment_d5852b7999058f1c"",""fragment_d831db783bda2219"",""fragment_d8cf6fcf33c3a277"",""fragment_d9ee5ae5c5d8eddb"",""fragment_dc743a8618dce3d6"",""fragment_e05bde5cc1ecd646"",""fragment_e163f5def3f5dbcd"",""fragment_e2fa70251f4157d4"",""fragment_e3386c56dfb278d8"",""fragment_e45d1b89dec6bf61"",""fragment_e501e9a617486a3d"",""fragment_e57b90a7d418f835"",""fragment_e785956fa2d61de5"",""fragment_e7d5f7a054128200"",""fragment_e9e7f1827ca2080c"",""fragment_ea14e23495b408dd"",""fragment_ea742b8e605a3d50"",""fragment_ec8720cf405e9d04"",""fragment_ed0b4faefcfcef19"",""fragment_ed3293f10c758feb"",""fragment_ed77b1b481e2f29b"",""fragment_ee11f4d0e01d8150"",""fragment_f12f74d522a2e012"",""fragment_f15d8b4dc5d96dff"",""fragment_f24eb0f402a1e98a"",""fragment_f3b4b92fa228ca57"",""fragment_f4e7feda1ef97f7e"",""fragment_f7b648fdaa79ba90"",""fragment_f7fc2f66e4c9e6e7"",""fragment_f81438be39177d5c"",""fragment_f9441f00e2b360bc"",""fragment_f98a720bc63241bc"",""fragment_fa16aa44e07d2d5b"",""fragment_fb20a3e532c92e39"",""fragment_fc6f9637be2707e3"",""fragment_fe4451308644aba4"",""fragment_ff5d45400a971fc0""]}",186.079313,valid,unique_reported_entity,derivation_bc7858fd11c126ad,186.079313,source_to_target,FALSE,1,real resolved network anchor; target-specific reported fragments; no propagation,reaction_8721e5ce07343d32,candidate,Materialized from an evidence-backed variable-arity reaction template.
tr_ca098d56696b14,betalain,,Betalamic acid,Tyramine-bx,entity_64818f42fdf603ee,entity_5264e233c5fa26b1,Betalamic acid condensation with amino acids,literature_inferred,,,,,name_encoded_reactant,literature_supported,no_propagation,2,"[{""coefficient"":1,""entity_id"":""entity_64818f42fdf603ee"",""role"":""structural_unit""},{""coefficient"":1,""entity_id"":""entity_bca4c298abc7476e"",""role"":""structural_component""}]","[{""coefficient"":1,""entity_id"":""entity_5264e233c5fa26b1"",""role"":""product""}]",0,structural_unit,0,network_preflight,condensation,condensation_h2o_loss,C9H9NO5+C8H11NO -> C17H18N2O5,"[""form_2b8d7ea13b9d7267"",""form_db3060643667b075""]","[""form_1df68cb0d4cb44d7""]","{""class_diagnostic_ids"":[],""core_fragment_evidence_ids"":[],""donor_fragment_evidence_ids"":[],""explicit_target_diagnostic_ids"":[],""reaction_fragment_evidence_ids"":[],""reported_target_fragment_ids"":[""fragment_3e0543db12c9fd56"",""fragment_553e7e94a38bb4b2"",""fragment_7e74a3d06349b80f""],""target_product_ion_ids"":[""fragment_3e0543db12c9fd56"",""fragment_553e7e94a38bb4b2"",""fragment_7e74a3d06349b80f""],""theoretical_catalog_ids"":[]}",119.073499,valid,unique_reported_entity,derivation_1e78387cfdf82308,119.073499,source_to_target,FALSE,1,real resolved network anchor; target-specific reported fragments; no propagation,reaction_df8c40a3083f6e7d,candidate,Materialized from an evidence-backed variable-arity reaction template.
tr_b3280bae4de379,betalain,,Betalamic acid,Histamine-bx,entity_64818f42fdf603ee,entity_cd4afeabea201f80,Betalamic acid condensation with amino acids,literature_inferred,,,,,name_encoded_reactant,literature_supported,no_propagation,2,"[{""coefficient"":1,""entity_id"":""entity_64818f42fdf603ee"",""role"":""structural_unit""},{""coefficient"":1,""entity_id"":""entity_433fbba7f63379ab"",""role"":""structural_component""}]","[{""coefficient"":1,""entity_id"":""entity_cd4afeabea201f80"",""role"":""product""}]",0,structural_unit,0,network_preflight,condensation,condensation_h2o_loss,C9H9NO5+C5H9N3 -> C14H16N4O4,"[""form_2b8d7ea13b9d7267"",""form_c45342f36ad12a7f""]","[""form_22e8e83de7cf7516""]","{""class_diagnostic_ids"":[],""core_fragment_evidence_ids"":[],""donor_fragment_evidence_ids"":[],""explicit_target_diagnostic_ids"":[],""reaction_fragment_evidence_ids"":[],""reported_target_fragment_ids"":[""fragment_c97a225ce1cf13bf"",""fragment_cd80ef65e6ee16f2"",""fragment_d2ff5f07906a7e28""],""target_product_ion_ids"":[""fragment_c97a225ce1cf13bf"",""fragment_cd80ef65e6ee16f2"",""fragment_d2ff5f07906a7e28""],""theoretical_catalog_ids"":[""fragment_02e4d8082b10f5f0"",""fragment_02ffc5e746debde7"",""fragment_068dd180b24ee3c3"",""fragment_07ee5c4c1d134ac2"",""fragment_0b57b19d0532a33c"",""fragment_0bcf6a929a56d72b"",""fragment_0ea823de7bb42320"",""fragment_10571310b906bc10"",""fragment_1076369ed36a9387"",""fragment_11e409c6d34e3726"",""fragment_11e4778e77d12f68"",""fragment_127ec6b17595abea"",""fragment_13f6ce7662a6b959"",""fragment_163fbbd256645c93"",""fragment_17ec9e6b6b896691"",""fragment_1b5378b754eb9b23"",""fragment_1b95bccec753ce9a"",""fragment_1df60f24b475974a"",""fragment_1e6019df955a895e"",""fragment_1f984c1adb6eba93"",""fragment_212a1e29ecaed234"",""fragment_217d846a7b36c216"",""fragment_21bca943ea246b49"",""fragment_2480fc8268522d58"",""fragment_24e3ceb38f5fabb5"",""fragment_256cee9b73efd54b"",""fragment_258fa4aea95ce6e2"",""fragment_26071b53b00b305b"",""fragment_28d29f0c6cdb53ea"",""fragment_29e7a71542a3019c"",""fragment_2a2b7914ee49ad53"",""fragment_2aea428c207391e6"",""fragment_2b37264d0d9d877e"",""fragment_2cd3cbc76eb83bec"",""fragment_2d09dc1284a63f8c"",""fragment_2d35bc75f455775a"",""fragment_2fc311211e4aeba1"",""fragment_30472177a6a08408"",""fragment_33c2f246857aa65c"",""fragment_35aadbfbc5486a04"",""fragment_35c40b900dcae172"",""fragment_36c60410e5f50608"",""fragment_38a57f6a2d0930a8"",""fragment_3d7c8cdf0ced0400"",""fragment_407008f3b4197a1e"",""fragment_42972a573812d50b"",""fragment_45bb59be7cecde40"",""fragment_4637e0875dd6f16b"",""fragment_47347f05bba1b119"",""fragment_485d681b534d0e99"",""fragment_4abcda134b830d32"",""fragment_4abf660166d3bf70"",""fragment_531643b105a9d6e5"",""fragment_536c058fcdf1f139"",""fragment_55da969a9e6e800f"",""fragment_59d03d658045f732"",""fragment_5a7f08d0b9f85fd9"",""fragment_5cd31cdb2a9273dd"",""fragment_5e26e7e757fac630"",""fragment_5fcc320a120b2631"",""fragment_6003228c8bdac8cc"",""fragment_60560cd13acb8068"",""fragment_6090feb3691d39d2"",""fragment_661527e0be95c2b3"",""fragment_66bbea888449d1e9"",""fragment_67a030e8b00ed088"",""fragment_6827ae62ffeea92b"",""fragment_6a80f68e51a880e3"",""fragment_6b04db14d85e02df"",""fragment_6b2f7d0c8700095b"",""fragment_6bb937e0b0673c11"",""fragment_6e825fb5c2e45efb"",""fragment_703b802fbcfe5747"",""fragment_7050fc64d44d2cd1"",""fragment_71203db1ed0ef362"",""fragment_71eb311a0caaadeb"",""fragment_740da6cf241ae7ca"",""fragment_756baa7a1a463e65"",""fragment_75e159e8dddc221f"",""fragment_761c143020cae745"",""fragment_762bb14986e9dd2a"",""fragment_79bb97d4f5a7d0d9"",""fragment_7a040dfd19fe68aa"",""fragment_7dc1a9e9e1d60149"",""fragment_7e638344698c5e52"",""fragment_7e946fbc4939abed"",""fragment_7f50f0ff224df007"",""fragment_818763de12d500e9"",""fragment_821c5dec675b39cc"",""fragment_8373eaff10a20855"",""fragment_857a37a50b249c49"",""fragment_8971f2b8410b62fa"",""fragment_8b75bd8060b5d7f4"",""fragment_8d3723b87e03e84b"",""fragment_8f0f2d5ddcddbc15"",""fragment_9072bdc1575b312f"",""fragment_9156056955a1e33a"",""fragment_93618bbb9c06698f"",""fragment_93ad9754eb9df9de"",""fragment_9628b71ed237bd61"",""fragment_987076064d72f731"",""fragment_9a4c37e68c8295f3"",""fragment_9ab957f9fcba0010"",""fragment_9b28ffadf109613d"",""fragment_9b48c002fece6fa1"",""fragment_9bcebf4af32b31fd"",""fragment_9cd1beac6fad81de"",""fragment_a140aeb7527c4399"",""fragment_a16df19a360a6290"",""fragment_a26e37577fe0a4d6"",""fragment_a3515b553bb7a63d"",""fragment_a3a742ebb30570e8"",""fragment_a7643bb3ddd50488"",""fragment_aac3eabfa3f95fc0"",""fragment_ac5bf5ee682573e3"",""fragment_af3c461078688ae2"",""fragment_b0a64a3f49a6d393"",""fragment_b12aaab49c816999"",""fragment_b187ee852e04301f"",""fragment_b1ee98e5e038e152"",""fragment_b52ef667169a4b73"",""fragment_b5f4ac8d73c3629d"",""fragment_b8acad86176797f6"",""fragment_b9674ed5e2889ce6"",""fragment_bad0c0d97900b36e"",""fragment_bf74f0d930515397"",""fragment_c0362d8118bbddc2"",""fragment_c11a0724e3065a97"",""fragment_c17284dee0cf9919"",""fragment_c4452fb6d99a8ddb"",""fragment_c5033d2b017bb8b3"",""fragment_c69b79fb2004b9bc"",""fragment_ca84ffe9d557e41a"",""fragment_cb2f7d218c53b30a"",""fragment_cc72c72684e0d811"",""fragment_cd30c7f28982842d"",""fragment_cd43d1848a2d551c"",""fragment_d492e20209288012"",""fragment_d5843c8ec26546ba"",""fragment_d999136f1b2634e5"",""fragment_d9b60ca63bb70ba4"",""fragment_dc83e176832e381f"",""fragment_dd62c7225f98fcd6"",""fragment_df0b86962991571d"",""fragment_e009499c31426f84"",""fragment_e132374946c8844a"",""fragment_e5092f4a6660c414"",""fragment_e690c3f8439162db"",""fragment_e7d4b9d513e43bb6"",""fragment_ea1caa9c7cdbdbf2"",""fragment_ea70099ff5a2d57d"",""fragment_ec1f8168d79e9a18"",""fragment_ec552979070b788e"",""fragment_ec7da8ab85bdbde6"",""fragment_ed786670c9eb4820"",""fragment_eee5c52a4de5fb9e"",""fragment_f0df405b56a2db63"",""fragment_f21fcff3dcecf1d5"",""fragment_f2de42e05437e99a"",""fragment_f2f1337cc621b0f5"",""fragment_f4ed13325f7034c0"",""fragment_f5665a72958770f3"",""fragment_f5bb4a5683ac6a26"",""fragment_f60be0926c627254"",""fragment_faee2f3ab1038cb8"",""fragment_fc93012664b6e19e"",""fragment_fd0515c508d1bf46"",""fragment_fdf3cb1d0e59d1d2"",""fragment_fe3a1bd5c6bc1163""]}",93.069083,valid,unique_reported_entity,derivation_a2906570f4147e61,93.069083,source_to_target,FALSE,1,real resolved network anchor; target-specific reported fragments; no propagation,reaction_3548c4f4cd244afc,candidate,Materialized from an evidence-backed variable-arity reaction template.
tr_07cc01ab52e466,betalain,,6-decarboxy-betalamic acid,Dopamine-6-decarboxy-betaxanthin,entity_ba886bd316a78fbe,entity_886822a2f7fc49a6,Condensation of 6-decarboxy-betalamic acid with amines/amino acids,literature_inferred,,,,,name_encoded_reactant,literature_supported,no_propagation,2,"[{""coefficient"":1,""entity_id"":""entity_ba886bd316a78fbe"",""role"":""structural_unit""},{""coefficient"":1,""entity_id"":""entity_85edab3a428facf6"",""role"":""structural_component""}]","[{""coefficient"":1,""entity_id"":""entity_886822a2f7fc49a6"",""role"":""product""}]",0,structural_unit,0,network_preflight,condensation,condensation_h2o_loss,C8H9NO3+C8H11NO2 -> C16H18N2O4,"[""form_6406417d303ec17b"",""form_b4bcd16f5aa26f33""]","[""form_345c5b362dcf2c17""]","{""class_diagnostic_ids"":[],""core_fragment_evidence_ids"":[],""donor_fragment_evidence_ids"":[],""explicit_target_diagnostic_ids"":[],""reaction_fragment_evidence_ids"":[],""reported_target_fragment_ids"":[],""target_product_ion_ids"":[],""theoretical_catalog_ids"":[]}",135.068414,valid,unique_reported_entity,derivation_e3bd084692408b24,135.068414,source_to_target,FALSE,1,exploratory_only_missing_target_fragments,reaction_ca6d799c52b72d89,candidate,Materialized from an evidence-backed variable-arity reaction template.
tr_46e6ebcb012000,betalain,,Betalamic acid,Isoleucine-bx,entity_64818f42fdf603ee,entity_ca75a3b6e14ba960,Betalamic acid condensation with amino acids,literature_inferred,,,,,name_encoded_reactant,literature_supported,no_propagation,2,"[{""coefficient"":1,""entity_id"":""entity_64818f42fdf603ee"",""role"":""structural_unit""},{""coefficient"":1,""entity_id"":""entity_c2aa53be89789e46"",""role"":""structural_component""}]","[{""coefficient"":1,""entity_id"":""entity_ca75a3b6e14ba960"",""role"":""product""}]",0,structural_unit,0,network_preflight,condensation,condensation_h2o_loss,C9H9NO5+C6H13NO2 -> C15H20N2O6,"[""form_2b8d7ea13b9d7267"",""form_80b8c670c8d894ff""]","[""form_0e1cb9bb69d64248""]","{""class_diagnostic_ids"":[],""core_fragment_evidence_ids"":[],""donor_fragment_evidence_ids"":[],""explicit_target_diagnostic_ids"":[],""reaction_fragment_evidence_ids"":[],""reported_target_fragment_ids"":[""fragment_08a90adc3ef5ce1f"",""fragment_3f5838f90121a293"",""fragment_433fb38c1caf5ad3"",""fragment_5635303b169d5fbc"",""fragment_700300a5dd4f4bb9"",""fragment_a590f357af26cd0d"",""fragment_b2100af274b9a3a1"",""fragment_cc781ecd475551cf"",""fragment_d8cd32272556493c"",""fragment_da130ea33c305a7a"",""fragment_ddd9eb3d8bdfcca4"",""fragment_e5d2a32fdd372f68""],""target_product_ion_ids"":[""fragment_08a90adc3ef5ce1f"",""fragment_3f5838f90121a293"",""fragment_433fb38c1caf5ad3"",""fragment_5635303b169d5fbc"",""fragment_700300a5dd4f4bb9"",""fragment_a590f357af26cd0d"",""fragment_b2100af274b9a3a1"",""fragment_cc781ecd475551cf"",""fragment_d8cd32272556493c"",""fragment_da130ea33c305a7a"",""fragment_ddd9eb3d8bdfcca4"",""fragment_e5d2a32fdd372f68""],""theoretical_catalog_ids"":[""fragment_06b0b9993efca0de"",""fragment_13b4a20cb38ed35f"",""fragment_1d2b294abed0269b"",""fragment_2395a52952c6a278"",""fragment_46c3f0c2b303c440"",""fragment_4d85383b2971d755"",""fragment_54a03e6a2081d7a4"",""fragment_5e0f4c25fd6110f3"",""fragment_9bd727a604760ebc"",""fragment_b8b07791d745b5b7"",""fragment_eaea06130afaf981"",""fragment_f143bae4dc9a4a00""]}",113.084064,valid,unique_reported_entity,derivation_24101f767f98a059,113.084064,source_to_target,FALSE,1,real resolved network anchor; target-specific reported fragments; no propagation,reaction_496328bf729e814e,candidate,Materialized from an evidence-backed variable-arity reaction template.
tr_ae7851116d81a0,betalain,,Betalamic acid,Proline-bx,entity_64818f42fdf603ee,entity_c4af8ac0f3e9cfac,Betalamic acid condensation with amino acids,literature_inferred,,,,,name_encoded_reactant,literature_supported,no_propagation,2,"[{""coefficient"":1,""entity_id"":""entity_64818f42fdf603ee"",""role"":""structural_unit""},{""coefficient"":1,""entity_id"":""entity_0720986b90c31559"",""role"":""structural_component""}]","[{""coefficient"":1,""entity_id"":""entity_c4af8ac0f3e9cfac"",""role"":""product""}]",0,structural_unit,0,network_preflight,condensation,condensation_h2o_loss,C9H9NO5+C5H9NO2 -> C14H16N2O6,"[""form_2b8d7ea13b9d7267"",""form_426773c9851d8ab0""]","[""form_8e4883d648b8952a""]","{""class_diagnostic_ids"":[],""core_fragment_evidence_ids"":[],""donor_fragment_evidence_ids"":[],""explicit_target_diagnostic_ids"":[],""reaction_fragment_evidence_ids"":[],""reported_target_fragment_ids"":[""fragment_3a928a554ffbdcb6"",""fragment_447c04b84e54c7ec"",""fragment_6f1a21309258b679"",""fragment_6ff367590f058422"",""fragment_8b5ec879028f38a7"",""fragment_8c527b415e7e86ba"",""fragment_92d9145061652b1b"",""fragment_a169d4bfbb6d39d6"",""fragment_bb88207fac940bf3"",""fragment_cff1c933effa28b2"",""fragment_da6817ae2a574d8b"",""fragment_f723568e98e1f800""],""target_product_ion_ids"":[""fragment_3a928a554ffbdcb6"",""fragment_447c04b84e54c7ec"",""fragment_6f1a21309258b679"",""fragment_6ff367590f058422"",""fragment_8b5ec879028f38a7"",""fragment_8c527b415e7e86ba"",""fragment_92d9145061652b1b"",""fragment_a169d4bfbb6d39d6"",""fragment_bb88207fac940bf3"",""fragment_cff1c933effa28b2"",""fragment_da6817ae2a574d8b"",""fragment_f723568e98e1f800""],""theoretical_catalog_ids"":[""fragment_0ae093426f9ef681"",""fragment_0bf680dba0ba93db"",""fragment_1210958f7c501352"",""fragment_14c30e353184eed1"",""fragment_2c108890fbe6a88f"",""fragment_67f9c21fc945937a"",""fragment_6c997f298115dd4f"",""fragment_cf0d537d39144e71"",""fragment_ea11939a7c5a2f6f"",""fragment_fb5dd63fc72dc66f"",""fragment_fc988ebc478e72b7""]}",97.052764,valid,unique_reported_entity,derivation_0e6753fa9662afcb,97.052764,source_to_target,FALSE,1,real resolved network anchor; target-specific reported fragments; no propagation,reaction_10f3fc5a8c2c7b68,candidate,Materialized from an evidence-backed variable-arity reaction template.
tr_793f896c110502,betalain,,Betalamic acid,Asparagine-bx (Vulgaxanthin III),entity_64818f42fdf603ee,entity_da93062643e13985,Betalamic acid condensation with amino acids,literature_inferred,,,,,name_encoded_reactant,literature_supported,no_propagation,2,"[{""coefficient"":1,""entity_id"":""entity_64818f42fdf603ee"",""role"":""structural_unit""},{""coefficient"":1,""entity_id"":""entity_1141c2be8f8598d4"",""role"":""structural_component""}]","[{""coefficient"":1,""entity_id"":""entity_da93062643e13985"",""role"":""product""}]",0,structural_unit,0,network_preflight,condensation,condensation_h2o_loss,C9H9NO5+C4H8N2O3 -> C13H15N3O7,"[""form_2b8d7ea13b9d7267"",""form_9cb3ae5f72c3a8e4""]","[""form_3acd9df74b4d4382""]","{""class_diagnostic_ids"":[],""core_fragment_evidence_ids"":[],""donor_fragment_evidence_ids"":[],""explicit_target_diagnostic_ids"":[],""reaction_fragment_evidence_ids"":[],""reported_target_fragment_ids"":[],""target_product_ion_ids"":[],""theoretical_catalog_ids"":[""fragment_004fe72c25287c8b"",""fragment_022635293ab478af"",""fragment_031aff8b68471de0"",""fragment_06334376bc76c003"",""fragment_084531b3842c114c"",""fragment_08b47cf18c889c6a"",""fragment_0cda7823dc127664"",""fragment_0d88474a77901dcc"",""fragment_0f16ca209c0c9995"",""fragment_0f448227fc7288fa"",""fragment_10087182ed26d238"",""fragment_107dac859ce9ec9d"",""fragment_1163b40915b0c76e"",""fragment_12b15983c3ac497b"",""fragment_14342ee314761e52"",""fragment_1564dcd970496a29"",""fragment_1a8eed6c6cbfb87a"",""fragment_1b9518a939e6b400"",""fragment_1bb58d3891515b9e"",""fragment_1cec52c7095ab4c4"",""fragment_1da6ab84a9f909de"",""fragment_1e54c6c78b4ad0b8"",""fragment_1f08f7f2e4fc65d1"",""fragment_1f76b83d68feae15"",""fragment_1faa29c132cffec8"",""fragment_2195bc6c0a38b517"",""fragment_21ecd81a0fb1f328"",""fragment_24b4886e81214bc6"",""fragment_24bfe7db49aa70d7"",""fragment_24f0291694148992"",""fragment_2757f9fb2d54298e"",""fragment_2bfe6460f3780321"",""fragment_2c068aac65249443"",""fragment_2c5fb0cc094722c5"",""fragment_2c612e44959595a3"",""fragment_2c6b4bacc48b2e06"",""fragment_2d609eb63ceb851c"",""fragment_2d6e7dafbb80031a"",""fragment_316794af0edc334c"",""fragment_3286ae54622b4d4e"",""fragment_33cdb3815f369afb"",""fragment_35ebb885c3a191f1"",""fragment_36f286520f852efa"",""fragment_38ac2895861aef68"",""fragment_39fc9bd1d1512798"",""fragment_3b84ce8536e7403e"",""fragment_3d1eb7941b0718f3"",""fragment_3e8a0eae10a94010"",""fragment_3f9afe08cfe5aa60"",""fragment_446ed75adb9d56a4"",""fragment_45f39b9430c3fb94"",""fragment_484410fea91a98e6"",""fragment_4863a3279c4a4232"",""fragment_48e39156fb8c30cf"",""fragment_4982426202014db8"",""fragment_4a8f4f151b371138"",""fragment_4cdd10dbd9269ba2"",""fragment_4d726eb7e52c83f4"",""fragment_4d9463fc13f131f6"",""fragment_4e27b9a5846aedec"",""fragment_4e7764a8258968ca"",""fragment_50dae189cc715f9b"",""fragment_534d6a10403f5228"",""fragment_54a7ead269be8e1a"",""fragment_55bbf459150b7221"",""fragment_58a5573a83f830e2"",""fragment_5dfadb1f57c02249"",""fragment_5e5ed18c633e3ada"",""fragment_5ed44217ea3d1158"",""fragment_5f25cf1b5d7ca208"",""fragment_5f7c40f0d6974d6e"",""fragment_607a280b9a286daa"",""fragment_6123567e08415fb3"",""fragment_63ba534684733c7a"",""fragment_65d7057bfaf9cf92"",""fragment_665f567674ea46f4"",""fragment_69bbb02dc8fce393"",""fragment_6a79118a0e83bf6e"",""fragment_6b398e6f16c5b77d"",""fragment_6efe723a433b55ce"",""fragment_73b0281117f39aea"",""fragment_74b6561c587d6dbe"",""fragment_74ebd66357088b1a"",""fragment_74f35fb0a32b2a1e"",""fragment_750c0db913c21214"",""fragment_77f42effae755b1e"",""fragment_7c39b68edc51a5c4"",""fragment_80d434caaeedd751"",""fragment_849f0c2c9c8ee73b"",""fragment_8714e92596a115b3"",""fragment_8b631d8d7e337b7c"",""fragment_8b6aba0a291c4481"",""fragment_8e2f9de7bbeae094"",""fragment_8e45a9ffe189347a"",""fragment_8f40598bd8335725"",""fragment_8f45930ac5a94c2e"",""fragment_9139e1179ce4b842"",""fragment_920d9814f0929f56"",""fragment_92df2d2ed9644802"",""fragment_9765ae7c6bc524aa"",""fragment_9811f1b73b32d381"",""fragment_987a60632bebab40"",""fragment_9b4a20f083ef929a"",""fragment_9b5e852aa3e05560"",""fragment_9bd668f70beee367"",""fragment_9d147430772a18ed"",""fragment_a0f834f775007ff0"",""fragment_a1414e5c9723c5fc"",""fragment_a247c90b707afffd"",""fragment_a24db2458c08e20e"",""fragment_a37a7c63ef13bf21"",""fragment_a4d9468079b9c4f5"",""fragment_a5d9080d6a382b51"",""fragment_a6941a3a3791f958"",""fragment_a7bb1a4ef86a6f52"",""fragment_a91a022f083506a2"",""fragment_aa3deb6eff5a903f"",""fragment_ace188dab19da34c"",""fragment_adae71847efed001"",""fragment_b2b887a274c53f3c"",""fragment_b2ed281186fefe0f"",""fragment_b40c7f2e0e39c458"",""fragment_b5b4fe85c7cc4516"",""fragment_b60ecd3eb2d19ce7"",""fragment_b6a65742a068aa80"",""fragment_ba7b853ca6d23bf0"",""fragment_bb39da275a1e1b26"",""fragment_bbf77b880baa882d"",""fragment_bdbe36ce52fbff32"",""fragment_be49b694c87e6252"",""fragment_bf951938559dd8eb"",""fragment_c03d38502e0beb34"",""fragment_c5766acedd276abf"",""fragment_c6099e8491aed3ea"",""fragment_c66e99829e514477"",""fragment_c6b79fd797295679"",""fragment_c6eed714d93130b9"",""fragment_c73c8148289dc655"",""fragment_c75939028ba5a560"",""fragment_c79504d9f0d6bb18"",""fragment_cab5c45232fac639"",""fragment_ccb408bc8c64dac9"",""fragment_cdd3c3e3e9b36f18"",""fragment_d35f8652abea92e0"",""fragment_d3ab1395b7586840"",""fragment_d52ce45f852836c9"",""fragment_dcba6af8aacf564a"",""fragment_e0fcc4449db5a5d8"",""fragment_e25dc9818215e1d1"",""fragment_e4236c703b926db3"",""fragment_e7cf9c2f21aa785b"",""fragment_e87e63bb39e64b97"",""fragment_ea5d405aa75069c9"",""fragment_eafa6fe67ecbc69c"",""fragment_ebbf19bca2076a00"",""fragment_ebcf6f2ec2a6ae44"",""fragment_ec1a9b638ff54cea"",""fragment_ec43c5246d81d4b7"",""fragment_ecc0010e67d2b81e"",""fragment_eedf19a4c0306f40"",""fragment_ef0e2ba61d38658a"",""fragment_f308401a357ecf79"",""fragment_f51e2896b82403ef"",""fragment_f6532093b720386b"",""fragment_f65424300e6f8683"",""fragment_f70f64c7b4891222"",""fragment_f79647654c7f0f71"",""fragment_fb449ad163543b4d"",""fragment_fbf6e2a4336e54e3"",""fragment_fc6e6a544341358b"",""fragment_fd88991b43047c15""]}",114.042927,valid,unique_reported_entity,derivation_471c36c41433e9c4,114.042927,source_to_target,FALSE,1,exploratory_only_missing_target_fragments,reaction_30b4c611cbb724f2,candidate,Materialized from an evidence-backed variable-arity reaction template.
tr_c42fed2e343939,betalain,,Betalamic acid,Phenylalanine-bx,entity_64818f42fdf603ee,entity_1ed9b5b7d549d2cb,Betalamic acid condensation with amino acids,literature_inferred,,,,,name_encoded_reactant,literature_supported,no_propagation,2,"[{""coefficient"":1,""entity_id"":""entity_64818f42fdf603ee"",""role"":""structural_unit""},{""coefficient"":1,""entity_id"":""entity_fd1f1ce641e8d8de"",""role"":""structural_component""}]","[{""coefficient"":1,""entity_id"":""entity_1ed9b5b7d549d2cb"",""role"":""product""}]",0,structural_unit,0,network_preflight,condensation,condensation_h2o_loss,C9H9NO5+C9H11NO2 -> C18H18N2O6,"[""form_2b8d7ea13b9d7267"",""form_0bdbd94b81bc21db""]","[""form_2e8a8ba60a02f2b1""]","{""class_diagnostic_ids"":[],""core_fragment_evidence_ids"":[],""donor_fragment_evidence_ids"":[],""explicit_target_diagnostic_ids"":[],""reaction_fragment_evidence_ids"":[],""reported_target_fragment_ids"":[""fragment_2ab140a14afe84f1"",""fragment_32deb1e423bed4e5"",""fragment_38c8f92c23fff4d1"",""fragment_3bcfd00596112444"",""fragment_3e644a7aafbde180"",""fragment_3fcbcac4910d6959"",""fragment_42abd229795f66dc"",""fragment_728e96831f25cb43"",""fragment_73902f3d9b5fc64f"",""fragment_79b602b0f0ae5be0"",""fragment_940fde02552213a5"",""fragment_ca3ed1c610a088bb"",""fragment_f7180f0411189b34""],""target_product_ion_ids"":[""fragment_2ab140a14afe84f1"",""fragment_32deb1e423bed4e5"",""fragment_38c8f92c23fff4d1"",""fragment_3bcfd00596112444"",""fragment_3e644a7aafbde180"",""fragment_3fcbcac4910d6959"",""fragment_42abd229795f66dc"",""fragment_728e96831f25cb43"",""fragment_73902f3d9b5fc64f"",""fragment_79b602b0f0ae5be0"",""fragment_940fde02552213a5"",""fragment_ca3ed1c610a088bb"",""fragment_f7180f0411189b34""],""theoretical_catalog_ids"":[""fragment_00e185034d7e4695"",""fragment_01dcdbec59a5775d"",""fragment_03494a9e1e826d8b"",""fragment_0807bedf2c60ff69"",""fragment_0aed1fbc0872e4c1"",""fragment_0b0096f3e940ff96"",""fragment_0c96b7bfcb043dcd"",""fragment_0c9b40ca8fd3582b"",""fragment_0e1a8a5cdb2953be"",""fragment_13720ccf5a8a2f64"",""fragment_16b93fa8b20852c4"",""fragment_180a44def7aab90c"",""fragment_182299bc057ff7db"",""fragment_1a105e7beecd1a26"",""fragment_1a28eaad0fc2be4a"",""fragment_1b64ebe21b14028b"",""fragment_1b98617ff4c3082a"",""fragment_1d41ea949535d194"",""fragment_23edc6dac53d1ff6"",""fragment_2442f35df62fc339"",""fragment_25a7ef29b1f872ce"",""fragment_2657197e85972bb8"",""fragment_2784d481f97d9aec"",""fragment_2914ec3d08d76b86"",""fragment_295cb4a5442a8528"",""fragment_295f85b4851e8f77"",""fragment_2d66983ed46c336f"",""fragment_2dcc204a0501b09b"",""fragment_2ebbd99241e1d94c"",""fragment_2f5ead7e547e7b16"",""fragment_2f620a229ef07afc"",""fragment_2fff1b8a0b8ce757"",""fragment_30f0b026231ead8b"",""fragment_3403ce3fa3f79e91"",""fragment_3563ce93faff855f"",""fragment_3705ffcda37d5b82"",""fragment_37a7ba1875c1edec"",""fragment_38f7c453121c8820"",""fragment_390b0b5427d8af0c"",""fragment_39120e9aa25fe4ae"",""fragment_39a5976172b4d176"",""fragment_39c468cc8867151b"",""fragment_3b8fcd26553df9db"",""fragment_3c4ba733aace630c"",""fragment_3ccf07d298bea402"",""fragment_3ea61c044536bcae"",""fragment_40096038b12aec07"",""fragment_4051877f34c77b0d"",""fragment_418ebc6bc71e99ed"",""fragment_4260c7c8bafec51e"",""fragment_445824048eb8f500"",""fragment_447251d6f3988862"",""fragment_45667f8d55f0423c"",""fragment_468e57c337416cb9"",""fragment_49788d75db34335f"",""fragment_4a847b47429016be"",""fragment_4b943c4629b5361f"",""fragment_4bc93430a35404de"",""fragment_4cf2ba809f31f726"",""fragment_4f08d357d3ef5f5f"",""fragment_5008880342f86ac3"",""fragment_523e808972c30f49"",""fragment_52f5d455fc2c87c6"",""fragment_5542d06e3faebd88"",""fragment_55cd2a4b00d27aae"",""fragment_5731adb159af7d7d"",""fragment_5799341c60ea90d2"",""fragment_59fe24fcf8201ae1"",""fragment_5a4d5aa2ba2156e9"",""fragment_5aa5994f0dd25d17"",""fragment_5bcdd04878f1b72d"",""fragment_5d1c021dbc28abf0"",""fragment_5e351c242da8e703"",""fragment_5e38e7d0458eae59"",""fragment_5e832bd42f72dfc2"",""fragment_602f5e4c45de8024"",""fragment_6048c1c456870996"",""fragment_64a792e4e0427184"",""fragment_663bfbe0d1cd5f41"",""fragment_66c8af9cd382c218"",""fragment_67198a87088dc726"",""fragment_6aefd17ebd96341f"",""fragment_6d3841e8590c77ec"",""fragment_6e3bc03365b92887"",""fragment_6ea5690f9f0b077b"",""fragment_6ec246a9f82898e5"",""fragment_6fa30f4650b83d7e"",""fragment_6fd2bd61de8755d0"",""fragment_7095404720c130ae"",""fragment_70d04a5704622b9f"",""fragment_72ff88606becdbcb"",""fragment_787a1a500b9751d4"",""fragment_7912ffac71458bbd"",""fragment_7a7d7035ae5c5aaf"",""fragment_7dd1ac9cd0b7934a"",""fragment_7e25ec5a527fc030"",""fragment_806a5fb4c4d46eda"",""fragment_80f77c67db2f34b1"",""fragment_82ae63e5e5bd524e"",""fragment_845d47db5ff6748f"",""fragment_865757d7c5558e4a"",""fragment_86b6b6692204ce28"",""fragment_86f3d4793b65791f"",""fragment_88461fd331b8af55"",""fragment_88c1bfa1ecc3b37c"",""fragment_89e49278b75b1f03"",""fragment_8a69dc654523f271"",""fragment_8f376e6361f84088"",""fragment_8f831be568246ad9"",""fragment_8fd2ed0b146c23ce"",""fragment_903696c1bbe9971c"",""fragment_910784507251d55e"",""fragment_92ed8a276d609689"",""fragment_9323e5f0125b2d74"",""fragment_93a7b8f5739dc1ae"",""fragment_946dd454b610ded8"",""fragment_94acbbc33d80c6d4"",""fragment_97325c6e0fa26bd0"",""fragment_980e0f9a6c655557"",""fragment_98f73acec48a6022"",""fragment_992b801993b220ca"",""fragment_9c0c7a45ac08372f"",""fragment_9c69bf0a83f295fb"",""fragment_9cd4458c9cd9e10b"",""fragment_9dbe4ae06438156c"",""fragment_9ec160ea38f85776"",""fragment_9ec3d56d7db2097e"",""fragment_a1460efdeb6a78a3"",""fragment_a540308d16c2f23b"",""fragment_a6f3b93f679995ea"",""fragment_a73fd2adc5b73e4f"",""fragment_a9f76195a81db4ba"",""fragment_aab1d333ade0769e"",""fragment_abba60ecc1c24abd"",""fragment_ac6479c5126fca1e"",""fragment_accde511b86ba75f"",""fragment_ad2b479d3c217af3"",""fragment_afb875ba92769f3d"",""fragment_b1ef23b6dc5a977e"",""fragment_b54bef23cdfa1233"",""fragment_b69bd73d1f448da3"",""fragment_b809c31f11be8c93"",""fragment_b85afab24f3b1faf"",""fragment_b90b62fd85b51472"",""fragment_b98fa089c4a8a91b"",""fragment_ba226fb132341356"",""fragment_bd8e00b6ce7300df"",""fragment_bde83ce1c0d1dbd0"",""fragment_be7d4537bf2d8af3"",""fragment_c02e515e495678a7"",""fragment_c2fdf011c43846f8"",""fragment_c6ec95ede5c58e25"",""fragment_c90ecb5f93edb6d0"",""fragment_cbec517a89879e50"",""fragment_cea0c6f531cfb2a9"",""fragment_cf097a1c1926818e"",""fragment_cf22d870206530eb"",""fragment_d0c9a1c9f93dbc79"",""fragment_d193fbeae2f82647"",""fragment_d47d43bce563df4c"",""fragment_d64feb3f6b675ebf"",""fragment_d79768b0e0d3b040"",""fragment_d828fb4c71317cdd"",""fragment_d98fc8afc27cc550"",""fragment_da26848b1fe8551d"",""fragment_db408413f8f2a6aa"",""fragment_db5830317f5f4391"",""fragment_dc39d72975a6e00e"",""fragment_dd2d1128ad582465"",""fragment_ded713b914dde8c0"",""fragment_df19a6256d02a288"",""fragment_e025356db083362e"",""fragment_e126a2c5ebb22251"",""fragment_e1ff35e0c4a746c8"",""fragment_e34007ca1b625d6f"",""fragment_e35522748a88c782"",""fragment_e3fa64f9f77bd6bc"",""fragment_e5b3dd1e97216ad2"",""fragment_e6bdc7cbba24134e"",""fragment_e74a6264456ee13b"",""fragment_ea76d6edbdf99af0"",""fragment_eaa7a7f84cd370e6"",""fragment_eab30e1a3ae70ec5"",""fragment_eadd603cc180363c"",""fragment_eb14a9d2aebde167"",""fragment_eca4a90676b03a29"",""fragment_ef11fe746e8d0c1f"",""fragment_f009f8cebc4a890f"",""fragment_f066cb80aa1c6b0a"",""fragment_f0797f230d955950"",""fragment_f19c69ed67cfb79d"",""fragment_f3291bad41a596b0"",""fragment_f3a88b77a8923c29"",""fragment_f3db7323e20aa5dc"",""fragment_f67253cb9577ca06"",""fragment_f6c16dab24b9d8a5"",""fragment_f767acf3dcef3966"",""fragment_f833358899513b44"",""fragment_f9765a142e79deb7"",""fragment_f9967ab8b2a64504"",""fragment_fb10efa5413a392b"",""fragment_fc2a042c90f2a8d5"",""fragment_fc3faba812a05e93"",""fragment_fc5d4acc7e58388f"",""fragment_fcc859a95123354a"",""fragment_fe50700a7bad8598""]}",147.068414,valid,unique_reported_entity,derivation_924709082f97fac0,147.068414,source_to_target,FALSE,1,real resolved network anchor; target-specific reported fragments; no propagation,reaction_0c314b118158cb0c,candidate,Materialized from an evidence-backed variable-arity reaction template.
tr_49345582e341b8,betalain,,Betalamic acid,Proline-bx,entity_64818f42fdf603ee,entity_c4af8ac0f3e9cfac,Betalamic acid condensation with amino acids,literature_inferred,,,,,name_encoded_reactant,literature_supported,no_propagation,2,"[{""coefficient"":1,""entity_id"":""entity_64818f42fdf603ee"",""role"":""structural_unit""},{""coefficient"":1,""entity_id"":""entity_0720986b90c31559"",""role"":""structural_component""}]","[{""coefficient"":1,""entity_id"":""entity_c4af8ac0f3e9cfac"",""role"":""product""}]",0,structural_unit,0,network_preflight,condensation,condensation_h2o_loss,C9H9NO5+C5H9NO2 -> C14H16N2O6,"[""form_2b8d7ea13b9d7267"",""form_426773c9851d8ab0""]","[""form_8e4883d648b8952a""]","{""class_diagnostic_ids"":[],""core_fragment_evidence_ids"":[],""donor_fragment_evidence_ids"":[],""explicit_target_diagnostic_ids"":[],""reaction_fragment_evidence_ids"":[],""reported_target_fragment_ids"":[""fragment_3a928a554ffbdcb6"",""fragment_447c04b84e54c7ec"",""fragment_6f1a21309258b679"",""fragment_6ff367590f058422"",""fragment_8b5ec879028f38a7"",""fragment_8c527b415e7e86ba"",""fragment_92d9145061652b1b"",""fragment_a169d4bfbb6d39d6"",""fragment_bb88207fac940bf3"",""fragment_cff1c933effa28b2"",""fragment_da6817ae2a574d8b"",""fragment_f723568e98e1f800""],""target_product_ion_ids"":[""fragment_3a928a554ffbdcb6"",""fragment_447c04b84e54c7ec"",""fragment_6f1a21309258b679"",""fragment_6ff367590f058422"",""fragment_8b5ec879028f38a7"",""fragment_8c527b415e7e86ba"",""fragment_92d9145061652b1b"",""fragment_a169d4bfbb6d39d6"",""fragment_bb88207fac940bf3"",""fragment_cff1c933effa28b2"",""fragment_da6817ae2a574d8b"",""fragment_f723568e98e1f800""],""theoretical_catalog_ids"":[""fragment_0ae093426f9ef681"",""fragment_0bf680dba0ba93db"",""fragment_1210958f7c501352"",""fragment_14c30e353184eed1"",""fragment_2c108890fbe6a88f"",""fragment_67f9c21fc945937a"",""fragment_6c997f298115dd4f"",""fragment_cf0d537d39144e71"",""fragment_ea11939a7c5a2f6f"",""fragment_fb5dd63fc72dc66f"",""fragment_fc988ebc478e72b7""]}",97.052764,valid,unique_reported_entity,derivation_926ce986742d0c67,97.052764,source_to_target,FALSE,1,real resolved network anchor; target-specific reported fragments; no propagation,reaction_5c06eb0fc94a7dca,candidate,Materialized from an evidence-backed variable-arity reaction template.
tr_63214004613ad4,betalain,,Betalamic acid,3-methoxy-tyramine-bx,entity_64818f42fdf603ee,entity_0668ee942600d340,Betalamic acid condensation with amino acids,literature_inferred,,,,,name_encoded_reactant,literature_supported,no_propagation,2,"[{""coefficient"":1,""entity_id"":""entity_64818f42fdf603ee"",""role"":""structural_unit""},{""coefficient"":1,""entity_id"":""entity_ddb988763a3b8b23"",""role"":""structural_component""}]","[{""coefficient"":1,""entity_id"":""entity_0668ee942600d340"",""role"":""product""}]",0,structural_unit,0,network_preflight,condensation,condensation_h2o_loss,C9H9NO5+C9H13NO2 -> C18H20N2O6,"[""form_2b8d7ea13b9d7267"",""form_657e04ed8a96977c""]","[""form_64ba21433007f54a""]","{""class_diagnostic_ids"":[],""core_fragment_evidence_ids"":[],""donor_fragment_evidence_ids"":[],""explicit_target_diagnostic_ids"":[],""reaction_fragment_evidence_ids"":[],""reported_target_fragment_ids"":[""fragment_03c8bf2a3fed8231"",""fragment_1b0e717bd4047153"",""fragment_1f6513eb6d1cd00b"",""fragment_448f6c906ff9ca52"",""fragment_61526f09a5675b9e"",""fragment_618f47e899675c8d"",""fragment_63252219fc03d5c3"",""fragment_9002e793fbd23d64"",""fragment_c9a04b2ec87f9a3c"",""fragment_deb1699e87bf722a""],""target_product_ion_ids"":[""fragment_03c8bf2a3fed8231"",""fragment_1b0e717bd4047153"",""fragment_1f6513eb6d1cd00b"",""fragment_448f6c906ff9ca52"",""fragment_61526f09a5675b9e"",""fragment_618f47e899675c8d"",""fragment_63252219fc03d5c3"",""fragment_9002e793fbd23d64"",""fragment_c9a04b2ec87f9a3c"",""fragment_deb1699e87bf722a""],""theoretical_catalog_ids"":[""fragment_051d81b896ab95d7"",""fragment_0798c87ea4d43349"",""fragment_07cbec718449559e"",""fragment_091605d1864eb21f"",""fragment_0974e55853eb16b9"",""fragment_09c745dd26ae3bef"",""fragment_0d9ff083e7430d44"",""fragment_101632fadc0b91c8"",""fragment_111555afcbfbbc2c"",""fragment_15c1b40829c4202b"",""fragment_1727c187dfe5ace7"",""fragment_173b7944edfca01d"",""fragment_17f0a206e613b2da"",""fragment_19906ec576d78c7f"",""fragment_1a6883dddab7d076"",""fragment_1a8e2852248e3025"",""fragment_1bb41c11ee59a869"",""fragment_1cfba5b222f5590d"",""fragment_1eab522b525f3880"",""fragment_200bd6d4d5c5cb0d"",""fragment_209ad52dc31fa368"",""fragment_2226421c07f452fd"",""fragment_232ea55ff71ca665"",""fragment_245d6facbc6ea2d4"",""fragment_25c065b213c0405b"",""fragment_264a82ecb71ac878"",""fragment_2727d4894e76c1ba"",""fragment_2791c24672e7891d"",""fragment_27beb8e014bbd514"",""fragment_296c6db4012c1c29"",""fragment_2cba3c7629086ab4"",""fragment_2e1993840203a07d"",""fragment_2eb5c192114cfdf9"",""fragment_2f5a762fb8f0ddba"",""fragment_323834d66b46c12f"",""fragment_373089b59eaa8407"",""fragment_39ad762bcdcd386d"",""fragment_3ebcdd7ec166a600"",""fragment_3f66cd5e33776831"",""fragment_40c3825eb9c9650f"",""fragment_43d866e3db1f8878"",""fragment_449b1421572f5c1d"",""fragment_46a8154df2fe0e8f"",""fragment_48df8824b484db6c"",""fragment_4a9372c383535e9a"",""fragment_4b3f2d2a98c7a847"",""fragment_4d0b65e1f95dc7bb"",""fragment_4de83a9832f1e66d"",""fragment_505512bfeb47a84e"",""fragment_50ca5c28824e12e6"",""fragment_520deb8629ae0d59"",""fragment_555778f8178afb6b"",""fragment_57573bc0da3fec09"",""fragment_57cf68c67f96230f"",""fragment_5857e3b4a668b2d9"",""fragment_595a24d5b9bff36c"",""fragment_5a4587481595f819"",""fragment_5a9fb9d28c77f873"",""fragment_5b2109505ea07a37"",""fragment_5d7a167199deaa2b"",""fragment_5eb93d57b254a363"",""fragment_6115f04a02f9b65b"",""fragment_6129c338c1b9cf6c"",""fragment_61ab10ddb50f6f1b"",""fragment_61be86aef9ab9de4"",""fragment_635c62f795881b12"",""fragment_63a7ebc42d3c30af"",""fragment_63b0b05d01393ba6"",""fragment_64f955774a34d299"",""fragment_65d44f3b9fcaa369"",""fragment_65f39ce1ffe0237a"",""fragment_68f17a3336076158"",""fragment_6971636b15583c8d"",""fragment_6a198351a85ff205"",""fragment_6a904aeffd2b7d56"",""fragment_6b32f5a08cb17cf1"",""fragment_6b60df0a8fe19571"",""fragment_6ed1d91465c5dd7f"",""fragment_71374be4ca02349d"",""fragment_7356d5179ca1c24a"",""fragment_795a095840e3e50f"",""fragment_7ad235d37ef6164b"",""fragment_7d15fff22803883d"",""fragment_7d7cb6f04b4fe774"",""fragment_81537c86bdbe9ecd"",""fragment_81cbb98192cc5099"",""fragment_84a209266e9c3020"",""fragment_859af8666dd96aa2"",""fragment_8b22b991dc703fad"",""fragment_8bf2ed853f1b4bf4"",""fragment_8d22eabdaec42bb1"",""fragment_8dcd1ba7585a7870"",""fragment_906d7f2ab1cafda6"",""fragment_908218ae40111b7d"",""fragment_9330a52b233f77b0"",""fragment_955fb12af8d464a7"",""fragment_99b185eefdf2c227"",""fragment_9ab04fd4eee1b60b"",""fragment_9ebd067e31405602"",""fragment_9ed39f0ce8e2b1b9"",""fragment_a0a88bdcf50b77ef"",""fragment_a243e8178cd26ff8"",""fragment_a2a318ad8ddb32c1"",""fragment_a2daea8fe42d0b34"",""fragment_a35826c09c105125"",""fragment_a4d537c61da6434f"",""fragment_a7431d1efa7e0c29"",""fragment_a846b114c9fd3142"",""fragment_a858e702c2030d70"",""fragment_aac685db737fb3d9"",""fragment_ab049248bd2a27ff"",""fragment_abe60dde201c579d"",""fragment_aebd0fc226105e1f"",""fragment_b055fedf746bd68a"",""fragment_b12d8f569d2166ee"",""fragment_b1b59c16461b3db5"",""fragment_b293fbaa653e25e6"",""fragment_b3620fc8e30f50d2"",""fragment_b40da02292c93a34"",""fragment_b69f9cc0f63330c3"",""fragment_b8d226ce7a4743c6"",""fragment_ba0b66f59e2531fd"",""fragment_bf15fbd623a53ab6"",""fragment_bf3a9c1a4dc49cbd"",""fragment_bfeb8e652484b944"",""fragment_c0509da2065326a6"",""fragment_c1b7869bfe8931d1"",""fragment_c26ec7b42bca9485"",""fragment_c2898cbd584e620d"",""fragment_c2bd2a7354f76d9d"",""fragment_c3ce31249237f816"",""fragment_c5e5d80657fdbd73"",""fragment_c6a116b32c3fcf0e"",""fragment_c7480268ca91ea54"",""fragment_c79851a8d6518925"",""fragment_c7c90248d2ca96d4"",""fragment_c8ee0592d58a627a"",""fragment_c961a756f599fe51"",""fragment_ce90d701a5e64c57"",""fragment_d27257402c0743e5"",""fragment_d50a7427c4ebfbd9"",""fragment_d51568be3e497087"",""fragment_d75b22bbccbba82a"",""fragment_d8ae8b0cbc46f6dd"",""fragment_d9181575d9743c6e"",""fragment_da4919fca8d5a73e"",""fragment_da539a93ef3ce98d"",""fragment_da6e39f633988a43"",""fragment_dbc47ededf79f114"",""fragment_e071b756c44b8df9"",""fragment_e0dde713ab73d015"",""fragment_e5266fd0705cde8b"",""fragment_e603b35ae7ea646a"",""fragment_e70bdd69e06e5f17"",""fragment_e8bf352024636583"",""fragment_ea51799709b8b1f1"",""fragment_ea997c1054027b8c"",""fragment_eb23fd6afa34939f"",""fragment_ecd2ff8bcd8243b5"",""fragment_ee912a97db169a96"",""fragment_eee053ab3b67596d"",""fragment_eef2654baaf6bbe9"",""fragment_ef8f42361ef51030"",""fragment_f043690d51dc290a"",""fragment_f2302d3b6a6698dd"",""fragment_f375c1aeda06189a"",""fragment_f65bc8ab4f912fdd"",""fragment_f75cc04f0639b084"",""fragment_f76b4ca42b627257""]}",149.084064,valid,unique_reported_entity,derivation_9c99944a0b6bb5dd,149.084064,source_to_target,FALSE,1,real resolved network anchor; target-specific reported fragments; no propagation,reaction_4542678aff79fc8d,candidate,Materialized from an evidence-backed variable-arity reaction template.
tr_49006a03a737c2,betalain,,Betalamic acid,Glutamine-bx,entity_64818f42fdf603ee,entity_1356f15e59ac5523,Betalamic acid condensation with amino acids,literature_inferred,,,,,name_encoded_reactant,literature_supported,no_propagation,2,"[{""coefficient"":1,""entity_id"":""entity_64818f42fdf603ee"",""role"":""structural_unit""},{""coefficient"":1,""entity_id"":""entity_c0fce3e0ed4a9487"",""role"":""structural_component""}]","[{""coefficient"":1,""entity_id"":""entity_1356f15e59ac5523"",""role"":""product""}]",0,structural_unit,0,network_preflight,condensation,condensation_h2o_loss,C9H9NO5+C5H10N2O3 -> C14H17N3O7,"[""form_2b8d7ea13b9d7267"",""form_efddad66e3b9594f""]","[""form_64f14dd24b031718""]","{""class_diagnostic_ids"":[],""core_fragment_evidence_ids"":[],""donor_fragment_evidence_ids"":[],""explicit_target_diagnostic_ids"":[],""reaction_fragment_evidence_ids"":[],""reported_target_fragment_ids"":[""fragment_3206d71858e57c52"",""fragment_3897022145468699"",""fragment_52d796c3a078ea77"",""fragment_64e6ff5e6a8b6a0d"",""fragment_7d2ac2f3ca12d609"",""fragment_98dea4a3f56a822b"",""fragment_b8b695d2982e8a37"",""fragment_c2d370abf158c616"",""fragment_c7fef1203702d825"",""fragment_f0a52498e77c58e8""],""target_product_ion_ids"":[""fragment_3206d71858e57c52"",""fragment_3897022145468699"",""fragment_52d796c3a078ea77"",""fragment_64e6ff5e6a8b6a0d"",""fragment_7d2ac2f3ca12d609"",""fragment_98dea4a3f56a822b"",""fragment_b8b695d2982e8a37"",""fragment_c2d370abf158c616"",""fragment_c7fef1203702d825"",""fragment_f0a52498e77c58e8""],""theoretical_catalog_ids"":[""fragment_0259ff125c3a72b4"",""fragment_143ff9915cbea35c"",""fragment_20189b720688a682"",""fragment_3ef635656e7277ff"",""fragment_4b0ec4233a91aa65"",""fragment_4d538a2df9c1336a"",""fragment_5a470f9eed417894"",""fragment_a439d0e602dd3e1c"",""fragment_e301b6f229a130e2""]}",128.058578,valid,unique_reported_entity,derivation_833384a00fd73c4a,128.058578,source_to_target,FALSE,1,real resolved network anchor; target-specific reported fragments; no propagation,reaction_ca9831d597c63612,candidate,Materialized from an evidence-backed variable-arity reaction template.
tr_4bcca8a39582c8,betalain,,Betalamic acid,Threonine-bx,entity_64818f42fdf603ee,entity_ceb4c3a577a0ee69,Betalamic acid condensation with amino acids,literature_inferred,,,,,name_encoded_reactant,literature_supported,no_propagation,2,"[{""coefficient"":1,""entity_id"":""entity_64818f42fdf603ee"",""role"":""structural_unit""},{""coefficient"":1,""entity_id"":""entity_06c6604666ebd428"",""role"":""structural_component""}]","[{""coefficient"":1,""entity_id"":""entity_ceb4c3a577a0ee69"",""role"":""product""}]",0,structural_unit,0,network_preflight,condensation,condensation_h2o_loss,C9H9NO5+C4H9NO3 -> C13H16N2O7,"[""form_2b8d7ea13b9d7267"",""form_4168499e6a452cd8""]","[""form_7442fa1fcff121ce""]","{""class_diagnostic_ids"":[],""core_fragment_evidence_ids"":[],""donor_fragment_evidence_ids"":[],""explicit_target_diagnostic_ids"":[],""reaction_fragment_evidence_ids"":[],""reported_target_fragment_ids"":[""fragment_273e20918a56360b"",""fragment_44b6b1b01d91a3c8"",""fragment_6d15fcc40d4ccaf6"",""fragment_89d2ae42006ec5b5"",""fragment_8a05af8187279379"",""fragment_c279c22bdac004ce"",""fragment_c6356fd5c8f7db43"",""fragment_cbb09942e760f608"",""fragment_ee0c6bb5d0b38080"",""fragment_f833898b2331d757""],""target_product_ion_ids"":[""fragment_273e20918a56360b"",""fragment_44b6b1b01d91a3c8"",""fragment_6d15fcc40d4ccaf6"",""fragment_89d2ae42006ec5b5"",""fragment_8a05af8187279379"",""fragment_c279c22bdac004ce"",""fragment_c6356fd5c8f7db43"",""fragment_cbb09942e760f608"",""fragment_ee0c6bb5d0b38080"",""fragment_f833898b2331d757""],""theoretical_catalog_ids"":[""fragment_00880a07ca8c877b"",""fragment_01696eda74b466ec"",""fragment_03854dd04dbb34dc"",""fragment_03dadebbfc888fc5"",""fragment_04d620bfbf00c38e"",""fragment_0762f88340164eba"",""fragment_088055aa7f6a0579"",""fragment_09c1dc11ded9c968"",""fragment_101ef9ae95222d36"",""fragment_11e9329cc590d772"",""fragment_124159b2f39cac79"",""fragment_141462ce25e31cd6"",""fragment_16f7b926e1e44219"",""fragment_1852a9ea406806c6"",""fragment_1b634cafff0994c6"",""fragment_20678e62942bc1db"",""fragment_21a304b3ad867451"",""fragment_22ab8b1ee5f72cff"",""fragment_22d3b6ff0f1d8f0c"",""fragment_238a50f2a9d339da"",""fragment_23a67a602d6bc874"",""fragment_2634e0d5759f6347"",""fragment_26af93b9220bbc56"",""fragment_29afae0640dd9c21"",""fragment_29e0f331fc2daef3"",""fragment_2bbb26029bb3ead9"",""fragment_2f0879827a4c0ede"",""fragment_304b1b1fea0f818b"",""fragment_312f46e1264d422b"",""fragment_3132dae12f69979e"",""fragment_333d26815da20a1f"",""fragment_356907ffa576917d"",""fragment_362bea9ee0f482bf"",""fragment_3791c1510d255829"",""fragment_37f80dbba9333390"",""fragment_3da2430603747089"",""fragment_3e9ed7b1be81b15c"",""fragment_3f5b634308d0d28f"",""fragment_418cf869e7745754"",""fragment_429ee3c3ba0e1251"",""fragment_42b99af029d5993b"",""fragment_45589a32b2ec5055"",""fragment_47015723edcc7c33"",""fragment_4843ce06b592e12d"",""fragment_4a72b68c7048d559"",""fragment_4e4cfa18a083a3ea"",""fragment_4f2ee503c71f5c8d"",""fragment_4fa42bd0b8a0a02c"",""fragment_543604bb09048a31"",""fragment_54ed2d9b8ea886f0"",""fragment_5592af6f332b3126"",""fragment_58d1e271f6f57fd0"",""fragment_59d18f2224b4050b"",""fragment_5b2ce746e0ee3cb4"",""fragment_5c00156477549c29"",""fragment_5ca84a98fbd72293"",""fragment_5d27d6b3c02399e5"",""fragment_5f6fbf6cc3692b99"",""fragment_6356837edc7e668a"",""fragment_639433a42c3bcf1c"",""fragment_64254faadc6c41f4"",""fragment_64a5ecfad9467302"",""fragment_66383a38e0688762"",""fragment_67cecf15e6aad4f0"",""fragment_6abcd8f39234b72a"",""fragment_6b9a180d1978c39a"",""fragment_6f1275c507be7faa"",""fragment_7025848654789d74"",""fragment_714d165cfaa3b5db"",""fragment_745ead3b35771bb3"",""fragment_750df7c1bd83eb83"",""fragment_76d2824be35de25a"",""fragment_7cf12a2ef2cecd90"",""fragment_8051e6bffaa4ca89"",""fragment_8628cb2adf77daa5"",""fragment_86d810c7d705c389"",""fragment_87fdcd4ad2a351d3"",""fragment_890145fde05acbdb"",""fragment_898cff51ef08d741"",""fragment_89ae9f093aa8b0eb"",""fragment_89f0b8f47526ef74"",""fragment_8bd3a86a6cff7c5c"",""fragment_8d3296474745ac50"",""fragment_8f846381849f66cc"",""fragment_9100b2dbb61f8b9f"",""fragment_937b8a854809eeb0"",""fragment_961afa34a86e014f"",""fragment_97717f7c6ecdc962"",""fragment_9826a2cf44ec3fb4"",""fragment_982794e40493af3a"",""fragment_9b4d633e655d936d"",""fragment_9ca89cece7d20a1a"",""fragment_9cb0a278b356a7e8"",""fragment_9d9b69841a8c6f90"",""fragment_9df1411aa5c311f2"",""fragment_9e837498f270957d"",""fragment_a17b7d6cbf879fe6"",""fragment_a1c4fa9381729b63"",""fragment_a24f67bdcc7e2559"",""fragment_a2b947ee89acabd5"",""fragment_a384fd085684c7c4"",""fragment_a4c956b98075e8a5"",""fragment_a5d66cf5bdd4abef"",""fragment_a6d9716e465a37d9"",""fragment_aa9ba8f9e271d376"",""fragment_ab83a14f859a8f5b"",""fragment_af48e5bbe2207848"",""fragment_b0474642d2b20143"",""fragment_b071524bd4353aff"",""fragment_b11d7f11795faf33"",""fragment_b14fb60e2feae29c"",""fragment_b1b35dbbfb476a79"",""fragment_b2075e46b2dabde4"",""fragment_b3aaf9ee8435b7f3"",""fragment_b3d66adb9542c95d"",""fragment_b50e46c0388a36db"",""fragment_b50ff6b8c9970d9d"",""fragment_b64eb97b9aa2ea25"",""fragment_b75d02376c9473dd"",""fragment_b7748da7e381851e"",""fragment_b901c4a58ee5af5e"",""fragment_bb2140eaeda382ce"",""fragment_bc39e760fa5ee369"",""fragment_c017f0e081603a78"",""fragment_c129df81fdb212f3"",""fragment_c1523b80f89d8097"",""fragment_c22d7bd86270597f"",""fragment_c5fde8b40a10c89f"",""fragment_c64eef8f488ae9f5"",""fragment_c85bf3d2ef8ba281"",""fragment_cac05054e2e5a378"",""fragment_cb847af62f394168"",""fragment_cdad892ab2912771"",""fragment_cded7263d941dc7e"",""fragment_cf27cbad1e2bd0d7"",""fragment_cfb6d41850ed9c6b"",""fragment_cfbf6034cf16643d"",""fragment_d102353c9bbb51cc"",""fragment_d110e2cd1c503107"",""fragment_d249538bc12233a8"",""fragment_d8e54d1525bb9b84"",""fragment_d8f96d5abbefb00e"",""fragment_da864216f4ad64c1"",""fragment_db82f400ab26a41d"",""fragment_db94c12f7e017a81"",""fragment_dbacf92dccccba88"",""fragment_ddd332cef4040715"",""fragment_e0c272252bf8dafc"",""fragment_e1a135fab34269a7"",""fragment_e319cdc17feed631"",""fragment_e5d1e21cfe9041f4"",""fragment_e6c0d24458587192"",""fragment_e96128829a2a285c"",""fragment_ea346fdb17aad39b"",""fragment_ea8e8d57f1e29681"",""fragment_eb282756b97d36f6"",""fragment_eb81fb5326c90201"",""fragment_ec6dcec3e4bdd451"",""fragment_ec9676ec0e952bab"",""fragment_ed7028e9145c1548"",""fragment_ee4c3355f2286b4e"",""fragment_f10cdb462013d860"",""fragment_f1544c7177289536"",""fragment_f19f27665f79fa3a"",""fragment_f32b504f0447c82f"",""fragment_f64500f0da126c58"",""fragment_fa5e5b584cac51a0"",""fragment_fc75ee257c32c727"",""fragment_fefd2119b5856320""]}",101.047678,valid,unique_reported_entity,derivation_a77b4059d0c2c643,101.047678,source_to_target,FALSE,1,real resolved network anchor; target-specific reported fragments; no propagation,reaction_8a4ff944e527dfd9,candidate,Materialized from an evidence-backed variable-arity reaction template.
tr_be86dfa2c7c314,betalain,,6-decarboxy-betalamic acid,DOPA-6-decarboxy-betaxanthin,entity_ba886bd316a78fbe,entity_a1937fd58efd8a0e,Condensation of 6-decarboxy-betalamic acid with amines/amino acids,literature_inferred,,,,,name_encoded_reactant,literature_supported,no_propagation,2,"[{""coefficient"":1,""entity_id"":""entity_ba886bd316a78fbe"",""role"":""structural_unit""},{""coefficient"":1,""entity_id"":""entity_3e2f2b50a472755e"",""role"":""structural_component""}]","[{""coefficient"":1,""entity_id"":""entity_a1937fd58efd8a0e"",""role"":""product""}]",0,structural_unit,0,network_preflight,condensation,condensation_h2o_loss,C8H9NO3+C9H11NO4 -> C17H18N2O6,"[""form_6406417d303ec17b"",""form_18b0f5fb301054aa""]","[""form_2bdfc6f00cbd95d9""]","{""class_diagnostic_ids"":[],""core_fragment_evidence_ids"":[],""donor_fragment_evidence_ids"":[],""explicit_target_diagnostic_ids"":[],""reaction_fragment_evidence_ids"":[],""reported_target_fragment_ids"":[],""target_product_ion_ids"":[],""theoretical_catalog_ids"":[]}",179.058243,valid,unique_reported_entity,derivation_5d7bfb419244d03f,179.058243,source_to_target,FALSE,1,exploratory_only_missing_target_fragments,reaction_637b3da5e44d0fac,candidate,Materialized from an evidence-backed variable-arity reaction template.
tr_6b442625eb73dd,betalain,,Betalamic acid,Serine-bx,entity_64818f42fdf603ee,entity_a0742ff4be250855,Betalamic acid condensation with amino acids,literature_inferred,,,,,name_encoded_reactant,literature_supported,no_propagation,2,"[{""coefficient"":1,""entity_id"":""entity_64818f42fdf603ee"",""role"":""structural_unit""},{""coefficient"":1,""entity_id"":""entity_ae935b5cba3813a4"",""role"":""structural_component""}]","[{""coefficient"":1,""entity_id"":""entity_a0742ff4be250855"",""role"":""product""}]",0,structural_unit,0,network_preflight,condensation,condensation_h2o_loss,C9H9NO5+C3H7NO3 -> C12H14N2O7,"[""form_2b8d7ea13b9d7267"",""form_c19042648bcf5b8e""]","[""form_979ec466b1f24b02""]","{""class_diagnostic_ids"":[],""core_fragment_evidence_ids"":[],""donor_fragment_evidence_ids"":[],""explicit_target_diagnostic_ids"":[],""reaction_fragment_evidence_ids"":[],""reported_target_fragment_ids"":[""fragment_063b42460dec6b84"",""fragment_070186047f853ed3"",""fragment_12dd50a54abbf32d"",""fragment_25727fba2cfc65f8"",""fragment_3612b6c23bb21e8d"",""fragment_7940fa86f0ebb002"",""fragment_828d4f711211295f"",""fragment_931e41df623c4e6b"",""fragment_bb637d7dab071b58""],""target_product_ion_ids"":[""fragment_063b42460dec6b84"",""fragment_070186047f853ed3"",""fragment_12dd50a54abbf32d"",""fragment_25727fba2cfc65f8"",""fragment_3612b6c23bb21e8d"",""fragment_7940fa86f0ebb002"",""fragment_828d4f711211295f"",""fragment_931e41df623c4e6b"",""fragment_bb637d7dab071b58""],""theoretical_catalog_ids"":[""fragment_01c6f4afc9ddfb1e"",""fragment_0340c25af7dce736"",""fragment_0b908b02efc6ae3a"",""fragment_0cb009b52d8cb2b2"",""fragment_0d31d392c8bab45d"",""fragment_0f6d05618e0e9777"",""fragment_0f9662a2b9a2377b"",""fragment_1041512ca0465645"",""fragment_14cf6ec36d7df565"",""fragment_14dc1310d5e3b585"",""fragment_1512e9ab4548fb2c"",""fragment_1899aac3856abba3"",""fragment_19616a85305ba00a"",""fragment_1b261c0417d46973"",""fragment_1bbc323978ad3c6c"",""fragment_1c3fd53416d5fef5"",""fragment_1cbd552d59575790"",""fragment_2119b1334d2e6930"",""fragment_2196bf9c50181249"",""fragment_240cc4b17d5009c7"",""fragment_25330f9fcb6b5072"",""fragment_25bd055a34ae245d"",""fragment_25d0dbc71bc89c9a"",""fragment_27b47e998adfd828"",""fragment_2a3f99d46db21878"",""fragment_2a4018b7dce2274c"",""fragment_2c76c8ce2f34694b"",""fragment_2c99dd6f2fdd2fb3"",""fragment_2d528254b46fdb67"",""fragment_2fc6470b5b56f0c1"",""fragment_306b3c8d0b70cc30"",""fragment_31e267a7ab06eacb"",""fragment_34003ef77de61808"",""fragment_38a47705fede9d89"",""fragment_390c10cf1d341721"",""fragment_3ac105eed9faee0a"",""fragment_3b2c4d82b40f1379"",""fragment_3f0b40f285d64bac"",""fragment_40d217513e5f3dcd"",""fragment_4194c9536abb9e6b"",""fragment_41b0a827b129c93a"",""fragment_474fef9907bdc641"",""fragment_4a483d5319d5f0a5"",""fragment_4b7c8431bc87b83f"",""fragment_4ee8fe1b262c3686"",""fragment_5003c76be3457bc1"",""fragment_5142719b6cc89f8d"",""fragment_54c3d3b4673205cc"",""fragment_551b8811bb8603ba"",""fragment_55d876f635739827"",""fragment_567e5ef9828034b7"",""fragment_57423ae93054a893"",""fragment_57a84e04d9d89fe1"",""fragment_586f9aff68a32b5b"",""fragment_59bbd01bec154a8f"",""fragment_5acb71d62ce998f7"",""fragment_62280a95d895a11c"",""fragment_652a1a57063553cc"",""fragment_667e354808ce3e34"",""fragment_6694b654ff1db20e"",""fragment_67d90676b9365a68"",""fragment_68fe3b89f293cea3"",""fragment_6cc4b48290d0b82a"",""fragment_6d4b6c0e8b1198df"",""fragment_6d5fd8a0da9d4154"",""fragment_6dc74c800abf390f"",""fragment_703389b5849ca079"",""fragment_70a174b0f875694c"",""fragment_70d1063e4ae98be4"",""fragment_71fb9371dba90bb3"",""fragment_72b741e3388be055"",""fragment_74051393d56a0144"",""fragment_757ee012219700db"",""fragment_77e99e9c5fd47ebb"",""fragment_78be3e4aa5782d8b"",""fragment_7a1db33ba75285b7"",""fragment_7ababf1229e60cfb"",""fragment_7f5e567a4084804f"",""fragment_82c080f16b125beb"",""fragment_82fd2cacad280c9f"",""fragment_830e1eeb0f159a9f"",""fragment_83987ff1b5d74c23"",""fragment_8530e372b5056c44"",""fragment_8774388436dca8d3"",""fragment_87e0c279b6e3e055"",""fragment_898290b33d400e27"",""fragment_8c4c00ade1029713"",""fragment_8fef54a288a18fde"",""fragment_92605bee479489f1"",""fragment_9577a79791139c78"",""fragment_99bcfaed5daec305"",""fragment_99da93bdeb523a41"",""fragment_99e73f779da4214d"",""fragment_9bc0d0c0919658dc"",""fragment_9ee0e006fec2fe20"",""fragment_9efd6b2e6adcd517"",""fragment_a11b65ee2e12661e"",""fragment_a128c2a202196d96"",""fragment_a3c3f6b1221a86c8"",""fragment_a4da4f4368eea52a"",""fragment_a5f5c9a7c362353a"",""fragment_a5f8f355650bb380"",""fragment_aa777dcc9ad3648c"",""fragment_ab90e42283b4a56c"",""fragment_ab9cd248c180a3af"",""fragment_ad66b472f316abd0"",""fragment_b4d4a82d8164e005"",""fragment_b4e207589d81947c"",""fragment_b54607cbc9258b8a"",""fragment_b55d973784bc8f0f"",""fragment_b57a45ee7ea450cc"",""fragment_b74c9370096f8eba"",""fragment_b7ab6c9adf5e3a30"",""fragment_ba3905985fc53ed5"",""fragment_bbaf66b817157db2"",""fragment_bc52189c828832e9"",""fragment_bc624c20df61cb55"",""fragment_bd625f511949e62a"",""fragment_c2c092adfaeacf19"",""fragment_c32f096e31f14a1b"",""fragment_c340575b5c17ddb6"",""fragment_c5e091a8d2c29a55"",""fragment_c5f137b3fe65b71a"",""fragment_c92008c1990cb50d"",""fragment_cd5c16e5e5632882"",""fragment_ce922f7bc77e265c"",""fragment_d09874c5f68c58ce"",""fragment_d1676ba218848b93"",""fragment_d1e9d13b0ef65a25"",""fragment_d228ad2d9991bcde"",""fragment_d2f45a5dd946744d"",""fragment_da1fff00598fd78e"",""fragment_daf11ba23382b83f"",""fragment_daf38c575b8ae21e"",""fragment_dfd922333c2e3f61"",""fragment_e1a77df77a2d1a1f"",""fragment_e5285de0b3ce4825"",""fragment_e5a6fddcc072a23d"",""fragment_e5db057171d35d22"",""fragment_e74c723d3e4599f0"",""fragment_e9aa14488be78dc0"",""fragment_eae16c817c0f7565"",""fragment_ebdaba05e81078c3"",""fragment_ec7e496fc2e50f5c"",""fragment_ed32f62b1b2cfcda"",""fragment_f25b28afccf6dab4"",""fragment_f33e9912c6676a24"",""fragment_f4f89b22722ca884"",""fragment_f5086fdca67ae721"",""fragment_f61211453d66acec"",""fragment_f80942c550cdeae9"",""fragment_fc63934b9cb70fb2"",""fragment_ff6e799a062bb08f""]}",87.032028,valid,unique_reported_entity,derivation_551f981e7c483e12,87.032028,source_to_target,FALSE,1,real resolved network anchor; target-specific reported fragments; no propagation,reaction_104340fd5cac0272,candidate,Materialized from an evidence-backed variable-arity reaction template.
tr_a7391fb33ef7d8,betalain,,Betalamic acid,Leucine-bx,entity_64818f42fdf603ee,entity_21e266c45cb3d310,Betalamic acid condensation with amino acids,literature_inferred,,,,,name_encoded_reactant,literature_supported,no_propagation,2,"[{""coefficient"":1,""entity_id"":""entity_64818f42fdf603ee"",""role"":""structural_unit""},{""coefficient"":1,""entity_id"":""entity_8f1e5d4ad404cf2b"",""role"":""structural_component""}]","[{""coefficient"":1,""entity_id"":""entity_21e266c45cb3d310"",""role"":""product""}]",0,structural_unit,0,network_preflight,condensation,condensation_h2o_loss,C9H9NO5+C6H13NO2 -> C15H20N2O6,"[""form_2b8d7ea13b9d7267"",""form_0baf19b33f19c2b5""]","[""form_51522eead59ceb01""]","{""class_diagnostic_ids"":[],""core_fragment_evidence_ids"":[],""donor_fragment_evidence_ids"":[],""explicit_target_diagnostic_ids"":[],""reaction_fragment_evidence_ids"":[],""reported_target_fragment_ids"":[""fragment_1bd7004caeef6488"",""fragment_61763c4a11f97180"",""fragment_6c2eac27e934b879"",""fragment_773f6a7d99851112"",""fragment_8f8b0e50a86b93e7"",""fragment_9c83e7a28b965bfc"",""fragment_b37f0b9838fde43a"",""fragment_db81f46af0240a5e"",""fragment_e68f8d1cd91042c2"",""fragment_e6b5a4d4eb52efd2""],""target_product_ion_ids"":[""fragment_1bd7004caeef6488"",""fragment_61763c4a11f97180"",""fragment_6c2eac27e934b879"",""fragment_773f6a7d99851112"",""fragment_8f8b0e50a86b93e7"",""fragment_9c83e7a28b965bfc"",""fragment_b37f0b9838fde43a"",""fragment_db81f46af0240a5e"",""fragment_e68f8d1cd91042c2"",""fragment_e6b5a4d4eb52efd2""],""theoretical_catalog_ids"":[""fragment_09a55125d183a4ad"",""fragment_3a4060a709395b38"",""fragment_6eddc83270c124b2"",""fragment_76138ba3799e74a7"",""fragment_8fecddc5d1ac4ca4"",""fragment_b6fcda028f076d54"",""fragment_c0514be962a3b85e"",""fragment_e1f2e70b8b9a12f9"",""fragment_f84a129a106f54d9""]}",113.084064,valid,unique_reported_entity,derivation_3f97c2f09a4724e7,113.084064,source_to_target,FALSE,1,real resolved network anchor; target-specific reported fragments; no propagation,reaction_d84014be696b522f,candidate,Materialized from an evidence-backed variable-arity reaction template.
tr_f57ad57dffb591,betalain,,Betalamic acid,5-hydroxynorvaline-bx,entity_64818f42fdf603ee,entity_ab4510a5da2a2a94,Betalamic acid condensation with amino acids,literature_inferred,,,,,name_encoded_reactant,literature_supported,no_propagation,2,"[{""coefficient"":1,""entity_id"":""entity_64818f42fdf603ee"",""role"":""structural_unit""},{""coefficient"":1,""entity_id"":""entity_588bd9b53e89f25f"",""role"":""structural_component""}]","[{""coefficient"":1,""entity_id"":""entity_ab4510a5da2a2a94"",""role"":""product""}]",0,structural_unit,0,network_preflight,condensation,condensation_h2o_loss,C9H9NO5+C5H11NO3 -> C14H18N2O7,"[""form_2b8d7ea13b9d7267"",""form_f2af349eb8f35d49""]","[""form_e27aec0827d4b3df""]","{""class_diagnostic_ids"":[],""core_fragment_evidence_ids"":[],""donor_fragment_evidence_ids"":[],""explicit_target_diagnostic_ids"":[],""reaction_fragment_evidence_ids"":[],""reported_target_fragment_ids"":[""fragment_0b78bde780b841fc"",""fragment_12bad05d103d9135"",""fragment_2fab3474764bafbe"",""fragment_67848cf0a8418ab3"",""fragment_75eccb1ebed02f3f"",""fragment_b20d00bafcfbd26d"",""fragment_b576125734c2fea3"",""fragment_c5733c78a091ff88"",""fragment_ce9dbc9f7fb99a5c"",""fragment_f9011f62060c3572""],""target_product_ion_ids"":[""fragment_0b78bde780b841fc"",""fragment_12bad05d103d9135"",""fragment_2fab3474764bafbe"",""fragment_67848cf0a8418ab3"",""fragment_75eccb1ebed02f3f"",""fragment_b20d00bafcfbd26d"",""fragment_b576125734c2fea3"",""fragment_c5733c78a091ff88"",""fragment_ce9dbc9f7fb99a5c"",""fragment_f9011f62060c3572""],""theoretical_catalog_ids"":[""fragment_00e769aefa980102"",""fragment_01f7fb349ba9d3a4"",""fragment_077303e1d8b9cc1d"",""fragment_0bda8945a872eddf"",""fragment_0ca29ebb4f98a49e"",""fragment_0df2ee1cb0aee678"",""fragment_0fb69f52c169769b"",""fragment_1009de2155bf6e6e"",""fragment_1350f73cf48f161e"",""fragment_173c6a38f0d7ac3e"",""fragment_1854b9bfe420e3dd"",""fragment_1baabdc21f9187ae"",""fragment_1c731ef3eee50294"",""fragment_1cb7989d1f6f478f"",""fragment_1dbc0050409522b9"",""fragment_20298a746aee8d14"",""fragment_209f00af9252e988"",""fragment_22a791e3a3e4c057"",""fragment_2318bcb27eb368e4"",""fragment_23774a6c7a5543f2"",""fragment_257891c36c4f0532"",""fragment_261faddc2860a326"",""fragment_2784fd9f65333abf"",""fragment_2826f08e83008aa7"",""fragment_293af8c831c4ec40"",""fragment_2a66470b4bad96db"",""fragment_2aa11375455d28b9"",""fragment_2aa6d82fd9018ba3"",""fragment_2ac52ba5659f04e0"",""fragment_2af36aa6d41cc609"",""fragment_2b3e5beb618823a9"",""fragment_2ba9d3669ec5613c"",""fragment_2e1edacd5a7f11f1"",""fragment_2f22a2ab0e923c3d"",""fragment_2fdd73146867ea8a"",""fragment_3730b928777052bc"",""fragment_394cdd0a56fe0628"",""fragment_3a208d2b4949fcf6"",""fragment_3bc89ec06c56ffb6"",""fragment_3c7d2f14fac367f5"",""fragment_3f6b3e0f1eb6d3a2"",""fragment_416323995a32a2be"",""fragment_41bc5d42a09a8feb"",""fragment_4222b079ab1c24c9"",""fragment_43a0ccf8b73a3272"",""fragment_43a105642a6f6f22"",""fragment_44b7330abb4598f2"",""fragment_475ad95480927ac6"",""fragment_4b52cdd72206bc8e"",""fragment_4dde10f633f622aa"",""fragment_4e6862fc2af4a88c"",""fragment_4ec09c5199a1297a"",""fragment_4f38ece76d9b8c69"",""fragment_4f6a7799527f736d"",""fragment_4f9aa2c51799ea39"",""fragment_5387c24949ef50d9"",""fragment_538b407a9244617c"",""fragment_53f4b4ff3b6662b8"",""fragment_5497df355a097896"",""fragment_57bef9e6549d9aec"",""fragment_58300486337bef14"",""fragment_587d799cf6487a6d"",""fragment_59b749c02dca95c8"",""fragment_5aa056e0227d3068"",""fragment_5cd37aec31ea050e"",""fragment_61569628d78065a6"",""fragment_62c4a504244ac510"",""fragment_634aeb56a5c2684f"",""fragment_6407e7ab47d237fe"",""fragment_649041d23f923f85"",""fragment_64921cc1f5122e88"",""fragment_65fe171e12eca8d7"",""fragment_670b6ab7940a9b6d"",""fragment_69adc4331bb24794"",""fragment_69d13336e8a2b8cd"",""fragment_6a4e6e212e73d2a1"",""fragment_6d99c788abe6f4c6"",""fragment_71cd0ee08e6c4c0a"",""fragment_724cb7bad877e829"",""fragment_735dc4f246762393"",""fragment_745662554455fdd7"",""fragment_74894760101dd018"",""fragment_7517ab1bcc619c98"",""fragment_76818fdae4a2adee"",""fragment_76dcf9d5f238176a"",""fragment_7882eba78d9d5adc"",""fragment_7c272171850821dd"",""fragment_7c938d8d2e58125b"",""fragment_8548597bc3cb7148"",""fragment_8e2f822183204572"",""fragment_91f4fbf7078d1320"",""fragment_93cb28b1807f6c48"",""fragment_93fd3c1e5bd23050"",""fragment_94552a77d9cf431f"",""fragment_9556acbf2dbd8e48"",""fragment_97cf830277c5b289"",""fragment_98927a92098412b9"",""fragment_9b6b94977f69e8e0"",""fragment_9d896e37b10a8fa1"",""fragment_9ef8a4587ecdb3bd"",""fragment_9f6a214cc8facc46"",""fragment_9fc573a206868c38"",""fragment_a14eb2c159c95fb7"",""fragment_a1b09aaa57cda49b"",""fragment_a1cda6d33bbab880"",""fragment_a259d530e22e341e"",""fragment_a4b55079ff557df1"",""fragment_a58bd19c460eb8b0"",""fragment_a770715e2326405c"",""fragment_a7b1ff7f56541ce9"",""fragment_aa9c126228aa7f9e"",""fragment_ac45b93a6d65f5fb"",""fragment_acc373f3ecb844a0"",""fragment_af1509779d7fc772"",""fragment_b1c693489af1e944"",""fragment_b49afdf444311c6f"",""fragment_b6acd5cf40c4c27f"",""fragment_b95a9b4b77952320"",""fragment_b9bf4439a4e6bbca"",""fragment_b9d5f7673671a81a"",""fragment_bba0f77a41d32f09"",""fragment_bc8eda4502fb15a4"",""fragment_c0b185bc66b0df66"",""fragment_c2b2f1a0c73b64c6"",""fragment_c39f81f02ea02fee"",""fragment_c3c55738be565ab4"",""fragment_c4754ecbcf73a388"",""fragment_c75fe064be3fa51d"",""fragment_c82c9e561646ad70"",""fragment_c9d7a2528cc850bd"",""fragment_c9dd8375e0e9a21a"",""fragment_caae46e2e6b94e44"",""fragment_cc72db0e27f2b25a"",""fragment_ce0758d3b1e71042"",""fragment_ce14eedb5c1368fb"",""fragment_ce2e1bcd1dc4b175"",""fragment_ce6e6f45203cb8d4"",""fragment_cf473c92ec375acc"",""fragment_d205ab93680e09bf"",""fragment_d23366f127debc57"",""fragment_d2abd6ce44f3e9e9"",""fragment_d63940104f88198b"",""fragment_d63a86c4789d31a1"",""fragment_d6e777e92caae51c"",""fragment_d7dcb319a538db26"",""fragment_dba117aefb58be72"",""fragment_dd77e0efa7b79c8c"",""fragment_de94b175777e267c"",""fragment_dea4060b81fd02e8"",""fragment_e2e5ec6f593dec9e"",""fragment_e4c027951ebd29d7"",""fragment_e4c7700407e84b72"",""fragment_e882627e37ce5414"",""fragment_e8f41ff4abeadda9"",""fragment_e964e28395c19073"",""fragment_ea51a0a0dc7f5902"",""fragment_eb4a3003a2c718ab"",""fragment_eddb924225bed6ca"",""fragment_f0cd75501c43eba9"",""fragment_f0f73edb87b0aadd"",""fragment_f1d180e9a201851a"",""fragment_f330ebb040337639"",""fragment_f5a046c65740b4df"",""fragment_f6d36a364bb4b479"",""fragment_f89685ec20008d56"",""fragment_fa98e485afad31dd"",""fragment_fca3ef342a285b46"",""fragment_fe133e72c1286de7"",""fragment_fec7e294ca7ee500"",""fragment_ff8a523d3a640d2c""]}",115.063329,valid,unique_reported_entity,derivation_f6b6a0c4d5c5ba59,115.063329,source_to_target,FALSE,1,real resolved network anchor; target-specific reported fragments; no propagation,reaction_f871c551ef7a0840,candidate,Materialized from an evidence-backed variable-arity reaction template.
tr_9dfbe658563ede,betalain,,Betalamic acid,Glutamine-bx,entity_64818f42fdf603ee,entity_1356f15e59ac5523,Betalamic acid condensation with amino acids,literature_inferred,,,,,name_encoded_reactant,literature_supported,no_propagation,2,"[{""coefficient"":1,""entity_id"":""entity_64818f42fdf603ee"",""role"":""structural_unit""},{""coefficient"":1,""entity_id"":""entity_c0fce3e0ed4a9487"",""role"":""structural_component""}]","[{""coefficient"":1,""entity_id"":""entity_1356f15e59ac5523"",""role"":""product""}]",0,structural_unit,0,network_preflight,condensation,condensation_h2o_loss,C9H9NO5+C5H10N2O3 -> C14H17N3O7,"[""form_2b8d7ea13b9d7267"",""form_efddad66e3b9594f""]","[""form_64f14dd24b031718""]","{""class_diagnostic_ids"":[],""core_fragment_evidence_ids"":[],""donor_fragment_evidence_ids"":[],""explicit_target_diagnostic_ids"":[],""reaction_fragment_evidence_ids"":[],""reported_target_fragment_ids"":[""fragment_3206d71858e57c52"",""fragment_3897022145468699"",""fragment_52d796c3a078ea77"",""fragment_64e6ff5e6a8b6a0d"",""fragment_7d2ac2f3ca12d609"",""fragment_98dea4a3f56a822b"",""fragment_b8b695d2982e8a37"",""fragment_c2d370abf158c616"",""fragment_c7fef1203702d825"",""fragment_f0a52498e77c58e8""],""target_product_ion_ids"":[""fragment_3206d71858e57c52"",""fragment_3897022145468699"",""fragment_52d796c3a078ea77"",""fragment_64e6ff5e6a8b6a0d"",""fragment_7d2ac2f3ca12d609"",""fragment_98dea4a3f56a822b"",""fragment_b8b695d2982e8a37"",""fragment_c2d370abf158c616"",""fragment_c7fef1203702d825"",""fragment_f0a52498e77c58e8""],""theoretical_catalog_ids"":[""fragment_0259ff125c3a72b4"",""fragment_143ff9915cbea35c"",""fragment_20189b720688a682"",""fragment_3ef635656e7277ff"",""fragment_4b0ec4233a91aa65"",""fragment_4d538a2df9c1336a"",""fragment_5a470f9eed417894"",""fragment_a439d0e602dd3e1c"",""fragment_e301b6f229a130e2""]}",128.058578,valid,unique_reported_entity,derivation_854e0c87f7cedc0c,128.058578,source_to_target,FALSE,1,real resolved network anchor; target-specific reported fragments; no propagation,reaction_d0f8909492454cea,candidate,Materialized from an evidence-backed variable-arity reaction template.
tr_2396eddb493c70,betalain,,Betalamic acid,Valine-bx,entity_64818f42fdf603ee,entity_85ac2dfd7ab0b95d,Betalamic acid condensation with amino acids,literature_inferred,,,,,name_encoded_reactant,literature_supported,no_propagation,2,"[{""coefficient"":1,""entity_id"":""entity_64818f42fdf603ee"",""role"":""structural_unit""},{""coefficient"":1,""entity_id"":""entity_2311ee7e4b10a315"",""role"":""structural_component""}]","[{""coefficient"":1,""entity_id"":""entity_85ac2dfd7ab0b95d"",""role"":""product""}]",0,structural_unit,0,network_preflight,condensation,condensation_h2o_loss,C9H9NO5+C5H11NO2 -> C14H18N2O6,"[""form_2b8d7ea13b9d7267"",""form_cdd1346c352288f2""]","[""form_e3687381cd95a430""]","{""class_diagnostic_ids"":[],""core_fragment_evidence_ids"":[],""donor_fragment_evidence_ids"":[],""explicit_target_diagnostic_ids"":[],""reaction_fragment_evidence_ids"":[],""reported_target_fragment_ids"":[""fragment_23b6d0932791b81c"",""fragment_296e18ef5ad4d022"",""fragment_5f81bb3c72dfb92f"",""fragment_68daa591a9ad3316"",""fragment_7ee6a15a17852401"",""fragment_87368f92c27bd63c"",""fragment_a444cf02cacb53e6"",""fragment_e02d5823da088035"",""fragment_fd14598168337ab0""],""target_product_ion_ids"":[""fragment_23b6d0932791b81c"",""fragment_296e18ef5ad4d022"",""fragment_5f81bb3c72dfb92f"",""fragment_68daa591a9ad3316"",""fragment_7ee6a15a17852401"",""fragment_87368f92c27bd63c"",""fragment_a444cf02cacb53e6"",""fragment_e02d5823da088035"",""fragment_fd14598168337ab0""],""theoretical_catalog_ids"":[""fragment_04cd35b4fe921156"",""fragment_0772fabdfaddf00f"",""fragment_081122b820ad61c9"",""fragment_086aa5e9dddb2418"",""fragment_0b3bcd3a4e34263f"",""fragment_0b9c93896271180a"",""fragment_0e8acdcea114ccda"",""fragment_11992b6dfd90fdc0"",""fragment_1422c2f2f5a694c6"",""fragment_14ef2ab5a8e37e69"",""fragment_163f268e7011a707"",""fragment_17de144fb8f6ef69"",""fragment_1804d89c2955e65a"",""fragment_1a3445fe533d222d"",""fragment_1c5a4b5a6db26b90"",""fragment_1dd6719f29b33292"",""fragment_1f3bf2b56a6c6f3d"",""fragment_1f514b4e65e2e60d"",""fragment_1f94dcac0de99bb8"",""fragment_234d17ccde9af2b0"",""fragment_24385fe4ac4beba4"",""fragment_24bebb7dc3bfa201"",""fragment_265243c2c4acfee1"",""fragment_26d15676aeb8d3af"",""fragment_270c5803b55556a6"",""fragment_2738c0d76affed71"",""fragment_279a391aa95d5696"",""fragment_2d6f36d5a25e7ac9"",""fragment_2e1a500add591507"",""fragment_32cc109e3a3da35a"",""fragment_347f9d5a3079e6e2"",""fragment_350ef48a486b6306"",""fragment_353c6311040300b3"",""fragment_373932411a376a3b"",""fragment_3970c1d12ff9882d"",""fragment_3e9f4817cd0bef0a"",""fragment_3ebb1d4aaa87b0a6"",""fragment_3ed3c3d49c8c77be"",""fragment_433f5cc7a66e5580"",""fragment_4a2c7450ef5e076e"",""fragment_4b0ad9b953878d3f"",""fragment_4dbf78e89955704c"",""fragment_4e0820d048abf777"",""fragment_4e5554cc80ec0ce4"",""fragment_5091a45bf3506696"",""fragment_51ce323bce18f8f1"",""fragment_5278646bed096be2"",""fragment_553b70e32c07e265"",""fragment_5666f1e4a4602b23"",""fragment_568e038fee12d5d7"",""fragment_5a1839579cd5eec7"",""fragment_5acab871066da86b"",""fragment_5afcf953ff011756"",""fragment_5bce07dc00f5c594"",""fragment_5d903452e13ce62d"",""fragment_6072b52e690a62c4"",""fragment_60b6b89409552b1a"",""fragment_6207b6d0862414f4"",""fragment_66d24017c474660f"",""fragment_67196ddbf1bfa02b"",""fragment_6750ee981080915c"",""fragment_68273b5e7db73b6c"",""fragment_6c12e994d196b5c0"",""fragment_6fb198af5eed80a5"",""fragment_70939c9db4e1a6ca"",""fragment_71d58ae9ac43ae09"",""fragment_748d46819d3932f5"",""fragment_773831a6d2541af0"",""fragment_7752e7f237ed3caf"",""fragment_77fb3b5634ecb3ff"",""fragment_7813a88ab25c0cca"",""fragment_782e61202e953abb"",""fragment_79875da30a0b1ee8"",""fragment_79942a66217f09b8"",""fragment_7a5cac61fa34da03"",""fragment_84ae847688cf1168"",""fragment_85a8d709ba0ed715"",""fragment_85e97fad2e5626da"",""fragment_86cfc9b2624bd474"",""fragment_895c3bc132d9e32f"",""fragment_897b1dba4be2d013"",""fragment_8b245d81fbd8d2e2"",""fragment_8b652064a985c4d4"",""fragment_8cadc270e544b280"",""fragment_8d10c8e4223584ac"",""fragment_8ec2bc89ba115fdc"",""fragment_8fddb42c3bf27c76"",""fragment_906281ea370cad40"",""fragment_90e0dec3ed79b6c0"",""fragment_90efb096b2f573cb"",""fragment_928f07623e3a6c04"",""fragment_93e54f4e5f87df9c"",""fragment_951bf1169927edde"",""fragment_95a88a778ce09d27"",""fragment_95df38f8598bdd9f"",""fragment_9d420cb94993465c"",""fragment_9f4ef3905c7070a6"",""fragment_a02a2c3dfa367d4a"",""fragment_a02e154c4f54b120"",""fragment_a0c01af9373ef729"",""fragment_a107b55d2b6983f3"",""fragment_a18bba6fcb0fc38f"",""fragment_a216a16a4903f419"",""fragment_a5783917481b93c2"",""fragment_a7a1d48d5856372a"",""fragment_a821790e90172698"",""fragment_ac35616791c772fb"",""fragment_b18c4fe35903c7bc"",""fragment_b297bae31cc96688"",""fragment_b46980a9fc5bad60"",""fragment_b5872295b0f99d7f"",""fragment_b6ae300efe9aec72"",""fragment_b7797a0770368395"",""fragment_b97592d9070297ad"",""fragment_bc008162f84c93dc"",""fragment_bc6b1d06dfb02984"",""fragment_bc97c170c9389444"",""fragment_bd7759da516fbaf4"",""fragment_bdaea80f7efa407f"",""fragment_bee6769854de10cb"",""fragment_c234d65b1b6f41fb"",""fragment_c32d7db42f150962"",""fragment_c3332ae043e0792c"",""fragment_c656ec2540a59afa"",""fragment_c7489b4096a25f37"",""fragment_c8478e95ad1a58a5"",""fragment_c847f854744e42d6"",""fragment_d088d885d4a7a125"",""fragment_d118f7f3b83d0d02"",""fragment_d1ca65b5173f300f"",""fragment_d1fcc5c6b4438b00"",""fragment_d4004bbebe641cca"",""fragment_d44d3a86e36a91e3"",""fragment_d489bf3ded2aafc1"",""fragment_d5648a3e4d77ec1e"",""fragment_d5e8e9bb000aa5c0"",""fragment_d74581c10e6089e0"",""fragment_d8832208f03850e8"",""fragment_d9ba79b6fb9280b1"",""fragment_db13e9991b0ea3e4"",""fragment_dbd2fe4f59b91fea"",""fragment_dc7ac91678d23b08"",""fragment_dcfddf1e3d255055"",""fragment_de6e70a773d1f5da"",""fragment_deea5c52412adf41"",""fragment_e3d7d55dcd8a29d1"",""fragment_e4fe2d186664d385"",""fragment_e7057a9315b7b518"",""fragment_e8b3833833a70894"",""fragment_ecf1888a887eb22d"",""fragment_ee5097c609db7b2e"",""fragment_eef661458186d91e"",""fragment_efa1740400553bd4"",""fragment_f047a2d44d02233d"",""fragment_f0b3df612f7f8a92"",""fragment_f315f21d2ca4619c"",""fragment_f37670d0384f5889"",""fragment_f436e298e89932bc"",""fragment_f4857848391c0979"",""fragment_f6f1ef912d55d22e"",""fragment_f98937ecdc9982d0"",""fragment_ff14fc5f844dfa28""]}",99.068414,valid,unique_reported_entity,derivation_6e1fe38d06a8d6b7,99.068414,source_to_target,FALSE,1,real resolved network anchor; target-specific reported fragments; no propagation,reaction_595adb9b228d0bb8,candidate,Materialized from an evidence-backed variable-arity reaction template.
tr_76f22ecb821eb4,betalain,,Betalamic acid,Tyrosine-bx (Portulacaxanthin II),entity_64818f42fdf603ee,entity_15d1bb7d163896c1,Betalamic acid condensation with amino acids,literature_inferred,,,,,name_encoded_reactant,literature_supported,no_propagation,2,"[{""coefficient"":1,""entity_id"":""entity_64818f42fdf603ee"",""role"":""structural_unit""},{""coefficient"":1,""entity_id"":""entity_88735b39e06748e8"",""role"":""structural_component""}]","[{""coefficient"":1,""entity_id"":""entity_15d1bb7d163896c1"",""role"":""product""}]",0,structural_unit,0,network_preflight,condensation,condensation_h2o_loss,C9H9NO5+C9H11NO3 -> C18H18N2O7,"[""form_2b8d7ea13b9d7267"",""form_b8edeeec3f149688""]","[""form_ffe17629d2408aef""]","{""class_diagnostic_ids"":[],""core_fragment_evidence_ids"":[],""donor_fragment_evidence_ids"":[],""explicit_target_diagnostic_ids"":[],""reaction_fragment_evidence_ids"":[],""reported_target_fragment_ids"":[],""target_product_ion_ids"":[],""theoretical_catalog_ids"":[""fragment_015181cedf0e94d5"",""fragment_0297d666b6a6fa43"",""fragment_069735262a3246fd"",""fragment_0799ab4b084e85b4"",""fragment_07d3e7151031873f"",""fragment_08ba790bd392b7bd"",""fragment_0d13d5f93faab9c1"",""fragment_0df4f3e4093d5efc"",""fragment_0ff30615fe4c664f"",""fragment_11e63b6571953f7c"",""fragment_137df2ccc8705b0a"",""fragment_15b022039fb204bd"",""fragment_17b3043350bdb0db"",""fragment_17c43b79fcddf64d"",""fragment_1997e2c0bac1fbca"",""fragment_1a72f1d974a93788"",""fragment_1ea3db6f783d8e14"",""fragment_1eb5e95cafd9590c"",""fragment_20deb70af3d2d6d6"",""fragment_21823ec15eb92dfa"",""fragment_220028cb36a05fb8"",""fragment_23592ed35214ad0d"",""fragment_236e0c42790d9479"",""fragment_24528d6982ec9769"",""fragment_24e756e95de412e2"",""fragment_25c5b22f9bf15b8f"",""fragment_25db4c5dabe6db98"",""fragment_2809105a398ad957"",""fragment_28ef8ca55d95e01e"",""fragment_28f2b3e7083978c1"",""fragment_2a48e2d600070b82"",""fragment_2ba6ef8033e7d42f"",""fragment_2c375d65a4bbb81c"",""fragment_2d684b1d59256740"",""fragment_2e39b50415b7cd2b"",""fragment_2f584a3bd8febcaf"",""fragment_3053454ebb648e83"",""fragment_3187d9815acea2aa"",""fragment_3197faf1674a4f63"",""fragment_325841cef010f30a"",""fragment_328c5b5d8284db7f"",""fragment_34030d9f1b69747d"",""fragment_342441e6c372ed3c"",""fragment_3545038193f2bd9b"",""fragment_36507c7ee5c0a64e"",""fragment_3c12bc8dce4041ff"",""fragment_3c6499cf7711210a"",""fragment_401d067138f4e4da"",""fragment_4076634103d60a10"",""fragment_41011ba1552e00b4"",""fragment_41d4bd1498c441ba"",""fragment_44d76ec81cd5e15a"",""fragment_459e6f0eef3d6dec"",""fragment_47e1fece06ef272c"",""fragment_4ca2f330b44bc623"",""fragment_50b7baee8a46c50e"",""fragment_515e489387de3268"",""fragment_51a92309b3d76518"",""fragment_5276974712ab68ca"",""fragment_527dadb71b1daa49"",""fragment_5389af7ea9f7f2bc"",""fragment_54ab123c2d2845b4"",""fragment_569553c2bf0b893e"",""fragment_589e70649b295318"",""fragment_58f14c2c6a0e413b"",""fragment_5b9c812a166d2c6c"",""fragment_5c63296791453774"",""fragment_5cb92aed2f07c7e7"",""fragment_5d0c1eade47037ca"",""fragment_5d9962e50785a46f"",""fragment_5e200c33434f64b0"",""fragment_5e5ce2e4200470be"",""fragment_600824858bf9927c"",""fragment_60d84024fd5f8be3"",""fragment_6119ff46dcba297a"",""fragment_6164686657db488a"",""fragment_64dd5ae08499eb37"",""fragment_64fa022e0020b56f"",""fragment_65f82b49fdff4e77"",""fragment_661d81b4497fca82"",""fragment_662ae16da168a71c"",""fragment_667263b82f496666"",""fragment_66891ac8f6238aff"",""fragment_668c3b6a8f65eb65"",""fragment_67554ae9f1db866c"",""fragment_6c742012e3233107"",""fragment_6cc3b0074e4eceb2"",""fragment_6d52880725dcadf0"",""fragment_6f1b15b5b091ccef"",""fragment_6f2daa47046f304d"",""fragment_704e6994c37fba51"",""fragment_70b2ac59ea4f6490"",""fragment_74289d77e004e575"",""fragment_74303bd166db7ada"",""fragment_74cdd9fffc1e9f3e"",""fragment_7548dfc032671737"",""fragment_77f0e221cbb59948"",""fragment_780cccc7887fa1a0"",""fragment_78b36cf3f3b34503"",""fragment_796eb79b35a97463"",""fragment_798ac72e9bb6fb76"",""fragment_7bfe24f545b41f99"",""fragment_7d0151912d0d3adc"",""fragment_7e4985f8a103490b"",""fragment_7e5d28f3ea34254e"",""fragment_7ecba2d7b9181996"",""fragment_7f0f25ff5e7da9c6"",""fragment_7f2824823ab5f057"",""fragment_7fcdaef5fa502ef1"",""fragment_811f93b947de9881"",""fragment_8259151a1c058536"",""fragment_8421a728ac7c2611"",""fragment_850d91fbb752eae0"",""fragment_871310c312ae272f"",""fragment_87b40520c69a5c84"",""fragment_88934375b00dc03f"",""fragment_88fab5bfc071f9ed"",""fragment_8bd64aab88b039f6"",""fragment_8c4922655975d6a7"",""fragment_8d7424fed3c33915"",""fragment_8dacde114c48f828"",""fragment_8fdba0cc04d15e87"",""fragment_935427eef230e9cb"",""fragment_938ad38228db25d5"",""fragment_956c292fde4512d1"",""fragment_969b1a21b590872b"",""fragment_97bc4aa32071a8de"",""fragment_98a09d3e947f2a92"",""fragment_98a2bc43a1fe7d3a"",""fragment_9abde7890c88e5f7"",""fragment_9afc808161d57a3d"",""fragment_9bdeb4b62e0a03ae"",""fragment_9d129e9934d790d4"",""fragment_9d9f46e7a50fe90c"",""fragment_9dfbbddaf22c87a5"",""fragment_9e67b9bd47a6546e"",""fragment_a2c95c5a892e5da7"",""fragment_a2d6b0a3205a117f"",""fragment_a3a3dcc352bb2edc"",""fragment_a3a57cfab9cb0e08"",""fragment_a3db5a1cddc387c2"",""fragment_a5d68384e3a3d443"",""fragment_a60918e2b7a3eab2"",""fragment_a60f7cef0f113bbd"",""fragment_a84f37338db3c5ec"",""fragment_aa1bf3c297387f4f"",""fragment_aa5e5f166d23a98c"",""fragment_adc67c7e543b2f8b"",""fragment_af6f9419d4112089"",""fragment_af973a33a66d0745"",""fragment_b0685f39111fa12b"",""fragment_b194bda45d264cc0"",""fragment_b1a4b4989d7e695f"",""fragment_b52e575b3d619b81"",""fragment_b61cc94c5426462b"",""fragment_b6e78941b69c5d23"",""fragment_b85469760fa2765a"",""fragment_baea50923671014b"",""fragment_bd1a83f3bf0e8afc"",""fragment_bd36dc747ccff811"",""fragment_beb4b84ef9c8a14f"",""fragment_c00362453a52d2e7"",""fragment_c050af63c7035778"",""fragment_c1228ebf23af754f"",""fragment_c234704d4727d3ed"",""fragment_c2d01c6fc2eb39cf"",""fragment_c2d444e1f31048bd"",""fragment_c4041ee1c4cd0318"",""fragment_c453a260ff3a808e"",""fragment_c4b2d3426e0cf9e6"",""fragment_c67ed8517595ebaf"",""fragment_c79469ff32baa831"",""fragment_ca8268ccf07900ec"",""fragment_cac458576cab9426"",""fragment_cb21c0844177e264"",""fragment_cc79870118d80fe3"",""fragment_cd15315262ea71b1"",""fragment_cfeac02269809a4d"",""fragment_d0a6331a2c5e4846"",""fragment_d65c3eba3d79b294"",""fragment_d8fb97c0c7dcc94b"",""fragment_daa218a0781de5fb"",""fragment_dbe8e1d0bd32d15b"",""fragment_dbf7491a81900e57"",""fragment_dbfcade827d9ee3e"",""fragment_dd7af9042323e3dc"",""fragment_e088fa59bf16ed67"",""fragment_e33b62b4c139bdb2"",""fragment_e4be8b612dfa6fd0"",""fragment_e71c65f27286899a"",""fragment_ea5a3b0617cfa3a0"",""fragment_eb2c160f7f750eee"",""fragment_ebe1573cede71ea1"",""fragment_ec9e07c8275fe45d"",""fragment_ed4b1faa5b0631d8"",""fragment_ed62c2d1e5d1f00e"",""fragment_ee0c7d7fb529a6be"",""fragment_f0cf7dfb71926a6e"",""fragment_f240f111d9032fa1"",""fragment_f32030be8a612ae7"",""fragment_f3c62362796fc812"",""fragment_f4fa23eb43a22032"",""fragment_f5398b8872d69e6c"",""fragment_f582bcdc92b2c632"",""fragment_f6c9c8e512aaff9e"",""fragment_f9a99e55d5438bde"",""fragment_fbb2bc46af3fedbb"",""fragment_fbfe75b4192108c9"",""fragment_fc5032f70c2736ae"",""fragment_fcfe3553b88d6f47""]}",163.063329,valid,unique_reported_entity,derivation_0abe28354bbbd438,163.063329,source_to_target,FALSE,1,exploratory_only_missing_target_fragments,reaction_cba4b7d95be9b82e,candidate,Materialized from an evidence-backed variable-arity reaction template.
tr_00841b3153953c,betalain,,Betalamic acid,Leucine-bx,entity_64818f42fdf603ee,entity_21e266c45cb3d310,Betalamic acid condensation with amino acids,literature_inferred,,,,,name_encoded_reactant,literature_supported,no_propagation,2,"[{""coefficient"":1,""entity_id"":""entity_64818f42fdf603ee"",""role"":""structural_unit""},{""coefficient"":1,""entity_id"":""entity_8f1e5d4ad404cf2b"",""role"":""structural_component""}]","[{""coefficient"":1,""entity_id"":""entity_21e266c45cb3d310"",""role"":""product""}]",0,structural_unit,0,network_preflight,condensation,condensation_h2o_loss,C9H9NO5+C6H13NO2 -> C15H20N2O6,"[""form_2b8d7ea13b9d7267"",""form_0baf19b33f19c2b5""]","[""form_51522eead59ceb01""]","{""class_diagnostic_ids"":[],""core_fragment_evidence_ids"":[],""donor_fragment_evidence_ids"":[],""explicit_target_diagnostic_ids"":[],""reaction_fragment_evidence_ids"":[],""reported_target_fragment_ids"":[""fragment_1bd7004caeef6488"",""fragment_61763c4a11f97180"",""fragment_6c2eac27e934b879"",""fragment_773f6a7d99851112"",""fragment_8f8b0e50a86b93e7"",""fragment_9c83e7a28b965bfc"",""fragment_b37f0b9838fde43a"",""fragment_db81f46af0240a5e"",""fragment_e68f8d1cd91042c2"",""fragment_e6b5a4d4eb52efd2""],""target_product_ion_ids"":[""fragment_1bd7004caeef6488"",""fragment_61763c4a11f97180"",""fragment_6c2eac27e934b879"",""fragment_773f6a7d99851112"",""fragment_8f8b0e50a86b93e7"",""fragment_9c83e7a28b965bfc"",""fragment_b37f0b9838fde43a"",""fragment_db81f46af0240a5e"",""fragment_e68f8d1cd91042c2"",""fragment_e6b5a4d4eb52efd2""],""theoretical_catalog_ids"":[""fragment_09a55125d183a4ad"",""fragment_3a4060a709395b38"",""fragment_6eddc83270c124b2"",""fragment_76138ba3799e74a7"",""fragment_8fecddc5d1ac4ca4"",""fragment_b6fcda028f076d54"",""fragment_c0514be962a3b85e"",""fragment_e1f2e70b8b9a12f9"",""fragment_f84a129a106f54d9""]}",113.084064,valid,unique_reported_entity,derivation_b93f7843fe3e0851,113.084064,source_to_target,FALSE,1,real resolved network anchor; target-specific reported fragments; no propagation,reaction_2965e259543af35d,candidate,Materialized from an evidence-backed variable-arity reaction template.
tr_7f00bbac92f15f,betalain,,Betalamic acid,Glycine-bx,entity_64818f42fdf603ee,entity_56807df6ddc288cf,Betalamic acid condensation with amino acids,literature_inferred,,,,,name_encoded_reactant,literature_supported,no_propagation,2,"[{""coefficient"":1,""entity_id"":""entity_64818f42fdf603ee"",""role"":""structural_unit""},{""coefficient"":1,""entity_id"":""entity_55b0b1238950c55d"",""role"":""structural_component""}]","[{""coefficient"":1,""entity_id"":""entity_56807df6ddc288cf"",""role"":""product""}]",0,structural_unit,0,network_preflight,condensation,condensation_h2o_loss,C9H9NO5+C2H5NO2 -> C11H12N2O6,"[""form_2b8d7ea13b9d7267"",""form_deb77c25b0dd5c41""]","[""form_551b50e9ca1fe750""]","{""class_diagnostic_ids"":[],""core_fragment_evidence_ids"":[],""donor_fragment_evidence_ids"":[],""explicit_target_diagnostic_ids"":[],""reaction_fragment_evidence_ids"":[],""reported_target_fragment_ids"":[""fragment_2df8988fa9aac2a9"",""fragment_43baade94fdd244d"",""fragment_63b4936e1a9d64f0"",""fragment_6f1ff83621d4bfd5"",""fragment_75bc1ae85a90b7ff"",""fragment_77599b086760ed50"",""fragment_8ac08d8d02bb929d"",""fragment_a17f4e6d2e6c7e19"",""fragment_e4cf96126e00acee"",""fragment_f0aa3d34d3fce7c1""],""target_product_ion_ids"":[""fragment_2df8988fa9aac2a9"",""fragment_43baade94fdd244d"",""fragment_63b4936e1a9d64f0"",""fragment_6f1ff83621d4bfd5"",""fragment_75bc1ae85a90b7ff"",""fragment_77599b086760ed50"",""fragment_8ac08d8d02bb929d"",""fragment_a17f4e6d2e6c7e19"",""fragment_e4cf96126e00acee"",""fragment_f0aa3d34d3fce7c1""],""theoretical_catalog_ids"":[""fragment_079e0b1003533535"",""fragment_0a80e0f3d86500fe"",""fragment_19608a7252793266"",""fragment_1ff13f321c65de55"",""fragment_20fed78619741b67"",""fragment_62a69a47be8e405b"",""fragment_76018f000724d759"",""fragment_9e2d7a10ea742ec4"",""fragment_ab5c542e68b5ac81"",""fragment_b1b475ce6d988437"",""fragment_ced58af39b75a269"",""fragment_d97f296965f7b000""]}",57.021464,valid,unique_reported_entity,derivation_367de916063d4cf6,57.021464,source_to_target,FALSE,1,real resolved network anchor; target-specific reported fragments; no propagation,reaction_f5e88961dbab9da5,candidate,Materialized from an evidence-backed variable-arity reaction template.
tr_dbf66a83d50746,betalain,,Betalamic acid,Lysine-bx,entity_64818f42fdf603ee,entity_c9b95e30600ad023,Betalamic acid condensation with amino acids,literature_inferred,,,,,name_encoded_reactant,literature_supported,no_propagation,2,"[{""coefficient"":1,""entity_id"":""entity_64818f42fdf603ee"",""role"":""structural_unit""},{""coefficient"":1,""entity_id"":""entity_e8a2ee570155102d"",""role"":""structural_component""}]","[{""coefficient"":1,""entity_id"":""entity_c9b95e30600ad023"",""role"":""product""}]",0,structural_unit,0,network_preflight,condensation,condensation_h2o_loss,C9H9NO5+C6H14N2O2 -> C15H21N3O6,"[""form_2b8d7ea13b9d7267"",""form_398d76b73ebd1a38""]","[""form_d7936391beafa47e""]","{""class_diagnostic_ids"":[],""core_fragment_evidence_ids"":[],""donor_fragment_evidence_ids"":[],""explicit_target_diagnostic_ids"":[],""reaction_fragment_evidence_ids"":[],""reported_target_fragment_ids"":[],""target_product_ion_ids"":[],""theoretical_catalog_ids"":[""fragment_003f311ab0bc59b4"",""fragment_011d07a9aabde80e"",""fragment_01e7f81d45b5f1a5"",""fragment_01e8874ecb67a388"",""fragment_04e72dbd634cd0fb"",""fragment_0553dd5a43701dac"",""fragment_0573e0b26d9bc415"",""fragment_0594e361c6907f51"",""fragment_097ec524663de132"",""fragment_09f83d4fe7df2368"",""fragment_0b65fc03d4f6b58e"",""fragment_0b908d2516590d34"",""fragment_0e5b9bff5b464b90"",""fragment_0efd37932ca3588f"",""fragment_0f0c7fbb6d6e9141"",""fragment_0fa346927132f1ad"",""fragment_11bdb76cae7d2242"",""fragment_11c80fde0619afce"",""fragment_1935e68c49afe466"",""fragment_1a0d3a74b16aa971"",""fragment_1a514c86ad6d37d9"",""fragment_1ae24f19316448f2"",""fragment_1e9e08e7e932c099"",""fragment_1fc7be6fb2592540"",""fragment_214b705ebd669e14"",""fragment_2214e7e558ebea8e"",""fragment_22fee35c5641917f"",""fragment_24b7fbbf6789fdf8"",""fragment_25a7051e7334a4e2"",""fragment_26ae3ea8f64329b9"",""fragment_274d88e48e101e8e"",""fragment_2a39aed0e3e05f19"",""fragment_2b2d061381889245"",""fragment_2b4eedc6061207d3"",""fragment_2c0ac6a184d0198f"",""fragment_2c235955ebdb906f"",""fragment_2dac9116acc4c883"",""fragment_2df895b0ce443736"",""fragment_2e3fa9838b781451"",""fragment_3086de52ec87055b"",""fragment_3173e372e23ffa10"",""fragment_3496df54921c9d25"",""fragment_354482c9366bb33e"",""fragment_370b7387c5876b46"",""fragment_38cc72c1f0ba1e62"",""fragment_392bd3307c32ef69"",""fragment_3c59e122782b567f"",""fragment_3e3d55bd7774e499"",""fragment_3eb10a186f25c2a2"",""fragment_3f6ccd30242252d8"",""fragment_410978bcf8b7a3db"",""fragment_44682c5b6f696dce"",""fragment_451b8b9fd81fcf36"",""fragment_464f24cdb4ecdc80"",""fragment_46b469198021b10d"",""fragment_46b7f14be1fa83aa"",""fragment_4cc5f022ee6809b6"",""fragment_4cd6e997de371f12"",""fragment_4cdadd95f85ca816"",""fragment_4ddd1578489fd850"",""fragment_4e0727aa613cfdbc"",""fragment_4e940dbb3814102e"",""fragment_500ec9e89cca0741"",""fragment_50b76d0723ff5210"",""fragment_5129a055ecf74d95"",""fragment_52c688fbef492b27"",""fragment_544694ba1002bb62"",""fragment_5590f71e8e0e51d6"",""fragment_564ca49a96944eae"",""fragment_570b6b85d91fbe98"",""fragment_57a80524e8250388"",""fragment_5843230b1010e202"",""fragment_59764989a0c0d6e1"",""fragment_5b1ad19db6807a7c"",""fragment_5cd329a9651ad7e2"",""fragment_5dcf32dab3f53f4e"",""fragment_5e39199d7ced608d"",""fragment_5f8c05bdd8bc4523"",""fragment_5fbffdb92a0b5a46"",""fragment_60c9da8c1faecca5"",""fragment_621914305bfa0ba3"",""fragment_62334b480d623cd2"",""fragment_62bcfdc9abdaf040"",""fragment_637adc75ee9fe664"",""fragment_654737b548f27590"",""fragment_67b853cb3f8a247f"",""fragment_689d3ad1f423be55"",""fragment_6a357bf28e2fa437"",""fragment_6b28ec722571b1d7"",""fragment_6c4dde850d07d79b"",""fragment_6d022b016c9af744"",""fragment_72feffd31911d35a"",""fragment_7835320e45ab3ef0"",""fragment_799352c1bf98b9a8"",""fragment_7a1f6defafbac5d5"",""fragment_7c862e52e221ad8d"",""fragment_7cfec4a31dd15d7b"",""fragment_7d05587279c85402"",""fragment_7dca74ca811a08b5"",""fragment_7e259dce85f9be7c"",""fragment_7ec621ec9eeb917c"",""fragment_7efbe16bdef3c450"",""fragment_7ff64b8e67969460"",""fragment_80f2e15647de0d90"",""fragment_8261ce7a2c01fc5b"",""fragment_82734f50172ddeaf"",""fragment_84ee1f1056deeadd"",""fragment_8680dc914f6aec5c"",""fragment_8838caf41147a76b"",""fragment_8b540dae3027f40d"",""fragment_9009887c42aacdbb"",""fragment_901ba44bd00d0244"",""fragment_91108b64f66e130d"",""fragment_929891728cf6514b"",""fragment_9440d7cd77d7bcf0"",""fragment_9591e5b1c964af93"",""fragment_99916c1f1ff5ccd3"",""fragment_9b2aab93de71fa38"",""fragment_9c2a6eb904f52eb6"",""fragment_a0f36653e89adb5b"",""fragment_a25fca5d6b6a79ca"",""fragment_a44cabd1e94a1ae0"",""fragment_a581e6b8bdb830d5"",""fragment_a725dfe2c789b4f6"",""fragment_a7c17ae1a440b3b3"",""fragment_a924f63e10ad7094"",""fragment_aae720d6e5d182f2"",""fragment_ac6af9de9e2b6c63"",""fragment_ac8c3977faf17e64"",""fragment_ad0203ef9f224a55"",""fragment_adb88527f50b286b"",""fragment_ae668965f5dc3395"",""fragment_ae716584c3b52aae"",""fragment_b29de9767cf4edc2"",""fragment_b33ef71db418b533"",""fragment_b3c00c24027b2795"",""fragment_b4304f7774eab911"",""fragment_b7a05fc0864a99ae"",""fragment_b98fc5f7eb8351f8"",""fragment_bc25a5ec8aed20aa"",""fragment_bcc429d193cd8dd2"",""fragment_be2f3a050a26c49e"",""fragment_c22b12d8b9f7578c"",""fragment_c38485cf7ff34604"",""fragment_c3b3d4a12a2d9702"",""fragment_c471190586690fd7"",""fragment_c5217a112a342a74"",""fragment_c7e37c8e4436162a"",""fragment_ca64b2d26a2a8428"",""fragment_caa76c8d14ada306"",""fragment_d24668be73892ead"",""fragment_d3bb25b53747f739"",""fragment_d5aa398e3dc01c43"",""fragment_d70f0254feaf9b03"",""fragment_dbd26dd020314638"",""fragment_dcbca8bda371bc2a"",""fragment_dd35d07a728b1713"",""fragment_e6a8ab690941addb"",""fragment_e7fd9f72ef3e03fb"",""fragment_e88cb91cc7476e29"",""fragment_e973994d55e20412"",""fragment_e9aeff392710dedd"",""fragment_ea51a8ca67866a00"",""fragment_eb813982c8c14eff"",""fragment_ee3368ffac4366b4"",""fragment_efcf9ef732f49986"",""fragment_f028beac87ca3b86"",""fragment_f270200227fa1ceb"",""fragment_f2ca8b84c7e0588e"",""fragment_f391fedfba537547"",""fragment_f5a429d67986408b"",""fragment_f5f846e0e3496311"",""fragment_f638dedad99042b7"",""fragment_f6facc27bb49d622"",""fragment_f773d96ca6f4093a"",""fragment_f91a53a3b4ae0d78"",""fragment_fe0de615231e2ba9"",""fragment_feba6478a7a2f596""]}",128.094963,valid,unique_reported_entity,derivation_c45ce40cd6c795c4,128.094963,source_to_target,FALSE,1,exploratory_only_missing_target_fragments,reaction_3a948129fb5110a6,candidate,Materialized from an evidence-backed variable-arity reaction template.
tr_f51875fc91afae,betalain,,Betalamic acid,Alanine-bx,entity_64818f42fdf603ee,entity_0a9583e7ed367674,Betalamic acid condensation with amino acids,literature_inferred,,,,,name_encoded_reactant,literature_supported,no_propagation,2,"[{""coefficient"":1,""entity_id"":""entity_64818f42fdf603ee"",""role"":""structural_unit""},{""coefficient"":1,""entity_id"":""entity_4fe857ee6c20ad4e"",""role"":""structural_component""}]","[{""coefficient"":1,""entity_id"":""entity_0a9583e7ed367674"",""role"":""product""}]",0,structural_unit,0,network_preflight,condensation,condensation_h2o_loss,C9H9NO5+C3H7NO2 -> C12H14N2O6,"[""form_2b8d7ea13b9d7267"",""form_7cd224080925f0d3""]","[""form_55d6ef07d06a341b""]","{""class_diagnostic_ids"":[],""core_fragment_evidence_ids"":[],""donor_fragment_evidence_ids"":[],""explicit_target_diagnostic_ids"":[],""reaction_fragment_evidence_ids"":[],""reported_target_fragment_ids"":[""fragment_221f8bb750600c09"",""fragment_2403184b6b9ed18e"",""fragment_8e8d35eb1a1c4360"",""fragment_a580ca646b1f9f7e"",""fragment_b2199b186388e2d4"",""fragment_b496386dfb33c328"",""fragment_ce4d4b9d2efa71fd"",""fragment_ebc8ae2a26ab701a""],""target_product_ion_ids"":[""fragment_221f8bb750600c09"",""fragment_2403184b6b9ed18e"",""fragment_8e8d35eb1a1c4360"",""fragment_a580ca646b1f9f7e"",""fragment_b2199b186388e2d4"",""fragment_b496386dfb33c328"",""fragment_ce4d4b9d2efa71fd"",""fragment_ebc8ae2a26ab701a""],""theoretical_catalog_ids"":[""fragment_063aa6e434a7fa31"",""fragment_08a7f24e68c57963"",""fragment_0915fa83de0e59e1"",""fragment_094e88a6cd73f8aa"",""fragment_09a17875de3b82ac"",""fragment_0c4271dcb17e12d0"",""fragment_0ce11286e3b35328"",""fragment_0d0c1bf822961747"",""fragment_0d19ccb4f589fe80"",""fragment_0ee586ad91122960"",""fragment_0f2be4061a1ca6c3"",""fragment_10cb05763c483c1e"",""fragment_11f72da640dadf63"",""fragment_13f76e7495b2e6ed"",""fragment_145b523c664e6cb9"",""fragment_169405c503ed8d7e"",""fragment_170a5803bb21da1b"",""fragment_1a57d7d79069a9b8"",""fragment_1c128ccac168120f"",""fragment_1c79c4be5662eff1"",""fragment_1f79c77a02f2cc6e"",""fragment_20b618fa6f77322d"",""fragment_232c10415683c99e"",""fragment_23ffdc68d8521ceb"",""fragment_24a5582e16a3b649"",""fragment_24c97019c22c03d8"",""fragment_279d1e0a66e49ba1"",""fragment_2eb45f174965a90d"",""fragment_3064fd84da2da957"",""fragment_3179127c1b597dfb"",""fragment_33a9837cc2af9c6b"",""fragment_33c6fbdd79b25958"",""fragment_349c9eda3525b4c4"",""fragment_36cb06743953811e"",""fragment_373c9746db5c9d29"",""fragment_3c09ddd2d3efed34"",""fragment_3c262c43340f14c4"",""fragment_3cfc76305f6aee07"",""fragment_4205218a11a68205"",""fragment_42c98c594e0ddff4"",""fragment_457e5cb7cc5d7f61"",""fragment_475e27f55a7e9667"",""fragment_47aaf4d37867cc9a"",""fragment_47d310c691214878"",""fragment_487a7da368875006"",""fragment_499003cff8cdd99f"",""fragment_4f1e059e31aa2555"",""fragment_51b48342907b1c94"",""fragment_527febeb5e5d7f56"",""fragment_54db4038f7d0ff14"",""fragment_5885a389c4cf7475"",""fragment_5979661217484e94"",""fragment_5a5fbfe8b0fe5b2c"",""fragment_5bce97a12b95f57c"",""fragment_63ce9cc6bfb75f5a"",""fragment_65fedcb2f578947a"",""fragment_6aaecd990838a1d8"",""fragment_6b531dae294bc7ba"",""fragment_6ff06abc9f50728c"",""fragment_73953c01ebd45ae6"",""fragment_76d5cdb013f465f0"",""fragment_7a0bee1921cf1661"",""fragment_7a3ac970e06521fb"",""fragment_7c8503f39f6f22f9"",""fragment_7dcb21748449dc37"",""fragment_7eda15c3bf1cbe05"",""fragment_7f41258abc9dbd3d"",""fragment_7f4db6f816b6dd58"",""fragment_830130e480477923"",""fragment_8593717e64360287"",""fragment_87102753a8a8c830"",""fragment_871bfd8e25163682"",""fragment_8772c378fee5e166"",""fragment_892b68bc836a7102"",""fragment_8b678b93035e03f5"",""fragment_8c188f30afd0f143"",""fragment_8cb159fa8fc1eca3"",""fragment_8e182d79fe90788e"",""fragment_8ea7de876a10c78f"",""fragment_96546e8df91516b3"",""fragment_998669ff72a32a3e"",""fragment_a3eaa8e4b673a237"",""fragment_a40fd35f75698f02"",""fragment_a778143caaf93694"",""fragment_a8632c079f4e6639"",""fragment_a9743039f98ce841"",""fragment_ab737c499213c833"",""fragment_abe3d15a93abe82e"",""fragment_ae7f2d1132ef29ce"",""fragment_af5f6db243977c51"",""fragment_af607a12f9e2096f"",""fragment_b03a5ee03938c12f"",""fragment_b196073c64fd899f"",""fragment_b1f04814c16126d0"",""fragment_b5a56277a2defc77"",""fragment_b6fae63ec7417263"",""fragment_b968f734bb6f97cc"",""fragment_baa008e6ca646d93"",""fragment_bea875fb6c2b67b9"",""fragment_bf7d1e1b9b91eb1f"",""fragment_c06bcc4c99e7373e"",""fragment_c1627d32b70091ad"",""fragment_c466e8f95a48a595"",""fragment_c6f0c7e1518dc49f"",""fragment_c7308415aad1da8b"",""fragment_ca0ad8de5540d04c"",""fragment_cbd33a9d85601f16"",""fragment_d0bb486b5232d842"",""fragment_d0de5e24bdfde8a8"",""fragment_d30589b95d6e0669"",""fragment_d317dd1f3748b678"",""fragment_d4bb1d7d28e0b5e9"",""fragment_d849300238603ff6"",""fragment_d8b75562c6b820b0"",""fragment_daf6f9bce309d445"",""fragment_dd150606e7a73127"",""fragment_e0f276771ff4a6df"",""fragment_e2d461ef5808f90f"",""fragment_e84006e6bd7ac1b6"",""fragment_e974f8ffc153d6c0"",""fragment_ed7179fcad7ace53"",""fragment_eda3ca8e909e4e9a"",""fragment_eebe052d639aecaf"",""fragment_f0b253e5b068ab0e"",""fragment_f14459a23fb8623a"",""fragment_f2c5c1adf91b9dc6"",""fragment_f9f63993d9952f0c"",""fragment_fc3d8f4c50e17964"",""fragment_fd52e7d7e7747790"",""fragment_fe1f6cb6c51c822f"",""fragment_fe860f31397071df"",""fragment_fea4d2a89f76bb51""]}",71.037114,valid,unique_reported_entity,derivation_18755bec264d3a15,71.037114,source_to_target,FALSE,1,real resolved network anchor; target-specific reported fragments; no propagation,reaction_010c0cfbc07f2d1c,candidate,Materialized from an evidence-backed variable-arity reaction template.
tr_2f725abfb5c976,betalain,,Betalamic acid,Tyramine-bx,entity_64818f42fdf603ee,entity_5264e233c5fa26b1,Betalamic acid condensation with amino acids,literature_inferred,,,,,name_encoded_reactant,literature_supported,no_propagation,2,"[{""coefficient"":1,""entity_id"":""entity_64818f42fdf603ee"",""role"":""structural_unit""},{""coefficient"":1,""entity_id"":""entity_bca4c298abc7476e"",""role"":""structural_component""}]","[{""coefficient"":1,""entity_id"":""entity_5264e233c5fa26b1"",""role"":""product""}]",0,structural_unit,0,network_preflight,condensation,condensation_h2o_loss,C9H9NO5+C8H11NO -> C17H18N2O5,"[""form_2b8d7ea13b9d7267"",""form_db3060643667b075""]","[""form_1df68cb0d4cb44d7""]","{""class_diagnostic_ids"":[],""core_fragment_evidence_ids"":[],""donor_fragment_evidence_ids"":[],""explicit_target_diagnostic_ids"":[],""reaction_fragment_evidence_ids"":[],""reported_target_fragment_ids"":[""fragment_3e0543db12c9fd56"",""fragment_553e7e94a38bb4b2"",""fragment_7e74a3d06349b80f""],""target_product_ion_ids"":[""fragment_3e0543db12c9fd56"",""fragment_553e7e94a38bb4b2"",""fragment_7e74a3d06349b80f""],""theoretical_catalog_ids"":[]}",119.073499,valid,unique_reported_entity,derivation_12f5c8640d112166,119.073499,source_to_target,FALSE,1,real resolved network anchor; target-specific reported fragments; no propagation,reaction_03738dc4aabaeaaf,candidate,Materialized from an evidence-backed variable-arity reaction template.
tr_c3648f94a75198,betalain,,6-decarboxy-betalamic acid,γ-Aminobutyric acid-6-decarboxy-betaxanthin,entity_ba886bd316a78fbe,entity_8bda59727906d389,Condensation of 6-decarboxy-betalamic acid with amines/amino acids,literature_inferred,,,,,name_encoded_reactant,literature_supported,no_propagation,2,"[{""coefficient"":1,""entity_id"":""entity_ba886bd316a78fbe"",""role"":""structural_unit""},{""coefficient"":1,""entity_id"":""entity_002884d7e2a98cda"",""role"":""structural_component""}]","[{""coefficient"":1,""entity_id"":""entity_8bda59727906d389"",""role"":""product""}]",0,structural_unit,0,network_preflight,condensation,condensation_h2o_loss,C8H9NO3+C4H9NO2 -> C12H16N2O4,"[""form_6406417d303ec17b"",""form_cdc06981512a5824""]","[""form_e765ef321e948a10""]","{""class_diagnostic_ids"":[],""core_fragment_evidence_ids"":[],""donor_fragment_evidence_ids"":[],""explicit_target_diagnostic_ids"":[],""reaction_fragment_evidence_ids"":[],""reported_target_fragment_ids"":[],""target_product_ion_ids"":[],""theoretical_catalog_ids"":[]}",85.052764,valid,unique_reported_entity,derivation_21c1e10862d600ef,85.052764,source_to_target,FALSE,1,exploratory_only_missing_target_fragments,reaction_852a2a65c6f82f2d,candidate,Materialized from an evidence-backed variable-arity reaction template.
tr_5e0d84ca90c9af,betalain,,Betalamic acid,Methionine sulfoxide-bx,entity_64818f42fdf603ee,entity_77f999c0c2e43b52,Betalamic acid condensation with amino acids,literature_inferred,,,,,name_encoded_reactant,literature_supported,no_propagation,2,"[{""coefficient"":1,""entity_id"":""entity_64818f42fdf603ee"",""role"":""structural_unit""},{""coefficient"":1,""entity_id"":""entity_92eb77927efb1328"",""role"":""structural_component""}]","[{""coefficient"":1,""entity_id"":""entity_77f999c0c2e43b52"",""role"":""product""}]",0,structural_unit,0,network_preflight,condensation,condensation_h2o_loss,C9H9NO5+C5H11NO3S -> C14H18N2O7S,"[""form_2b8d7ea13b9d7267"",""form_8f01ae391fc4ec91""]","[""form_4f6f10d48d97e800""]","{""class_diagnostic_ids"":[],""core_fragment_evidence_ids"":[],""donor_fragment_evidence_ids"":[],""explicit_target_diagnostic_ids"":[],""reaction_fragment_evidence_ids"":[],""reported_target_fragment_ids"":[""fragment_115c9e444f7b1f3b"",""fragment_2a51fe531aee43d3"",""fragment_3837e73c3a2fe1c2"",""fragment_41e54f8b18dc8ee8"",""fragment_628f0ae0fb1fa54e"",""fragment_6c8d848186577510"",""fragment_aa2c5f006bcfae0f"",""fragment_b61f793734a988b3"",""fragment_dff131536cbd58c8"",""fragment_f2356df07429bc5b""],""target_product_ion_ids"":[""fragment_115c9e444f7b1f3b"",""fragment_2a51fe531aee43d3"",""fragment_3837e73c3a2fe1c2"",""fragment_41e54f8b18dc8ee8"",""fragment_628f0ae0fb1fa54e"",""fragment_6c8d848186577510"",""fragment_aa2c5f006bcfae0f"",""fragment_b61f793734a988b3"",""fragment_dff131536cbd58c8"",""fragment_f2356df07429bc5b""],""theoretical_catalog_ids"":[]}",147.0354,valid,unique_reported_entity,derivation_8322f06238dd1242,147.0354,source_to_target,FALSE,1,real resolved network anchor; target-specific reported fragments; no propagation,reaction_4f0e4e4624a9786e,candidate,Materialized from an evidence-backed variable-arity reaction template.
tr_e62e147756b24c,betalain,,Betalamic acid,Methionine sulfoxide-bx,entity_64818f42fdf603ee,entity_77f999c0c2e43b52,Betalamic acid condensation with amino acids,literature_inferred,,,,,name_encoded_reactant,literature_supported,no_propagation,2,"[{""coefficient"":1,""entity_id"":""entity_64818f42fdf603ee"",""role"":""structural_unit""},{""coefficient"":1,""entity_id"":""entity_92eb77927efb1328"",""role"":""structural_component""}]","[{""coefficient"":1,""entity_id"":""entity_77f999c0c2e43b52"",""role"":""product""}]",0,structural_unit,0,network_preflight,condensation,condensation_h2o_loss,C9H9NO5+C5H11NO3S -> C14H18N2O7S,"[""form_2b8d7ea13b9d7267"",""form_8f01ae391fc4ec91""]","[""form_4f6f10d48d97e800""]","{""class_diagnostic_ids"":[],""core_fragment_evidence_ids"":[],""donor_fragment_evidence_ids"":[],""explicit_target_diagnostic_ids"":[],""reaction_fragment_evidence_ids"":[],""reported_target_fragment_ids"":[""fragment_115c9e444f7b1f3b"",""fragment_2a51fe531aee43d3"",""fragment_3837e73c3a2fe1c2"",""fragment_41e54f8b18dc8ee8"",""fragment_628f0ae0fb1fa54e"",""fragment_6c8d848186577510"",""fragment_aa2c5f006bcfae0f"",""fragment_b61f793734a988b3"",""fragment_dff131536cbd58c8"",""fragment_f2356df07429bc5b""],""target_product_ion_ids"":[""fragment_115c9e444f7b1f3b"",""fragment_2a51fe531aee43d3"",""fragment_3837e73c3a2fe1c2"",""fragment_41e54f8b18dc8ee8"",""fragment_628f0ae0fb1fa54e"",""fragment_6c8d848186577510"",""fragment_aa2c5f006bcfae0f"",""fragment_b61f793734a988b3"",""fragment_dff131536cbd58c8"",""fragment_f2356df07429bc5b""],""theoretical_catalog_ids"":[]}",147.0354,valid,unique_reported_entity,derivation_83c001366a5a5352,147.0354,source_to_target,FALSE,1,real resolved network anchor; target-specific reported fragments; no propagation,reaction_fc12f2daf7c8b6db,candidate,Materialized from an evidence-backed variable-arity reaction template.
