rule_id,entity_id,entity_origin,target_origin,compound_name,synonyms,compound_class,subclass,formula,exact_mass,ion_mode,adduct,reported_precursor_mz,reported_fragments,reported_neutral_losses,literature_status,derivation_id,evidence_ids,review_status,review_note
cmp_496674d5f8dd7a,entity_496674d5f8dd7a78,reported,reported,ginsenoside Rb1,,ginsenoside,,C54H92O23,1108.60293921527,negative,[M-H]-,1107.5951,945.5349;783.489;621.4276;459.386;945.546,,reported,,claim1;chunk_30e06e0f9816b43a3f02;chunk_7aabccc130b0b1b8a1af;claim_struct_0bdb58f407a8aa2f;chunk_a1805dae0ab969b92d9b;chunk_b30b2c401321bfd9dbf3;claim_struct_45e124a9b3d1c296,candidate,Listed as a ginsenoside reference standard.
cmp_51ddcb86ca8d98,entity_51ddcb86ca8d9896,reported,reported,ginsenoside Rb3,,ginsenoside,,C53H90O22,1078.59237453124,negative,[M-H]-,1077.5845,945.5438;783.4917;621.4368;459.3821,,reported,,claim2;chunk_3457e09aed7a592916c8;chunk_7aabccc130b0b1b8a1af;claim_struct_2d871615bc5c6d48;chunk_3b867ed59739d5a22268,candidate,Listed as a ginsenoside reference standard.
cmp_23d34ff9f882b2,entity_23d34ff9f882b214,reported,reported,ginsenoside Re,,ginsenoside,,C48H82O18,946.5501157951201,negative,[M-H]-,945.5423,783.4882;637.4333;475.3796,,reported,,claim3;chunk_57487e24909998dbdf61;chunk_1c1e6578ab8c9a02d5a4;claim_struct_32a33e448a037b16;chunk_e5369181e2b751ff7b26,candidate,Listed as a ginsenoside reference standard.
cmp_aa500cbc70ff65,entity_aa500cbc70ff655a,reported,reported,ginsenoside Rf,,ginsenoside,,C42H72O14,800.49220699454,negative,[M-H]-,799.4844,637.4323;637.431;475.3797;637.4327,,reported,,claim4;chunk_15955d34e68303239283;chunk_47266bdb6ef5437ff4bd;claim_struct_eca2e4a97c75c9c3;chunk_54af3f448b1464d459b9;chunk_9331c6d9d26aff836f3d;claim_struct_916ad436f2195f9f;chunk_fb5c063d29eaae070dfd;claim_struct_a0347369d09f2e1d,candidate,Listed as a ginsenoside reference standard.
cmp_d96110b1470152,entity_d96110b1470152a6,reported,reported,ginsenoside Rg1,,ginsenoside,,C42H72O14,800.49220699454,negative,[M-H]-,799.4844,637.432;475.3784,,reported,,claim5;chunk_57487e24909998dbdf61;chunk_15955d34e68303239283;claim_struct_b7d8e70998ec0296;chunk_e5369181e2b751ff7b26,candidate,Listed as a ginsenoside reference standard.
cmp_52946a3c681989,entity_52946a3c681989c1,reported,reported,ginsenoside Rg2,,ginsenoside,,C42H72O13,784.49729237497,negative,[M-H]-,783.4895,,,reported,,claim6;chunk_15955d34e68303239283,candidate,Listed as a ginsenoside reference standard.
cmp_4f479e39bcd0c3,entity_4f479e39bcd0c325,reported,reported,ginsenoside Rg3,,ginsenoside,,C42H72O13,784.49729237497,negative,[M-H]-,783.4895,,,reported,,claim7;chunk_25b4d865a62ac2384a4b,candidate,Listed as a ginsenoside reference standard.
cmp_c5e1647c70d865,entity_c5e1647c70d865e9,reported,reported,ginsenoside Rh2,,ginsenoside,,C36H62O8,622.44446895482,negative,[M-H]-,621.4366,,,reported,,claim8;chunk_25b4d865a62ac2384a4b,candidate,Listed as a ginsenoside reference standard.
cmp_3444d71e6edab1,entity_3444d71e6edab1e3,reported,reported,ginsenoside Ro,,ginsenoside,,C48H76O19,956.4980802213099,negative,[M-H]-,955.4903,793.4385;731.4386;793.4358,,reported,,claim9;chunk_9b3d5d32a9431999ab32;chunk_1281439c3ddd505382ae;claim_struct_df01408d2509ab05;chunk_93de4ccbcc916020fe93;chunk_52d793746aa180be918e;chunk_3fefbadade88466595c7;claim_struct_aaee88b6a55b7855,candidate,Listed as a ginsenoside reference standard.
cmp_c9c6dd608f5a9c,entity_c9c6dd608f5a9c54,reported,reported,pseudoginsenoside F11,,ginsenoside,,C42H72O14,800.49220699454,,,,,,reported,,claim14;chunk_30e06e0f9816b43a3f02,candidate,Listed as a ginsenoside reference standard.
cmp_18fddb4243da3a,entity_18fddb4243da3a3b,reported,reported,Neoalsoside A5,,ginsenoside,,C48H82O19,962.54503041469,,,,,,reported,,claim15;chunk_4f23ff132ba81fd49826,candidate,Listed in supplementary table of identified saponins in American ginseng.
cmp_1c128e71fedcf0,entity_1c128e71fedcf015,reported,reported,Notoginsenoside R1,,ginsenoside,,C47H80O18,932.53446573066,negative,[M-H]-,931.5266,637.4346;799.4841;637.4324;475.3802;637.4318;637.4303,,reported,,claim16;chunk_4f23ff132ba81fd49826;chunk_15955d34e68303239283;claim_struct_d70ae20fee5b4fb6;chunk_331449f50dc7e60d69f2;chunk_510e8f3a309912930d90;claim_struct_62c3f621adc91f44;chunk_75cc07695c4c90b4e366;claim_struct_8bb1d1b6b215da62;chunk_71a02ea07eb25f34f97d;claim_struct_5cdfb5fdbe51b532,candidate,Listed in supplementary table of identified saponins in American ginseng.
cmp_ae9eeb19e1ada2,entity_ae9eeb19e1ada2ad,reported,reported,Panaxsaponin 1/isomer,,ginsenoside,,C42H74O14,802.507857059,,,,,,reported,,claim17;chunk_4f23ff132ba81fd49826;chunk_57487e24909998dbdf61,candidate,Listed in supplementary table of identified saponins in American ginseng.
cmp_62f99015cd757b,entity_62f99015cd757b11,reported,reported,Unknown,,ginsenoside,,C47H80O17,916.5395511110901,negative,[M-H]-,1093.578,931.4853;799.4458;637.3989;475.3864;753.3889;607.3483;475.3828;783.3997;637.3578;475.3841;1093.5809;961.5366;799.4886;637.4315;475.3769;1107.6011;945.5471;783.4977;621.7923;459.384;1107.5975;945.5425;783.4955;621.4245;459.3877;783.4292;621.3864;459.35,,reported,,chunk_389e608da85aea4a6d6c;chunk_9f98fa7e698f13a9a924;chunk_5c192fc471eea053c357;claim_struct_9e50d3606626e009;chunk_aecb53d48c9704658bfe;chunk_168551a92eac5e480fc1;claim_struct_69bc37cc01f1a19b;chunk_95caef31f73630e25b00;chunk_4152b790a69fd3c2b135;chunk_17559ab5861cab223c30;chunk_d9b30d4e35592644407b;chunk_150886a374cd8cfa6221;chunk_1c7a970cb17c7a9c8eb7;chunk_3082f555030cfe0b794f;chunk_51185dc843c11016bf81;chunk_61004029bc1f218b90c1,candidate,Structured compound record mined from local corpus text.
cmp_6c49b2d9ef82cc,entity_6c49b2d9ef82cc1f,reported,reported,G-Re,,ginsenoside,,C48H82O18,946.5501157951201,negative,[M-H]-,961.5349,783.4948;637.4369;475.3833;637.4339,,reported,,chunk_389e608da85aea4a6d6c;chunk_3b91964417dcb563705d;claim_struct_f497cfe88704b4ea;claim_struct_49232604256c7ca2;chunk_fa081a374b4dbd0dc8ab;chunk_11d1c2fdc2b5580b2231;chunk_044d6944c92524203f88;chunk_55c682c5bf0714c6632a,candidate,Structured compound record mined from local corpus text.
cmp_b8df7f0d03fb85,entity_b8df7f0d03fb859c,reported,reported,Floral G-M/Floral G-N,,ginsenoside,,C53H90O22,1078.59237453124,negative,[M-H]-,1077.5885,,,reported,,chunk_389e608da85aea4a6d6c;claim_struct_77b7ad9eefa41e2d,candidate,Structured compound record mined from local corpus text.
cmp_1e9c9158b2d9f9,entity_1e9c9158b2d9f931,reported,reported,20-glc-G-Rf,,ginsenoside,,C48H82O19,962.54503041469,negative,[M-H]-,961.5352,799.4807;637.4284;475.3769,,reported,,chunk_389e608da85aea4a6d6c;chunk_8ad156d9a007abd9581f,candidate,Structured compound record mined from local corpus text.
cmp_d2a595b2ad04ee,entity_d2a595b2ad04eedc,reported,reported,NG-R1 isomer,,ginsenoside,,C47H80O18,932.53446573066,negative,[M-H]-,931.5261,799.4849;637.434;475.3805;799.3725;637.3556;475.3824,,reported,,chunk_3b91964417dcb563705d;claim_struct_d91e29a036be8694;chunk_b9378f3b91b1ce003c5a;chunk_3be07d61de6906fe57fe,candidate,Structured compound record mined from local corpus text.
cmp_aec6be1a61e6aa,entity_aec6be1a61e6aa29,reported,reported,NG-R,,ginsenoside,,C47H80O18,932.53446573066,negative,[M-H]-,931.5234,,,reported,,chunk_3b91964417dcb563705d;chunk_aecb53d48c9704658bfe;chunk_775d46993d8b1bb593dc,candidate,Structured compound record mined from local corpus text.
cmp_c5da651b4bb13a,entity_c5da651b4bb13a51,reported,reported,KG-R2/isomer,,ginsenoside,,C54H92O24,1124.59785383484,negative,[M-H]-,1123.5913,961.4226;799.3903;637.3564;961.5389;799.484;637.4342;475.3835;961.5427;799.4863;637.3808;961.5245;799.4741;637.423;475.376;961.5413;799.4893;637.4335;475.3794;961.5421;799.4902;637.4317;475.3808;961.5423;799.4891;637.433;475.3754;961.4101;799.4889;637.4377;475.3875,,reported,,chunk_3b91964417dcb563705d;chunk_fa081a374b4dbd0dc8ab;claim_struct_9822ab70121c646f;chunk_9f98fa7e698f13a9a924;claim_struct_f73314b963f68456;claim_struct_9156e36d377f611f;chunk_5c192fc471eea053c357;claim_struct_5a2bac4c7ccd6ded;claim_struct_c4a9cf70bead6547;chunk_07be9476c2449cf6c276;claim_struct_f59e251114ba5ef3;chunk_3be07d61de6906fe57fe;chunk_a24f55f6b2792aaceddb;chunk_61be960aa01deb0e55aa;chunk_d9b30d4e35592644407b;chunk_bda5166aeddf8a6f2dac;chunk_f308d2d12ecb01c1391f;chunk_bb2cfb0cb25e378505b1,candidate,Structured compound record mined from local corpus text.
cmp_a6832f070a7390,entity_a6832f070a739024,reported,reported,NG-N,,ginsenoside,,C48H82O19,962.54503041469,negative,[M-H]-,961.5359,,,reported,,chunk_3b91964417dcb563705d,candidate,Structured compound record mined from local corpus text.
cmp_68205329e0f5db,entity_68205329e0f5db57,reported,reported,G-Rg,,ginsenoside,,C42H72O13,784.49729237497,negative,[M-H]-,799.4876,,,reported,,chunk_fa081a374b4dbd0dc8ab;chunk_2434ce436795cb7fc49d;chunk_1655078aa05b269cc22a,candidate,Structured compound record mined from local corpus text.
cmp_469fa160f782f0,entity_469fa160f782f0ee,reported,reported,G-Re isomer,,ginsenoside,,C48H82O18,946.5501157951201,negative,[M-H]-,945.5436,783.4956;637.4359;475.3822;475.3807;841.4975,,reported,,chunk_fa081a374b4dbd0dc8ab;chunk_044d6944c92524203f88;chunk_b54e93f8e0d7cf6f249e,candidate,Structured compound record mined from local corpus text.
cmp_38a56da2090020,entity_38a56da2090020b5,reported,reported,Acetyl G-Re/isomer,,ginsenoside,,C50H84O19,988.5606804791499,negative,[M-H]-,987.5534,945.4361;783.4023;637.3605;475.3854;945.5443;799.4865;637.4343;475.3786;945.5438;783.4735;637.4245;475.375,,reported,,chunk_fa081a374b4dbd0dc8ab;chunk_dfd53ed65fa116719d00;claim_struct_f5c65f97026278c9;chunk_07be9476c2449cf6c276;claim_struct_3ed6442a16e237da;chunk_a24f55f6b2792aaceddb;chunk_69f5f545bb3aa2db1b49;chunk_bb2cfb0cb25e378505b1,candidate,Structured compound record mined from local corpus text.
cmp_1fcd0c7170e41f,entity_1fcd0c7170e41fc9,reported,reported,Acetyl G-Rg1/isomer,,ginsenoside,,C44H74O15,842.50277167857,negative,[M-H]-,841.4936,,,reported,,chunk_fa081a374b4dbd0dc8ab;chunk_9f98fa7e698f13a9a924;claim_struct_d6c2e68b0f59ba70,candidate,Structured compound record mined from local corpus text.
cmp_b2bbc27c74392b,entity_b2bbc27c74392bad,reported,reported,G-Ia,,ginsenoside,,C42H72O14,800.49220699454,negative,[M-H]-,799.4853,637.422;475.3833,,reported,,chunk_9f98fa7e698f13a9a924;chunk_61be960aa01deb0e55aa,candidate,Structured compound record mined from local corpus text.
cmp_fed7f868c108db,entity_fed7f868c108db57,reported,reported,Floral G-P/isomer,,ginsenoside,,C53H90O23,1094.58728915081,negative,[M-H]-,1093.5815,,,reported,,chunk_9f98fa7e698f13a9a924;chunk_5c192fc471eea053c357;claim_struct_24ff90a689cdabd8;chunk_dfd53ed65fa116719d00;claim_struct_0f7c8b5824beb200,candidate,Structured compound record mined from local corpus text.
cmp_b76c3d1958a1ba,entity_b76c3d1958a1baa0,reported,reported,Acetyl Re/isomer,,ginsenoside,,C50H84O19,988.5606804791499,negative,[M-H]-,987.5498,,,reported,,chunk_9f98fa7e698f13a9a924,candidate,Structured compound record mined from local corpus text.
cmp_179c39cdcfd1e3,entity_179c39cdcfd1e3d6,reported,reported,Floral G-P isomer,,ginsenoside,,C53H90O23,1094.58728915081,negative,[M-H]-,1093.5815,961.5343;961.5358;799.4852;637.4332;475.3812,,reported,,chunk_9f98fa7e698f13a9a924;chunk_5c192fc471eea053c357;claim_struct_b68028f71864c3a0;chunk_e6af6154a8342df10401;chunk_1c7a970cb17c7a9c8eb7,candidate,Structured compound record mined from local corpus text.
cmp_d44892754b6ccf,entity_d44892754b6ccf79,reported,reported,G-Re1/G-Re2/G-Re3/NG-N isomer,,ginsenoside,,C48H82O19,962.54503041469,negative,[M-H]-,961.5356,,,reported,,chunk_5c192fc471eea053c357;chunk_dfd53ed65fa116719d00;claim_struct_3922e646b9bea3e3;chunk_07be9476c2449cf6c276;claim_struct_eb522a9c37203b05;claim_struct_cac97ff47aec6a3c;claim_struct_2ff4367b8c320686,candidate,Structured compound record mined from local corpus text.
cmp_7e7a76a0d1d21d,entity_7e7a76a0d1d21d49,reported,reported,G-F3/G-F,,ginsenoside,,C41H70O13,770.48164231051,negative,[M-H]-,769.4721,,,reported,,chunk_dfd53ed65fa116719d00;claim_struct_fbb31253f8035baf,candidate,Structured compound record mined from local corpus text.
cmp_56252a7989933a,entity_56252a7989933a00,reported,reported,Yesanchinoside D isomer,,ginsenoside,,C44H74O15,842.50277167857,negative,[M-H]-,841.4944,,,reported,,chunk_dfd53ed65fa116719d00;chunk_7e823cba6e7b94c6effa,candidate,Structured compound record mined from local corpus text.
cmp_f523da66160368,entity_f523da66160368db,reported,reported,Malonyl KG-R,,ginsenoside,,C57H94O27,1210.59824775801,negative,[M-H]-,1209.5939,,,reported,,chunk_dfd53ed65fa116719d00,candidate,Structured compound record mined from local corpus text.
cmp_30007aebe52b5a,entity_30007aebe52b5a0a,reported,reported,Yesanchinoside D,,ginsenoside,,C44H74O15,842.50277167857,negative,[M-H]-,841.4968,799.4879;637.4313;475.3795;799.4871,,reported,,chunk_07be9476c2449cf6c276;chunk_15955d34e68303239283;claim_struct_e615ea646c485645;chunk_84b2d1e6449a96ff9bbe;chunk_d95386c7dce56ddc065c;claim_struct_7d40bd4e7179933b,candidate,Structured compound record mined from local corpus text.
cmp_8ff34c4e7f9d65,entity_8ff34c4e7f9d6524,reported,reported,G-Rb1 isomer,,ginsenoside,,C54H92O23,1108.60293921527,negative,[M-H]-,1107.5922,945.5452;945.5464;783.4894;621.4267;459.3878,,reported,,chunk_aecb53d48c9704658bfe;chunk_168551a92eac5e480fc1;claim_struct_dc9cdddd3140f16f;chunk_a77c0045b80ad47a7c39;chunk_51185dc843c11016bf81,candidate,Structured compound record mined from local corpus text.
cmp_d3b77a138b651a,entity_d3b77a138b651af4,reported,reported,Acetyl panajaponol A,,ginsenoside,,C44H74O15,842.50277167857,negative,[M-H]-,887.49733,,,reported,,chunk_aecb53d48c9704658bfe;chunk_168551a92eac5e480fc1;claim_struct_83700898e4d9e04d,candidate,Structured compound record mined from local corpus text.
cmp_f51fd450177b04,entity_f51fd450177b0408,reported,reported,Malonyl NG-R,,ginsenoside,,C62H102O30,1326.64559187456,negative,[M-H]-,1325.6359,,,reported,,chunk_aecb53d48c9704658bfe,candidate,Structured compound record mined from local corpus text.
cmp_5950789df18890,entity_5950789df1889068,reported,reported,NG-R4 isomer,,ginsenoside,,C59H100O27,1240.64519795139,negative,[M-H]-,1239.6354,1077.5991;945.5528;783.4883;621.444;459.385,,reported,,chunk_aecb53d48c9704658bfe;chunk_673e57ae559fbe27b514,candidate,Structured compound record mined from local corpus text.
cmp_77a8818b5e0188,entity_77a8818b5e0188c1,reported,reported,KG-R,,ginsenoside,,C46H76O15,868.51842174303,negative,[M-H]-,867.5138,,,reported,,chunk_aecb53d48c9704658bfe,candidate,Structured compound record mined from local corpus text.
cmp_fc7578bb143494,entity_fc7578bb143494c5,reported,reported,G-Rf,,ginsenoside,,C42H72O14,800.49220699454,negative,[M-H]-,799.4842,637.4254;475.375,,reported,,chunk_aecb53d48c9704658bfe;chunk_673e57ae559fbe27b514,candidate,Structured compound record mined from local corpus text.
cmp_65372db03ba83c,entity_65372db03ba83c0f,reported,reported,G-Ra2 isomer,,ginsenoside,,C58H98O26,1210.63463326736,negative,[M-H]-,1209.6244,1077.5944;945.5486;783.4888;621.4386;459.384,,reported,,chunk_168551a92eac5e480fc1;chunk_612d33e005b5bccef09c,candidate,Structured compound record mined from local corpus text.
cmp_ebec9a1c11c7c6,entity_ebec9a1c11c7c6a0,reported,reported,G-Ra3 isomer,,ginsenoside,,C59H100O27,1240.64519795139,negative,[M-H]-,1239.6349,1077.5998;945.5482;783.4918;621.4393;459.386,,reported,,chunk_168551a92eac5e480fc1;chunk_612d33e005b5bccef09c,candidate,Structured compound record mined from local corpus text.
cmp_f4631bf4dff7d9,entity_f4631bf4dff7d96d,reported,reported,G-Ra,,ginsenoside,,C58H98O26,1210.63463326736,negative,[M-H]-,1209.6243,,,reported,,chunk_168551a92eac5e480fc1;chunk_775d46993d8b1bb593dc;claim_struct_a7c9fab77a4320c2;chunk_7e823cba6e7b94c6effa;chunk_d5f909b18dde303430ee,candidate,Structured compound record mined from local corpus text.
cmp_a19d00072e06e0,entity_a19d00072e06e0b0,reported,reported,G-Rb,,ginsenoside,,C54H92O23,1108.60293921527,negative,[M-H]-,1107.5987,,,reported,,chunk_775d46993d8b1bb593dc;chunk_508b460b47d6880b8409;claim_struct_3ccb1fe6885f2cbf,candidate,Structured compound record mined from local corpus text.
cmp_7e7aec1c324181,entity_7e7aec1c32418161,reported,reported,Malonyl G-Rb,,ginsenoside,,C57H94O26,1194.60333313844,negative,[M-H]-,1193.5927,,,reported,,chunk_775d46993d8b1bb593dc;chunk_7e2a55989c3c3b1cbb8e,candidate,Structured compound record mined from local corpus text.
cmp_9837d8c1474ae5,entity_9837d8c1474ae5e9,reported,reported,Acetyl G-Rb1/isomer,,ginsenoside,,C56H94O24,1150.6135038993,negative,[M-H]-,1149.6023,,,reported,,chunk_775d46993d8b1bb593dc;chunk_508b460b47d6880b8409,candidate,Structured compound record mined from local corpus text.
cmp_38755087b2dde0,entity_38755087b2dde0aa,reported,reported,G-Ro isomer,,ginsenoside,,C48H76O19,956.4980802213099,negative,[M-H]-,955.4934,793.4366;613.3846;455.3542;793.4389;631.3845;455.3562,,reported,,chunk_775d46993d8b1bb593dc;chunk_7e2a55989c3c3b1cbb8e;chunk_7e823cba6e7b94c6effa;claim_struct_09128560235baa5a;chunk_d5f909b18dde303430ee;claim_struct_387eed1abee7c213;chunk_11d1c2fdc2b5580b2231;claim_struct_79dd0f40241c79ca;chunk_94adec325330afc3200b;chunk_3619e49b534f9a4ce986,candidate,Structured compound record mined from local corpus text.
cmp_0f45fe4d58e414,entity_0f45fe4d58e4149e,reported,reported,NG-R2 isomer,,ginsenoside,,C41H70O13,770.48164231051,negative,[M-H]-,769.4748,637.4354;475.3786,,reported,,chunk_775d46993d8b1bb593dc;chunk_94adec325330afc3200b,candidate,Structured compound record mined from local corpus text.
cmp_1f50137473f79c,entity_1f50137473f79c32,reported,reported,G-Rc,,ginsenoside,,C53H90O22,1078.59237453124,negative,[M-H]-,1077.5872,945.5465;783.4935;621.4415;459.3859;783.488,,reported,,chunk_2434ce436795cb7fc49d;chunk_953c5cfe21b731593fac;chunk_fa9adedb3940c97c89e4,candidate,Structured compound record mined from local corpus text.
cmp_b985f8b5f4accb,entity_b985f8b5f4accb8e,reported,reported,G-Ro,,ginsenoside,,C48H76O19,956.4980802213099,negative,[M-H]-,955.4936,793.337;731.3452;794.4441,,reported,,chunk_2434ce436795cb7fc49d;chunk_953c5cfe21b731593fac;chunk_3aa505ba479fab4c714e,candidate,Structured compound record mined from local corpus text.
cmp_1bab62514d0ed3,entity_1bab62514d0ed366,reported,reported,G-Ra1 isomer,,ginsenoside,,C58H98O26,1210.63463326736,negative,[M-H]-,1209.6252,621.442;459.3802;783.5059;765.4744,,reported,,chunk_508b460b47d6880b8409;chunk_db339249ed628d35a396,candidate,Structured compound record mined from local corpus text.
cmp_9c05dc46a84885,entity_9c05dc46a8488518,reported,reported,G-Rh,,ginsenoside,,C36H62O9,638.43938357439,negative,[M-H]-,637.4346,,,reported,,chunk_508b460b47d6880b8409;chunk_1655078aa05b269cc22a,candidate,Structured compound record mined from local corpus text.
cmp_fbbfb5c3813ff3,entity_fbbfb5c3813ff369,reported,reported,Acetyl G-Rb,,ginsenoside,,C55H92O23,1120.60293921527,negative,[M-H]-,1119.5944,,,reported,,chunk_7e2a55989c3c3b1cbb8e;chunk_d5f909b18dde303430ee;claim_struct_6b325dab179d7844;chunk_11d1c2fdc2b5580b2231;claim_struct_3ba43129efb0ed9f,candidate,Structured compound record mined from local corpus text.
cmp_99668bae7432d0,entity_99668bae7432d06b,reported,reported,CS IV,,ginsenoside,,C47H74O18,926.48751553728,negative,[M-H]-,925.4769,763.4385;631.3831;455.3513,,reported,,chunk_7e2a55989c3c3b1cbb8e;chunk_c4cceb9b8466fc2b4538,candidate,Structured compound record mined from local corpus text.
cmp_759b1c911e5b5e,entity_759b1c911e5b5e61,reported,reported,PQ-R,,ginsenoside,,C56H94O24,1150.6135038993,negative,[M-H]-,1149.6054,,,reported,,chunk_7e2a55989c3c3b1cbb8e,candidate,Structured compound record mined from local corpus text.
cmp_025acbe5a44b4e,entity_025acbe5a44b4e5d,reported,reported,G-Rd isomer,,ginsenoside,,C48H82O18,946.5501157951201,negative,[M-H]-,945.5437,783.4922;621.4408;459.387;783.4129;621.3799;459.3424,,reported,,chunk_7e2a55989c3c3b1cbb8e;chunk_d5f909b18dde303430ee;claim_struct_38ac1ee30275ab50;claim_struct_72b899e1075b819b;chunk_1a1f68d9d514cc587b81;chunk_3fbcfd2a032f66b908a5,candidate,Structured compound record mined from local corpus text.
cmp_586e945fd8cf65,entity_586e945fd8cf6585,reported,reported,Pseudo-G-RT,,ginsenoside,,C47H74O18,926.48751553728,negative,[M-H]-,925.481,,,reported,,chunk_7e2a55989c3c3b1cbb8e,candidate,Structured compound record mined from local corpus text.
cmp_c7e2e161d76727,entity_c7e2e161d7672796,reported,reported,G-Rb2/G-Rb3/G-Rc isomer,,ginsenoside,,C53H90O22,1078.59237453124,negative,[M-H]-,1077.5865,,,reported,,chunk_7e823cba6e7b94c6effa,candidate,Structured compound record mined from local corpus text.
cmp_19ed98879dbc64,entity_19ed98879dbc64d5,reported,reported,Acetyl G-Rc,,ginsenoside,,C55H92O23,1120.60293921527,negative,[M-H]-,1119.6001,1077.5876;945.5461;783.4922;621.4387;459.386,,reported,,chunk_7e823cba6e7b94c6effa;chunk_422e82f9c16efd5c8866,candidate,Structured compound record mined from local corpus text.
cmp_46ebfd4d0faab3,entity_46ebfd4d0faab388,reported,reported,PQ-R1 isomer,,ginsenoside,,C56H94O24,1150.6135038993,negative,[M-H]-,1149.6036,1107.6019;945.5455;783.4946;621.4411;459.3897,,reported,,chunk_7e823cba6e7b94c6effa;chunk_95caef31f73630e25b00;claim_struct_be66eb3dab60b506;chunk_a01eba6aabd82aeda459,candidate,Structured compound record mined from local corpus text.
cmp_460ff1a88909cf,entity_460ff1a88909cf97,reported,reported,G-Rs,,ginsenoside,,C55H92O23,1120.60293921527,negative,[M-H]-,1119.5986,,,reported,,chunk_95caef31f73630e25b00;claim_struct_cbdb21e8e4f3914d,candidate,Structured compound record mined from local corpus text.
cmp_3c1dfb232de48c,entity_3c1dfb232de48c72,reported,reported,G-Rd,,ginsenoside,,C48H82O18,946.5501157951201,negative,[M-H]-,945.5453,783.494;621.4411;459.3876;621.4388;945.5425,,reported,,chunk_95caef31f73630e25b00;chunk_2bb3d2b923e2cecf9845;chunk_ca6afe86d43c7d1d4af7,candidate,Structured compound record mined from local corpus text.
cmp_1bfb47025be132,entity_1bfb47025be132b1,reported,reported,CS IVa,,ginsenoside,,C42H66O14,794.44525680116,negative,[M-H]-,793.4354,631.3881;455.3552,,reported,,chunk_95caef31f73630e25b00;chunk_2bb3d2b923e2cecf9845,candidate,Structured compound record mined from local corpus text.
cmp_5a34e49b62aaa7,entity_5a34e49b62aaa7e9,reported,reported,20(R)-G-Rh,,ginsenoside,,C36H62O9,638.43938357439,negative,[M-H]-,637.4307,,,reported,,chunk_95caef31f73630e25b00,candidate,Structured compound record mined from local corpus text.
cmp_f61a12989a30d2,entity_f61a12989a30d228,reported,reported,G-Ra5 isomer,,ginsenoside,,C60H100O27,1252.64519795139,negative,[M-H]-,1251.6376,1209.6368;1077.5837;945.5439;783.4867;621.4428;459.3833,,reported,,chunk_d5f909b18dde303430ee;chunk_44e2d880700577e5c718,candidate,Structured compound record mined from local corpus text.
cmp_13e8d214294b4f,entity_13e8d214294b4fa6,reported,reported,Malonyl G-Rd,,ginsenoside,,C51H84O21,1032.55050971829,negative,[M-H]-,1031.5449,945.5449;783.4942;621.4404;459.3854,,reported,,chunk_d5f909b18dde303430ee;chunk_ea9fd530eb2896f54986,candidate,Structured compound record mined from local corpus text.
cmp_e8b01c71e6588d,entity_e8b01c71e6588d19,reported,reported,Acetyl G-Rd,,ginsenoside,,C50H84O19,988.5606804791499,negative,[M-H]-,987.5564,945.5446;783.498;621.3635;459.3897,,reported,,chunk_11d1c2fdc2b5580b2231;chunk_3fbcfd2a032f66b908a5,candidate,Structured compound record mined from local corpus text.
cmp_eec50eeb253920,entity_eec50eeb25392068,reported,reported,G-Ra7/G-Ra8/G-Ra,,ginsenoside,,C57H94O23,1146.61858927973,negative,[M-H]-,1145.6134,1077.5917;945.5481;783.4933;621.4425;459.3887;1077.591;945.5491;783.4952;621.4391;459.3888;1077.5893;945.546;783.4903;621.4385;459.3884,,reported,,chunk_11d1c2fdc2b5580b2231;chunk_a95da36205abca6a0b93;claim_struct_cb96ccc07908a1d8;chunk_4152b790a69fd3c2b135;claim_struct_4132c12ac9e48329;chunk_3fbcfd2a032f66b908a5;chunk_1c90a307f50ccf7b2b0f;chunk_9d87269f94909f211bfd,candidate,Structured compound record mined from local corpus text.
cmp_cf187aaf0a3bda,entity_cf187aaf0a3bda47,reported,reported,G-Ro methyl ester,,ginsenoside,,C49H78O19,970.51373028577,negative,[M-H]-,969.5033,807.4502;645.3971;455.3529;455.354;619.4312,,reported,,chunk_11d1c2fdc2b5580b2231;chunk_c45f5da5daa597ecf6ef;chunk_07158b980709b4d03d0d,candidate,Structured compound record mined from local corpus text.
cmp_99907524ff5294,entity_99907524ff52948c,reported,reported,Vinaginsenoside R,,ginsenoside,,C47H80O17,916.5395511110901,negative,[M-H]-,915.5351,,,reported,,chunk_a95da36205abca6a0b93,candidate,Structured compound record mined from local corpus text.
cmp_b6c76d6a8829d7,entity_b6c76d6a8829d74a,reported,reported,Gypenoside XVII,,ginsenoside,,C48H82O18,946.5501157951201,negative,[M-H]-,945.545,,,reported,,chunk_a95da36205abca6a0b93;chunk_0c57cce1b0272f034276,candidate,Structured compound record mined from local corpus text.
cmp_a8ef314fe3b4c3,entity_a8ef314fe3b4c30c,reported,reported,G-Ra6 isomer,,ginsenoside,,C58H96O24,1176.62915396376,negative,[M-H]-,1175.6235,1107.595;945.5417;783.4889;621.4376;459.3846,,reported,,chunk_a95da36205abca6a0b93;chunk_4152b790a69fd3c2b135;claim_struct_887a8b4867085259;chunk_654d2a4219b13a49d8a1,candidate,Structured compound record mined from local corpus text.
cmp_b5da29f513abe4,entity_b5da29f513abe49f,reported,reported,Pseudo-G-RC,,ginsenoside,,C50H84O19,988.5606804791499,negative,[M-H]-,987.5547,,,reported,,chunk_a95da36205abca6a0b93,candidate,Structured compound record mined from local corpus text.
cmp_aafb60719521a5,entity_aafb60719521a5d5,reported,reported,Pseudo-G-RC1 isomer,,ginsenoside,,C50H84O19,988.5606804791499,negative,[M-H]-,987.552,,,reported,,chunk_a95da36205abca6a0b93;chunk_4152b790a69fd3c2b135;claim_struct_de3881191ef502f3,candidate,Structured compound record mined from local corpus text.
cmp_f351dbdedfe620,entity_f351dbdedfe62045,reported,reported,NG-Fe,,ginsenoside,,C47H80O17,916.5395511110901,negative,[M-H]-,915.533,783.4948;621.4403;459.3896,,reported,,chunk_a95da36205abca6a0b93;chunk_1c90a307f50ccf7b2b0f,candidate,Structured compound record mined from local corpus text.
cmp_819d0e53a5379a,entity_819d0e53a5379a4b,reported,reported,Acetyl gypenoside XVII,,ginsenoside,,C50H84O19,988.5606804791499,negative,[M-H]-,987.5509,,,reported,,chunk_4152b790a69fd3c2b135,candidate,Structured compound record mined from local corpus text.
cmp_9710e11c0db939,entity_9710e11c0db9390b,reported,reported,CS IVa isomer,,ginsenoside,,C42H66O14,794.44525680116,negative,[M-H]-,793.4353,613.3864;455.295,,reported,,chunk_4152b790a69fd3c2b135;chunk_61004029bc1f218b90c1,candidate,Structured compound record mined from local corpus text.
cmp_2adc9032b49599,entity_2adc9032b49599fa,reported,reported,Acetyl G-Rg,,ginsenoside,,C44H74O14,826.507857059,negative,[M-H]-,825.5018,,,reported,,chunk_1655078aa05b269cc22a,candidate,Structured compound record mined from local corpus text.
cmp_e7e822882584c6,entity_e7e822882584c620,reported,reported,(20R)-G-Rg,,ginsenoside,,C42H72O13,784.49729237497,negative,[M-H]-,783.4918,,,reported,,chunk_1655078aa05b269cc22a,candidate,Structured compound record mined from local corpus text.
cmp_5683fa5d7f81ac,entity_5683fa5d7f81ac22,reported,reported,PG-Ro isomer,,ginsenoside,,C65H100O21,1216.67571023397,negative,[M-H]-,1215.6632,955.3862;793.3502;455.3036,,reported,,chunk_1655078aa05b269cc22a;chunk_92e85fe9c87b88de7e9f,candidate,Structured compound record mined from local corpus text.
cmp_2d3660a7d24a14,entity_2d3660a7d24a14a3,reported,reported,PG-Ro,,ginsenoside,,C65H100O21,1216.67571023397,negative,[M-H]-,1215.6661,955.3862;793.3502;455.3036,,reported,,chunk_1655078aa05b269cc22a;chunk_92e85fe9c87b88de7e9f,candidate,Structured compound record mined from local corpus text.
cmp_2782aa795f2975,entity_2782aa795f2975f1,reported,reported,G-Rs2,,ginsenoside,,C55H92O23,1120.60293921527,negative,[M-H]-,,1077.5906;945.5475;783.4957;621.441;459.3804,,reported,,chunk_8965c07dd560678f458f;chunk_6dfc323ebaf268fa58b3,candidate,Structured compound record mined from local corpus text.
cmp_b8ed38e87c37b2,entity_b8ed38e87c37b24f,reported,reported,G-Re1,,ginsenoside,,C48H82O19,962.54503041469,,,,799.4894;637.4409;475.3837;475.3979;961.5477;799.4829,,reported,,chunk_17559ab5861cab223c30;chunk_ce301891eaa5f1eecc48,candidate,Structured compound record mined from local corpus text.
cmp_f3e513a09956a6,entity_f3e513a09956a6ba,reported,reported,Floral G-M/Floral,,ginsenoside,,C53H90O22,1078.59237453124,,,,945.4295;783.3972;637.3243;475.3825;945.5433;783.4911;637.4353;475.3813,,reported,,chunk_17559ab5861cab223c30;chunk_8ad156d9a007abd9581f,candidate,Structured compound record mined from local corpus text.
cmp_7aa68b29019255,entity_7aa68b2901925572,reported,reported,G-Re4,,ginsenoside,,C47H80O18,932.53446573066,,,,799.4643;637.4221;475.3827;475.3795;653.4353,,reported,,chunk_8ad156d9a007abd9581f;chunk_4b6e771e1f0214266e3e,candidate,Structured compound record mined from local corpus text.
cmp_1cda1359c93381,entity_1cda1359c9338194,reported,reported,G-Re3,,ginsenoside,,C48H82O19,962.54503041469,,,,799.4857;637.4348;475.3824;799.4852,,reported,,chunk_b9378f3b91b1ce003c5a;chunk_acc6e934be5d2cae972b,candidate,Structured compound record mined from local corpus text.
cmp_1ee60b1343a528,entity_1ee60b1343a52861,reported,reported,NG-R1,,ginsenoside,,C47H80O18,932.53446573066,,,,799.4849;637.434;475.3805;945.5427,,reported,,chunk_b9378f3b91b1ce003c5a;chunk_be0cb7cae9058ae21c80,candidate,Structured compound record mined from local corpus text.
cmp_a5d5bef04f6534,entity_a5d5bef04f6534de,reported,reported,G-Re2,,ginsenoside,,C48H82O19,962.54503041469,,,,799.4857;637.4348;475.3824;637.4181;945.5443,,reported,,chunk_3be07d61de6906fe57fe;chunk_830bcd489bd464af970b,candidate,Structured compound record mined from local corpus text.
cmp_11d5cf053633d1,entity_11d5cf053633d1b5,reported,reported,G-Rg1,,ginsenoside,,C42H72O14,800.49220699454,,,,637.422;475.3808;475.3796;783.4931,,reported,,chunk_044d6944c92524203f88;chunk_55c682c5bf0714c6632a,candidate,Structured compound record mined from local corpus text.
cmp_54ebbbee941eed,entity_54ebbbee941eedb5,reported,reported,Acetyl,,ginsenoside,,C44H74O15,842.50277167857,negative,[M-H]-,1073.5526,637.4272;475.3861;799.4859;637.4329;475.3817;1107.5976;945.5437;783.4935;621.4422;459.3909;1107.6057;945.5442;783.4987;621.4469;459.3833;987.5481,,reported,,chunk_a24f55f6b2792aaceddb;chunk_bda5166aeddf8a6f2dac;chunk_94adec325330afc3200b;chunk_1681f0c0734defa78f6a;chunk_a74c7d47a84ba7aafd7f,candidate,Structured compound record mined from local corpus text.
cmp_1a470beb0d2d14,entity_1a470beb0d2d1455,reported,reported,Floral,,ginsenoside,,C53H90O23,1094.58728915081,,,,961.5412;799.4906;637.4356;475.3812;961.5403;799.4879;637.4345;475.3806;961.5461;799.4913;637.4359;475.3834,,reported,,chunk_61be960aa01deb0e55aa;chunk_f308d2d12ecb01c1391f;chunk_150886a374cd8cfa6221,candidate,Structured compound record mined from local corpus text.
cmp_4e3f5167b60140,entity_4e3f5167b60140a4,reported,reported,G-Re1/G-Re2/G-Re,,ginsenoside,,C48H82O19,962.54503041469,,,,799.488;637.4335;475.3794;799.4906;799.4758;637.4318;475.3832;799.4769;637.4354;475.3859;799.4754;637.4346;799.492;637.4251,,reported,,chunk_f308d2d12ecb01c1391f;chunk_150886a374cd8cfa6221;chunk_e1b9393f298346e23a6d;chunk_bb2cfb0cb25e378505b1;chunk_d3acabfeb9313aceb0ea,candidate,Structured compound record mined from local corpus text.
cmp_840d7f1e5c6c59,entity_840d7f1e5c6c5953,reported,reported,G-F3/G-F5,,ginsenoside,,C41H70O13,770.48164231051,,,,637.4335;475.3818,,reported,,chunk_150886a374cd8cfa6221,candidate,Structured compound record mined from local corpus text.
cmp_ff3822dc638a54,entity_ff3822dc638a5496,reported,reported,Yesanchinoside,,ginsenoside,,C44H74O15,842.50277167857,,,,637.4434;475.382;799.4859;637.4343;475.3826,,reported,,chunk_69f5f545bb3aa2db1b49;chunk_d3acabfeb9313aceb0ea;chunk_422e82f9c16efd5c8866,candidate,Structured compound record mined from local corpus text.
cmp_b7683986ae2a4f,entity_b7683986ae2a4f6b,reported,reported,NG-R4,,ginsenoside,,C59H100O27,1240.64519795139,,,,1077.6018;945.5488;783.4948;621.4415;459.3885;1107.5982;945.5493;637.4344,,reported,,chunk_d3acabfeb9313aceb0ea;chunk_56a9ba062b7ea0fc54cf,candidate,Structured compound record mined from local corpus text.
cmp_e7dfd27941a8dc,entity_e7dfd27941a8dc9d,reported,reported,Acetyl panajaponol,,ginsenoside,,C44H74O15,842.50277167857,,,,637.4332;475.3868;799.489;637.4344;475.3781,,reported,,chunk_3082f555030cfe0b794f;chunk_6b867ae00b2fa55f6add,candidate,Structured compound record mined from local corpus text.
cmp_95f7cadbc3af85,entity_95f7cadbc3af85ef,reported,reported,Malonyl NG-R4,,ginsenoside,,C62H102O30,1326.64559187456,,,,1077.4488;783.3907;621.3562;459.3844,,reported,,chunk_3082f555030cfe0b794f,candidate,Structured compound record mined from local corpus text.
cmp_80c445e36e544b,entity_80c445e36e544b55,reported,reported,KG-R1,,ginsenoside,,C46H76O15,868.51842174303,,,,799.484;637.3533;475.3205,,reported,,chunk_673e57ae559fbe27b514,candidate,Structured compound record mined from local corpus text.
cmp_bbd09d34df0fc1,entity_bbd09d34df0fc1f1,reported,reported,G-Ra2,,ginsenoside,,C58H98O26,1210.63463326736,,,,1077.5903;783.4951;621.435;799.4905,,reported,,chunk_51185dc843c11016bf81;chunk_5c77ad7ce0664b15b070,candidate,Structured compound record mined from local corpus text.
cmp_12fe90af0e47bc,entity_12fe90af0e47bc27,reported,reported,G-Ra3,,ginsenoside,,C59H100O27,1240.64519795139,,,,1107.4762;945.4465;783.4105;621.3742;459.3851;783.4811;637.4347,,reported,,chunk_6b867ae00b2fa55f6add;chunk_c3f9bf4aafc2ed711f09,candidate,Structured compound record mined from local corpus text.
cmp_8a8de1145f59f1,entity_8a8de1145f59f199,reported,reported,G-Rb1,,ginsenoside,,C54H92O23,1108.60293921527,,,,945.548;783.4952;621.4421;459.3878;637.4318,,reported,,chunk_839826e4934886ac02b2;chunk_b8343765d060f1e91136,candidate,Structured compound record mined from local corpus text.
cmp_dfd4ca17350dd5,entity_dfd4ca17350dd52c,reported,reported,NG-R2,,ginsenoside,,C41H70O13,770.48164231051,,,,637.3577;475.3724,,reported,,chunk_839826e4934886ac02b2,candidate,Structured compound record mined from local corpus text.
cmp_5db822ad20f206,entity_5db822ad20f2067a,reported,reported,Malonyl G-Rb1,,ginsenoside,,C57H94O26,1194.60333313844,,,,1107.5932;945.5413;783.4921;621.4384;459.3833,,reported,,chunk_839826e4934886ac02b2,candidate,Structured compound record mined from local corpus text.
cmp_0e0a32a9e1a4d4,entity_0e0a32a9e1a4d4c1,reported,reported,G-Ra1,,ginsenoside,,C58H98O26,1210.63463326736,,,,1077.5925;945.5485;783.4952;621.4418;459.3887;783.4912,,reported,,chunk_94adec325330afc3200b;chunk_fa9adedb3940c97c89e4,candidate,Structured compound record mined from local corpus text.
cmp_b028c328a2c35c,entity_b028c328a2c35c86,reported,reported,G-Rg2,,ginsenoside,,C42H72O13,784.49729237497,,,,637.3631;475.3871,,reported,,chunk_1681f0c0734defa78f6a,candidate,Structured compound record mined from local corpus text.
cmp_54bdab51a5ed7d,entity_54bdab51a5ed7d7c,reported,reported,G-Rb2,,ginsenoside,,C53H90O22,1078.59237453124,,,,945.5483;783.4955;621.4417;459.388,,reported,,chunk_1681f0c0734defa78f6a;chunk_9529c650eb9b9bfaa033,candidate,Structured compound record mined from local corpus text.
cmp_38d79c2f72ee38,entity_38d79c2f72ee3833,reported,reported,G-Rb3,,ginsenoside,,C53H90O22,1078.59237453124,,,,945.5483;783.4955;621.4417;459.388;783.4838;765.4795,,reported,,chunk_c39236526351f8822d18;chunk_bf7d39577a6b80d6f570,candidate,Structured compound record mined from local corpus text.
cmp_785007943bc3cf,entity_785007943bc3cf09,reported,reported,G-Rh1,,ginsenoside,,C36H62O9,638.43938357439,,,,475.3797,,reported,,chunk_3619e49b534f9a4ce986,candidate,Structured compound record mined from local corpus text.
cmp_7a0aaf2d975b63,entity_7a0aaf2d975b63e8,reported,reported,Malonyl G-Rb2,,ginsenoside,,C56H92O25,1164.59276845441,,,,1077.5878;945.5451;783.4913;621.4403;459.383,,reported,,chunk_3619e49b534f9a4ce986,candidate,Structured compound record mined from local corpus text.
cmp_b25bcb436b5ebd,entity_b25bcb436b5ebd42,reported,reported,Acetyl G-Rb2,,ginsenoside,,C55H92O23,1120.60293921527,,,,1077.59;945.5457;783.4938;621.4402;459.3845;1077.5852;945.5464;783.493;621.4393;459.3863,,reported,,chunk_3619e49b534f9a4ce986;chunk_ea9fd530eb2896f54986,candidate,Structured compound record mined from local corpus text.
cmp_792f5e28b491b8,entity_792f5e28b491b856,reported,reported,PQ-R1,,ginsenoside,,C56H94O24,1150.6135038993,,,,1107.6029;945.5488;783.4953;621.4415;459.3892,,reported,,chunk_c8e9107bce1afd08ab84,candidate,Structured compound record mined from local corpus text.
cmp_c34da9e1a83721,entity_c34da9e1a8372139,reported,reported,Pseudo-G-RT1,,ginsenoside,,C47H74O18,926.48751553728,,,,763.4315;631.384;455.3721,,reported,,chunk_c8e9107bce1afd08ab84,candidate,Structured compound record mined from local corpus text.
cmp_3aad3305041f63,entity_3aad3305041f63e9,reported,reported,G-Rb2/G-Rb3/G-Rc,,ginsenoside,,C53H90O22,1078.59237453124,,,,945.5438;783.492;621.4396;459.384,,reported,,chunk_422e82f9c16efd5c8866,candidate,Structured compound record mined from local corpus text.
cmp_c5eb928a8a0d4f,entity_c5eb928a8a0d4fa7,reported,reported,G-Ra5,,ginsenoside,,C60H100O27,1252.64519795139,,,,1209.6281;1077.5901;945.54429;783.4949;621.4359;459.3848,,reported,,chunk_a01eba6aabd82aeda459,candidate,Structured compound record mined from local corpus text.
cmp_1a91261d81a4d8,entity_1a91261d81a4d8ce,reported,reported,G-Rs1,,ginsenoside,,C55H92O23,1120.60293921527,,,,1077.5915;945.5485;783.4952;621.4429;459.3867,,reported,,chunk_44e2d880700577e5c718,candidate,Structured compound record mined from local corpus text.
cmp_7398ca5112ba4e,entity_7398ca5112ba4e53,reported,reported,20(R)-G-Rh1,,ginsenoside,,C36H62O9,638.43938357439,,,,475.3797;475.3809;637.4502,,reported,,chunk_44e2d880700577e5c718;chunk_f34f6ea452d17a60d2c0,candidate,Structured compound record mined from local corpus text.
cmp_a3033e21f11d96,entity_a3033e21f11d9645,reported,reported,G-Ra6,,ginsenoside,,C58H96O24,1176.62915396376,,,,1107.604;945.5456;783.4948;621.4396;459.3886,,reported,,chunk_1a1f68d9d514cc587b81,candidate,Structured compound record mined from local corpus text.
cmp_c50614a27df048,entity_c50614a27df04861,reported,reported,G-Re6,,ginsenoside,,C46H76O15,868.51842174303,,,,799.4846;637.4378;475.3779,,reported,,chunk_3fbcfd2a032f66b908a5,candidate,Structured compound record mined from local corpus text.
cmp_4272ac82c70df0,entity_4272ac82c70df074,reported,reported,Acetyl G-Rb3,,ginsenoside,,C55H92O23,1120.60293921527,,,,1077.5883;945.5493;783.4888;621.4386;459.3822,,reported,,chunk_5781ef44735c54246db5,candidate,Structured compound record mined from local corpus text.
cmp_8b60978cf0349b,entity_8b60978cf0349b68,reported,reported,Vinaginsenoside,,ginsenoside,,C47H80O17,916.5395511110901,,,,783.4955;621.4434;459.3825,,reported,,chunk_c45f5da5daa597ecf6ef,candidate,Structured compound record mined from local corpus text.
cmp_72b5e9a9dba187,entity_72b5e9a9dba187d9,reported,reported,Gypenoside,,ginsenoside,,C48H82O18,946.5501157951201,,,,783.4904;621.4424;459.383,,reported,,chunk_654d2a4219b13a49d8a1,candidate,Structured compound record mined from local corpus text.
cmp_2442bddd18492c,entity_2442bddd18492c1e,reported,reported,Pseudo-G-RC1,,ginsenoside,,C50H84O19,988.5606804791499,,,,945.4341;783.3964;621.3632;459.3312;945.5448;783.4899;621.4421;459.3891;945.5287;783.4778;621.4281;459.3798,,reported,,chunk_654d2a4219b13a49d8a1;chunk_1c90a307f50ccf7b2b0f;chunk_8d91bddac5b66a96dcd3,candidate,Structured compound record mined from local corpus text.
cmp_caf9176368c9f9,entity_caf9176368c9f933,reported,reported,Acetyl gypenoside,,ginsenoside,,C50H84O19,988.5606804791499,,,,945.5459;783.493;621.4416;459.3898,,reported,,chunk_9d87269f94909f211bfd,candidate,Structured compound record mined from local corpus text.
cmp_9937b8eeb9981b,entity_9937b8eeb9981bdd,reported,reported,Acetyl G-Rg3,,ginsenoside,,C44H74O14,826.507857059,,,,783.3963;621.3732;459.3369,,reported,,chunk_61004029bc1f218b90c1,candidate,Structured compound record mined from local corpus text.
cmp_aa67a0ccdafcce,entity_aa67a0ccdafcce4c,reported,reported,G-Rg3,,ginsenoside,,C42H72O13,784.49729237497,,,,621.373;459.3394,,reported,,chunk_92e85fe9c87b88de7e9f,candidate,Structured compound record mined from local corpus text.
cmp_4df54e6efd5d15,entity_4df54e6efd5d15b4,reported,reported,(20R)-G-Rg3,,ginsenoside,,C42H72O13,784.49729237497,,,,621.3732;459.3369,,reported,,chunk_92e85fe9c87b88de7e9f,candidate,Structured compound record mined from local corpus text.
cmp_a62fc8a2d9119e,entity_a62fc8a2d9119e86,reported,reported,G-Rh2,,ginsenoside,,C36H62O8,622.44446895482,,,,459.3858,,reported,,chunk_e3b41bd0cd110c5382cf,candidate,Structured compound record mined from local corpus text.
cmp_f104a08cccf4bb,entity_f104a08cccf4bb68,reported,reported,m/z 817.4709 m/z 1187.5853 -S1-S2 m/z 853.4953 -H2O,,ginsenoside,,C45H71O13,819.48946734274,,,,,,reported,,chunk_5e8633b403406a9110ef,candidate,Structured compound record mined from local corpus text.
cmp_20f9593019d9f0,entity_20f9593019d9f065,reported,reported,m/z 1187.5853 -S1-S2 m/z 853.4953 -H2O m/z425.3779,,ginsenoside,,C56H92O25Na,1187.58253773641,,,,,,reported,,chunk_78596ec3d24732ee19d8,candidate,Structured compound record mined from local corpus text.
cmp_b9e27bb928fd14,entity_b9e27bb928fd14bc,reported,reported,24(S)-Pseudoginsenoside F11,,ginsenoside,,C42H72O14,800.49220699454,,,,,,reported,,chunk_57487e24909998dbdf61;chunk_123c26ee6763d5888b13,candidate,Structured compound record mined from local corpus text.
cmp_e3656d927b1f98,entity_e3656d927b1f98f7,reported,reported,Ginsenoside F5,,ginsenoside,,C41H70O13,770.48164231051,,,,,,reported,,chunk_123c26ee6763d5888b13;chunk_b8adff2c9f351bd037b9,candidate,Structured compound record mined from local corpus text.
cmp_428ac04b93f3af,entity_428ac04b93f3aff2,reported,reported,Ginsenoside Rg2 isomer,,ginsenoside,,C42H72O13,784.49729237497,negative,[M-H]-,783.4904,637.4343;475.3813;637.4326;475.3784;475.3717;475.3777;475.3744;621.4398;475.3793,,reported,,chunk_123c26ee6763d5888b13;chunk_90148ca57831ca732d59;chunk_70ee31f1ea683e9c98f8;claim_struct_0083b0dcb2e46359;chunk_ddbc558f38b12054945a;chunk_914daeb1b269c78df30b;claim_struct_ac078becc354da75;chunk_d349cb9c04362a0b9dc2;claim_struct_045f5e0e99751c4b;chunk_e6d5201588cd394abe1e;claim_struct_aaa151dfd1b88627;chunk_1015a4bee7fc626272e7;claim_struct_ba14f4531d51b664,candidate,Structured compound record mined from local corpus text.
cmp_636439d6305b25,entity_636439d6305b259d,reported,reported,Pseudoginsenoside RT2,,ginsenoside,,C41H70O14,786.47655693008,,,,,,reported,,chunk_123c26ee6763d5888b13;chunk_55f665e63ae8621d187b,candidate,Structured compound record mined from local corpus text.
cmp_92d493fd3fa6d2,entity_92d493fd3fa6d2ef,reported,reported,Pseudoginsenoside RT5,,ginsenoside,,C36H62O10,654.43429819396,,,,,,reported,,chunk_30e06e0f9816b43a3f02,candidate,Structured compound record mined from local corpus text.
cmp_91b9870bbad63a,entity_91b9870bbad63ac4,reported,reported,20(S)-Ginsenoside Rg2,,ginsenoside,,C42H72O13,784.49729237497,,,,,,reported,,chunk_30e06e0f9816b43a3f02;chunk_b8adff2c9f351bd037b9,candidate,Structured compound record mined from local corpus text.
cmp_f3bebe84eb300f,entity_f3bebe84eb300f6c,reported,reported,20(S)-Ginsenoside Rh1,,ginsenoside,,C36H62O9,638.43938357439,,,,,,reported,,chunk_30e06e0f9816b43a3f02;chunk_698ea4d72eea57c92f7a,candidate,Structured compound record mined from local corpus text.
cmp_f18f801eee297e,entity_f18f801eee297e11,reported,reported,Malonylginsenoside Rb1,,ginsenoside,,C57H94O26,1194.60333313844,,,,,,reported,,chunk_30e06e0f9816b43a3f02,candidate,Structured compound record mined from local corpus text.
cmp_fdb17b7acae1e5,entity_fdb17b7acae1e560,reported,reported,20(R)-Ginsenoside Rg2,,ginsenoside,,C42H72O13,784.49729237497,,,,,,reported,,chunk_9b3d5d32a9431999ab32;chunk_b8adff2c9f351bd037b9,candidate,Structured compound record mined from local corpus text.
cmp_56af8ed5402cfe,entity_56af8ed5402cfe0b,reported,reported,Ginsenoside Rc,,ginsenoside,,C53H90O22,1078.59237453124,negative,[M-H]-,1077.5845,945.5432;783.4899;621.4377;459.3862,,reported,,chunk_9b3d5d32a9431999ab32;chunk_7aabccc130b0b1b8a1af;claim_struct_98a58db711cdf08f;chunk_2c82b7e414372849f471,candidate,Structured compound record mined from local corpus text.
cmp_fd919c12f5959c,entity_fd919c12f5959ccf,reported,reported,20(R)-Ginsenoside Rh1,,ginsenoside,,C36H62O9,638.43938357439,,,,,,reported,,chunk_9b3d5d32a9431999ab32;chunk_698ea4d72eea57c92f7a,candidate,Structured compound record mined from local corpus text.
cmp_48de595c2dc89f,entity_48de595c2dc89f4e,reported,reported,Malonyl-Rb2/Rb3/Rc,,ginsenoside,,C56H92O25,1164.59276845441,,,,,,reported,,chunk_9b3d5d32a9431999ab32;chunk_3457e09aed7a592916c8;chunk_d215d621d4796a7c20d6,candidate,Structured compound record mined from local corpus text.
cmp_b3a6760e99a1e6,entity_b3a6760e99a1e624,reported,reported,Ginsenoside Rb2,,ginsenoside,,C53H90O22,1078.59237453124,negative,[M-H]-,1077.5845,945.5392;783.4884;621.4386;459.3867,,reported,,chunk_3457e09aed7a592916c8;chunk_7aabccc130b0b1b8a1af;claim_struct_089281e2c0f660f8;chunk_44d4a4e6539fd0f822c9,candidate,Structured compound record mined from local corpus text.
cmp_8076691641eaa3,entity_8076691641eaa315,reported,reported,Ginsenoside Ro isomer,,ginsenoside,,C48H76O19,956.4980802213099,,,,,,reported,,chunk_3457e09aed7a592916c8,candidate,Structured compound record mined from local corpus text.
cmp_34e53eac091b41,entity_34e53eac091b4191,reported,reported,Malonyl-Rb1 iso,,ginsenoside,,C57H94O26,1194.60333313844,,,,,,reported,,chunk_3457e09aed7a592916c8,candidate,Structured compound record mined from local corpus text.
cmp_fd8bb2d99811c0,entity_fd8bb2d99811c061,reported,reported,Saponin Rb-2,,ginsenoside,,C47H74O18,926.48751553728,,,,,,reported,,chunk_3457e09aed7a592916c8,candidate,Structured compound record mined from local corpus text.
cmp_18b749064f08c7,entity_18b749064f08c778,reported,reported,Quinquenoside R1,,ginsenoside,,C56H94O24,1150.6135038993,negative,[M-H]-,1149.6057,1107.5938;1107.5945;945.5436;783.488;621.4371;459.3827;1107.5934,,reported,,chunk_d215d621d4796a7c20d6;chunk_1c1e6578ab8c9a02d5a4;claim_struct_3f6ebbdd7756d2dc;chunk_39bd4b90e138f733ce93;chunk_2650d1ff997ce776ca80;claim_struct_27b5991902f6c773;chunk_8498cdb7802326dcf7cc;claim_struct_b7c50fbb9e986442,candidate,Structured compound record mined from local corpus text.
cmp_7d5df58305f202,entity_7d5df58305f20200,reported,reported,Pseudoginsenoside RT1,,ginsenoside,,C47H74O18,926.48751553728,,,,,,reported,,chunk_d215d621d4796a7c20d6,candidate,Structured compound record mined from local corpus text.
cmp_b88e65cfba5fe3,entity_b88e65cfba5fe350,reported,reported,Malonyl-Rb2/Rb3/Rc iso,,ginsenoside,,C56H92O25,1164.59276845441,,,,,,reported,,chunk_d215d621d4796a7c20d6,candidate,Structured compound record mined from local corpus text.
cmp_9d197c716e5ed9,entity_9d197c716e5ed9c0,reported,reported,Ginsenoside Rs1/Rs2/iso,,ginsenoside,,C55H92O23,1120.60293921527,,,,,,reported,,chunk_d215d621d4796a7c20d6,candidate,Structured compound record mined from local corpus text.
cmp_6cf53cd8e18ecb,entity_6cf53cd8e18ecbba,reported,reported,Ginsenoside Rd,,ginsenoside,,C48H82O18,946.5501157951201,negative,[M-H]-,945.5423,783.4901;621.4373;459.3842;783.4871,,reported,,chunk_d215d621d4796a7c20d6;chunk_7aabccc130b0b1b8a1af;claim_struct_95a08070fb9ea404;chunk_999e859800fb40cc99ff;chunk_295b7f0143835428ee5d;claim_struct_12ffa21065a40737,candidate,Structured compound record mined from local corpus text.
cmp_fb1688de6681bb,entity_fb1688de6681bb5e,reported,reported,Malonyl-Rb2/Rb3/Rc isomer,,ginsenoside,,C56H92O25,1164.59276845441,,,,,,reported,,chunk_d215d621d4796a7c20d6,candidate,Structured compound record mined from local corpus text.
cmp_8ef798afb5bbeb,entity_8ef798afb5bbeb85,reported,reported,Chikusetsusaponin IVa,,ginsenoside,,C42H66O14,794.44525680116,,,,,,reported,,chunk_0c57cce1b0272f034276,candidate,Structured compound record mined from local corpus text.
cmp_9a289c7003e683,entity_9a289c7003e68392,reported,reported,Malonyl-Rd/isomer,,ginsenoside,,C51H84O21,1032.55050971829,,,,,,reported,,chunk_0c57cce1b0272f034276,candidate,Structured compound record mined from local corpus text.
cmp_2811fbb34191fe,entity_2811fbb34191fe5a,reported,reported,Ginsenoside Rs1/Rs2/isomer,,ginsenoside,,C55H92O23,1120.60293921527,,,,,,reported,,chunk_0c57cce1b0272f034276,candidate,Structured compound record mined from local corpus text.
cmp_3619e1049b80d0,entity_3619e1049b80d09d,reported,reported,Pseudoginsenoside Rc1,,ginsenoside,,C50H84O19,988.5606804791499,,,,,,reported,,chunk_f4729aeefd1ff82a307a,candidate,Structured compound record mined from local corpus text.
cmp_f930e19a8512b5,entity_f930e19a8512b534,reported,reported,Ginsenoside F2 r/s,,ginsenoside,,C42H72O13,784.49729237497,,,,,,reported,,chunk_f4729aeefd1ff82a307a,candidate,Structured compound record mined from local corpus text.
cmp_af632b7d4f613b,entity_af632b7d4f613be5,reported,reported,Quinquenoside I,,ginsenoside,,C52H86O19,1014.57633054361,,,,,,reported,,chunk_f4729aeefd1ff82a307a,candidate,Structured compound record mined from local corpus text.
cmp_fc3c2166807969,entity_fc3c216680796908,reported,reported,Ginsenoside Rg6/Rg4,,ginsenoside,,C42H70O12,766.48672769094,,,,,,reported,,chunk_f4729aeefd1ff82a307a,candidate,Structured compound record mined from local corpus text.
cmp_a2247010838202,entity_a2247010838202ab,reported,reported,Ginsenoside F2 isomer,,ginsenoside,,C42H72O13,784.49729237497,,,,,,reported,,chunk_f4729aeefd1ff82a307a,candidate,Structured compound record mined from local corpus text.
cmp_7f9c04f5789ec4,entity_7f9c04f5789ec480,reported,reported,Ginsenoside Rh4/Rk3,,ginsenoside,,C36H60O8,620.42881889036,,,,,,reported,,chunk_661eba1968728e6c9a27,candidate,Structured compound record mined from local corpus text.
cmp_597e0807473614,entity_597e08074736147f,reported,reported,Zingibroside R1,,ginsenoside,,C42H66O14,794.44525680116,negative,[M-H]-,793.4357,631.3824;631.3844;613.3732;569.3886;455.3533,,reported,,chunk_661eba1968728e6c9a27;chunk_92c648f4a1985dd9e150;chunk_77bea7f5c6bbef5c402a;claim_struct_43ba6e108d354e60,candidate,Structured compound record mined from local corpus text.
cmp_dde821fda856c6,entity_dde821fda856c6a4,reported,reported,20(S)-Ginsenoside Rg3,,ginsenoside,,C42H72O13,784.49729237497,,,,,,reported,,chunk_661eba1968728e6c9a27;chunk_732606ff740dcd63db0e,candidate,Structured compound record mined from local corpus text.
cmp_1fe630988db3e2,entity_1fe630988db3e2aa,reported,reported,Saponin Rb-4,,ginsenoside,,C42H66O14,794.44525680116,,,,,,reported,,chunk_661eba1968728e6c9a27,candidate,Structured compound record mined from local corpus text.
cmp_6d4910967c9844,entity_6d4910967c9844dd,reported,reported,20(R)-Ginsenoside Rg3,,ginsenoside,,C42H72O13,784.49729237497,,,,,,reported,,chunk_661eba1968728e6c9a27;chunk_732606ff740dcd63db0e,candidate,Structured compound record mined from local corpus text.
cmp_cd3edc94e8be6d,entity_cd3edc94e8be6d2d,reported,reported,Pseudoginsenoside RP1,,ginsenoside,,C41H64O13,764.43469211713,,,,,,reported,,chunk_275861491072e21eae27,candidate,Structured compound record mined from local corpus text.
cmp_391817cde8dd45,entity_391817cde8dd4555,reported,reported,Ginsenoside Rs3 isomer,,ginsenoside,,C44H74O14,826.507857059,,,,,,reported,,chunk_275861491072e21eae27;chunk_5e2d15c5c2385a962c91,candidate,Structured compound record mined from local corpus text.
cmp_8b9ae1e8e82229,entity_8b9ae1e8e822294c,reported,reported,20(S)-Ginsenoside Rs3,,ginsenoside,,C44H74O14,826.507857059,,,,,,reported,,chunk_275861491072e21eae27,candidate,Structured compound record mined from local corpus text.
cmp_6fe3a2942d3b05,entity_6fe3a2942d3b054f,reported,reported,Calenduloside E,,ginsenoside,,C36H56O9,632.39243338101,,,,,,reported,,chunk_275861491072e21eae27,candidate,Structured compound record mined from local corpus text.
cmp_256c012fdcd2d9,entity_256c012fdcd2d9f3,reported,reported,20(R)-Ginsenoside Rs3,,ginsenoside,,C44H74O14,826.507857059,,,,,,reported,,chunk_275861491072e21eae27,candidate,Structured compound record mined from local corpus text.
cmp_5a6f325db6364c,entity_5a6f325db6364c33,reported,reported,Ginsenoside Rg5/Rk1,,ginsenoside,,C42H70O12,766.48672769094,,,,,,reported,,chunk_5e2d15c5c2385a962c91,candidate,Structured compound record mined from local corpus text.
cmp_aa2ff9878e2a19,entity_aa2ff9878e2a1924,reported,reported,20(S)-Ginsenoside Rh2,,ginsenoside,,C36H62O8,622.44446895482,,,,,,reported,,chunk_5e2d15c5c2385a962c91;chunk_438d8b4969f95ab1dc9f,candidate,Structured compound record mined from local corpus text.
cmp_888ec826247b0f,entity_888ec826247b0ffb,reported,reported,20(R)-Ginsenoside Rh2,,ginsenoside,,C36H62O8,622.44446895482,,,,,,reported,,chunk_5e2d15c5c2385a962c91;chunk_438d8b4969f95ab1dc9f,candidate,Structured compound record mined from local corpus text.
cmp_8f64d756c20e18,entity_8f64d756c20e18de,reported,reported,Ginsenoside Rs4/Rs5,,ginsenoside,,C44H72O13,808.49729237497,,,,,,reported,,chunk_5e2d15c5c2385a962c91,candidate,Structured compound record mined from local corpus text.
cmp_aaa218acc2a4f6,entity_aaa218acc2a4f6ac,reported,reported,Ginsenoside Rk2/Rh3,,ginsenoside,,C36H60O7,604.43390427079,,,,,,reported,,chunk_c06f66399e366293781e,candidate,Structured compound record mined from local corpus text.
cmp_2885adcc4e7f5c,entity_2885adcc4e7f5c46,reported,reported,ginsenoside Ra1,,ginsenoside,,C58H98O26,1210.63463326736,negative,[M-H]-,1209.6268,1077.5844;1077.5841;945.5413;783.4902;621.4371,,reported,,chunk_aca53f9764a6bda613c7;chunk_5b5b9c43cc41cdca10b4;chunk_7c67bfd36cf430699eb0;claim_struct_a71b9340d469eae6,candidate,Structured compound record mined from local corpus text.
cmp_d09e71bd59bbe9,entity_d09e71bd59bbe9fe,reported,reported,ginsenoside Ra2,,ginsenoside,,C58H98O26,1210.63463326736,negative,[M-H]-,1209.6268,1077.5844;945.5457;783.4891;621.4388;459.3869,,reported,,chunk_aca53f9764a6bda613c7;chunk_664d9641c7a91df44463,candidate,Structured compound record mined from local corpus text.
cmp_07c8a311d6e0ea,entity_07c8a311d6e0ea6e,reported,reported,ginsenoside Ra3,,ginsenoside,,C59H100O27,1240.64519795139,negative,[M-H]-,1239.6374,1107.5947;945.5432;783.4896;621.4371;459.3842,,reported,,chunk_aca53f9764a6bda613c7;chunk_20479ed0255d2bb5fb00,candidate,Structured compound record mined from local corpus text.
cmp_fb308a9bd1ad9a,entity_fb308a9bd1ad9af5,reported,reported,ginsenoside Ra4,,ginsenoside,,C62H102O27,1278.66084801585,negative,[M-H]-,1277.653,1209.6573;1077.5818;945.5376;783.4933,,reported,,chunk_aca53f9764a6bda613c7;chunk_91bcf3554c365a167e59;claim_struct_a6ec41da08953e73;chunk_914daeb1b269c78df30b,candidate,Structured compound record mined from local corpus text.
cmp_2c219d55d133c4,entity_2c219d55d133c455,reported,reported,ginsenoside Ra5,,ginsenoside,,C60H100O27,1252.64519795139,negative,[M-H]-,1251.6374,1077.5898;1077.5972;1209.6232,,reported,,chunk_aca53f9764a6bda613c7;chunk_18f822eeef9be289989a;chunk_2f0c92d4ba6e44b12557;claim_struct_5005c0d24ac7cf25;chunk_9d8e87c18587fd032c9f;claim_struct_cc58d86a83805e8a,candidate,Structured compound record mined from local corpus text.
cmp_f32444a30ca840,entity_f32444a30ca840e5,reported,reported,ginsenoside Ra6,,ginsenoside,,C58H96O24,1176.62915396376,negative,[M-H]-,1175.6213,1107.5961;945.5278;783.4851;621.4348;459.3815,,reported,,chunk_7aabccc130b0b1b8a1af;chunk_f2cd48eb184490766ebe,candidate,Structured compound record mined from local corpus text.
cmp_915c6823b2b642,entity_915c6823b2b64240,reported,reported,ginsenoside Ra7,,ginsenoside,,C57H94O23,1146.61858927973,negative,[M-H]-,1145.6108,,,reported,,chunk_7aabccc130b0b1b8a1af,candidate,Structured compound record mined from local corpus text.
cmp_422d9d229be79b,entity_422d9d229be79b6e,reported,reported,ginsenoside Ra8,,ginsenoside,,C57H94O23,1146.61858927973,negative,[M-H]-,1145.6108,,,reported,,chunk_7aabccc130b0b1b8a1af,candidate,Structured compound record mined from local corpus text.
cmp_fb8d4fbdec955b,entity_fb8d4fbdec955bbb,reported,reported,ginsenoside Ra9,,ginsenoside,,C57H94O23,1146.61858927973,negative,[M-H]-,1145.6108,,,reported,,chunk_7aabccc130b0b1b8a1af,candidate,Structured compound record mined from local corpus text.
cmp_849ddc9ee5273e,entity_849ddc9ee5273ec4,reported,reported,malonyl-ginsenosi,,ginsenoside,,C57H94O26,1194.60333313844,negative,[M-H]-,1193.5955,,,reported,,chunk_25b4d865a62ac2384a4b,candidate,Structured compound record mined from local corpus text.
cmp_cb9d1a2253124a,entity_cb9d1a2253124a03,reported,reported,malonyl-notogins,,ginsenoside,,C62H102O30,1326.64559187456,negative,[M-H]-,1325.6378,,,reported,,chunk_25b4d865a62ac2384a4b,candidate,Structured compound record mined from local corpus text.
cmp_7c47ce9e59580d,entity_7c47ce9e59580d9b,reported,reported,notoginsenoside,,ginsenoside,,C59H100O27,1240.64519795139,negative,[M-H]-,1239.6374,,,reported,,chunk_99161a2c5f65290f6be9,candidate,Structured compound record mined from local corpus text.
cmp_f56bb412834604,entity_f56bb41283460496,reported,reported,ginsenoside Rs1,,ginsenoside,,C55H92O23,1120.60293921527,negative,[M-H]-,1119.5951,,,reported,,chunk_99161a2c5f65290f6be9,candidate,Structured compound record mined from local corpus text.
cmp_65badd991c896f,entity_65badd991c896f99,reported,reported,ginsenoside Rs2,,ginsenoside,,C55H92O23,1120.60293921527,negative,[M-H]-,1119.5951,1077.5853;945.5424;783.4914;621.4385;459.3856,,reported,,chunk_1c1e6578ab8c9a02d5a4;chunk_175cdc5fd983d2b95ed5,candidate,Structured compound record mined from local corpus text.
cmp_e936a9ddb823d0,entity_e936a9ddb823d0a8,reported,reported,gypenoside ⅩⅦ,,ginsenoside,,C48H82O18,946.5501157951201,negative,[M-H]-,945.5423,,,reported,,chunk_1c1e6578ab8c9a02d5a4,candidate,Structured compound record mined from local corpus text.
cmp_47dbc528370f3c,entity_47dbc528370f3c1f,reported,reported,pseudoginsenosid,,ginsenoside,,C50H84O19,988.5606804791499,negative,[M-H]-,987.5529,,,reported,,chunk_1c1e6578ab8c9a02d5a4,candidate,Structured compound record mined from local corpus text.
cmp_e6fc8f55fdc2bb,entity_e6fc8f55fdc2bbc6,reported,reported,Vina-ginsenoside,,ginsenoside,,C47H80O17,916.5395511110901,negative,[M-H]-,915.5317,783.4955;621.4334;459.3295,,reported,,chunk_1c1e6578ab8c9a02d5a4;chunk_f62d97f2af1b5c010597,candidate,Structured compound record mined from local corpus text.
cmp_ad12e53dcb4536,entity_ad12e53dcb453643,reported,reported,koryoginsenoside,,ginsenoside,,C54H92O24,1124.59785383484,negative,[M-H]-,1123.59,961.5287;799.4835;637.4333;475.382;961.5392;799.486,,reported,,chunk_1c1e6578ab8c9a02d5a4;chunk_b749afe70ce7884623d1;chunk_90148ca57831ca732d59;claim_struct_d54e1efeb3720bae;chunk_b0a49b3ff1287efa7f58,candidate,Structured compound record mined from local corpus text.
cmp_2ec6b6cd03228d,entity_2ec6b6cd03228d6e,reported,reported,ginsenoside Re1,,ginsenoside,,C48H82O19,962.54503041469,negative,[M-H]-,961.5372,799.4863;637.4342;475.3794,,reported,,chunk_1c1e6578ab8c9a02d5a4;chunk_51c27bdc1cfcb8cc92a8,candidate,Structured compound record mined from local corpus text.
cmp_2af02e68b59fb4,entity_2af02e68b59fb4dc,reported,reported,ginsenoside Re2,,ginsenoside,,C48H82O19,962.54503041469,negative,[M-H]-,961.5372,799.4866,,reported,,chunk_1c1e6578ab8c9a02d5a4;chunk_8b0d4fd16f7534c1e694,candidate,Structured compound record mined from local corpus text.
cmp_6853db04e14ae8,entity_6853db04e14ae862,reported,reported,ginsenoside Re3,,ginsenoside,,C48H82O19,962.54503041469,negative,[M-H]-,961.5372,799.4865;637.4351;475.3785,,reported,,chunk_1c1e6578ab8c9a02d5a4;chunk_b8b8247081a5df6d2fce,candidate,Structured compound record mined from local corpus text.
cmp_6a4dd182e0ce47,entity_6a4dd182e0ce4718,reported,reported,ginsenoside Re4,,ginsenoside,,C47H80O18,932.53446573066,negative,[M-H]-,931.5266,799.487;637.4311;475.3805,,reported,,chunk_cede274bcb6c91cff19e;chunk_c1077fde30e2da8f2a3b,candidate,Structured compound record mined from local corpus text.
cmp_52e69b9be833c3,entity_52e69b9be833c34b,reported,reported,ginsenoside Re6,,ginsenoside,,C46H76O15,868.51842174303,negative,[M-H]-,867.5106,,,reported,,chunk_cede274bcb6c91cff19e,candidate,Structured compound record mined from local corpus text.
cmp_e664126c0e257d,entity_e664126c0e257d7d,reported,reported,20-(R)-ginsenoside,,ginsenoside,,C42H72O13,784.49729237497,negative,[M-H]-,783.4895,,,reported,,chunk_15955d34e68303239283,candidate,Structured compound record mined from local corpus text.
cmp_9427c164145f63,entity_9427c164145f6329,reported,reported,20-gluco-ginsenoside,,ginsenoside,,C48H82O19,962.54503041469,negative,[M-H]-,961.5372,,,reported,,chunk_15955d34e68303239283,candidate,Structured compound record mined from local corpus text.
cmp_62384753ece538,entity_62384753ece5380a,reported,reported,ginsenoside Rh1,,ginsenoside,,C36H62O9,638.43938357439,negative,[M-H]-,637.4316,,,reported,,chunk_15955d34e68303239283,candidate,Structured compound record mined from local corpus text.
cmp_9a56f24d40f603,entity_9a56f24d40f60377,reported,reported,notoginsenoside R2,,ginsenoside,,C41H70O13,770.48164231051,negative,[M-H]-,769.4738,637.4324;475.3792,,reported,,chunk_15955d34e68303239283;chunk_b8adff2c9f351bd037b9;claim_struct_c7ae7c593f304561;chunk_1ad80e1d040fd2050c34,candidate,Structured compound record mined from local corpus text.
cmp_b506080fbc6bd6,entity_b506080fbc6bd6ae,reported,reported,koryoginsenoside R1,,ginsenoside,,C46H76O15,868.51842174303,negative,[M-H]-,867.5106,,,reported,,chunk_15955d34e68303239283,candidate,Structured compound record mined from local corpus text.
cmp_2cff75a5b58968,entity_2cff75a5b5896862,reported,reported,notoginsenoside N,,ginsenoside,,C48H82O19,962.54503041469,negative,[M-H]-,961.5372,799.4821;637.4316;475.382,,reported,,chunk_15955d34e68303239283;chunk_715fa770ee9e23e800b1,candidate,Structured compound record mined from local corpus text.
cmp_f4ede85d52949b,entity_f4ede85d52949b36,reported,reported,ginsenoside Re5,,ginsenoside,,C42H72O15,816.48712161411,negative,[M-H]-,815.4793,653.4321;653.423;653.4203;653.4243;491.3737;653.4332,,reported,,chunk_48ab71a520d8f796381f;chunk_c1a474386fbcd10f5656;claim_struct_ed2f374ca4c171c9;chunk_a4155b8722f56af61f12;claim_struct_364e54b0c2e0078a;claim_struct_fc2bc7c72e5b66e3;chunk_d1c689472a06085ce17c;claim_struct_4b47774f4ecd11ec,candidate,Structured compound record mined from local corpus text.
cmp_baae10626edc34,entity_baae10626edc3407,reported,reported,ginsenjilinol,,ginsenoside,,C42H72O15,816.48712161411,negative,[M-H]-,815.4793,653.4303;491.3732,,reported,,chunk_48ab71a520d8f796381f;chunk_62763fcbed0ade364055,candidate,Structured compound record mined from local corpus text.
cmp_fd8eba1c1f3a0b,entity_fd8eba1c1f3a0bf4,reported,reported,polyacetyleneginse,,ginsenoside,,C65H100O21,1216.67571023397,negative,[M-H]-,1215.6679,,,reported,,chunk_1281439c3ddd505382ae,candidate,Structured compound record mined from local corpus text.
cmp_bc1defdbdb15d2,entity_bc1defdbdb15d23d,reported,reported,Oxidated+hydrated protopanaxatriol+2,,ginsenoside,,C48H84O20,980.55559509872,negative,[M-H]-,979.5486,817.4918;799.4863;817.4996;799.4866,,reported,,chunk_05cd80d726df209742d4;chunk_fbd928d3aa8d261e9dea;claim_struct_503a4f9e10ddd7c7,candidate,Structured compound record mined from local corpus text.
cmp_443528f53e34c9,entity_443528f53e34c9a2,reported,reported,Ginsenoside Re5 isomer/Ginsenjilinol isomer,,ginsenoside,,C42H72O15,816.48712161411,negative,[M-H]-,861.4847,653.4335;491.3773;653.4305;491.3784;653.4324;491.3729;653.4277;491.3759;653.4119;491.3717;653.4325;491.3709;491.3724;653.4249;491.375;653.4233;653.4265;491.3747,,reported,,chunk_fbd928d3aa8d261e9dea;chunk_558f277475b24d9fc2fa;chunk_40161806d9346a35bb9b;chunk_cf0bac6ddb68865e7635;claim_struct_0877950e03781bcf;claim_struct_09dddbf8cb8e7270;chunk_4d4bb0ef118d03837386;claim_struct_b451f27ef22dead5;chunk_396c9b6b19717859101f;claim_struct_f6692a86f906def0;chunk_6cd6e15ed0f6d787210a;chunk_54af3f448b1464d459b9;claim_struct_edc12ef25c629405;chunk_009ab754e9d277eb12be;claim_struct_1c464e1eecba5c96;chunk_fd6d2907fdfc8080b57a;claim_struct_ebdac43e044d243c,candidate,Structured compound record mined from local corpus text.
cmp_89e3a0329fb7f1,entity_89e3a0329fb7f123,reported,reported,Oxidated-protopan,,ginsenoside,,C48H82O19,962.54503041469,negative,[M-H]-,1023.5377,799.4803,,reported,,chunk_c6453aa8bd4c6ba90fc5;chunk_558f277475b24d9fc2fa,candidate,Structured compound record mined from local corpus text.
cmp_ae807d31818cf1,entity_ae807d31818cf16c,reported,reported,Double bond hydrated-protopana,,ginsenoside,,C42H74O15,818.50277167857,negative,[M-H]-,863.5,655.4158;493.3926;655.4399,,reported,,chunk_c6453aa8bd4c6ba90fc5;chunk_8281cfafbfbe15063f30,candidate,Structured compound record mined from local corpus text.
cmp_917f002d97355f,entity_917f002d97355ffc,reported,reported,Oxidated-protopan axatriol+2Glc+Rha,,ginsenoside,,C48H82O19,962.54503041469,negative,[M-H]-,961.5387,799.4922;781.4753;635.4191;491.3735;781.4695;635.4142;491.3722,,reported,,chunk_558f277475b24d9fc2fa;chunk_631615057193b28c35a3;claim_struct_de81b51042b910f6,candidate,Structured compound record mined from local corpus text.
cmp_ee10b1f0796230,entity_ee10b1f079623048,reported,reported,Methyl,,ginsenoside,,C42H70O15,814.47147154965,negative,[M-H]-,859.4696,651.4141,,reported,,chunk_c1a474386fbcd10f5656,candidate,Structured compound record mined from local corpus text.
cmp_d5744bd608bc57,entity_d5744bd608bc57e9,reported,reported,Dioxidated,,ginsenoside,,C42H72O16,832.48203623368,negative,[M-H]-,877.4809,,,reported,,chunk_e9e8e2619f396aa7c83c,candidate,Structured compound record mined from local corpus text.
cmp_65dff45618bd05,entity_65dff45618bd05e6,reported,reported,Methyl etherified-protopan axatriol+2Glc,,ginsenoside,,C42H70O15,814.47147154965,negative,[M-H]-,859.4695,651.4139;489.3561;651.4103;489.3588;651.454;489.3578;489.3678;651.4153;489.3582,,reported,,chunk_e9e8e2619f396aa7c83c;chunk_d637bf42580ae5cb9761;claim_struct_efa0dd4ce67c9595;chunk_510e8f3a309912930d90;claim_struct_d378c9f88f3c6ea0;chunk_43240e98b2f132bb1d7e;claim_struct_c541445a8a2b7e46;chunk_d840e02ff32e974e2943;claim_struct_0e6956e9215a26cf,candidate,Structured compound record mined from local corpus text.
cmp_6be08de187d2bf,entity_6be08de187d2bffb,reported,reported,Oxidated+hydrated,,ginsenoside,,C42H74O15,818.50277167857,negative,[M-H]-,863.5018,,,reported,,chunk_40161806d9346a35bb9b,candidate,Structured compound record mined from local corpus text.
cmp_d9c275e7d44233,entity_d9c275e7d44233ca,reported,reported,Floralginsenoside,,ginsenoside,,C53H90O23,1094.58728915081,negative,[M-H]-,1093.5796,961.5309;799.4976;799.4872;799.4849;799.4889;799.4887;799.4835;799.4787;945.5451;945.5461;945.5437,,reported,,chunk_a4155b8722f56af61f12;chunk_d1c689472a06085ce17c;claim_struct_56d3e67f060b7cb2;chunk_9c6794a22aaa3330ed7c;claim_struct_f319a7a417e31ed9;chunk_2628587dd5ae8e4c0654;chunk_c8b2327b32b8e77f84aa;claim_struct_4d4d2beed9485400;chunk_cfb39ba3355e1c430b34;claim_struct_ebf17da4a23caf90;chunk_6cd6e15ed0f6d787210a;claim_struct_c13a5a243b2b40c5;chunk_009ab754e9d277eb12be;claim_struct_95cff872892a1bf0;chunk_c1077fde30e2da8f2a3b;chunk_b6c97d33f4173f2f6c15;claim_struct_b21b426a36210215;chunk_75cc07695c4c90b4e366;claim_struct_14926d014a0e0e48,candidate,Structured compound record mined from local corpus text.
cmp_f5db0951f750f9,entity_f5db0951f750f9d8,reported,reported,Oxidated-protopan axatriol+Ara/Xyl+R ha+Glc,,ginsenoside,,C47H80O18,932.53446573066,negative,[M-H]-,931.5269,491.3748;653.4296;491.3808,,reported,,chunk_52cf672db56806aea90b;claim_struct_52c86a5b7183ddbb,candidate,Structured compound record mined from local corpus text.
cmp_a59f89cdb60fc2,entity_a59f89cdb60fc2b7,reported,reported,Protopanaxatriol+3,,ginsenoside,,C54H92O23,1108.60293921527,negative,[M-H]-,1107.5944,945.54;945.5454;945.5414;945.5482;945.5467;945.5471;1093.5801;1093.5773;1093.5796;1093.5677,,reported,,chunk_52cf672db56806aea90b;chunk_b8b8247081a5df6d2fce;claim_struct_8ac39485c3310786;chunk_51c27bdc1cfcb8cc92a8;claim_struct_05a781ccf3b1c7d5;chunk_510e8f3a309912930d90;claim_struct_404b2dc0cfd338af;chunk_75cc07695c4c90b4e366;claim_struct_a7879ff884bce8e6;chunk_b749afe70ce7884623d1;claim_struct_6e374e1b78ccf529;chunk_ccffdfc75154a4c39823;chunk_53281f87a53e0c66fb6e;claim_struct_0436b68f9962f93e;chunk_6677191325948a74c58a;claim_struct_8f938a362ea4618b;chunk_4a9abb94fd4cfa774c19;claim_struct_10c2a75eeaf4199a,candidate,Structured compound record mined from local corpus text.
cmp_51d9da91477c6d,entity_51d9da91477c6d7b,reported,reported,Protopanaxatriol+2,,ginsenoside,,C48H82O18,946.5501157951201,negative,[M-H]-,1209.624,1077.5824;1077.582;621.4367;783.4864;783.4846;621.4323,,reported,,chunk_b8b8247081a5df6d2fce;chunk_331449f50dc7e60d69f2;claim_struct_fe6658b28df95616;chunk_4c9bb249b2cebe917e64;chunk_a962891d57892bcb4884;chunk_77bea7f5c6bbef5c402a;claim_struct_0d2c41d51516b9c2,candidate,Structured compound record mined from local corpus text.
cmp_dc6d2c6cdf6065,entity_dc6d2c6cdf60655f,reported,reported,Oxidated-protopan axatriol+3Glc,,ginsenoside,,C48H82O20,978.53994503426,negative,[M-H]-,1023.5371,815.4866;797.4678;653.4309;635.4155;491.3808,,reported,,chunk_42a0d9dc1b46b8a70d9e,candidate,Structured compound record mined from local corpus text.
cmp_314921f8b03d2c,entity_314921f8b03d2c72,reported,reported,Oxidated-protopan axatriol+Glc+Malon yl Glc,,ginsenoside,,C45H74O18,902.48751553728,negative,[M-H]-,901.4805,815.4798;653.4215;491.3746,,reported,,chunk_42a0d9dc1b46b8a70d9e,candidate,Structured compound record mined from local corpus text.
cmp_d7133f0206395e,entity_d7133f0206395ed6,reported,reported,Malonyl-ginsenosid,,ginsenoside,,C51H84O21,1032.55050971829,negative,[M-H]-,1047.5388,961.5326;799.4797;945.5322;945.5437;945.5433;945.5459;1209.62268;1209.6318;1077.5848;1077.5858;945.5435;1077.5853;945.5468;1077.5852;945.5432;1077.5864;945.5447;1107.5895,,reported,,chunk_d637bf42580ae5cb9761;chunk_37e5c43899f783af90f9;chunk_b8b9a5fae780b9d8b381;claim_struct_5de68e3d0cdd7545;chunk_9fd23e120284663f1c75;claim_struct_6e2f136a5d5af41e;chunk_bfa15bc39fdc8146ca2c;claim_struct_5b9a432729dd74a4;chunk_96a185d4d170ce54706a;chunk_37538bfe77cc21ac24e8;claim_struct_c4d908f5c4067bc5;chunk_3dec00069bfcf8b7e161;chunk_b5fe090dd395e229803f;claim_struct_d8be04e6a8a70f29;chunk_2260222ec38f7ddb65a3;claim_struct_3f65e73215b8149e;chunk_05215cba2cc20e88196f;claim_struct_f233500fa4ae5e46;chunk_1f945a4e6c57f6a91530,candidate,Structured compound record mined from local corpus text.
cmp_ee685836be12c1,entity_ee685836be12c16e,reported,reported,Oxidated-protopan axatriol+Glc+Rha,,ginsenoside,,C42H72O14,800.49220699454,negative,[M-H]-,799.4855,653.4247;491.3707;653.4296;635.4138;491.3751;653.4266;491.3747;637.4328;637.4229;491.3701,,reported,,chunk_c1077fde30e2da8f2a3b;chunk_2a111a871f7ba342e31b;claim_struct_47831d74e0745792;chunk_9b548286d6dd6193a260;claim_struct_225cee686ae406c7;chunk_459735b7e268c2585f6a;chunk_854dc94d845782282241;claim_struct_498bda6e124b6e3c,candidate,Structured compound record mined from local corpus text.
cmp_5447cf75ba9ef3,entity_5447cf75ba9ef3ed,reported,reported,Ginsenoside Rf2,,ginsenoside,,C42H74O14,802.507857059,negative,[M-H]-,847.5063,655.4425;493.3891,,reported,,chunk_c1077fde30e2da8f2a3b,candidate,Structured compound record mined from local corpus text.
cmp_a27d067bb081f7,entity_a27d067bb081f725,reported,reported,Double bond hydrated-protopana xatriol+2Glc,,ginsenoside,,C42H74O15,818.50277167857,negative,[M-H]-,863.4995,655.4329;493.3911,,reported,,chunk_2a111a871f7ba342e31b,candidate,Structured compound record mined from local corpus text.
cmp_08c26702f07914,entity_08c26702f07914da,reported,reported,Dehydrogenated-pr otopanaxatriol+4Glc,,ginsenoside,,C50H90O27,1122.56694762909,negative,[M-H]-,1299.6212,1121.5668;959.5083;959.5172;797.469;635.4152;473.3636;959.5171;797.468;779.4545;635.4135;617.4081,,reported,,chunk_2a111a871f7ba342e31b;chunk_b749afe70ce7884623d1;chunk_9f70c849b6160869bf4c;claim_struct_a0d42941149faaa1,candidate,Structured compound record mined from local corpus text.
cmp_cac1b3640c78d1,entity_cac1b3640c78d11c,reported,reported,20-Gluco-ginsenosi de Rf,,ginsenoside,,C48H82O19,962.54503041469,negative,[M-H]-,961.5369,799.4857;637.4313;475.3779,,reported,,chunk_4d4bb0ef118d03837386,candidate,Structured compound record mined from local corpus text.
cmp_3ca93aab320b61,entity_3ca93aab320b61d8,reported,reported,Acetyl ginsenoside,,ginsenoside,,C50H84O20,1004.55559509872,negative,[M-H]-,1003.5487,961.5366;961.5382;961.5333;961.5358;955.4882;955.4804,,reported,,chunk_188e635f0b7593e321dd;chunk_8cdca72f5667564738c1;claim_struct_cd353f0b224225bb;chunk_13fbe66f13876cc2e9c1;claim_struct_77c12b405bb3ca92;chunk_8928147b2d1e400d0545;claim_struct_d9d28e66b6bd9c1d;chunk_2f6f8a757f20e58b3e80;chunk_1e0fe7dfbd0154011493;claim_struct_e9116686f95ffa43,candidate,Structured compound record mined from local corpus text.
cmp_239a9af2ce5db7,entity_239a9af2ce5db79c,reported,reported,Ginsenoside Rf2 isomer,,ginsenoside,,C42H74O14,802.507857059,negative,[M-H]-,847.506,655.434;493.3745,,reported,,chunk_51c27bdc1cfcb8cc92a8,candidate,Structured compound record mined from local corpus text.
cmp_c49a38d3daea8f,entity_c49a38d3daea8f66,reported,reported,Double bond hydrated-protopana xatriol+4Glc,,ginsenoside,,C54H94O25,1142.60841851887,negative,[M-H]-,1141.5999,979.5508;817.498;799.4844;655.4418,,reported,,chunk_b6c97d33f4173f2f6c15,candidate,Structured compound record mined from local corpus text.
cmp_523d29e7fb0d53,entity_523d29e7fb0d53f4,reported,reported,Oxidated-protopan axatriol+Glc,,ginsenoside,,C36H62O10,654.43429819396,negative,[M-H]-,699.4317,491.3727,,reported,,chunk_8b0d4fd16f7534c1e694,candidate,Structured compound record mined from local corpus text.
cmp_df92473a3cde64,entity_df92473a3cde64b5,reported,reported,Double bond hydrated-protopana xatriol+3Glc+Xyl/Ar,,ginsenoside,,C53H92O24,1112.59785383484,negative,[M-H]-,1111.5915,979.5418;817.4936;799.4843;655.4416;979.5455;817.4952;799.4852;655.4422,,reported,,chunk_8b0d4fd16f7534c1e694;chunk_2ee26889a566d55b31ef;claim_struct_0406f02e4620f67e,candidate,Structured compound record mined from local corpus text.
cmp_6269703554bf5c,entity_6269703554bf5c1b,reported,reported,(E)-But-2-enoyl-gins enoside,,ginsenoside,,C63H104O28,1308.67141269988,negative,[M-H]-,1045.5572,931.5161;961.5285;799.4877;1239.6508;1107.5946,,reported,,chunk_e2c3171bcb0dac6da595;chunk_459735b7e268c2585f6a;chunk_39aa8ef15f5949ead0c3,candidate,Structured compound record mined from local corpus text.
cmp_4cc5bb5a7c7bb5,entity_4cc5bb5a7c7bb599,reported,reported,Ginsenoside Re5 isomer/Ginsenjilinol,,ginsenoside,,C42H72O15,816.48712161411,negative,[M-H]-,815.4794,653.4219,,reported,,chunk_3d27563a435c41911294,candidate,Structured compound record mined from local corpus text.
cmp_fd255c4a2c3608,entity_fd255c4a2c36085c,reported,reported,Malonyl-20-Gluco-g insenoside Rf,,ginsenoside,,C51H84O22,1048.54542433786,negative,[M-H]-,1047.5377,961.5388;799.4798;637.4352;475.3803,,reported,,chunk_43240e98b2f132bb1d7e,candidate,Structured compound record mined from local corpus text.
cmp_7197ece9078516,entity_7197ece907851687,reported,reported,Double bond,,ginsenoside,,C42H74O15,818.50277167857,negative,[M-H]-,863.499,979.5484,,reported,,chunk_43240e98b2f132bb1d7e;chunk_9f70c849b6160869bf4c;claim_struct_bf8aba7b70d071db;chunk_71a02ea07eb25f34f97d,candidate,Structured compound record mined from local corpus text.
cmp_1d3ff3bc675004,entity_1d3ff3bc67500435,reported,reported,Protopanaxatriol+,,ginsenoside,,C56H92O26,1180.58768307398,negative,[M-H]-,1137.5707,961.5355;1093.5884;1093.5836;1093.5822;1093.5802;1093.5795;1093.5788;769.4741;637.4381;607.4248,,reported,,chunk_95b531900eb2c4790585;chunk_90148ca57831ca732d59;chunk_4c0321090614aebd46a1;claim_struct_f29f56d5892cf245;chunk_3d617d8ad57e62b642c7;chunk_9771e49ba4dee948fba5;claim_struct_0bf8d7b486d693f3;chunk_fe04bfe9d0ab3811de18;claim_struct_cca697aaccf98727;chunk_a76efc4d89810bcb74f0;claim_struct_18fbf85867545674;chunk_4a9abb94fd4cfa774c19;chunk_544962d9e757af72b5fb;chunk_d134add8cb0ba1834686;claim_struct_5dc4761c47a618a6;chunk_ddf20c4304c1d86a4b32,candidate,Structured compound record mined from local corpus text.
cmp_59dd35cb59995b,entity_59dd35cb59995ba0,reported,reported,Notoginsenoside Nisomer,,ginsenoside,,C48H82O19,962.54503041469,negative,[M-H]-,961.5372,799.4891;637.4326;475.3784;799.3901;637.3561;475.3701,,reported,,chunk_62763fcbed0ade364055;chunk_cf0bac6ddb68865e7635;claim_struct_736daad88b53372f,candidate,Structured compound record mined from local corpus text.
cmp_6c1b103ec4f83a,entity_6c1b103ec4f83a93,reported,reported,Double bond hydrated-protopana xatriol+2Glc+Acetyl,,ginsenoside,,C50H86O21,1022.56615978275,negative,[M-H]-,1153.6014,1111.5779;1093.5718;817.4957;979.5511;799.485;655.4395,,reported,,chunk_62763fcbed0ade364055;chunk_1a27d566f407cc291cd9,candidate,Structured compound record mined from local corpus text.
cmp_42fa0ce4425447,entity_42fa0ce4425447d7,reported,reported,Koryoginsenoside isomer,,ginsenoside,,C54H92O24,1124.59785383484,negative,[M-H]-,1123.5907,961.5385;799.4851;637.4326;475.3795;961.5416;799.4856;637.4343;475.3789;961.5415;637.4243;475.3768;961.5357;799.483;637.4338;475.3849,,reported,,chunk_e5369181e2b751ff7b26;chunk_0527753e50048eef9aac;claim_struct_a29dd705efe4cdbc;chunk_e8968b11280e0c0c857c;claim_struct_bde7f98748603330;chunk_009ab754e9d277eb12be;claim_struct_a10561b565ee2190,candidate,Structured compound record mined from local corpus text.
cmp_6eace709e87640,entity_6eace709e876403a,reported,reported,Double bond hydrated-protopana xatriol+3Glc,,ginsenoside,,C48H84O20,980.55559509872,negative,[M-H]-,1025.5533,817.4959;799.4861;655.4432;637.4311;817.4875;799.4833;655.4424;637.4407,,reported,,chunk_e5369181e2b751ff7b26;chunk_33ccc43f84d5c18f8719;claim_struct_b56147234269d9aa,candidate,Structured compound record mined from local corpus text.
cmp_44a6eb09ecdda7,entity_44a6eb09ecdda725,reported,reported,Double bond hydrated-protopana xatriol+2Glc+Malon yl Glc+Xyl/Ara,,ginsenoside,,C56H94O27,1198.59824775801,negative,[M-H]-,1197.5901,1111.5878;817.4951;799.4863;655.443,,reported,,chunk_8bdacd1fb3e8babbc78b,candidate,Structured compound record mined from local corpus text.
cmp_667b7ff5e2f6ec,entity_667b7ff5e2f6ecf4,reported,reported,Ginsenoside Reisomer,,ginsenoside,,C48H82O18,946.5501157951201,negative,[M-H]-,945.5444,783.4899;637.4322;475.3793;783.4913;637.4334;475.3796;783.4896;637.4319;475.3794;783.4995;637.4312;475.3776,,reported,,chunk_550e85352df64c6bed8f;chunk_c8b2327b32b8e77f84aa;chunk_2628587dd5ae8e4c0654;claim_struct_c0a7a3f504ee444f;chunk_61cc3475ac19b478f9c8;claim_struct_7efc524a033dc768;chunk_ccffdfc75154a4c39823;claim_struct_291c422816786efb,candidate,Structured compound record mined from local corpus text.
cmp_c9402a61578a6e,entity_c9402a61578a6ecc,reported,reported,Dehydrogenated-pr otopanaxatriol+3Glc,,ginsenoside,,C57H92O27,1208.58259769355,negative,[M-H]-,1207.5728,1121.5715;959.524;1121.5773;797.4738;959.5298;797.4679;779.459;635.4178;617.4015;473.3635;797.4698;779.4591;635.4156;617.4064,,reported,,chunk_550e85352df64c6bed8f;chunk_7c2cbe98b4fa28c580ef;claim_struct_384ff77ecb1885d9;chunk_37e5c43899f783af90f9;chunk_cfb39ba3355e1c430b34;chunk_70ee31f1ea683e9c98f8;claim_struct_5ed6926f31be9d10,candidate,Structured compound record mined from local corpus text.
cmp_e5a87f6bfbd219,entity_e5a87f6bfbd2198c,reported,reported,Notoginsenoside R1 isomer,,ginsenoside,,C47H80O18,932.53446573066,negative,[M-H]-,931.5276,637.4321;475.3806;799.4843;637.4326;475.38,,reported,,chunk_eca058a9488cfecfed6a;chunk_2628587dd5ae8e4c0654;claim_struct_ec9a2969845d9f34,candidate,Structured compound record mined from local corpus text.
cmp_85f609d82facfb,entity_85f609d82facfb08,reported,reported,Double bond hydrated-protopana xatriol+4Glc+Acetyl,,ginsenoside,,C56H96O26,1184.6189832029,negative,[M-H]-,1183.6119,1141.6007;1123.5983;817.4993,,reported,,chunk_eca058a9488cfecfed6a,candidate,Structured compound record mined from local corpus text.
cmp_ac0ad6357b25a4,entity_ac0ad6357b25a464,reported,reported,Floralginsenoside isomer/Floralginsen oside N isomer,,ginsenoside,,C53H90O22,1078.59237453124,negative,[M-H]-,1077.585,945.5454;799.4864;637.4312;475.3795;945.5455;799.4836;637.4388;475.3786,,reported,,chunk_9c6794a22aaa3330ed7c;chunk_71a02ea07eb25f34f97d;claim_struct_2ad81e99ed7456a1,candidate,Structured compound record mined from local corpus text.
cmp_755e8e0b105819,entity_755e8e0b1058195a,reported,reported,Oxidated-protopan axatriol+Acetyl,,ginsenoside,,C44H74O15,842.50277167857,negative,[M-H]-,841.4953,799.475;653.4247,,reported,,chunk_9c6794a22aaa3330ed7c,candidate,Structured compound record mined from local corpus text.
cmp_7c2b020f5d06cc,entity_7c2b020f5d06cc5a,reported,reported,Malonyl-ginsenosid e Re1,,ginsenoside,,C51H84O22,1048.54542433786,negative,[M-H]-,1047.5378,961.5299;799.4873;637.4313;475.3788,,reported,,chunk_99fb4a9f6b915dfc6dc5,candidate,Structured compound record mined from local corpus text.
cmp_2eddce58bdd62f,entity_2eddce58bdd62fee,reported,reported,Methyl etherified+Dehydro genated-protopanax atriol+2Glc+Glu A,,ginsenoside,,C48H76O21,988.48790946045,negative,[M-H]-,987.4805,825.4283;807.4205;487.344,,reported,,chunk_99fb4a9f6b915dfc6dc5,candidate,Structured compound record mined from local corpus text.
cmp_51129069d4810d,entity_51129069d4810dbe,reported,reported,Dihydrogenated-pr otopanaxatriol+3Glc,,ginsenoside,,C48H84O19,964.5606804791499,negative,[M-H]-,1009.5579,801.4996;783.487;639.4477;621.438;963.5483;963.5554,,reported,,chunk_996fc906ea2c371394fd;chunk_5c6130d45e89766d651f;chunk_3af9af2d18b2b5cade67;claim_struct_115d1771b1275630,candidate,Structured compound record mined from local corpus text.
cmp_ce1f217c857b8b,entity_ce1f217c857b8b8e,reported,reported,Malonyl-ginsenosid e Re isomer,,ginsenoside,,C51H84O21,1032.55050971829,negative,[M-H]-,1031.5427,945.546;783.4988;637.434;475.3803;945.5392;783.488;637.4326;475.3799;945.5383;783.4823;637.4324;475.3781;783.4922;637.4341;475.3785,,reported,,chunk_996fc906ea2c371394fd;chunk_396c9b6b19717859101f;claim_struct_bce8524c25c46d20;chunk_715fa770ee9e23e800b1;claim_struct_b4d9604fd757e6de;chunk_93badd385d996c9aed5c;claim_struct_39b0629022828b1e,candidate,Structured compound record mined from local corpus text.
cmp_0e841627943f82,entity_0e841627943f826f,reported,reported,Oxidated-protopan axatriol+Glc+Acetyl,,ginsenoside,,C44H74O16,858.49768629814,negative,[M-H]-,903.4963,815.4803;653.426,,reported,,chunk_1a27d566f407cc291cd9,candidate,Structured compound record mined from local corpus text.
cmp_73ec3a5f426322,entity_73ec3a5f4263227f,reported,reported,Double bond hydrated-protopana xatriol+2Glc+Malon yl Glc,,ginsenoside,,C51H86O23,1066.5559890218901,negative,[M-H]-,1065.5492,979.5419;817.4968;799.4857;655.4406;979.5517;817.5003;799.4806;655.4362;637.4373,,reported,,chunk_820b3d4385e04b5d2e07;chunk_61cc3475ac19b478f9c8;claim_struct_5448bdf384b40e24,candidate,Structured compound record mined from local corpus text.
cmp_394dd665f6b32c,entity_394dd665f6b32c09,reported,reported,Acetyl-ginsenoside,,ginsenoside,,C50H84O19,988.5606804791499,negative,[M-H]-,841.4947,637.4321;637.4342;945.5494;945.5436;945.5412;945.5394;945.5439;945.5435;621.4418;945.5443;637.433;945.5396;945.5446;945.5393;621.437;945.5433;945.5461;945.5444;945.547;637.4393;637.4276;1239.6373;1239.6389;1239.6371;1239.6315;1239.6387;1239.6411;1239.6388;1239.6306;1239.6392;793.4557;955.4778;793.4395;783.4869;783.4867;783.4904;783.4849;783.4891;783.4015;783.4898;783.485;783.495;783.4951;783.4903,,reported,,chunk_cf0bac6ddb68865e7635;chunk_c8b2327b32b8e77f84aa;claim_struct_5adf5752aef68248;chunk_2628587dd5ae8e4c0654;chunk_9fd23e120284663f1c75;chunk_e402f9f031ae29159ebf;chunk_a9bfb981426416d043aa;claim_struct_8bc6764243b95302;chunk_396c9b6b19717859101f;chunk_f27ee7e99dc5afeda6a1;claim_struct_f6c3078e7e8fc30a;chunk_cfb39ba3355e1c430b34;claim_struct_76c0352a3f855c29;chunk_715fa770ee9e23e800b1;claim_struct_17de548b4e332398;chunk_ebff406dca53d3d4499c;claim_struct_085ef8f682f31ece;chunk_fd6d2907fdfc8080b57a;claim_struct_a4bed026e4a9af99;chunk_9fd4757c49e2b1328006;claim_struct_d838f22d0a461d27;chunk_e50f83e81ef51d0a4d2d;chunk_6d60ab00db89febbcef4;chunk_7d3f2fcc9534f0fbce6c;claim_struct_d26862d15a13b665;chunk_ef9bb6d4a9d09957c557;claim_struct_29d2ac972ff3fe72;chunk_3e4eaa256ea0fe4e6944;claim_struct_fcb10752e1b040cf;chunk_38e0e8470403cbd787a1;claim_struct_a0b3ded9966b6df1;chunk_c4c9fa68428f6a783677;claim_struct_ee897089c7665412;chunk_fce95e25123bb51ed9d1;claim_struct_e70020939485107d;chunk_e8968b11280e0c0c857c;chunk_61cc3475ac19b478f9c8;claim_struct_e940e9faf8dda6ab;chunk_cb54ab4de85b0beef2be;chunk_9600315d636f96076e44;claim_struct_b56e529cca7cf7c9;chunk_6840a8eb1a9ae4b3458c;claim_struct_59baadee83047936;chunk_bd6651c098c24c8b42ea;claim_struct_f293fe7ad1446499;chunk_abeb54b16c535d32f9f1;claim_struct_2914fe1b589d31f7;chunk_5106648906af0e45a9b5;claim_struct_5f8c76f6078141b9;chunk_44d4a4e6539fd0f822c9;claim_struct_5db706d8a41174f8;chunk_2dcc00c6d0a251ab5e2b;claim_struct_91db676bcd4fe557;chunk_148e2c9c110493e60962;claim_struct_42411fca65830c7d;chunk_38304d052dd5fcd54dde;claim_struct_911ca95cb67a61c2;chunk_999e859800fb40cc99ff;claim_struct_0b4a4250a4066974;chunk_2d345f4b12c50d054ab9;chunk_3eea430edf01c4e20c82;claim_struct_2c8daaf2b7fea5f9;chunk_0a7741bee4746c25cc12;claim_struct_747c1ed63de12f41;chunk_3eef6471b6cdf081af4a;claim_struct_9aeefebfc259c31b;chunk_0481201ed609cb07d833;claim_struct_91f8150d6462de13;chunk_dd909ee5a09e72102d67;claim_struct_321ce821a11415ac;chunk_c646401d2e906e38f260;claim_struct_3157a6252ffade9a;chunk_7c9910c7267008a75f3c;claim_struct_4c300b8f0e40742e;chunk_37855f83a8342db43dbe;claim_struct_7341a681586a1daf;chunk_5841c168bd2ba0ca31fe;claim_struct_6c2464f1c8378699;chunk_bab331e46f20ebf60a25;claim_struct_6e7b8ad3fca0a215,candidate,Structured compound record mined from local corpus text.
cmp_9be28e5f7e1126,entity_9be28e5f7e112617,reported,reported,Malonyl-ginsenosid e Rg1,,ginsenoside,,C45H74O17,886.49260091771,negative,[M-H]-,885.4837,637.4315;475.3835,,reported,,chunk_cf0bac6ddb68865e7635,candidate,Structured compound record mined from local corpus text.
cmp_b309d4d45dea8a,entity_b309d4d45dea8a62,reported,reported,Ginsenoside Rg1 isomer,,ginsenoside,,C42H72O14,800.49220699454,negative,[M-H]-,799.4854,637.4279;475.3794;637.4333;475.3801,,reported,,chunk_37e5c43899f783af90f9;chunk_9f70c849b6160869bf4c;claim_struct_939950c6d5087e09,candidate,Structured compound record mined from local corpus text.
cmp_336893c6700357,entity_336893c6700357cc,reported,reported,Oxidated-protopan axatriol+Acetyl Glc,,ginsenoside,,C38H64O11,696.44486287799,negative,[M-H]-,695.4376,491.371,,reported,,chunk_d2ee36efb85368dc23d1,candidate,Structured compound record mined from local corpus text.
cmp_a480425d928644,entity_a480425d92864418,reported,reported,Acetyl malonyl-ginsenosid e Re,,ginsenoside,,C53H86O22,1074.56107440232,negative,[M-H]-,1073.5525,987.469;945.5401;783.4783;637.4191;945.5434;783.4911;637.4317;475.3812,,reported,,chunk_d2ee36efb85368dc23d1;chunk_3d617d8ad57e62b642c7;claim_struct_ebe902b802e8fc40,candidate,Structured compound record mined from local corpus text.
cmp_934b6b4c1144e8,entity_934b6b4c1144e8bb,reported,reported,Malonyl-ginsenosid e Re2,,ginsenoside,,C51H84O22,1048.54542433786,negative,[M-H]-,1047.5388,961.5355;799.4765;637.433;475.3807,,reported,,chunk_e8968b11280e0c0c857c,candidate,Structured compound record mined from local corpus text.
cmp_48adb2aa951cf6,entity_48adb2aa951cf6ab,reported,reported,Dihydrogenated-pr,,ginsenoside,,C53H90O25,1126.57711838995,negative,[M-H]-,1125.5706,,,reported,,chunk_9b548286d6dd6193a260,candidate,Structured compound record mined from local corpus text.
cmp_766741e99cc9e4,entity_766741e99cc9e43e,reported,reported,Malonyl-ginsenosid e Rf,,ginsenoside,,C45H74O17,886.49260091771,negative,[M-H]-,885.4843,637.4318;475.3798,,reported,,chunk_90148ca57831ca732d59,candidate,Structured compound record mined from local corpus text.
cmp_2a74c14d7f9b84,entity_2a74c14d7f9b84a3,reported,reported,Dehydrogenated-pr,,ginsenoside,,C45H72O17,884.4769508532501,negative,[M-H]-,883.4695,635.4197,,reported,,chunk_64504ab5fad5cb0a0a70,candidate,Structured compound record mined from local corpus text.
cmp_59b7223864459c,entity_59b7223864459c7b,reported,reported,Dihydrogenated-pr otopanaxadiol+Xyl/,,ginsenoside,,C54H90O24,1122.5822037703801,negative,[M-H]-,1121.5742,1079.5619;947.5371,,reported,,chunk_53281f87a53e0c66fb6e,candidate,Structured compound record mined from local corpus text.
cmp_cec4862f5b8642,entity_cec4862f5b86426f,reported,reported,Protopanaxatriol+Di acetyl+2Glc,,ginsenoside,,C46H76O16,884.5133363626001,negative,[M-H]-,883.5067,637.4298;619.4203;475.379;637.4325;619.4222;475.3806;637.4381;619.4207;637.4356;619.4208;475.377;637.4335;619.4194;475.3767,,reported,,chunk_715fa770ee9e23e800b1;chunk_76bc81351df6f4f02906;claim_struct_4d9d60d2a08feb2d;chunk_7cc713cf1e3af6bfe201;claim_struct_6c05137e9e3a8743;chunk_5d00d7ef7cf98bd9d6c9;claim_struct_7b44ca5ab4511e09;claim_struct_db06c9bb59bf865b,candidate,Structured compound record mined from local corpus text.
cmp_529a4710d483d8,entity_529a4710d483d8c5,reported,reported,Malonyl-notoginsen oside N isomer,,ginsenoside,,C51H84O22,1048.54542433786,negative,[M-H]-,1047.5388,961.5351;799.4763;637.4323;475.3787;961.5437;799.48;637.44;475.3819,,reported,,chunk_3d617d8ad57e62b642c7;chunk_87a46ba163c8b1e6b279;claim_struct_0f8697544990f239,candidate,Structured compound record mined from local corpus text.
cmp_7229adad0e928d,entity_7229adad0e928d91,reported,reported,Vina-ginsenoside R4,,ginsenoside,,C48H82O19,962.54503041469,negative,[M-H]-,961.5379,799.4813;637.4316;475.3793;799.4857,,reported,,chunk_93badd385d996c9aed5c;chunk_9fd4757c49e2b1328006;claim_struct_6eeb014b71247d3d,candidate,Structured compound record mined from local corpus text.
cmp_18ac75e6eea917,entity_18ac75e6eea917af,reported,reported,(E)-But-2-enoyl,,ginsenoside,,C46H76O16,884.5133363626001,negative,[M-H]-,929.5119,815.4778;653.4285,,reported,,chunk_3af9af2d18b2b5cade67,candidate,Structured compound record mined from local corpus text.
cmp_43f5107d16cf2a,entity_43f5107d16cf2aa7,reported,reported,Dehydrated-protop anaxatriol+4Glc,,ginsenoside,,C54H90O23,1106.58728915081,negative,[M-H]-,1105.5779,943.5278;781.4628;763.4622;619.4229;601.4104;943.529;781.4714;619.4185;457.3685,,reported,,chunk_bb6f7a0fbb615d1d99ec;chunk_1e766e15f6972121fe14;claim_struct_71436ba4efd2150e,candidate,Structured compound record mined from local corpus text.
cmp_55aaa54fc67b57,entity_55aaa54fc67b5743,reported,reported,Dehydrogenated-pr otopanaxatriol+Glc+,,ginsenoside,,C42H68O15,812.45582148519,negative,[M-H]-,811.4486,649.3958;473.3633,,reported,,chunk_bb6f7a0fbb615d1d99ec,candidate,Structured compound record mined from local corpus text.
cmp_7f0e71a2423543,entity_7f0e71a2423543a3,reported,reported,Acetyl-notoginseno,,ginsenoside,,C50H84O21,1020.55050971829,negative,[M-H]-,1019.5433,931.5258,,reported,,chunk_bb6f7a0fbb615d1d99ec,candidate,Structured compound record mined from local corpus text.
cmp_4eaf5b87b03d3f,entity_4eaf5b87b03d3fe2,reported,reported,Dihydrogenated-pr otopanaxadiol+2Glc,,ginsenoside,,C49H82O20,990.53994503426,negative,[M-H]-,989.5315,947.5269;785.4678,,reported,,chunk_87a46ba163c8b1e6b279,candidate,Structured compound record mined from local corpus text.
cmp_3ed4550644b1b0,entity_3ed4550644b1b0c8,reported,reported,Deoxidated-protopa naxadiol+5Glc,,ginsenoside,,C60H102O27,1254.66084801585,negative,[M-H]-,1253.6544,1091.6016;1073.5828;929.5506;911.5439;767.4948,,reported,,chunk_76bc81351df6f4f02906,candidate,Structured compound record mined from local corpus text.
cmp_6357d15dfbc775,entity_6357d15dfbc7756e,reported,reported,Dehydrogenated-pr otopanaxatriol+2Glc,,ginsenoside,,C51H84O19,1000.5606804791499,negative,[M-H]-,1309.6077,1223.6089;1091.5605;635.4182;473.3656;797.4761;779.4597;959.5232;797.4665;1003.467;959.5528,,reported,,chunk_8e3eeb36eb7ede6f9b65;chunk_8c98e6ef368ab19e849d;chunk_cbbf93881f301578cf82;chunk_7519431f90e107f1736f;claim_struct_705777bb7b115312;chunk_9536b3316a46b2dee1a9,candidate,Structured compound record mined from local corpus text.
cmp_c46d42e7a3b171,entity_c46d42e7a3b171b5,reported,reported,Protopanaxadiol+X yl+Ara+4Glc,,ginsenoside,,C64H108O31,1372.68745668751,negative,[M-H]-,1371.6781,1239.631;1107.5912;945.5331;783.4913;621.4344;1239.6427;1107.5883;1239.6383;1107.588;945.5468;783.4961;621.4357,,reported,,chunk_854dc94d845782282241;chunk_c90fead16a31651662ad;claim_struct_34b5400221893ee1;chunk_bd6651c098c24c8b42ea;claim_struct_6d248f8731f3d193,candidate,Structured compound record mined from local corpus text.
cmp_af20cdeae73df2,entity_af20cdeae73df237,reported,reported,Protopanaxadiol+5,,ginsenoside,,C60H102O28,1270.65576263542,negative,[M-H]-,1269.6487,1107.5951;1107.5922;1107.6014;1107.5936;1107.5911;945.5439,,reported,,chunk_7c2cbe98b4fa28c580ef;chunk_a76efc4d89810bcb74f0;claim_struct_23f3bbf2acdaf938;chunk_02fc64befa8c8d4be87e;claim_struct_cb3f1242f619bda7;chunk_664d9641c7a91df44463;claim_struct_2ab35366cd1f7327;chunk_d134add8cb0ba1834686;claim_struct_9b2648652828b5bb,candidate,Structured compound record mined from local corpus text.
cmp_2677281d6f31dc,entity_2677281d6f31dc13,reported,reported,Dehydrogenated-pr otopanaxatriol+Mal onyl,,ginsenoside,,C56H90O26,1178.57203300952,negative,[M-H]-,1177.5656,1091.563;959.5215;797.47,,reported,,chunk_4a3862085ad047a9b7a0,candidate,Structured compound record mined from local corpus text.
cmp_ae485cb4e9fb3d,entity_ae485cb4e9fb3d41,reported,reported,Malonyl-notoginsen oside N,,ginsenoside,,C51H84O22,1048.54542433786,negative,[M-H]-,1047.5382,961.537;799.487;637.4325;475.3807,,reported,,chunk_707d70e5b24450760537,candidate,Structured compound record mined from local corpus text.
cmp_2bb9ca7e10f5df,entity_2bb9ca7e10f5df73,reported,reported,Vina-ginsenoside R4 isomer,,ginsenoside,,C48H82O19,962.54503041469,negative,[M-H]-,961.5376,799.496;637.4346;475.3803;799.4841;637.4267;475.3792,,reported,,chunk_707d70e5b24450760537;chunk_c90fead16a31651662ad;claim_struct_29247c59f94f10aa,candidate,Structured compound record mined from local corpus text.
cmp_d9fa701707a0a1,entity_d9fa701707a0a1dd,reported,reported,Ginsenoside Rb1 isomer,,ginsenoside,,C54H92O23,1108.60293921527,negative,[M-H]-,1107.5951,945.54;783.4893;621.4345;459.3834;945.5396;783.4886;621.438;459.3831;945.5441;783.4879;621.4361;459.3828;945.5437;783.49;621.4373;459.3863;945.5427;783.4897;621.4379;459.3847;945.545;783.4948;621.4366;459.3872;945.5419;621.4385;459.3854;945.5404;783.4837;621.4324;459.3803;945.5362;783.4901,,reported,,chunk_707d70e5b24450760537;chunk_de99e4a819fb7f2362c1;chunk_3ce929a720771662794a;claim_struct_e221cbfc1dbdebd1;chunk_0b019fc789cec76173a6;claim_struct_e9cea2d79c1fdb6d;chunk_3b867ed59739d5a22268;claim_struct_56d67b9ac821cb46;chunk_175cdc5fd983d2b95ed5;claim_struct_ed70bceb5d60cdd3;chunk_36335c48873ce2c7c546;claim_struct_f982855821349dfa;chunk_e6d5201588cd394abe1e;claim_struct_7b5d9b45844532ad;chunk_c172023bd1f1f4072366;claim_struct_8faf585b09abed65,candidate,Structured compound record mined from local corpus text.
cmp_438085b12c5a5d,entity_438085b12c5a5dee,reported,reported,Notoginsenoside R4 isomer/Ginsenoside,,ginsenoside,,C59H100O27,1240.64519795139,negative,[M-H]-,1239.6388,1107.5933;945.5407;1107.5958;945.5446;1107.5844;945.5328;1107.5945;945.5399;1107.5983;945.5456,,reported,,chunk_8c98e6ef368ab19e849d;chunk_9600315d636f96076e44;claim_struct_3f64eda3f30c1f02;chunk_2f2ddb4c8d902405662d;chunk_aaf6976db5293e1e4958;claim_struct_82b30b50dc6e8277;chunk_3ce929a720771662794a;claim_struct_0a59b8505b24087b,candidate,Structured compound record mined from local corpus text.
cmp_6ddce1831358fc,entity_6ddce1831358fc2a,reported,reported,Protopanaxadiol+X yl+Ara+Xyl/Ara+4G lc,,ginsenoside,,C69H116O35,1504.72971542363,negative,[M-H]-,1549.7268,1341.6509;1209.6332;1077.5833,,reported,,chunk_5d00d7ef7cf98bd9d6c9,candidate,Structured compound record mined from local corpus text.
cmp_dfddba6f583333,entity_dfddba6f5833334d,reported,reported,Notoginsenoside R4,,ginsenoside,,C59H100O27,1240.64519795139,negative,[M-H]-,1239.6376,1107.5955;945.5423;783.4895;621.437;459.384;1107.5924,,reported,,chunk_9331c6d9d26aff836f3d;chunk_fc56392a85f26eec157f;claim_struct_c577d51edca7b4d4,candidate,Structured compound record mined from local corpus text.
cmp_9cd455d83075a6,entity_9cd455d83075a610,reported,reported,Malonyl-vina-ginse noside R4,,ginsenoside,,C51H84O22,1048.54542433786,negative,[M-H]-,1047.5382,961.5382;799.4823;637.4295;475.3821,,reported,,chunk_cb54ab4de85b0beef2be,candidate,Structured compound record mined from local corpus text.
cmp_4e0ec03c69fa4a,entity_4e0ec03c69fa4a2a,reported,reported,Malonyl-ginsenosid e Rb1 isomer,,ginsenoside,,C57H94O26,1194.60333313844,negative,[M-H]-,1193.5942,1107.5931;945.5436;783.4905;621.4352;459.3823;1107.5909;945.5381;783.4945;621.441;459.3853;1107.5844;945.5449;783.4917;621.4375;459.3895;1107.5983;945.5463;783.4893;621.4371;945.5494;621.4383;459.3871;1107.5961;945.5444;783.4915;621.4359;459.3847;1107.5872;945.5467;783.4908;621.4413;459.384;1107.5873;945.546;783.4899;621.4369;459.3852;1107.6016;945.5438;783.4922;621.4422;1107.5831;945.5392;783.4866;621.4386;459.3846;1107.6017;945.5327;783.4842;459.3882;1107.5944;945.5427;783.4875;621.4416;1107.5906;945.538;783.4918;621.4365;459.3841,,reported,,chunk_0ec2daa7eb2f44db7743;chunk_4e18b4015f1a7b313a54;claim_struct_59d73b0c61f39302;chunk_aaf6976db5293e1e4958;claim_struct_1f10ed82a6a99fb5;chunk_98984d1f4b95d9574cbc;claim_struct_2ef1e8033da3a724;chunk_414642d8a93c9930defd;claim_struct_e9e4f97a6d36fb90;chunk_df8f100886e84bfd856a;claim_struct_e7bbf20972448fa3;chunk_b30b2c401321bfd9dbf3;chunk_b5b396dd28db00950a9e;claim_struct_9bdcc19f4f08ca42;chunk_33135719a72e1757a14d;claim_struct_743655e92d8ce1b8;chunk_0a7741bee4746c25cc12;claim_struct_8b3d2c4c2c30fc8f;chunk_9536b3316a46b2dee1a9;claim_struct_a8830afe22a784ab;chunk_3234de8341cb806b9df6;claim_struct_a3f0a328a115c82c;chunk_9fc4fbb94f5978da5fa7;claim_struct_ad674df9a2ec6d1c,candidate,Structured compound record mined from local corpus text.
cmp_2543c5b89dce9b,entity_2543c5b89dce9b4b,reported,reported,Malonyl-notoginsen oside R4 isomer/Malonyl-gin senoside Ra3 isomer,,ginsenoside,,C62H102O30,1326.64559187456,negative,[M-H]-,1325.6384,1239.6379;1107.5953;945.5336;783.4839;621.438;1239.6313;1107.5941;945.5395;783.4912;1239.6312;1107.5948;945.5328;783.4883;621.4341;1239.6409;1107.5947;945.5432;783.4896;1239.6389;1107.59573;945.5438;783.4891;1239.6375;1107.5938;945.5428;783.4893;1239.6345;1107.5945;945.5399;783.488,,reported,,chunk_0ec2daa7eb2f44db7743;chunk_002e0af07587b251752f;claim_struct_3fd0f50fe136ba24;chunk_a07f616ac30310f6faa3;chunk_dd38766cf5af9bbb9e38;claim_struct_7b2d03a547c2271f;chunk_2c82b7e414372849f471;claim_struct_94d12aaeda53e451;chunk_c3fabcc7ace6cf04f6c5;claim_struct_4056b973a82b1200;chunk_b2ccac77631f21ff0087;claim_struct_16bf1e42c2efebfa,candidate,Structured compound record mined from local corpus text.
cmp_18617b4a01d0a7,entity_18617b4a01d0a79b,reported,reported,Malonyl-ginsenosid e Ra1/,,ginsenoside,,C61H100O29,1296.63502719053,negative,[M-H]-,1295.6267,1209.6281;1077.5908;1209.6287;1077.5913;1077.5815;945.544;1209.6307;1077.5858,,reported,,chunk_84232ac5b40e12637240;chunk_ddbc558f38b12054945a;chunk_6cd549351d3ab4c51a02;chunk_9f93d616b48dc6c4b28a;claim_struct_d755ca6aec6a7b09;chunk_296efb1406e5dc703bcc;claim_struct_a4ad9d1eca6ffd34,candidate,Structured compound record mined from local corpus text.
cmp_8fb3b025548f6b,entity_8fb3b025548f6bb4,reported,reported,Malonyl-notoginsen oside R4,,ginsenoside,,C62H102O30,1326.64559187456,negative,[M-H]-,1325.6356,1239.6378;1107.5924;945.5419;783.4904;621.4343,,reported,,chunk_ddbc558f38b12054945a,candidate,Structured compound record mined from local corpus text.
cmp_812b4ba92c890a,entity_812b4ba92c890ac7,reported,reported,Malonyl-vina-ginse noside R4 isomer,,ginsenoside,,C51H84O22,1048.54542433786,negative,[M-H]-,1047.5367,961.5367;799.4769;637.4283;475.3801,,reported,,chunk_1ad80e1d040fd2050c34,candidate,Structured compound record mined from local corpus text.
cmp_cc2de51b993ad3,entity_cc2de51b993ad321,reported,reported,Protopanaxadiol+X yl+Ara+Xyl/Ara+3G lc+Acetyl,,ginsenoside,,C65H108O31,1384.68745668751,negative,[M-H]-,1383.6803,1341.6703;1323.6552;1209.625;1191.6195,,reported,,chunk_1ad80e1d040fd2050c34,candidate,Structured compound record mined from local corpus text.
cmp_6f1170206d14aa,entity_6f1170206d14aa3d,reported,reported,Oleanolic aglycone+2Glc+Xyl/,,ginsenoside,,C53H84O23,1088.54033895743,negative,[M-H]-,1087.5337,793.4382;731.4387;793.4398,,reported,,chunk_84b2d1e6449a96ff9bbe;chunk_dd38766cf5af9bbb9e38;claim_struct_2943832e81374c11,candidate,Structured compound record mined from local corpus text.
cmp_43939ebcb92eb4,entity_43939ebcb92eb454,reported,reported,Protopanaxatriol+Gl u A+Glc,,ginsenoside,,C42H70O15,814.47147154965,negative,[M-H]-,859.4685,769.4633;637.4297;475.3783,,reported,,chunk_4e18b4015f1a7b313a54,candidate,Structured compound record mined from local corpus text.
cmp_1b2d79b810aa66,entity_1b2d79b810aa6608,reported,reported,Dehydrated-protop anaxadiol+Acetyl,,ginsenoside,,C43H68O14,808.46090686562,negative,[M-H]-,807.4534,765.4423;603.3893;765.4451;603.3922;765.4421;603.3807,,reported,,chunk_002e0af07587b251752f;chunk_e0531c1f5191da1fbc18;claim_struct_325d8741d6aefa81;chunk_fb8986cbb964d5cc051b;claim_struct_4f0871bf2d8c0ff2,candidate,Structured compound record mined from local corpus text.
cmp_f70445211a9f1f,entity_f70445211a9f1f92,reported,reported,Malonyl-ginsenosid e Ia,,ginsenoside,,C45H74O17,886.49260091771,negative,[M-H]-,885.4843,637.4288;475.3795,,reported,,chunk_6840a8eb1a9ae4b3458c,candidate,Structured compound record mined from local corpus text.
cmp_9255f96ba7c68c,entity_9255f96ba7c68c34,reported,reported,Ginsenoside,,ginsenoside,,C42H72O13,784.49729237497,negative,[M-H]-,769.4743,637.4335;637.4319;637.433;637.4318;475.3785;621.4363;621.4341;475.3794;1077.5834;1077.5851;1077.5817,,reported,,chunk_1e766e15f6972121fe14;chunk_102851b28cd2684daced;claim_struct_3ee873f8a2424211;chunk_aa8d8b3dde7329892a70;chunk_7df389109b302b19a68c;claim_struct_421acc8618c5f675;chunk_c646401d2e906e38f260;claim_struct_f33ee5a985c8d8cc;chunk_53a3c3e1ea5838a2c45f;claim_struct_74ee2bf676ac5509;chunk_d95386c7dce56ddc065c;chunk_2f0c92d4ba6e44b12557;claim_struct_011dd3c2187312e7;chunk_c70031ea53db0656e1cc;chunk_f62d97f2af1b5c010597;claim_struct_39bb648220cc84bb;chunk_1015a4bee7fc626272e7;claim_struct_6c47e1c76f3186a1,candidate,Structured compound record mined from local corpus text.
cmp_287cdcbacd4855,entity_287cdcbacd4855f5,reported,reported,Ginsenoside Ra1 isomer/Ginsenoside,,ginsenoside,,C58H98O26,1210.63463326736,negative,[M-H]-,1209.6272,1077.5869;945.5433;1077.5752;945.5474;1077.5848;945.5434;1077.5853;945.5446,,reported,,chunk_18f822eeef9be289989a;chunk_7ab3a9473e49eb2e1347;claim_struct_66c586000604fbe6;chunk_98984d1f4b95d9574cbc;claim_struct_9a8ca94447aeb4dd;chunk_e14520e195f2ba1a644f;claim_struct_ccafcfce17b68924,candidate,Structured compound record mined from local corpus text.
cmp_60fd481b520797,entity_60fd481b520797d1,reported,reported,Quinquenoside R1 isomer,,ginsenoside,,C56H94O24,1150.6135038993,negative,[M-H]-,1149.6029,1107.5918;945.5482;783.4918;621.4401;459.3868;945.5449;783.4938;621.4384;459.3892;1107.5995;945.5463;783.4916;621.4371;459.3832;1107.5966;945.5464;621.4332;459.3873;1107.584;945.5446;783.4883;621.4358;459.3831;1107.604;945.5499;621.4362;459.3951;1107.5938;621.4352;459.384,,reported,,chunk_2f2ddb4c8d902405662d;chunk_7519431f90e107f1736f;claim_struct_78b53c0e2fa51727;chunk_869d5cf425aac2939f9a;claim_struct_e9ce441c2ee345a3;chunk_476386f82283c445618e;claim_struct_788f8ac8b0034337;chunk_33135719a72e1757a14d;claim_struct_f7fc552da0a89a9e;chunk_6d93132c5b47670b374f;claim_struct_8ca54ca681d21bbc;chunk_7c9910c7267008a75f3c;claim_struct_fa0933e0d607fc58,candidate,Structured compound record mined from local corpus text.
cmp_befdb45de7a490,entity_befdb45de7a4904f,reported,reported,Dehydrated-protop anaxatriol+Xyl/Ara,,ginsenoside,,C59H98O27,1238.62954788693,negative,[M-H]-,1237.6221,1105.5785;943.5281,,reported,,chunk_102851b28cd2684daced,candidate,Structured compound record mined from local corpus text.
cmp_6d73bf42443ed4,entity_6d73bf42443ed491,reported,reported,Yesanchinoside Disomer,,ginsenoside,,C44H74O15,842.50277167857,negative,[M-H]-,841.4941,799.4834;637.4296,,reported,,chunk_102851b28cd2684daced,candidate,Structured compound record mined from local corpus text.
cmp_c592ae94c879d1,entity_c592ae94c879d117,reported,reported,Ginsenoside Roisomer,,ginsenoside,,C48H76O19,956.4980802213099,negative,[M-H]-,955.4905,793.4385;731.4379;569.3853;455.3515;793.4365;731.4373;613.3727;569.3859;455.3513;731.437;793.4389;731.4376;613.3753;569.3854;455.3521;793.4373;731.4371;613.3723;569.3849;455.3546;793.4395;731.441;613.3735;569.3845;455.353,,reported,,chunk_7519431f90e107f1736f;chunk_abeb54b16c535d32f9f1;claim_struct_d2845c380d4c304d;chunk_d95386c7dce56ddc065c;claim_struct_7b135461e7a31c59;chunk_b2ccac77631f21ff0087;claim_struct_bed88ac09ef666ea;chunk_8ffa28b78e00a2455654;claim_struct_a088900f36d0d08f;chunk_4c9bb249b2cebe917e64;claim_struct_3808674f3d303b72,candidate,Structured compound record mined from local corpus text.
cmp_e611f6ef3541be,entity_e611f6ef3541beb7,reported,reported,Ginsenoside Rfisomer,,ginsenoside,,C42H72O14,800.49220699454,negative,[M-H]-,799.484,637.435;475.3799;637.4321;475.377;637.4308;475.3791;637.4288;475.3797;637.4313;475.379;637.4311;475.3783;637.4297;475.3792;637.4304;475.3803,,reported,,chunk_a07f616ac30310f6faa3;chunk_6bc5dc26da5fecb7cb04;chunk_65ccb4c6bb72e448deb8;claim_struct_e6d36f388236ba6d;chunk_1d6dc9a8253a48eebf6a;claim_struct_05e44c7c8f51d83d;chunk_0a285cbc653405c6972a;claim_struct_4409402922309e1d;chunk_3e4eaa256ea0fe4e6944;claim_struct_35a5dc723a46553b;chunk_80bfa2896df4fa2a9e7a;claim_struct_419879398dffc23a;chunk_92c648f4a1985dd9e150;claim_struct_5f70c0ef21091a9c,candidate,Structured compound record mined from local corpus text.
cmp_aa61948618cac8,entity_aa61948618cac84f,reported,reported,Dehydrogenated-pr otopanaxatriol+,,ginsenoside,,C41H68O13,768.46599224605,negative,[M-H]-,767.4588,635.4172;473.3636,,reported,,chunk_02fc64befa8c8d4be87e,candidate,Structured compound record mined from local corpus text.
cmp_34239c709c989d,entity_34239c709c989da9,reported,reported,Malonyl-vina-ginse,,ginsenoside,,C51H84O22,1048.54542433786,negative,[M-H]-,1047.5367,799.4898;961.5318;915.5379,,reported,,chunk_b67dc221b89959e5d714;chunk_55f210c2f49de2004f27;claim_struct_4a02b5b7a9a61f2f;chunk_b905ca27f5c1db92d79b,candidate,Structured compound record mined from local corpus text.
cmp_9b2894e5282c86,entity_9b2894e5282c86b8,reported,reported,Ginsenoside Ra6 isomer,,ginsenoside,,C58H96O24,1176.62915396376,negative,[M-H]-,1175.623,945.5481;783.4847;1107.5952;945.5443;783.4917;621.4363;459.3848;1107.5973;945.5471;783.4863;621.436;459.3829;1107.597;945.5442;783.4881;621.4355;459.3817;1107.5968;945.5483;783.4868;621.4406;459.3838,,reported,,chunk_0692c293240680f00cf3;chunk_aab2c0acdec5a9d1231e;claim_struct_6db102b69ca1a37f;chunk_1eda5cf61ffc0b41234f;claim_struct_4cf71a7f9f6a5985;chunk_374c9dcc69ad41336a9c;claim_struct_9dacfee9497acc2a;chunk_91bcf3554c365a167e59;claim_struct_c3bc8c64d873541c,candidate,Structured compound record mined from local corpus text.
cmp_4062a99e2977d8,entity_4062a99e2977d848,reported,reported,(E)-But-2-enoyl ginsenoside Ro,,ginsenoside,,C52H80O20,1024.5242949698,negative,[M-H]-,1023.5168,955.4902;793.4432;731.4376;613.3828;793.4422;613.3751;569.3848;955.4908;793.4405;455.3537;731.4371;613.3745;569.3858,,reported,,chunk_a1805dae0ab969b92d9b;chunk_5b173a9a641a8fe521c1;claim_struct_f43bfcb57f48d8b6;chunk_9d8e87c18587fd032c9f;claim_struct_b775a7ba1815b3bd;chunk_1a9c74f9d4969dc6ae23;claim_struct_d666735b3b3e7f4f,candidate,Structured compound record mined from local corpus text.
cmp_8581785325195c,entity_8581785325195cc3,reported,reported,Dehydrated-protop anaxatriol+Acetyl,,ginsenoside,,C56H92O24,1148.59785383484,negative,[M-H]-,1147.5891,1105.5797;943.5302;1105.58367;943.5201,,reported,,chunk_aa8d8b3dde7329892a70;chunk_f70006a5dbb6a890f16f;claim_struct_6b08c9dcd803c2e2,candidate,Structured compound record mined from local corpus text.
cmp_43795b417674fd,entity_43795b417674fdb1,reported,reported,Malonyl-ginsenosid e Rc/,,ginsenoside,,C56H92O25,1164.59276845441,negative,[M-H]-,1163.5829,1077.5968;945.5432;1077.6033;945.5459,,reported,,chunk_544962d9e757af72b5fb;chunk_f20c1da1fa3bf8f85bc2;claim_struct_9aa960eede04f317,candidate,Structured compound record mined from local corpus text.
cmp_72e3d2f4793416,entity_72e3d2f479341669,reported,reported,Di-malonyl-ginseno side Rb1 isomer,,ginsenoside,,C60H96O29,1280.60372706161,negative,[M-H]-,1279.5951,1107.5962;945.5468;783.4888;621.4373;459.3826;945.5401;621.4383;459.3836;1107.5977;945.5449;783.4931;621.4354;459.3859;1107.588;945.545;783.489;621.4353,,reported,,chunk_f70006a5dbb6a890f16f;chunk_fe26dc92858d4b96b171;chunk_0b019fc789cec76173a6;claim_struct_b1b5dfd654e0bc1f;chunk_0d0aae842aee66bb51c0;claim_struct_f13c3b8635994102,candidate,Structured compound record mined from local corpus text.
cmp_8811b136adf62e,entity_8811b136adf62e63,reported,reported,Ginsenoside Ra5 isomer,,ginsenoside,,C60H100O27,1252.64519795139,negative,[M-H]-,1251.6384,1077.582;945.5406;783.4877;621.4356;459.3829;1077.6005;945.556;783.4991;621.4448;459.3903;1077.5945;945.5418;783.4897;621.4377;459.3839;1209.6281;1077.5845;945.5412;783.4886;621.4381;1209.6289;1077.5865;945.5471;783.4902;621.4373;1209.6217;1077.5846;945.5435;783.4898;621.4362;1209.626;1077.5836;945.5417;783.4888;621.4368;1209.6288;1077.5878;945.5459;783.4923;621.4391;1209.6299;1077.5831;945.5436;783.4929;621.4393;1209.6194;945.5413;783.4884;621.4351;1209.6157;1077.5813;945.5343;783.4904;621.4333,,reported,,chunk_55f210c2f49de2004f27;chunk_e36fff589d05b0bd4f96;claim_struct_65c4540cae3b421c;chunk_4b5575185ac04dbbf9ca;claim_struct_7901809ffa12df9a;chunk_50a0716ff6fb1d42b86f;claim_struct_767dc666d4d05a72;chunk_568b49363764f10e05ca;claim_struct_08e4e0b00d934091;chunk_f0a48512c40ac08544b0;claim_struct_e9c360437bb86896;chunk_2650d1ff997ce776ca80;claim_struct_16594435959bd753;chunk_0a285cbc653405c6972a;claim_struct_0b7fb147a7129c59;chunk_476386f82283c445618e;claim_struct_d87bbf59062b38aa;chunk_39aa8ef15f5949ead0c3;claim_struct_3e5d228d2290e7b5;chunk_df9e2664ab1b7a1137b6;claim_struct_a06fab47c8771a32,candidate,Structured compound record mined from local corpus text.
cmp_e22e69c021568a,entity_e22e69c021568ad1,reported,reported,Malonyl-ginsenosid e Ra3,,ginsenoside,,C62H102O30,1326.64559187456,negative,[M-H]-,1325.6371,1239.6536;1107.5983;945.5456,,reported,,chunk_89a49526eff8480e1436,candidate,Structured compound record mined from local corpus text.
cmp_ef3458af4b19f8,entity_ef3458af4b19f881,reported,reported,Malonyl-ginsenosid e Rb1,,ginsenoside,,C57H94O26,1194.60333313844,negative,[M-H]-,1193.5947,1107.595;945.5453;783.4878;621.4369;459.3831,,reported,,chunk_e36fff589d05b0bd4f96,candidate,Structured compound record mined from local corpus text.
cmp_d5bd7b22eab764,entity_d5bd7b22eab764fc,reported,reported,Dehydrated-protop anaxatriol+Xyl+Ara,,ginsenoside,,C58H96O26,1208.6189832029,negative,[M-H]-,1207.613,1075.5701;943.5261,,reported,,chunk_7df389109b302b19a68c,candidate,Structured compound record mined from local corpus text.
cmp_5ee225bab8b75e,entity_5ee225bab8b75e26,reported,reported,Protopanaxadiol+4,,ginsenoside,,C63H104O31,1356.65615655859,negative,[M-H]-,1355.647,1269.5906,,reported,,chunk_7c67bfd36cf430699eb0,candidate,Structured compound record mined from local corpus text.
cmp_288d01c297fcb5,entity_288d01c297fcb521,reported,reported,Protopanaxadiol+,,ginsenoside,,C57H94O25,1178.60841851887,negative,[M-H]-,1309.6445,1223.6338;1223.6461;1223.6443;945.5461;1091.5942;945.5462;1091.5985;1091.5903;767.4928;783.4911;783.498;783.4874;929.5477;929.545;929.5476;929.5466;783.4908,,reported,,chunk_4b5575185ac04dbbf9ca;chunk_6481cf45205c44581f36;claim_struct_fd2c78af93ba035f;chunk_8ef2b2304209d04d794e;claim_struct_ac98572c85a915f8;chunk_9f93d616b48dc6c4b28a;chunk_e50f83e81ef51d0a4d2d;chunk_0edb26f83e294661a107;chunk_9561ac4f98bfc2e7508e;claim_struct_a82ee30ddb43ce90;chunk_82c7ad4af101ce1bd2b3;claim_struct_5fb0295b47505d78;chunk_1f945a4e6c57f6a91530;claim_struct_fe309e62a4e6d34f;chunk_fce95e25123bb51ed9d1;chunk_92c648f4a1985dd9e150;claim_struct_4c28f712984ad795;chunk_77bea7f5c6bbef5c402a;claim_struct_b1a4ab5ee8576224;chunk_0481201ed609cb07d833;claim_struct_ba2915c5edce7b98;chunk_53a3c3e1ea5838a2c45f;claim_struct_0a9560c26078a936;chunk_5d58df797280562a43af;chunk_441cb21f8494a5e0c20e;claim_struct_a4be451ac6493b0d;chunk_3eef6471b6cdf081af4a;claim_struct_0c1d0e667ac3c1a1;chunk_8e3994ffa45c83dc56d6;claim_struct_f290a84aa669c53b;chunk_c646401d2e906e38f260;claim_struct_ea67f5df86fddb56,candidate,Structured compound record mined from local corpus text.
cmp_faf1432c24f744,entity_faf1432c24f744da,reported,reported,Protopanaxadiol+Gl u A+3Glc,,ginsenoside,,C54H90O24,1122.5822037703801,negative,[M-H]-,1121.5722,1077.5829;945.5391;783.4904;621.4357;459.3828;1077.5846;945.5435;783.4907;621.4352;459.3841;1077.5817;783.4898;621.4363;459.3836;783.4855;621.4413;459.3825,,reported,,chunk_0b019fc789cec76173a6;chunk_52d793746aa180be918e;claim_struct_efa616fce306e027;chunk_3eea430edf01c4e20c82;claim_struct_eee51dafb1cbb0d6;chunk_5b173a9a641a8fe521c1;chunk_95f9f0c8cef7f2db7ca5;claim_struct_03dbb55d714d7fe5;chunk_8d1f745d2917756178b6;claim_struct_076751d5590b8758;chunk_51e6f38ccbff175393ef;claim_struct_07db76dcb89d02dc,candidate,Structured compound record mined from local corpus text.
cmp_01cef50a935814,entity_01cef50a93581451,reported,reported,Dehydrated-protop anaxatriol+3Glc+Xyl,,ginsenoside,,C53H88O22,1076.57672446678,negative,[M-H]-,1075.57,943.5248;781.4762;619.4203;457.3685;943.5227;781.4702;619.4219;457.3678;943.5288;781.4751,,reported,,chunk_2d345f4b12c50d054ab9;chunk_ac99fe31e42f34b62171;claim_struct_49dfcc75acdb2633;chunk_8d1f745d2917756178b6;claim_struct_ec2fd1151c8dd3b0,candidate,Structured compound record mined from local corpus text.
cmp_7d6b9f4e3dc344,entity_7d6b9f4e3dc3448d,reported,reported,Ginsenoside Rs2 isomer,,ginsenoside,,C55H92O23,1120.60293921527,negative,[M-H]-,1119.5968,1077.5806;945.5352;783.4962;621.4344;459.3892;1077.5841;945.5428;1077.584;945.5427;783.4883;621.436;459.3837;1077.5846;945.5458;783.4878;621.4374;459.3867;945.5414;783.4888;1077.5906;945.543;783.4906;621.4373;1077.5805;783.4879;621.439;459.3823,,reported,,chunk_50a0716ff6fb1d42b86f;chunk_05763dd3f38136cb1ae0;claim_struct_ef21c46c4bc0ab61;chunk_9fd23e120284663f1c75;claim_struct_0ba38cfb8139b30b;chunk_a9bfb981426416d043aa;claim_struct_9df1bd51df14b8a8;chunk_8b7b3892e822b72d7eda;claim_struct_d3a65bd16a8a7320;chunk_b2c4498f6ac24d8852c2;claim_struct_98f2f071ce0cd5f6;chunk_fce95e25123bb51ed9d1;claim_struct_7c0328caac8a3ec2,candidate,Structured compound record mined from local corpus text.
cmp_4e0c17cb78097c,entity_4e0c17cb78097cee,reported,reported,Chikusetsusaponin,,ginsenoside,,C42H66O14,794.44525680116,negative,[M-H]-,793.4357,631.3856;631.3849;631.3944;631.3845;631.3785;793.4389,,reported,,chunk_39bd4b90e138f733ce93;chunk_6bc5dc26da5fecb7cb04;claim_struct_8dfc67450be5f273;chunk_1d6dc9a8253a48eebf6a;claim_struct_69d79f29b6ac01a1;chunk_3dec00069bfcf8b7e161;chunk_b30b2c401321bfd9dbf3;claim_struct_8d7053b01cc67454;chunk_9d8e87c18587fd032c9f;claim_struct_ad90dc71f2d661b4;chunk_fe26dc92858d4b96b171,candidate,Structured compound record mined from local corpus text.
cmp_b5f4fb671cd327,entity_b5f4fb671cd32779,reported,reported,Malonyl-ginsenosid e Rc,,ginsenoside,,C56H92O25,1164.59276845441,negative,[M-H]-,1163.5837,1077.5847;945.5422;783.4894;621.4321,,reported,,chunk_38304d052dd5fcd54dde,candidate,Structured compound record mined from local corpus text.
cmp_f5a35bdebdc9fa,entity_f5a35bdebdc9fae4,reported,reported,Malonyl-ginsenosid e Rd isomer,,ginsenoside,,C51H84O21,1032.55050971829,negative,[M-H]-,1031.5433,945.5455;783.4893;621.4326;459.3844;945.545;783.4902;621.4332;459.3843;945.5349;783.4881;621.4369;459.3839;945.5422;783.4875;621.4376;945.5432;783.4888;621.4373;459.3849;945.5389;783.4896;459.3835,,reported,,chunk_9f93d616b48dc6c4b28a;chunk_8ef2b2304209d04d794e;chunk_5841c168bd2ba0ca31fe;claim_struct_1e65c2b6842193cf;chunk_8b7b3892e822b72d7eda;claim_struct_8193862fd094a499;chunk_6d60ab00db89febbcef4;claim_struct_9a916a30eecf7f1f;chunk_133ccee562bfb2e2d4f9;claim_struct_6fa67cdf3d20e21f,candidate,Structured compound record mined from local corpus text.
cmp_706498a33b480b,entity_706498a33b480b48,reported,reported,Di-malonyl-ginseno side Rb1,,ginsenoside,,C60H96O29,1280.60372706161,negative,[M-H]-,1279.5957,1107.5918;945.5438;783.486;621.4385;459.3857,,reported,,chunk_7ab3a9473e49eb2e1347,candidate,Structured compound record mined from local corpus text.
cmp_47afb5c48e1471,entity_47afb5c48e1471e8,reported,reported,Pseudo-ginsenoside isomer/Chikusetsus aponin IV isomer,,ginsenoside,,C47H74O18,926.48751553728,negative,[M-H]-,925.4802,793.4316;763.4323;613.3762;455.3538;793.4401;763.4348;613.3751;455.3525;793.4379;763.4317;613.3748;455.355;793.4382;763.4349;613.3756;455.3536,,reported,,chunk_d134add8cb0ba1834686;chunk_8ba64f3f1b3cda50595e;chunk_63b4fb4714c91f4cbafa;claim_struct_2dca914c9b097b6b;chunk_38b4a3259ed1cee22f8b;claim_struct_d409014e8ebe88b5,candidate,Structured compound record mined from local corpus text.
cmp_7d4b69ca000bf5,entity_7d4b69ca000bf5a2,reported,reported,Malonyl+Acetyl ginsenoside Ro,,ginsenoside,,C53H82O20,1038.53994503426,negative,[M-H]-,1083.5381,955.4847,,reported,,chunk_8f68abd7a5570ce8aa41,candidate,Structured compound record mined from local corpus text.
cmp_0a1ed86a076ee6,entity_0a1ed86a076ee608,reported,reported,Malonyl-notoginsen oside R4 isomer/Malonyl-gin,,ginsenoside,,C62H102O30,1326.64559187456,negative,[M-H]-,1325.6381,1239.6373;1107.5939,,reported,,chunk_f0a48512c40ac08544b0,candidate,Structured compound record mined from local corpus text.
cmp_2e8df23625e4b9,entity_2e8df23625e4b97c,reported,reported,Dehydrogenated-pr otopanaxatriol+Glc,,ginsenoside,,C36H60O9,636.42373350993,negative,[M-H]-,681.4225,473.3669,,reported,,chunk_0d0aae842aee66bb51c0,candidate,Structured compound record mined from local corpus text.
cmp_da488d21825f86,entity_da488d21825f8671,reported,reported,Malonyl-ginsenosid e Ro,,ginsenoside,,C51H78O22,1042.49847414448,negative,[M-H]-,1041.4895,997.5104;955.4934;937.4802;835.4501;793.4376;997.5105;955.4903;937.4792;835.4482;997.4968;835.4471;793.4371;731.4387;835.4457;793.438;731.4377,,reported,,chunk_3b867ed59739d5a22268;chunk_71567c3b0f3b034bed3f;claim_struct_c67dfc381fb437e8;chunk_f1834721f5ec0529066f;claim_struct_917552f3127db948;chunk_0edb26f83e294661a107;claim_struct_d0f05915ddfc983a,candidate,Structured compound record mined from local corpus text.
cmp_1f3444fefb1094,entity_1f3444fefb10942e,reported,reported,Malonyl-ginsenosid e Rb2,,ginsenoside,,C56H92O25,1164.59276845441,negative,[M-H]-,1163.5847,1077.5862;945.5449;783.4901;621.4371;459.3861,,reported,,chunk_ac99fe31e42f34b62171,candidate,Structured compound record mined from local corpus text.
cmp_ff84d9a02d61ca,entity_ff84d9a02d61ca07,reported,reported,Double bond hydrated-protopana xatriol+Glc,,ginsenoside,,C36H64O10,656.44994825842,negative,[M-H]-,701.4478,493.3874,,reported,,chunk_ddf20c4304c1d86a4b32,candidate,Structured compound record mined from local corpus text.
cmp_2157c34a7d7da2,entity_2157c34a7d7da20f,reported,reported,Acetyl-zingibroside,,ginsenoside,,C44H68O15,836.45582148519,negative,[M-H]-,835.45,793.4376;775.4375;631.3806;613.3728;455.3527,,reported,,chunk_ddf20c4304c1d86a4b32,candidate,Structured compound record mined from local corpus text.
cmp_01d77db40c99fc,entity_01d77db40c99fc7b,reported,reported,Oleanolic aglycone+,,ginsenoside,,C48H76O18,940.50316560174,negative,[M-H]-,939.4953,777.4439;777.4389,,reported,,chunk_e14520e195f2ba1a644f;chunk_b8b9a5fae780b9d8b381;claim_struct_06605c722a53233e,candidate,Structured compound record mined from local corpus text.
cmp_b84a691072c9c3,entity_b84a691072c9c3c4,reported,reported,Malonyl-ginsenosid e Rb3,,ginsenoside,,C56H92O25,1164.59276845441,negative,[M-H]-,1163.5842,1077.5854;945.5452;783.4902;621.4372;459.3836,,reported,,chunk_2f6f8a757f20e58b3e80,candidate,Structured compound record mined from local corpus text.
cmp_de49233ca47b22,entity_de49233ca47b22a4,reported,reported,Ginsenoside Rcisomer/Ginsenoside,,ginsenoside,,C53H90O22,1078.59237453124,negative,[M-H]-,1077.5831,945.5436;783.4892;945.5458;783.4869;945.537;783.4865;945.5454;783.493;945.5419;783.4922;945.5468;783.4909;945.5372;783.4919;945.5389;783.4933;945.543;783.4885;945.5441;783.4904;945.5417;783.4888;783.4782,,reported,,chunk_f059e8d6ce6bc62ed2e5;chunk_ef9bb6d4a9d09957c557;claim_struct_0120a05bb852b038;chunk_c86ec2a2865ee7560305;claim_struct_19b386778e8636a8;chunk_32d3d275956dffdaee25;claim_struct_d0afa0e641144638;chunk_fb8986cbb964d5cc051b;claim_struct_d65bf4e633bd7ef1;chunk_a74c7d47a84ba7aafd7f;claim_struct_ebeabc8efa32e634;chunk_0af3ee54d0b17804f1fe;claim_struct_f2822a98587a880f;chunk_8bece37dd089f24fc9c4;claim_struct_75f5d9c9dd3a01cf;chunk_d6962a0f130e4ea6a175;claim_struct_1aa4845edfbbe72f;chunk_46efbd07890aa5ac3a7f;claim_struct_0e79522db2899791;chunk_8ba64f3f1b3cda50595e;claim_struct_71d1d33696e07fb7;chunk_7ce0f8a11e845da300c5;claim_struct_009762e34347f632,candidate,Structured compound record mined from local corpus text.
cmp_136cc3b7c1c681,entity_136cc3b7c1c681aa,reported,reported,Di-malonyl-ginseno,,ginsenoside,,C54H85O24,1117.54307860923,negative,[M-H]-,1279.5959,1107.5955;945.5454;945.5441,,reported,,chunk_f059e8d6ce6bc62ed2e5;chunk_b5fe090dd395e229803f;chunk_4b012876ea4bcc012be5;claim_struct_149f4ec30201caff,candidate,Structured compound record mined from local corpus text.
cmp_a7433a9e007bf7,entity_a7433a9e007bf749,reported,reported,Protopanaxadiol+R ha+3Glc,,ginsenoside,,C53H88O23,1092.57163908635,negative,[M-H]-,1137.5699,945.5502;783.4934;621.441;459.3882;945.5308;783.4868;621.4352;459.3866;945.5442;783.4897;621.4383;459.3836;945.5432;783.4899;945.5422;783.4988;621.4345;459.3867;945.5434;783.4969;621.4361;459.3797;945.543;783.488;621.4366;459.3823,,reported,,chunk_414642d8a93c9930defd;chunk_869d5cf425aac2939f9a;chunk_32d3d275956dffdaee25;chunk_aab2c0acdec5a9d1231e;chunk_09e4d69a65b0f11dbce9;claim_struct_50cb7e6f2e415088;chunk_f0fb0dbd170263a39611;claim_struct_49ea5a7447bc5df2;chunk_36335c48873ce2c7c546;claim_struct_55dad79cf503cdb3;chunk_c172023bd1f1f4072366;claim_struct_23cc3dacfd142f3f,candidate,Structured compound record mined from local corpus text.
cmp_a08a833a37a944,entity_a08a833a37a944f3,reported,reported,Dehydrated-protop anaxatriol+3Glc,,ginsenoside,,C48H80O18,944.53446573066,negative,[M-H]-,943.5251,781.4766;619.4234;457.3694,,reported,,chunk_de99e4a819fb7f2362c1,candidate,Structured compound record mined from local corpus text.
cmp_e243682d43fe6c,entity_e243682d43fe6cce,reported,reported,Dehydrated-protop,,ginsenoside,,C50H82O19,986.54503041469,negative,[M-H]-,1031.5433,943.5408;943.5279,,reported,,chunk_1d6dc9a8253a48eebf6a;chunk_3e4eaa256ea0fe4e6944,candidate,Structured compound record mined from local corpus text.
cmp_f3c36782a47b23,entity_f3c36782a47b23a8,reported,reported,Protopanaxadio+Xy l/Ara+Glc+malonyl,,ginsenoside,,C50H82O20,1002.53994503426,negative,[M-H]-,1047.5387,915.5361;783.4871,,reported,,chunk_2dcc00c6d0a251ab5e2b,candidate,Structured compound record mined from local corpus text.
cmp_025a5fbadfd179,entity_025a5fbadfd17993,reported,reported,Ginsenoside Ra7 ismoer/Ginsenoside,,ginsenoside,,C57H94O23,1146.61858927973,negative,[M-H]-,1145.6084,945.5468;1077.5985;945.5368;1077.5864;945.5388;1077.5808;945.5503;1077.5845;945.5438;1077.5881;945.5385;1077.5804;945.5497,,reported,,chunk_df8f100886e84bfd856a;chunk_9561ac4f98bfc2e7508e;claim_struct_6a5552b59bbd7e84;chunk_133ccee562bfb2e2d4f9;claim_struct_77cc1f0f96f888e4;chunk_ceaf1c0b68c69db397db;claim_struct_b6804dd56a50f802;chunk_6a70309599669069c78b;claim_struct_894356e340810314;chunk_35d732b7aa3b6d1e7dcf;claim_struct_3d36d5bfdf28bf4d;chunk_c646401d2e906e38f260;claim_struct_dceb8fc54b821355,candidate,Structured compound record mined from local corpus text.
cmp_67e56912990bbf,entity_67e56912990bbf73,reported,reported,Protopanaxadio+Xy l/Ara+Glc+ malonyl,,ginsenoside,,C50H82O20,1002.53994503426,negative,[M-H]-,1047.54,915.5372;753.4806,,reported,,chunk_1e0fe7dfbd0154011493,candidate,Structured compound record mined from local corpus text.
cmp_c535298a28a5f9,entity_c535298a28a5f95b,reported,reported,Vina-ginsenosideR3,,ginsenoside,,C48H82O17,930.55520117555,negative,[M-H]-,929.5488,767.4883;605.4429;443.3901,,reported,,chunk_ef9bb6d4a9d09957c557,candidate,Structured compound record mined from local corpus text.
cmp_09035164bdcea2,entity_09035164bdcea262,reported,reported,Protopanaxadiol+Gl,,ginsenoside,,C54H90O24,1122.5822037703801,negative,[M-H]-,1121.5736,1077.593,,reported,,chunk_8ffa28b78e00a2455654,candidate,Structured compound record mined from local corpus text.
cmp_a2b20bf18c50d7,entity_a2b20bf18c50d7c5,reported,reported,Acetyl malonyl-ginsenosid e Rd,,ginsenoside,,C53H86O22,1074.56107440232,negative,[M-H]-,1073.5514,945.5403;783.4893;621.4393;459.3838;945.5427;783.4915;621.437;945.545;783.4891;459.3848;987.548;945.5433;783.4905;621.4371;945.5449;783.4931;621.4382;459.3879;945.5457;783.4878;621.4355;459.3851;945.5417;783.4879;621.4317;459.3862,,reported,,chunk_078952a531a177152e4d;chunk_175cdc5fd983d2b95ed5;claim_struct_e3aaf1cd82757082;chunk_c2ab41f00d09b15ff5ee;claim_struct_246b7903cdf16c38;chunk_4635eda5be96c6c9674b;claim_struct_11c2ee07848d6ea9;chunk_20e092a87c11c4754244;claim_struct_eba52cd425c24f03;chunk_9c6ba1d3aa4dfe562857;claim_struct_3999cc9bb1d31474;chunk_6e58798f789a38e57e65;claim_struct_230a79213dd61091,candidate,Structured compound record mined from local corpus text.
cmp_340deae1a718e5,entity_340deae1a718e585,reported,reported,Dehydrated-protop anaxatriol+3Glc+Ma lonyl+(E)-but-2-eno yl,,ginsenoside,,C55H86O22,1098.56107440232,negative,[M-H]-,1097.5515,1011.4634;943.5273;781.4724,,reported,,chunk_078952a531a177152e4d,candidate,Structured compound record mined from local corpus text.
cmp_660e4572f39b3e,entity_660e4572f39b3e55,reported,reported,Acetyl-pseudoginse noside RC1,,ginsenoside,,C52H86O20,1030.57124516318,negative,[M-H]-,1029.5641,945.5451;783.4882;621.432;459.3834;945.5437;783.4911;621.4375;459.3823;945.5422;783.4902;621.4365;459.3865;945.5418;783.4908;621.4369;459.3848;987.5574;945.5454;621.4359;459.3846;945.5439;783.4916;945.5402;783.4921;621.4385;459.3853;945.5447;783.4893;621.4305;459.3837;945.5423;621.4372;459.3856;945.5441;783.4896;621.4382;459.3838,,reported,,chunk_05215cba2cc20e88196f;chunk_1eda5cf61ffc0b41234f;chunk_e0531c1f5191da1fbc18;claim_struct_9d23c8a01a6917b8;chunk_a9bfb981426416d043aa;chunk_6e58798f789a38e57e65;claim_struct_fbfd87e137165488;chunk_9b90b4f8529de85fb72a;claim_struct_46d363746d5e389b;chunk_4635eda5be96c6c9674b;claim_struct_38db23d75a7be0d0;chunk_20e092a87c11c4754244;claim_struct_c6e18a2a73bd5011;chunk_bfa15bc39fdc8146ca2c;claim_struct_611987791124ac55;chunk_e366723caf85bfe38800;claim_struct_ed9a3c1a1331f210,candidate,Structured compound record mined from local corpus text.
cmp_4e42a0cea1847e,entity_4e42a0cea1847eae,reported,reported,Dehydrated-protop anaxatriol+2Acetyl+,,ginsenoside,,C52H84O20,1028.55559509872,negative,[M-H]-,1027.5476,943.5278;925.5139,,reported,,chunk_45cfe46e9d300a303827,candidate,Structured compound record mined from local corpus text.
cmp_f6026d92bfd39d,entity_f6026d92bfd39deb,reported,reported,Di-malonyl-ginseno side Rd isomer,,ginsenoside,,C54H85O24,1117.54307860923,negative,[M-H]-,1117.5428,945.5441;783.4751;621.4387;459.3778;945.5416;783.4908;621.4375;459.3872;945.5449;783.494;621.4393;459.3851;945.5372;783.489;621.4385;459.386,,reported,,chunk_f0fb0dbd170263a39611;chunk_f2cd48eb184490766ebe;chunk_d739fafe97e180a0fa51;claim_struct_1fddc24f1e5b5fc3;chunk_20e092a87c11c4754244;claim_struct_015bd75066f08656,candidate,Structured compound record mined from local corpus text.
cmp_2b2ef23c6634f7,entity_2b2ef23c6634f70f,reported,reported,Protopanaxatriol+A cetyl Glc,,ginsenoside,,C38H64O10,680.44994825842,negative,[M-H]-,679.4432,475.3795,,reported,,chunk_f0fb0dbd170263a39611,candidate,Structured compound record mined from local corpus text.
cmp_a6cdd2a4c916ef,entity_a6cdd2a4c916eff1,reported,reported,Dehydrated-protop anaxatriol+Malonyl,,ginsenoside,,C51H82O21,1030.53485965383,negative,[M-H]-,1029.5279,943.5275;781.4807;943.53;781.4759,,reported,,chunk_38b4a3259ed1cee22f8b;chunk_88e8e2b26c7dc04926aa;claim_struct_edb135c3526e3e1d,candidate,Structured compound record mined from local corpus text.
cmp_abbd99f5c92bb6,entity_abbd99f5c92bb648,reported,reported,Ginsenoside Ra4 isomer,,ginsenoside,,C62H102O27,1278.66084801585,negative,[M-H]-,1277.6522,1209.6308;1077.5751;945.5579;783.4861;1209.627;1077.5861;945.5403;783.4887;1077.5958;945.5408;783.4843,,reported,,chunk_feee487d444e0c460ebf;chunk_51e6f38ccbff175393ef;chunk_a09b83ec35fcbdd263b0;claim_struct_a86c537847abdafd,candidate,Structured compound record mined from local corpus text.
cmp_46f7872b4f9d62,entity_46f7872b4f9d6261,reported,reported,Di-malonyl-ginseno side Rd,,ginsenoside,,C54H85O24,1117.54307860923,negative,[M-H]-,1117.5427,945.5416;783.4908;621.4375;459.3872,,reported,,chunk_c2ab41f00d09b15ff5ee,candidate,Structured compound record mined from local corpus text.
cmp_8b1a6b284aaa9c,entity_8b1a6b284aaa9c95,reported,reported,Pseudo-ginsenoside isomer/Chikusetsus,,ginsenoside,,C47H74O18,926.48751553728,negative,[M-H]-,925.4801,793.4344;731.4366,,reported,,chunk_fc3fc7bf14bd308e8773,candidate,Structured compound record mined from local corpus text.
cmp_3d3aaab0904ed9,entity_3d3aaab0904ed991,reported,reported,Dehydrated-protop anaxatriol+2Glc+Ac etyl Glc,,ginsenoside,,C50H82O19,986.54503041469,negative,[M-H]-,985.5359,943.5255;781.4734;619.4212;457.3695,,reported,,chunk_1a9c74f9d4969dc6ae23,candidate,Structured compound record mined from local corpus text.
cmp_0c2e214baa8422,entity_0c2e214baa8422b0,reported,reported,Ginsenoside Rh7,,ginsenoside,,C36H60O9,636.42373350993,negative,[M-H]-,681.4221,473.3669,,reported,,chunk_f2cd48eb184490766ebe,candidate,Structured compound record mined from local corpus text.
cmp_dddd63822668f2,entity_dddd63822668f284,reported,reported,Protopanaxadiol+R,,ginsenoside,,C53H88O23,1092.57163908635,negative,[M-H]-,1091.5622,945.5419,,reported,,chunk_e6d5201588cd394abe1e,candidate,Structured compound record mined from local corpus text.
cmp_0872f7980baff5,entity_0872f7980baff56a,reported,reported,Dehydrated-protop anaxatriol+Xyl/Ara+,,ginsenoside,,C47H78O17,914.52390104663,negative,[M-H]-,913.5122,781.4792;619.4233,,reported,,chunk_88e8e2b26c7dc04926aa,candidate,Structured compound record mined from local corpus text.
cmp_ac7706b8afc46d,entity_ac7706b8afc46d00,reported,reported,Vina-ginsenoside isomer,,ginsenoside,,C47H80O17,916.5395511110901,negative,[M-H]-,915.532,621.4365;459.3826,,reported,,chunk_9536b3316a46b2dee1a9,candidate,Structured compound record mined from local corpus text.
cmp_652a50082062d9,entity_652a50082062d916,reported,reported,(E)-but-2-enoyl-gins enoside Rc,,ginsenoside,,C58H96O25,1192.62406858333,negative,[M-H]-,1191.6167,945.5418;783.4931;621.437,,reported,,chunk_df9e2664ab1b7a1137b6,candidate,Structured compound record mined from local corpus text.
cmp_edfc25c04e60c6,entity_edfc25c04e60c604,reported,reported,Ginsenoside Rdisomer,,ginsenoside,,C48H82O18,946.5501157951201,negative,[M-H]-,945.5445,783.4898;621.4384;783.4854;621.434;459.381;783.4922;621.4371;459.3831,,reported,,chunk_41c2d297065343eb9408;chunk_a09b83ec35fcbdd263b0;claim_struct_6b77b4d277eff0a1;chunk_e850675552db76b29ee9;claim_struct_7e424ae75ff2fc1c,candidate,Structured compound record mined from local corpus text.
cmp_9c0800233bd03d,entity_9c0800233bd03da8,reported,reported,Ginsenoside Romethyl ester,,ginsenoside,,C49H78O19,970.51373028577,negative,[M-H]-,969.5058,807.4536;645.4028;455.3528,,reported,,chunk_b2c4498f6ac24d8852c2,candidate,Structured compound record mined from local corpus text.
cmp_890dc0b9ebda9a,entity_890dc0b9ebda9a17,reported,reported,Malonyl isomer,,ginsenoside,,C50H82O20,1002.53994503426,negative,[M-H]-,1001.5319,915.5311;783.4914;621.4337;459.3815,,reported,,chunk_b2c4498f6ac24d8852c2,candidate,Structured compound record mined from local corpus text.
cmp_bb22b35e291abb,entity_bb22b35e291abb9f,reported,reported,(E)-but-2-enoyl-gins enoside Rb2 isomer/(E)-but-2-en oyl-ginsenoside Rb3 isomer/(E)-but-2-en,,ginsenoside,,C58H96O25,1192.62406858333,negative,[M-H]-,1191.6171,1077.5836;945.5418;783.4931,,reported,,chunk_6d93132c5b47670b374f,candidate,Structured compound record mined from local corpus text.
cmp_be124603c16025,entity_be124603c16025c9,reported,reported,Zingibroside R1 isomer,,ginsenoside,,C42H66O14,794.44525680116,negative,[M-H]-,793.4387,631.3829;569.3837;455.3611;631.3881;569.3845;455.3521;631.3796;613.3732;569.3779;455.3522;631.3908;613.3768;455.3523;631.3843;613.3739;569.3808;455.3543,,reported,,chunk_e402f9f031ae29159ebf;chunk_4b012876ea4bcc012be5;claim_struct_b4ab82e4f2960a81;chunk_95f9f0c8cef7f2db7ca5;claim_struct_a7a0834765f11bbb;chunk_dd909ee5a09e72102d67;claim_struct_4655167e8d0affb6;chunk_37855f83a8342db43dbe;claim_struct_add1810eb194f6b7,candidate,Structured compound record mined from local corpus text.
cmp_bd71f096c8ea62,entity_bd71f096c8ea628e,reported,reported,(E)-but-2-enoyl-gins enoside Rb2,,ginsenoside,,C58H96O25,1192.62406858333,negative,[M-H]-,1191.6162,945.5433;783.4919;621.4395;459.3864,,reported,,chunk_0e81b0db44c72655a372,candidate,Structured compound record mined from local corpus text.
cmp_e1c340684fb90c,entity_e1c340684fb90c61,reported,reported,Gypenoside IX,,ginsenoside,,C47H80O17,916.5395511110901,negative,[M-H]-,915.5327,783.4889;621.4374;459.3845,,reported,,chunk_bfa15bc39fdc8146ca2c,candidate,Structured compound record mined from local corpus text.
cmp_2ff6f6c9af7e88,entity_2ff6f6c9af7e8897,reported,reported,(E)-but-2-enoyl-gins enoside Rb2 isomer/(E)-but-2-en oyl-ginsenoside Rb3 isomer/(E)-but-2-en oyl-ginsenoside Rcisomer,,ginsenoside,,C58H96O25,1192.62406858333,negative,[M-H]-,1191.6171,945.5412;783.494;621.438;945.5501;783.4906;621.4371,,reported,,chunk_a962891d57892bcb4884;chunk_4dfef18e15588a09f7b9;claim_struct_1904ba41f81cf089,candidate,Structured compound record mined from local corpus text.
cmp_6c0e38656f5b52,entity_6c0e38656f5b5294,reported,reported,Malonyl-vina-ginse noside R16 isomer,,ginsenoside,,C50H82O20,1002.53994503426,negative,[M-H]-,1001.5319,915.5315;783.4921;621.4342;459.3807;915.5377;783.4985;621.4335;459.3814,,reported,,chunk_80bfa2896df4fa2a9e7a;chunk_9fc4fbb94f5978da5fa7;claim_struct_8df15b31e3a0db02,candidate,Structured compound record mined from local corpus text.
cmp_c6fdeff8051587,entity_c6fdeff8051587ec,reported,reported,Notoginsenoside Fe,,ginsenoside,,C47H80O17,916.5395511110901,negative,[M-H]-,915.5322,783.4983;621.4363;459.3858,,reported,,chunk_9c6ba1d3aa4dfe562857,candidate,Structured compound record mined from local corpus text.
cmp_60b7f7863b70c7,entity_60b7f7863b70c7ac,reported,reported,(E)-But-2-enoyl ginsenoside Rd,,ginsenoside,,C52H86O19,1014.57633054361,negative,[M-H]-,1013.5674,945.533;783.4898;621.4398;459.385;783.4913;459.3881;945.5403;783.4888;621.4343;459.3857;945.5543;783.4907;621.4354;459.3846,,reported,,chunk_b5b396dd28db00950a9e;chunk_d6962a0f130e4ea6a175;claim_struct_89c9981afe652af4;chunk_441cb21f8494a5e0c20e;claim_struct_bc16d1d1dbbd3935;chunk_0481201ed609cb07d833;claim_struct_85cf3ca0b4c5618b,candidate,Structured compound record mined from local corpus text.
cmp_c36968fea37ad0,entity_c36968fea37ad093,reported,reported,Malonyl-vina-ginse noside R16,,ginsenoside,,C50H82O20,1002.53994503426,negative,[M-H]-,1001.5322,915.5314;783.491;621.4372;459.3824,,reported,,chunk_fe4a6da510a3cc449342,candidate,Structured compound record mined from local corpus text.
cmp_af08e122621f88,entity_af08e122621f8819,reported,reported,(E)-but-2-enoyl-gins enoside Rb3,,ginsenoside,,C58H96O25,1192.62406858333,negative,[M-H]-,1191.6167,945.5385;783.4932;621.4421,,reported,,chunk_fe4a6da510a3cc449342,candidate,Structured compound record mined from local corpus text.
cmp_7afce767c270d6,entity_7afce767c270d60f,reported,reported,Ginsenoside Rh8,,ginsenoside,,C36H60O9,636.42373350993,negative,[M-H]-,681.4217,473.3655,,reported,,chunk_c172023bd1f1f4072366,candidate,Structured compound record mined from local corpus text.
cmp_616e3ba2e69000,entity_616e3ba2e69000c3,reported,reported,Gypenoside IXisomer/,,ginsenoside,,C47H80O17,916.5395511110901,negative,[M-H]-,915.5327,783.4981;621.4362,,reported,,chunk_c4c9fa68428f6a783677,candidate,Structured compound record mined from local corpus text.
cmp_1ee73a019ee629,entity_1ee73a019ee62975,reported,reported,(E)-but-2-enoyl-gins enoside Rb2 isomer/(E)-but-2-en,,ginsenoside,,C58H96O25,1192.62406858333,negative,[M-H]-,1191.6168,945.5497,,reported,,chunk_7dbb22095e8331fe3ab2,candidate,Structured compound record mined from local corpus text.
cmp_d9d6dcf29578f8,entity_d9d6dcf29578f861,reported,reported,Diacetyl-vina-ginse noside R16,,ginsenoside,,C51H84O19,1000.5606804791499,negative,[M-H]-,999.5533,915.526;783.4859;621.4383;459.3867;915.5387;783.4864;621.4387,,reported,,chunk_b905ca27f5c1db92d79b;chunk_dc78bce4615783ce935b;claim_struct_5a73438a4918a370,candidate,Structured compound record mined from local corpus text.
cmp_ce5b121b0fce20,entity_ce5b121b0fce2040,reported,reported,Ginsenoside Rg6,,ginsenoside,,C42H70O12,766.48672769094,negative,[M-H]-,765.4795,619.4229;457.3707,,reported,,chunk_95f9f0c8cef7f2db7ca5;chunk_70e59f6904006aea5e47,candidate,Structured compound record mined from local corpus text.
cmp_3e3fed48da237a,entity_3e3fed48da237a0a,reported,reported,(E)-but-2-enoyl-gins,,ginsenoside,,C58H96O25,1192.62406858333,negative,[M-H]-,1191.6167,945.5428,,reported,,chunk_4932fc417af156cc9ee6,candidate,Structured compound record mined from local corpus text.
cmp_16ef09efd21cef,entity_16ef09efd21cef38,reported,reported,Ginsenoside F4,,ginsenoside,,C42H70O12,766.48672769094,negative,[M-H]-,765.4793,619.4216;457.3697,,reported,,chunk_441cb21f8494a5e0c20e,candidate,Structured compound record mined from local corpus text.
cmp_cdbf2a92621063,entity_cdbf2a926210631d,reported,reported,Acetyl-vina-ginseno,,ginsenoside,,C49H82O18,958.5501157951201,negative,[M-H]-,957.5411,915.5229,,reported,,chunk_46efbd07890aa5ac3a7f,candidate,Structured compound record mined from local corpus text.
cmp_1347846343382b,entity_1347846343382be1,reported,reported,Acetyl-vina-ginseno side R16,,ginsenoside,,C49H82O18,958.5501157951201,negative,[M-H]-,957.5415,915.5327;783.4895;915.5284;783.4954;621.4387,,reported,,chunk_3eef6471b6cdf081af4a;chunk_8e3994ffa45c83dc56d6;claim_struct_231984737a65c4d1,candidate,Structured compound record mined from local corpus text.
cmp_4430273f6439a5,entity_4430273f6439a578,reported,reported,(E)-But-2-enoyl-pse udoginsenoside RC1,,ginsenoside,,C54H88O20,1056.58689522764,negative,[M-H]-,1055.5774,945.5427;783.4982;621.4403,,reported,,chunk_e850675552db76b29ee9,candidate,Structured compound record mined from local corpus text.
cmp_b07f554d887b8a,entity_b07f554d887b8a7b,reported,reported,Acetyl-chikusetsusa ponin IVa,,ginsenoside,,C44H68O15,836.45582148519,negative,[M-H]-,835.4499,793.4344;631.3805;613.3746;455.3546,,reported,,chunk_dd909ee5a09e72102d67,candidate,Structured compound record mined from local corpus text.
cmp_8f61c40c974c0a,entity_8f61c40c974c0a01,reported,reported,Dehydrated-protop anaxatriol+2Glc,,ginsenoside,,C42H70O13,782.48164231051,negative,[M-H]-,827.4807,619.4224;457.3675;619.4156;457.3686;619.4288;457.3708,,reported,,chunk_8e3994ffa45c83dc56d6;chunk_37855f83a8342db43dbe;claim_struct_4ff22bf7e0eba826;chunk_987ee19feda74f49d5ba;claim_struct_2c971293aee31ef0,candidate,Structured compound record mined from local corpus text.
cmp_6baa4c90ea126f,entity_6baa4c90ea126f73,reported,reported,Ginsenosid e MC,,ginsenoside,,C41H70O12,754.48672769094,negative,[M-H]-,753.4787,621.4398;459.3819,,reported,,chunk_5841c168bd2ba0ca31fe,candidate,Structured compound record mined from local corpus text.
cmp_b951fde5069396,entity_b951fde506939629,reported,reported,Polyacetyleneginsen oside-Ro isomer,,ginsenoside,,C65H100O21,1216.67571023397,negative,[M-H]-,1215.6666,955.4909;793.4325;731.4387;613.363;955.4936;793.4349;731.4348;613.3741;955.4894;793.4391;455.3493,,reported,,chunk_bab331e46f20ebf60a25;chunk_987ee19feda74f49d5ba;claim_struct_ee39df8ccf7d54fa;chunk_f27ee7e99dc5afeda6a1;claim_struct_1a7bd16fac9e05f0,candidate,Structured compound record mined from local corpus text.
cmp_858038c46a698a,entity_858038c46a698ad1,reported,reported,Polyacetyleneginsen oside-Ro,,ginsenoside,,C65H100O21,1216.67571023397,negative,[M-H]-,1215.6685,955.4891;793.4378;731.4383;613.3792,,reported,,chunk_987ee19feda74f49d5ba,candidate,Structured compound record mined from local corpus text.
cmp_55265b554cd10c,entity_55265b554cd10c5a,reported,reported,Ginsenoside Compo und K,,ginsenoside,,C36H62O8,622.44446895482,negative,[M-H]-,621.436,459.3872,,reported,,chunk_7d3f2fcc9534f0fbce6c,candidate,Structured compound record mined from local corpus text.
cmp_6c44dd5adc674c,entity_6c44dd5adc674cd5,reported,reported,Ginsenoside Rk1,,ginsenoside,,C42H70O12,766.48672769094,negative,[M-H]-,765.4795,603.4263;441.3346,,reported,,chunk_7d3f2fcc9534f0fbce6c,candidate,Structured compound record mined from local corpus text.
cmp_7de542b5964203,entity_7de542b596420380,reported,reported,Ginsenoside Rg5,,ginsenoside,,C42H70O12,766.48672769094,negative,[M-H]-,765.4798,603.4271;441.3354,,reported,,chunk_fd890ca0e95c605dce18;chunk_70e59f6904006aea5e47,candidate,Structured compound record mined from local corpus text.
cmp_39a2c51fac0093,entity_39a2c51fac009303,reported,reported,20(S)-Ginsenoside,,ginsenoside,,C36H62O8,622.44446895482,negative,[M-H]-,621.4361,459.3809,,reported,,chunk_fd890ca0e95c605dce18,candidate,Structured compound record mined from local corpus text.
cmp_dc8d83dacc43f8,entity_dc8d83dacc43f8fb,reported,reported,20(R)-Ginsenoside,,ginsenoside,,C36H62O8,622.44446895482,negative,[M-H]-,621.4365,459.387,,reported,,chunk_fd890ca0e95c605dce18,candidate,Structured compound record mined from local corpus text.
cmp_ade780c9dac8b6,entity_ade780c9dac8b627,reported,reported,Panajaponol A/isomer,,ginsenoside,,C42H72O15,816.48712161411,,,,635.423;491.3715;655.4458;491.3729;841.4982;799.4874;781.4768;679.4427;799.4887;637.4224;961.5277;799.4742;635.4399;491.3707;491.37;799.4883;679.4424;1077.5883;1059.5782;945.5323,,reported,,chunk_f20a11e76fa7e52ad755;chunk_3766ed9524e52b387614;chunk_366c1449be21d105cbc0;chunk_acc6e934be5d2cae972b;chunk_87688eaf9dbad6145ade;chunk_7ecf702e80336967ad61;chunk_6a3d86d6f67cd2f2aa4b,candidate,Structured compound record mined from local corpus text.
cmp_bde5084c22e1c2,entity_bde5084c22e1c229,reported,reported,20-S-Rf3/ isomer,,ginsenoside,,C50H84O19,988.5606804791499,,,,493.3921;961.546;493.3895;945.5459;927.5299;799.4982;781.4555;637.4408;475.3925;987.5545,,reported,,chunk_8de719bda7251a09ccf9;chunk_76a7adc4c6b2879a2f7d,candidate,Structured compound record mined from local corpus text.
cmp_a01652220c4532,entity_a01652220c453244,reported,reported,6-acetyl ginsenoside-Rg3/isomer,,ginsenoside,,C50H84O20,1004.55559509872,,,,799.4966;637.4406;961.5477;799.4829;637.448;475.3933;961.5396;799.4832;637.4175;475.3772,,reported,,chunk_8de719bda7251a09ccf9;chunk_2e830dfc5f37d7d1c143;chunk_84cdcf85468c773b790a,candidate,Structured compound record mined from local corpus text.
cmp_3892e6104f421c,entity_3892e6104f421c8f,reported,reported,noto-Rt/isomer,,ginsenoside,,C44H74O15,842.50277167857,,,,679.4414;637.4319;619.4212;475.3776;475.3849;945.5413;927.5322;799.4837;783.4981;637.4381;619.4221;475.3735;655.4481;637.4333;475.3784;799.4871;637.4433;475.3696;799.4904;781.4655;637.432;475.3926;1077.5891;1059.5795;945.5502;679.4316;637.4337;619.4211;475.3762;781.4728;637.4221;475.3722;987.5551;945.543;781.4742;637.4256;619.4249;475.3691;1077.588;1047.5737;945.5471;783.4912,,reported,,chunk_5d34a0e647f5082c359a;chunk_5c06859173503a5d31bc;chunk_3c270d61fe32c2f68993;chunk_7ecf702e80336967ad61;chunk_f52e40c7f902bbee1eb2;chunk_8369e8fb8c71ac92d255;chunk_d375d8b9cb6fec36283c;chunk_8f31654d252b89aae3ce;chunk_c6a020209a361cdc5926,candidate,Structured compound record mined from local corpus text.
cmp_208d3af52ef294,entity_208d3af52ef294bb,reported,reported,G-Rh15/isomer,,ginsenoside,,C42H70O13,782.48164231051,,,,619.425;945.5478;927.5359;457.3386;637.414;457.3872;619.4225;457.3858;457.3735,,reported,,chunk_5d34a0e647f5082c359a;chunk_a7fb24043ee286556c3f;chunk_07158b980709b4d03d0d;chunk_b059d669579984e37eaa;chunk_847e64c2141283d47d65,candidate,Structured compound record mined from local corpus text.
cmp_2ae3c2da996f27,entity_2ae3c2da996f272d,reported,reported,Rs1/isomer,,ginsenoside,,C50H84O19,988.5606804791499,,,,799.4704;637.4245;781.4879;637.4303;841.4994;799.5353,,reported,,chunk_3ae272b5f4ad5f5588d4;chunk_5c06859173503a5d31bc;chunk_51982da1a04a240f3299,candidate,Structured compound record mined from local corpus text.
cmp_06141030d1292e,entity_06141030d1292ecd,reported,reported,mRd isomer,,ginsenoside,,C51H84O21,1032.55050971829,,,,637.4381;475.3786;653.4314;799.4965;637.4275;475.3859;653.4293;799.4866;637.4181;475.3799,,reported,,chunk_3766ed9524e52b387614;chunk_366c1449be21d105cbc0;chunk_147b2c6a8f28383b8529,candidate,Structured compound record mined from local corpus text.
cmp_df43eb72b24410,entity_df43eb72b24410a6,reported,reported,mRg1,,ginsenoside,,C45H74O17,886.49260091771,,,,637.4336;619.4224;475.3784;961.5497;799.4793;637.4317;475.3839;799.4859;637.4293;637.4325;619.4209;475.392;799.4834;781.4688;619.4206;475.378;653.4208;781.4785;637.435;475.3668;783.4912;765.4817,,reported,,chunk_0fddf779153759adc5a0;chunk_b54e93f8e0d7cf6f249e;chunk_3c270d61fe32c2f68993;chunk_2e830dfc5f37d7d1c143;chunk_147b2c6a8f28383b8529,candidate,Structured compound record mined from local corpus text.
cmp_6bf819210e7674,entity_6bf819210e767464,reported,reported,Notoginsenoside Fh7 isomer,,ginsenoside,,C54H92O24,1124.59785383484,,,,961.5497;799.4793;637.4076;475.3864;961.5277;799.4742;637.4282;475.3876;961.5364;799.4912;637.4347;475.3801,,reported,,chunk_0fddf779153759adc5a0;chunk_acc6e934be5d2cae972b;chunk_c598585d5eb2d1b6bf8c,candidate,Structured compound record mined from local corpus text.
cmp_7c305d4b499316,entity_7c305d4b4993165b,reported,reported,Rg1 isomer,,ginsenoside,,C42H72O14,800.49220699454,,,,637.4325;475.3799;799.4873;637.4582;841.4993;637.433;475.383;987.5567;945.5432;475.3758;783.4906;621.4374;475.3769;799.4912;679.443,,reported,,chunk_b54e93f8e0d7cf6f249e;chunk_a7fb24043ee286556c3f;chunk_038ab525f53d5cab987f;chunk_a6578995c2a5580fef2e;chunk_f34f6ea452d17a60d2c0;chunk_c6a020209a361cdc5926,candidate,Structured compound record mined from local corpus text.
cmp_9d309a280f8653,entity_9d309a280f86530f,reported,reported,Re1 isomer,,ginsenoside,,C48H82O19,962.54503041469,,,,475.3553;815.4781;637.4334;475.378;475.3792;679.4396;619.4113;637.4469;475.3603,,reported,,chunk_397e7cef57a0f3241565;chunk_4b6e771e1f0214266e3e;chunk_6a3d86d6f67cd2f2aa4b;chunk_9268bf6887017374787a,candidate,Structured compound record mined from local corpus text.
cmp_b7fd69ca9d7fe2,entity_b7fd69ca9d7fe24d,reported,reported,Vinaginsenoside R6 isomer,,ginsenoside,,C47H80O19,948.52938035023,,,,491.3935,,reported,,chunk_397e7cef57a0f3241565,candidate,Structured compound record mined from local corpus text.
cmp_294615afac94ec,entity_294615afac94ec45,reported,reported,20(S)- Rf3 isomer,,ginsenoside,,C42H74O15,818.50277167857,,,,655.4273;493.3653,,reported,,chunk_397e7cef57a0f3241565,candidate,Structured compound record mined from local corpus text.
cmp_daa7f69c9c14d3,entity_daa7f69c9c14d3bb,reported,reported,M-R2/isomer,,ginsenoside,,C41H70O14,786.47655693008,,,,491.3778;961.5383;635.4084;491.3704;491.3841;491.385,,reported,,chunk_91f00c4cf64b08e38be4;chunk_830bcd489bd464af970b;chunk_1695dc622f72418c91cb;chunk_9268bf6887017374787a,candidate,Structured compound record mined from local corpus text.
cmp_e566e87fdb57dd,entity_e566e87fdb57dd63,reported,reported,20S-sanchirhinosides A6 isomer,,ginsenoside,,C53H90O23,1094.58728915081,,,,637.4307;637.4243;799.491,,reported,,chunk_91f00c4cf64b08e38be4;chunk_7755fcf89cc5ec00d804;chunk_84cdcf85468c773b790a,candidate,Structured compound record mined from local corpus text.
cmp_3767a03f550daf,entity_3767a03f550daf00,reported,reported,tetrahydroxydammArane-6-O-β-D-Xylopyranosyl-glucopyranoside isomer,,ginsenoside,,C41H72O14,788.49220699454,,,,655.4474;493.392,,reported,,chunk_9cfd0596a65b642ad612,candidate,Structured compound record mined from local corpus text.
cmp_8be63c29ef8b44,entity_8be63c29ef8b44ca,reported,reported,20-glu-G-Rf,,ginsenoside,,C48H82O19,962.54503041469,,,,799.4894,,reported,,chunk_4b6e771e1f0214266e3e,candidate,Structured compound record mined from local corpus text.
cmp_fa00e8aa7953e9,entity_fa00e8aa7953e9ae,reported,reported,PG-F11 isomer,,ginsenoside,,C42H72O14,800.49220699454,,,,491.3664;491.3738;799.4901;637.4361;799.4716,,reported,,chunk_252c975d53a9fe54f19a;chunk_ce301891eaa5f1eecc48;chunk_3aa505ba479fab4c714e,candidate,Structured compound record mined from local corpus text.
cmp_8e7d1f1c4b69ce,entity_8e7d1f1c4b69ce78,reported,reported,Floralginsenoside Misomer,,ginsenoside,,C53H90O22,1078.59237453124,,,,783.4936;799.5007,,reported,,chunk_7755fcf89cc5ec00d804;chunk_2e2efca6cf1ae48e9c37,candidate,Structured compound record mined from local corpus text.
cmp_1a4fc8abefb408,entity_1a4fc8abefb4083a,reported,reported,"6',6""-di-O-acetyl Rg1 isomer",,ginsenoside,,C46H76O16,884.5133363626001,,,,781.4664;763.4465;841.4901;799.4997;637.4221;475.3955,,reported,,chunk_87688eaf9dbad6145ade;chunk_40f1a09a6d9e337135bd,candidate,Structured compound record mined from local corpus text.
cmp_dfd0a6c70abe1d,entity_dfd0a6c70abe1d62,reported,reported,PG-RT5 isomer,,ginsenoside,,C36H62O10,654.43429819396,,,,491.3788;961.552;945.5238,,reported,,chunk_be0cb7cae9058ae21c80,candidate,Structured compound record mined from local corpus text.
cmp_c5681312a9143c,entity_c5681312a9143c84,reported,reported,Yesanchinoside E/isomer,,ginsenoside,,C54H92O23,1108.60293921527,,,,927.4901;783.5103;637.4377;475.3802;637.4536;475.3969;841.4901;799.4997,,reported,,chunk_be0cb7cae9058ae21c80;chunk_7797f8a88925946fc502,candidate,Structured compound record mined from local corpus text.
cmp_18b7949269eeb5,entity_18b7949269eeb535,reported,reported,20(R)-G-Rf2 isomer,,ginsenoside,,C42H74O14,802.507857059,,,,653.4289,,reported,,chunk_ce301891eaa5f1eecc48,candidate,Structured compound record mined from local corpus text.
cmp_7998cd16bcb319,entity_7998cd16bcb31906,reported,reported,Re4 isomer/NG-R1 isomer,,ginsenoside,,C47H80O18,932.53446573066,,,,637.4328;475.3707;945.5454;475.3807;637.4358;475.3887;637.398;475.3746;621.4377;637.4305;475.3873,,reported,,chunk_7797f8a88925946fc502;chunk_6083192d0c73e7068d68;chunk_3aa505ba479fab4c714e;chunk_b735a606bf1dfae9657b;chunk_cb889b240e16068dfc1d,candidate,Structured compound record mined from local corpus text.
cmp_de0e6720941109,entity_de0e6720941109ce,reported,reported,isomer,,ginsenoside,,C41H70O13,770.48164231051,,,,841.4957;475.3819;475.3751;475.3808;915.5345;459.3833,,reported,,chunk_6083192d0c73e7068d68;chunk_8c36c2ea278b0e3358c5;chunk_84cdcf85468c773b790a;chunk_6e93d7bd9f2e29bfd809;chunk_c01c9c48bb1cb196a66b;chunk_b2a5141a28aaf5c0ba8b,candidate,Structured compound record mined from local corpus text.
cmp_1f1bc47f2d9908,entity_1f1bc47f2d99083a,reported,reported,Rs3 isomer,,ginsenoside,,C44H74O14,826.507857059,,,,621.4336;459.3839;989.5603;621.4407;603.4303;459.3765;637.4364;663.4434;621.4706;459.3755;763.4304;631.3865;621.4428;459.3854,,reported,,chunk_147b2c6a8f28383b8529;chunk_bf7d39577a6b80d6f570;chunk_05ad2d7e428bd76fcd58;chunk_847e64c2141283d47d65,candidate,Structured compound record mined from local corpus text.
cmp_ee11732aed24ff,entity_ee11732aed24ffa7,reported,reported,XVII isomer,,ginsenoside,,C50H84O19,988.5606804791499,,,,765.4705;765.4803;783.4851;621.4411;783.4873;765.4957;783.4908;783.4858;765.4884,,reported,,chunk_c598585d5eb2d1b6bf8c;chunk_f115ef47a73058ee6e3c;chunk_56a9ba062b7ea0fc54cf;chunk_cfc2d832baf7e9b4252c;chunk_dad06b8d79f7114a89f8;chunk_4a0355c3c5b01ec326e6;chunk_6e93d7bd9f2e29bfd809;chunk_4855941772d8af97c6d3,candidate,Structured compound record mined from local corpus text.
cmp_0031e405a1d736,entity_0031e405a1d7361e,reported,reported,Diacetyl-G-Rd isomer,,ginsenoside,,C52H86O20,1030.57124516318,,,,783.502;621.4281;459.381;637.4311;619.4212;783.4938;621.4501;459.4029;1107.5963;945.5535;783.5046;621.4294;459.3784,,reported,,chunk_038ab525f53d5cab987f;chunk_8f31654d252b89aae3ce;chunk_f248b3022abc156c5844,candidate,Structured compound record mined from local corpus text.
cmp_1e4cc10b7e8b10,entity_1e4cc10b7e8b10e8,reported,reported,20R-ginsenoside Rh1 6‘-acetate isomer,,ginsenoside,,C38H64O10,680.44994825842,,,,637.4311;619.4212;475.3802;679.4489;475.3788;679.4396;619.4113;475.3744,,reported,,chunk_038ab525f53d5cab987f;chunk_8369e8fb8c71ac92d255;chunk_6a3d86d6f67cd2f2aa4b,candidate,Structured compound record mined from local corpus text.
cmp_951209167f3f5b,entity_951209167f3f5b09,reported,reported,chikusetsusaponin LM2 isomer,,ginsenoside,,C46H78O17,902.52390104663,,,,637.4319;637.4297,,reported,,chunk_b35c37e06171407910c0;chunk_a6578995c2a5580fef2e,candidate,Structured compound record mined from local corpus text.
cmp_6e02b8b2e52056,entity_6e02b8b2e52056d1,reported,reported,CS-IV,,ginsenoside,,C47H74O18,926.48751553728,,,,945.5462,,reported,,chunk_b35c37e06171407910c0,candidate,Structured compound record mined from local corpus text.
cmp_ace5987fc7b3a3,entity_ace5987fc7b3a3e0,reported,reported,Rb1 isomer,,ginsenoside,,C54H92O23,1108.60293921527,,,,783.4902;621.4482;459.3881;783.4903;637.4395;621.4494;459.3653,,reported,,chunk_1beab080004063474009;chunk_ca6afe86d43c7d1d4af7,candidate,Structured compound record mined from local corpus text.
cmp_aa89b59207d18a,entity_aa89b59207d18ab3,reported,reported,Q-R1 isomer,,ginsenoside,,C56H94O24,1150.6135038993,,,,927.5342;783.4877;621.4405;459.3881;637.4293;945.5452;915.5419;783.4926;945.5474;783.4985;621.4451;459.3763,,reported,,chunk_8c36c2ea278b0e3358c5;chunk_15d7ff26eae43458c7c5;chunk_45e1bef5f6385ca0a773,candidate,Structured compound record mined from local corpus text.
cmp_1fe9ce913ec544,entity_1fe9ce913ec54465,reported,reported,R-s2 isomer,,ginsenoside,,C55H92O23,1120.60293921527,,,,945.5424,,reported,,chunk_12d1a11942713862ae06,candidate,Structured compound record mined from local corpus text.
cmp_a6c8b635b58c6e,entity_a6c8b635b58c6e4e,reported,reported,Rb2 isomer,,ginsenoside,,C53H90O22,1078.59237453124,,,,621.4493;459.3929;631.3859;621.4221;459.3994,,reported,,chunk_12d1a11942713862ae06;chunk_3ec41a792319248b1652,candidate,Structured compound record mined from local corpus text.
cmp_22874b32714543,entity_22874b3271454303,reported,reported,CS-Iva,,ginsenoside,,C42H66O14,794.44525680116,,,,569.3856;455.353;783.4918;613.3723;455.3515;1077.5893;945.5445,,reported,,chunk_340fdb8bbbcbecfbfdd7;chunk_dc68dab71a9219329e21,candidate,Structured compound record mined from local corpus text.
cmp_2af2bf167a2fb0,entity_2af2bf167a2fb01d,reported,reported,Rs1 isomer,,ginsenoside,,C55H92O23,1120.60293921527,,,,765.4853;621.4379;459.3871;1119.5992;1077.5875;1059.5772;945.577;783.4948;621.4344;459.3851;765.4832;621.4377;459.3698;783.4973;783.5016;621.4504;459.5302;807.4603,,reported,,chunk_569b443024a151234ae0;chunk_59bd5688360be4415d8b;chunk_54fe0aa1604cdd406fbc;chunk_e0be8e61810f77d9d063,candidate,Structured compound record mined from local corpus text.
cmp_fdffab8dea4f0c,entity_fdffab8dea4f0c27,reported,reported,Malonyl-ginsenosideRc isomer,,ginsenoside,,C56H92O25,1164.59276845441,,,,783.4948;765.4912,,reported,,chunk_569b443024a151234ae0,candidate,Structured compound record mined from local corpus text.
cmp_33b16abe4ce789,entity_33b16abe4ce78959,reported,reported,Quinquenoside I isomer,,ginsenoside,,C52H86O19,1014.57633054361,,,,765.4869;621.4246,,reported,,chunk_15d7ff26eae43458c7c5;chunk_398a7c57dccd51662eb7;chunk_b059d669579984e37eaa;chunk_59bd5688360be4415d8b;chunk_01e8795ef4b713ba959e,candidate,Structured compound record mined from local corpus text.
cmp_193a93f5d8c84b,entity_193a93f5d8c84bcb,reported,reported,Rg2 isomer,,ginsenoside,,C42H72O13,784.49729237497,,,,475.3752;799.4892;637.4323;619.4134;475.3664;945.5436;475.3769;631.3752;475.3775,,reported,,chunk_b735a606bf1dfae9657b;chunk_e3c3a32d1e5fa120ea41;chunk_dc68dab71a9219329e21;chunk_e58643522a0471869196,candidate,Structured compound record mined from local corpus text.
cmp_a3c49a9d80873e,entity_a3c49a9d80873e03,reported,reported,20Z-ginsenoside-Rs4 isomer,,ginsenoside,,C44H72O13,808.49729237497,,,,765.4404;603.3835;441.343,,reported,,chunk_51982da1a04a240f3299,candidate,Structured compound record mined from local corpus text.
cmp_65d45c5b40907e,entity_65d45c5b40907e41,reported,reported,Rd isomer,,ginsenoside,,C48H82O18,946.5501157951201,,,,459.3801;637.4256;459.3732;987.5551;459.3912,,reported,,chunk_e3c3a32d1e5fa120ea41;chunk_0d0c40a2b9c64e3ab7e3;chunk_6cf12e073d46c4b4ab97,candidate,Structured compound record mined from local corpus text.
cmp_18bac144b7e39f,entity_18bac144b7e39fa8,reported,reported,Malonyl-ginsenoside Reisomer,,ginsenoside,,C51H84O21,1032.55050971829,,,,927.5375;783.4942;765.481;783.4991;783.504,,reported,,chunk_f115ef47a73058ee6e3c;chunk_0ae169c5ece15f04a975;chunk_0d0c40a2b9c64e3ab7e3,candidate,Structured compound record mined from local corpus text.
cmp_0913f8203678a1,entity_0913f8203678a142,reported,reported,20(S)-G-Rg3 isomer,,ginsenoside,,C42H72O13,784.49729237497,,,,621.4342;459.3858;799.488,,reported,,chunk_f115ef47a73058ee6e3c,candidate,Structured compound record mined from local corpus text.
cmp_fc66b184b8d8dc,entity_fc66b184b8d8dc31,reported,reported,koryoginsenoside-R1/isomer,,ginsenoside,,C4H4O,68.02621474849,,,,799.4615;637.4379;781.4766;637.4431;781.4857;637.4456,,reported,,chunk_cb889b240e16068dfc1d;chunk_7a53d7d98d6b4164a360;chunk_e5ec2785364561e70361,candidate,Structured compound record mined from local corpus text.
cmp_6f457263bc5592,entity_6f457263bc5592cb,reported,reported,20(S)-G-Rf-1a,,ginsenoside,,C42H72O14,800.49220699454,,,,475.3802,,reported,,chunk_04012333f70ec83edaa9,candidate,Structured compound record mined from local corpus text.
cmp_42def97aabd953,entity_42def97aabd95329,reported,reported,20(S)-G-Rf,,ginsenoside,,C42H72O14,800.49220699454,,,,637.4353;475.3801,,reported,,chunk_04012333f70ec83edaa9,candidate,Structured compound record mined from local corpus text.
cmp_29c05fbe3a0b45,entity_29c05fbe3a0b45d6,reported,reported,20(R)-G-Rf,,ginsenoside,,C42H72O14,800.49220699454,,,,637.4353;475.3801,,reported,,chunk_04012333f70ec83edaa9,candidate,Structured compound record mined from local corpus text.
cmp_dc2a76b6ccbe96,entity_dc2a76b6ccbe96db,reported,reported,Ra0 isomer,,ginsenoside,,C60H102O28,1270.65576263542,,,,783.48;621.435;459.3861,,reported,,chunk_442517700b2afbc873f9,candidate,Structured compound record mined from local corpus text.
cmp_89198d6ed9756c,entity_89198d6ed9756cbc,reported,reported,20(S)-NG-R2,,ginsenoside,,C41H70O13,770.48164231051,,,,475.3792;637.4369,,reported,,chunk_cfc2d832baf7e9b4252c,candidate,Structured compound record mined from local corpus text.
cmp_6fbf7f34b7e8db,entity_6fbf7f34b7e8dbd5,reported,reported,G-F3,,ginsenoside,,C41H70O13,770.48164231051,,,,1077.589;945.5514,,reported,,chunk_5c77ad7ce0664b15b070,candidate,Structured compound record mined from local corpus text.
cmp_8f54b3c7bbabf5,entity_8f54b3c7bbabf505,reported,reported,20(R)-NG-R2,,ginsenoside,,C41H70O13,770.48164231051,,,,,,reported,,chunk_c3f9bf4aafc2ed711f09,candidate,Structured compound record mined from local corpus text.
cmp_4d2384ed5a3125,entity_4d2384ed5a3125bf,reported,reported,20(S)-G-Rg2,,ginsenoside,,C42H72O13,784.49729237497,,,,,,reported,,chunk_b8343765d060f1e91136,candidate,Structured compound record mined from local corpus text.
cmp_a3010cd59cc6d6,entity_a3010cd59cc6d6e3,reported,reported,20(R)-G-Rg2,,ginsenoside,,C42H72O13,784.49729237497,,,,,,reported,,chunk_7a53d7d98d6b4164a360,candidate,Structured compound record mined from local corpus text.
cmp_3088f392a11c24,entity_3088f392a11c2407,reported,reported,ginsenoside Rh14 isomer,,ginsenoside,,C42H70O13,782.48164231051,,,,473.3696,,reported,,chunk_6e93d7bd9f2e29bfd809,candidate,Structured compound record mined from local corpus text.
cmp_9932cd9efefb1b,entity_9932cd9efefb1bc5,reported,reported,20(S)-G-Rh1,,ginsenoside,,C36H62O9,638.43938357439,,,,475.3809,,reported,,chunk_fa9adedb3940c97c89e4,candidate,Structured compound record mined from local corpus text.
cmp_d901ae38e343a2,entity_d901ae38e343a244,reported,reported,trihydroxydammar-24-en-6-yl 2-O-Xylopyranosyl-isomer,,ginsenoside,,C40H68O12,740.47107762648,,,,475.3762;1107.5995,,reported,,chunk_4855941772d8af97c6d3,candidate,Structured compound record mined from local corpus text.
cmp_a123d095eb2b78,entity_a123d095eb2b78c4,reported,reported,Q-R1,,ginsenoside,,C56H94O24,1150.6135038993,,,,945.5271;783.4751;825.5047,,reported,,chunk_39550165b91703d596a2,candidate,Structured compound record mined from local corpus text.
cmp_810bbf87c95706,entity_810bbf87c95706ee,reported,reported,Notoginsenoside O isomer,,ginsenoside,,C52H88O21,1048.58180984721,,,,621.4351,,reported,,chunk_01e8795ef4b713ba959e,candidate,Structured compound record mined from local corpus text.
cmp_09ead992dc14a4,entity_09ead992dc14a46f,reported,reported,Arabinopyranosyl(1f2)-β-oleanolic acid isomer,,ginsenoside,,C41H64O13,764.43469211713,,,,763.4304;631.3865;455.3466,,reported,,chunk_05ad2d7e428bd76fcd58,candidate,Structured compound record mined from local corpus text.
cmp_91184654ee316a,entity_91184654ee316a2b,reported,reported,Gypenoside X isomer,,ginsenoside,,C48H82O17,930.55520117555,,,,459.385;1077.5889;1059.5754;945.546;927.5327;915.5334;621.4535;459.3782;619.4101,,reported,,chunk_54fe0aa1604cdd406fbc;chunk_78f14995cf874219e7db,candidate,Structured compound record mined from local corpus text.
cmp_613eababda0623,entity_613eababda06230e,reported,reported,G-Rk1,,ginsenoside,,C42H70O12,766.48672769094,,,,603.3942;441.3382;1107.595,,reported,,chunk_45e1bef5f6385ca0a773,candidate,Structured compound record mined from local corpus text.
cmp_b01a4a2f9665cb,entity_b01a4a2f9665cb89,reported,reported,Rs2,,ginsenoside,,C55H92O23,1120.60293921527,,,,,,reported,,chunk_cbb9e028ce16baa8fb37,candidate,Structured compound record mined from local corpus text.
cmp_a41ba4a088eee2,entity_a41ba4a088eee22a,reported,reported,Rs1,,ginsenoside,,C55H92O23,1120.60293921527,,,,,,reported,,chunk_cbb9e028ce16baa8fb37,candidate,Structured compound record mined from local corpus text.
cmp_64d852eb51130a,entity_64d852eb51130a51,reported,reported,Notoginsenoside Oisomer,,ginsenoside,,C52H88O21,1048.58180984721,,,,783.4876;621.4268,,reported,,chunk_6c6b5beb70bfa6084822,candidate,Structured compound record mined from local corpus text.
cmp_96d30d4c1b5630,entity_96d30d4c1b563044,reported,reported,ginsenoside isomer,,ginsenoside,,C4H4O,68.02621474849,,,,,,reported,,chunk_e0be8e61810f77d9d063,candidate,Structured compound record mined from local corpus text.
cmp_2149950d341363,entity_2149950d3413630a,reported,reported,G-Rg9,,ginsenoside,,C42H70O13,782.48164231051,,,,457.3717;945.5439,,reported,,chunk_dad06b8d79f7114a89f8,candidate,Structured compound record mined from local corpus text.
cmp_ced5d9e5d05bb3,entity_ced5d9e5d05bb37a,reported,reported,CS-III isomer,,ginsenoside,,C47H80O17,916.5395511110901,,,,459.3812,,reported,,chunk_e5ec2785364561e70361,candidate,Structured compound record mined from local corpus text.
cmp_4df2aa569a36e8,entity_4df2aa569a36e8a3,reported,reported,G-Rh19,,ginsenoside,,C36H62O9,638.43938357439,,,,475.3828,,reported,,chunk_8b34928f129849e0ab8b,candidate,Structured compound record mined from local corpus text.
cmp_84f4a4ade2fac9,entity_84f4a4ade2fac997,reported,reported,Rs4 isomer,,ginsenoside,,C44H72O13,808.49729237497,,,,603.4296;441.3694,,reported,,chunk_4a0355c3c5b01ec326e6,candidate,Structured compound record mined from local corpus text.
cmp_2f5cac9b423ff3,entity_2f5cac9b423ff3d7,reported,reported,DHDGG,,ginsenoside,,C42H72O13,784.49729237497,,,,621.4361;945.5451;927.5273,,reported,,chunk_4a0355c3c5b01ec326e6,candidate,Structured compound record mined from local corpus text.
cmp_a31690c8af03fe,entity_a31690c8af03fe4d,reported,reported,G-Rg6,,ginsenoside,,C42H70O12,766.48672769094,,,,457.3736,,reported,,chunk_4914115598a0916296c0,candidate,Structured compound record mined from local corpus text.
cmp_761c5531a22bc0,entity_761c5531a22bc05a,reported,reported,G-F4,,ginsenoside,,C42H70O12,766.48672769094,,,,619.4232,,reported,,chunk_4914115598a0916296c0,candidate,Structured compound record mined from local corpus text.
cmp_cf93225e1e7619,entity_cf93225e1e76191f,reported,reported,DHDXG,,ginsenoside,,C42H72O11,752.50746313583,,,,619.4275,,reported,,chunk_fe33fcd52b9017737295,candidate,Structured compound record mined from local corpus text.
cmp_7868f86d8106f1,entity_7868f86d8106f19f,reported,reported,CS-Iva methyl ester,,ginsenoside,,C43H68O14,808.46090686562,,,,645.4015;637.4289,,reported,,chunk_fe33fcd52b9017737295,candidate,Structured compound record mined from local corpus text.
cmp_dfa12308e22fd1,entity_dfa12308e22fd1f7,reported,reported,"6α,12β,20S)-6-(acetyloxy) 24-en-20-yl isomer",,ginsenoside,,C38H64O10,680.44994825842,,,,637.4289;475.3965,,reported,,chunk_398a7c57dccd51662eb7,candidate,Structured compound record mined from local corpus text.
cmp_33eec038f7516b,entity_33eec038f7516ba2,reported,reported,G-Rg6 isomer,,ginsenoside,,C42H70O12,766.48672769094,,,,457.3726,,reported,,chunk_78f14995cf874219e7db,candidate,Structured compound record mined from local corpus text.
cmp_441591067bba34,entity_441591067bba3415,reported,reported,G-Rk3,,ginsenoside,,C36H60O8,620.42881889036,,,,,,reported,,chunk_3d102bf179455b9fd50b,candidate,Structured compound record mined from local corpus text.
cmp_edfb9122708c9b,entity_edfb9122708c9bc3,reported,reported,G-Rh4,,ginsenoside,,C36H60O8,620.42881889036,,,,,,reported,,chunk_3d102bf179455b9fd50b,candidate,Structured compound record mined from local corpus text.
cmp_054c48194bb643,entity_054c48194bb643a8,reported,reported,G-F2,,ginsenoside,,C42H72O13,784.49729237497,,,,621.4361;619.4216,,reported,,chunk_3d102bf179455b9fd50b,candidate,Structured compound record mined from local corpus text.
cmp_6e107ceed7598a,entity_6e107ceed7598ade,reported,reported,20(S)-G-Rg3,,ginsenoside,,C42H72O13,784.49729237497,,,,621.4389;459.384,,reported,,chunk_5b32a94eb926c444d36b,candidate,Structured compound record mined from local corpus text.
cmp_37cb7a449caf78,entity_37cb7a449caf78ed,reported,reported,20(R)-G-Rg3,,ginsenoside,,C42H72O13,784.49729237497,,,,621.4389;459.384,,reported,,chunk_70a16d7630be68e72676,candidate,Structured compound record mined from local corpus text.
cmp_88e14813dd4198,entity_88e14813dd41982f,reported,reported,DEDT,,ginsenoside,,C30H50O3,458.37599547021,,,,441.3741,,reported,,chunk_b2a5141a28aaf5c0ba8b,candidate,Structured compound record mined from local corpus text.
cmp_b9b06c38406023,entity_b9b06c384060236f,reported,reported,20(S)-PPT,,ginsenoside,,C30H52O4,476.38656015424,,,,391.2836,,reported,,chunk_b2a5141a28aaf5c0ba8b,candidate,Structured compound record mined from local corpus text.
cmp_ab78fcf585491f,entity_ab78fcf585491f11,reported,reported,20(R)-PPT,,ginsenoside,,C30H52O4,476.38656015424,,,,391.2836,,reported,,chunk_869cabbc6f1f9facdb98,candidate,Structured compound record mined from local corpus text.
cmp_934f7f410ba726,entity_934f7f410ba726fb,reported,reported,G-C-Y isomer,,ginsenoside,,C41H70O12,754.48672769094,,,,459.3814;619.4345;459.3995;783.4866,,reported,,chunk_869cabbc6f1f9facdb98;chunk_847e64c2141283d47d65,candidate,Structured compound record mined from local corpus text.
cmp_9c75994394e6e1,entity_9c75994394e6e175,reported,reported,20(S)-G-Rs3,,ginsenoside,,C2H2O,42.01056468403,,,,765.4761;621.4482;459.3823,,reported,,chunk_9ec71f9c9215d1505c8f,candidate,Structured compound record mined from local corpus text.
cmp_47e95f35e9ec73,entity_47e95f35e9ec735a,reported,reported,20(R)-G-Rs3,,ginsenoside,,C2H2O,42.01056468403,,,,765.4761;621.4482;459.3823;609.3828,,reported,,chunk_9ec71f9c9215d1505c8f,candidate,Structured compound record mined from local corpus text.
cmp_bc379c2f1aa4a2,entity_bc379c2f1aa4a2c8,reported,reported,ZB-RI-6‘ methyl ester,,ginsenoside,,C43H68O14,808.46090686562,,,,455.3544,,reported,,chunk_9f3933945423aa330977,candidate,Structured compound record mined from local corpus text.
cmp_7ad01b718f29eb,entity_7ad01b718f29eb18,reported,reported,Rs4,,ginsenoside,,C44H72O13,808.49729237497,,,,609.3828;603.4212;441.3721,,reported,,chunk_9f3933945423aa330977;chunk_6b0d64bd980aea95f64b,candidate,Structured compound record mined from local corpus text.
cmp_2da943f01efac4,entity_2da943f01efac484,reported,reported,noto-T5 isomer,,ginsenoside,,C41H68O12,752.47107762648,,,,457.3681,,reported,,chunk_cd666b06466a5a2b5984,candidate,Structured compound record mined from local corpus text.
cmp_cef938934a7e9b,entity_cef938934a7e9b2f,reported,reported,Oleanolic acid-28-O-β-D-glucopyranoside/isomer,,ginsenoside,,C36H58O8,618.4131688259,,,,455.3506,,reported,,chunk_cd666b06466a5a2b5984,candidate,Structured compound record mined from local corpus text.
cmp_b1be0331ce00b7,entity_b1be0331ce00b772,reported,reported,G-Rh4 isomer,,ginsenoside,,C36H60O8,620.42881889036,,,,457.373;457.376,,reported,,chunk_cd666b06466a5a2b5984;chunk_0a3bb7915b3faba443f9,candidate,Structured compound record mined from local corpus text.
cmp_bcce680fa37944,entity_bcce680fa379441a,reported,reported,G-C-K,,ginsenoside,,C36H62O8,622.44446895482,,,,459.3852,,reported,,chunk_2cb662e303c135aead81,candidate,Structured compound record mined from local corpus text.
cmp_3300b2e306bd76,entity_3300b2e306bd76cf,reported,reported,G-Rg5,,ginsenoside,,C42H70O12,766.48672769094,,,,603.428;441.3389,,reported,,chunk_2cb662e303c135aead81,candidate,Structured compound record mined from local corpus text.
cmp_f49c9ea2ebdd79,entity_f49c9ea2ebdd79a3,reported,reported,G-C-K isomer,,ginsenoside,,C36H62O8,622.44446895482,,,,459.3945,,reported,,chunk_2cb662e303c135aead81,candidate,Structured compound record mined from local corpus text.
cmp_1e2610c2da8f77,entity_1e2610c2da8f778e,reported,reported,Rh3 isomer,,ginsenoside,,C36H60O7,604.43390427079,,,,441.2927,,reported,,chunk_faf9b1ecb71f26beda53,candidate,Structured compound record mined from local corpus text.
cmp_28fe801a756f90,entity_28fe801a756f900b,reported,reported,20(S)-G-Rh2,,ginsenoside,,C36H62O8,622.44446895482,,,,459.3831,,reported,,chunk_faf9b1ecb71f26beda53,candidate,Structured compound record mined from local corpus text.
cmp_70b432e0cd29dd,entity_70b432e0cd29ddec,reported,reported,DDT,,ginsenoside,,C30H50O3,458.37599547021,,,,441.3741;765.4821;747.4694,,reported,,chunk_0a3bb7915b3faba443f9,candidate,Structured compound record mined from local corpus text.
cmp_d4f341f82eb543,entity_d4f341f82eb54334,reported,reported,G-Rh3,,ginsenoside,,C36H60O7,604.43390427079,,,,,,reported,,chunk_6b0d64bd980aea95f64b,candidate,Structured compound record mined from local corpus text.
cmp_d2e0e841a59218,entity_d2e0e841a592180a,reported,reported,G-Rk2,,ginsenoside,,C36H60O7,604.43390427079,,,,,,reported,,chunk_96b493b762da4982f711,candidate,Structured compound record mined from local corpus text.
cmp_228fe10211e45c,entity_228fe10211e45cee,reported,reported,20(S)-PPD,,ginsenoside,,C30H52O3,460.39164553467003,,,,,,reported,,chunk_96b493b762da4982f711,candidate,Structured compound record mined from local corpus text.
cmp_b8141a9a67333b,entity_b8141a9a67333b97,reported,reported,"PPT-Glc-Glc-L5,L15,Y5",,ginsenoside,,C49H82O19,974.54503041469,,,,799.4752;637.439,,reported,,chunk_83a362b656dadd9185b1,candidate,Structured compound record mined from local corpus text.
cmp_e130bdaca7415b,entity_e130bdaca7415b39,reported,reported,"PPT-Glc-Glc-L5,L15,Y5,N5",,ginsenoside,,C4H4O,68.02621474849,,,,799.494;637.4293;799.5072;781.4763;799.4887;637.4183;799.493;637.4264,,reported,,chunk_6eb7074d5772afcb1569;chunk_31e2910ccf78f5d9fb9c;chunk_c3b3ed70165e2f5c6e14;chunk_b46b2bebf7daaecbdd87,candidate,Structured compound record mined from local corpus text.
cmp_0c0fbec8a58f96,entity_0c0fbec8a58f96bf,reported,reported,malonyl-PG-Glc-malonyl,,ginsenoside,,C39H64O13,740.43469211713,,,,695.4553;653.4397;635.4165;491.3845;799.4818;781.4803,,reported,,chunk_6eb7074d5772afcb1569,candidate,Structured compound record mined from local corpus text.
cmp_68b633a43095b3,entity_68b633a43095b361,reported,reported,PG-Glc-Glc-Rha,,ginsenoside,,C48H82O19,962.54503041469,,,,653.4289;491.3668;781.4893;619.4175;491.3826;961.5355,,reported,,chunk_c978f98109b764eb4405;chunk_4dd89b5e4919fe11247e,candidate,Structured compound record mined from local corpus text.
cmp_e3bdebdc7e7949,entity_e3bdebdc7e7949b6,reported,reported,PPT-C17-V1/V2-Glc-Glc-Xyl/Ara,,ginsenoside,,C47H78O17,914.52390104663,,,,781.4893;619.4175;457.3573;781.4751;619.4176;457.3746,,reported,,chunk_c978f98109b764eb4405;chunk_61d5b07d3c76866a378e,candidate,Structured compound record mined from local corpus text.
cmp_1f16cfb2e6256c,entity_1f16cfb2e6256cf6,reported,reported,"PPT-Glc-Glc-L5,Y5,N5",,ginsenoside,,C51H84O22,1048.54542433786,,,,943.5309;799.4768,,reported,,chunk_31e2910ccf78f5d9fb9c,candidate,Structured compound record mined from local corpus text.
cmp_429fb611b19c17,entity_429fb611b19c17ab,reported,reported,PPT-C17-V1-Rg6-G1,,ginsenoside,,C48H80O17,928.5395511110901,,,,637.4274;619.4185;475.3788;909.4709;867.4609,,reported,,chunk_0aaf6521b2e0796b74b6,candidate,Structured compound record mined from local corpus text.
cmp_ca08594c7fd6cb,entity_ca08594c7fd6cbbe,reported,reported,PPT-Glc-Glc-malonyl-butene,,ginsenoside,,C4H4O,68.02621474849,,,,909.4709;867.4609;799.4744;637.4358,,reported,,chunk_0aaf6521b2e0796b74b6,candidate,Structured compound record mined from local corpus text.
cmp_ca2a6a61ce7169,entity_ca2a6a61ce716947,reported,reported,PPT-Rha-Glc-Rg2-G1,,ginsenoside,,C48H82O17,930.55520117555,,,,783.48;621.4264;475.4109;815.4813;653.4181,,reported,,chunk_4dd89b5e4919fe11247e,candidate,Structured compound record mined from local corpus text.
cmp_c8f6023bfa7ba1,entity_c8f6023bfa7ba183,reported,reported,"PG-Glc-Glc-L15,Y5,N5",,ginsenoside,,C53H90O23,1094.58728915081,,,,815.4787;653.4234,,reported,,chunk_4dd89b5e4919fe11247e,candidate,Structured compound record mined from local corpus text.
cmp_405689d9bd082a,entity_405689d9bd082adf,reported,reported,"PPT-C17-V3/V4-Glc-L15,Y5",,ginsenoside,,C41H74O14,790.507857059,,,,655.433,,reported,,chunk_dc4e4d6bc2eb71d3f71c,candidate,Structured compound record mined from local corpus text.
cmp_bd3e5e91912e1b,entity_bd3e5e91912e1bc1,reported,reported,"PPT-Glc-Y5,N5",,ginsenoside,,C44H72O16,856.48203623368,,,,811.4839;679.4563,,reported,,chunk_ec39212695b7d0801cfe,candidate,Structured compound record mined from local corpus text.
cmp_456634b755c801,entity_456634b755c801fd,reported,reported,PPT-Glc-Glc-Re1-X1,,ginsenoside,,C52H88O22,1064.57672446678,,,,799.4959;637.4197;475.3858;823.4857;781.4791,,reported,,chunk_c3b3ed70165e2f5c6e14,candidate,Structured compound record mined from local corpus text.
cmp_7bfa6e03fa8926,entity_7bfa6e03fa892693,reported,reported,"malonyl-V1/V2-Glc-Glc-L5,L15",,ginsenoside,,C45H72O16,868.48203623368,,,,763.4678;619.4139,,reported,,chunk_ce9624249d6cbae3a619,candidate,Structured compound record mined from local corpus text.
cmp_c40c8e41f126f5,entity_c40c8e41f126f59d,reported,reported,"PPT-Glc-Glc-L15,Y5,N5",,ginsenoside,,C51H84O22,1048.54542433786,,,,799.4758;637.4244,,reported,,chunk_ce9624249d6cbae3a619,candidate,Structured compound record mined from local corpus text.
cmp_216e628f3a720f,entity_216e628f3a720ff5,reported,reported,"PPT-C17-V1/V2-Glc-Glc-L15,Y5",,ginsenoside,,C44H72O14,824.49220699454,,,,781.4692;763.484,,reported,,chunk_56a98886ab4eecd06beb,candidate,Structured compound record mined from local corpus text.
cmp_f0b2d5d9144957,entity_f0b2d5d9144957ae,reported,reported,PPT-C17-V5-Rh-4G,,ginsenoside,,C54H90O24,1122.5822037703801,,,,959.5284;797.4781;635.4177;473.3593;797.4873,,reported,,chunk_56a98886ab4eecd06beb,candidate,Structured compound record mined from local corpus text.
cmp_fc13e16b869cfc,entity_fc13e16b869cfca3,reported,reported,PPT-C17-V5-RH-2GX,,ginsenoside,,C47H78O18,930.5188156662,,,,635.4114;617.4074;473.3614;883.5071;841.4904,,reported,,chunk_5699e63d6069811addaa,candidate,Structured compound record mined from local corpus text.
cmp_d2827f23ddcc0c,entity_d2827f23ddcc0c90,reported,reported,"PPT-Glc-Glc-L5,L15",,ginsenoside,,C47H76O18,928.50316560174,,,,799.5156;637.4343,,reported,,chunk_6256631e221a99645f77,candidate,Structured compound record mined from local corpus text.
cmp_c0c599773dbdfa,entity_c0c599773dbdfaf4,reported,reported,"PPT-Glc-L15,Y5",,ginsenoside,,C44H72O16,856.48203623368,,,,811.487;769.4764,,reported,,chunk_6256631e221a99645f77,candidate,Structured compound record mined from local corpus text.
cmp_b4f538c011b594,entity_b4f538c011b59401,reported,reported,PPT-C17-V5-Rh-2GR,,ginsenoside,,C48H80O18,944.53446573066,,,,797.4652;635.4301;473.3596;1029.5684;987.5569,,reported,,chunk_235287b2c1d13dd366cc,candidate,Structured compound record mined from local corpus text.
cmp_aa22398c00b5d7,entity_aa22398c00b5d725,reported,reported,"malonyl-Glc-malonyl-L15,Y5,N5",,ginsenoside,,C53H86O22,1074.56107440232,,,,945.5459;783.4915,,reported,,chunk_235287b2c1d13dd366cc,candidate,Structured compound record mined from local corpus text.
cmp_ac7bf2b6b0a887,entity_ac7bf2b6b0a887e0,reported,reported,"D-malonyl-V4-Glc-Glc-Glc-L5,L15,Y5,N5",,ginsenoside,,C56H86O24,1142.55090364146,,,,945.5429;927.5361,,reported,,chunk_87c5439b8663a039a790,candidate,Structured compound record mined from local corpus text.
cmp_bb9b88658a3886,entity_bb9b88658a38860c,reported,reported,"PPT-Glc-Rha-L5,L15,N5",,ginsenoside,,C45H74O16,870.49768629814,,,,637.4411,,reported,,chunk_dff9279b10f9d384c224,candidate,Structured compound record mined from local corpus text.
cmp_88a5b0de881fdd,entity_88a5b0de881fddc5,reported,reported,PPT-C17-V5-Rh-2G1,,ginsenoside,,C42H70O14,798.47655693008,,,,635.4112;617.4116;473.3679;797.4642;635.4078,,reported,,chunk_dff9279b10f9d384c224,candidate,Structured compound record mined from local corpus text.
cmp_8b7cf628066b1f,entity_8b7cf628066b1ff6,reported,reported,PPT-C17-V5-Rh-3G,,ginsenoside,,C48H80O19,960.52938035023,,,,797.4642;635.4078;473.3716;946.5538;799.48,,reported,,chunk_dff9279b10f9d384c224,candidate,Structured compound record mined from local corpus text.
cmp_c83d40dafa1e20,entity_c83d40dafa1e2004,reported,reported,PPT-Glc-Glc-Re-G,,ginsenoside,,C54H92O22,1092.6080245957,,,,946.5538;799.48;637.4425;475.3918;945.5393,,reported,,chunk_f8747a72ff545213d214,candidate,Structured compound record mined from local corpus text.
cmp_de3d539b8c56a1,entity_de3d539b8c56a176,reported,reported,"acetyl-Rh2-V4-Xyl/Ara-L5,L15,Y5,N5",,ginsenoside,,C49H82O17,942.55520117555,,,,783.5059;637.4343,,reported,,chunk_f8747a72ff545213d214,candidate,Structured compound record mined from local corpus text.
cmp_b26102ef42c6d7,entity_b26102ef42c6d78f,reported,reported,PPT-Glc-Glc-Xyl/Ara-acetyl,,ginsenoside,,C49H82O19,974.54503041469,,,,799.4878;637.4327,,reported,,chunk_fe0f583fadb1df4f61b2,candidate,Structured compound record mined from local corpus text.
cmp_2e77874440f0fa,entity_2e77874440f0fa4f,reported,reported,PPT-C17-V5-Rh-2G2,,ginsenoside,,C42H70O14,798.47655693008,,,,635.4044;473.3833;781.4751;619.4176,,reported,,chunk_61d5b07d3c76866a378e,candidate,Structured compound record mined from local corpus text.
cmp_57c26b60b8ac2f,entity_57c26b60b8ac2fa1,reported,reported,"malonyl-V1/V2-Glc-Glc-L5,L15,Y5,N5",,ginsenoside,,C51H82O21,1030.53485965383,,,,781.4715;619.4207,,reported,,chunk_b32656b3e943df766f45,candidate,Structured compound record mined from local corpus text.
cmp_eaca223e2f9ef7,entity_eaca223e2f9ef7a1,reported,reported,"acetyl-V1/V2-Glc-Glc-L5,L15,Y5,N5",,ginsenoside,,C50H82O19,986.54503041469,,,,763.4356;619.4235,,reported,,chunk_b32656b3e943df766f45,candidate,Structured compound record mined from local corpus text.
cmp_fc0432b7ca93c7,entity_fc0432b7ca93c7e5,reported,reported,PPD/PPD-C17-C-K-2R,,ginsenoside,,C48H82O17,930.55520117555,,,,637.4445;619.4189;475.379,,reported,,chunk_265f83386134f521195f,candidate,Structured compound record mined from local corpus text.
cmp_67d4ae75ec2e7d,entity_67d4ae75ec2e7d06,reported,reported,"V4-Glc-Glc-Glc-L5,L15,Y5,N5",,ginsenoside,,C4H4O,68.02621474849,,,,945.5549;783.4609;783.4845;621.4413;765.4825;621.4443,,reported,,chunk_4c583f5fe61efa25e252;chunk_e8f2f5b87807f42e67e2;chunk_d85c65d9fc9f602dfb29,candidate,Structured compound record mined from local corpus text.
cmp_32c566631db0a4,entity_32c566631db0a42c,reported,reported,"PPT-C17-V1/V2-Glc-Glc-L5,L15,Y5,N5",,ginsenoside,,C48H80O17,928.5395511110901,,,,781.4906;973.5344;799.4842;637.4384;475.3809;943.5257;781.486;781.4732;619.4165,,reported,,chunk_4c583f5fe61efa25e252;chunk_5818e110871a2b2dc725;chunk_19b050453eae4b7655b1;chunk_d196c06c6fe19d90633f,candidate,Structured compound record mined from local corpus text.
cmp_8686b3762a307d,entity_8686b3762a307d9e,reported,reported,PPT-C17-V5-Rh-2G3,,ginsenoside,,C42H70O14,798.47655693008,,,,635.4156;473.3723,,reported,,chunk_5818e110871a2b2dc725,candidate,Structured compound record mined from local corpus text.
cmp_fa5d4d19148f04,entity_fa5d4d19148f040b,reported,reported,butene acyl-Xyl/Ara-butene,,ginsenoside,,C4H4O,68.02621474849,,,,637.4231,,reported,,chunk_5818e110871a2b2dc725,candidate,Structured compound record mined from local corpus text.
cmp_075c14e9acbc23,entity_075c14e9acbc2384,reported,reported,PPT-Glc-GlcA-NG-R1-GA,,ginsenoside,,C53H88O24,1108.5665537059201,,,,769.4679;637.4359;475.3746,,reported,,chunk_c76c2bb4134929e157fa,candidate,Structured compound record mined from local corpus text.
cmp_4ec41179b5f2bf,entity_4ec41179b5f2bf3e,reported,reported,Xyl/Ara-butene,,ginsenoside,,C45H74O14,838.507857059,,,,,,reported,,chunk_731e172a09db4a169450;chunk_69f2ec4493846e1e969b,candidate,Structured compound record mined from local corpus text.
cmp_289147df97c24f,entity_289147df97c24f69,reported,reported,"PPD/PPD-C17-V4-Glc-Glc-L15,Y5,N5",,ginsenoside,,C53H88O23,1092.57163908635,,,,915.5721;783.4803,,reported,,chunk_731e172a09db4a169450,candidate,Structured compound record mined from local corpus text.
cmp_7a4310df802780,entity_7a4310df8027802c,reported,reported,"acetyl-CS-V4-Glc-Glc-L5,L15,Y5,N5",,ginsenoside,,C49H82O18,958.5501157951201,,,,915.5336;765.4829;915.5364;783.4952;915.5333;783.4858,,reported,,chunk_4a268cf9ffa93c991cf3;chunk_a7ee5fc6673d86e31551;chunk_157d55759a9451cc187a,candidate,Structured compound record mined from local corpus text.
cmp_132a70699e6d3d,entity_132a70699e6d3d95,reported,reported,"acetyl-F2-V4-Glc-Glc-L5,L15,Y5,N5",,ginsenoside,,C50H82O20,1002.53994503426,,,,897.5227;783.4886;783.4975;765.4897,,reported,,chunk_d79b1c4958161829f791;chunk_b46b2bebf7daaecbdd87,candidate,Structured compound record mined from local corpus text.
cmp_8f011a0814066e,entity_8f011a0814066eaf,reported,reported,PPT-Glc-Glc-formyl-F2-R,,ginsenoside,,C50H86O18,974.58141592404,,,,945.5348;783.491;637.4468;475.4179,,reported,,chunk_19b050453eae4b7655b1,candidate,Structured compound record mined from local corpus text.
cmp_489361796bbe3a,entity_489361796bbe3a7b,reported,reported,PPT-C17-V5-Rh-GX1,,ginsenoside,,C41H68O13,768.46599224605,,,,635.419;473.3615;915.5364;783.4952,,reported,,chunk_a7ee5fc6673d86e31551,candidate,Structured compound record mined from local corpus text.
cmp_c5966e89803dbe,entity_c5966e89803dbef2,reported,reported,"PPD-Glc-Glc-Glc-malonyl-L5,L15,Y5,N5",,ginsenoside,,C53H86O22,1074.56107440232,,,,969.5451;945.5452;927.5335;909.523,,reported,,chunk_dc06fe75ad279c2a1fca,candidate,Structured compound record mined from local corpus text.
cmp_31edf7cd0df479,entity_31edf7cd0df47944,reported,reported,"L5,L15,Y5,N5",,ginsenoside,,C46H70O15,862.47147154965,,,,,,reported,,chunk_dc06fe75ad279c2a1fca;chunk_669316048eb87fcd6db2,candidate,Structured compound record mined from local corpus text.
cmp_520292b158f139,entity_520292b158f1398e,reported,reported,"acetyl-F2-Glc-Glc-Rha-L5,L15,Y5,N5",,ginsenoside,,C50H84O18,972.56576585958,,,,765.4803;621.4465,,reported,,chunk_c1d9f3d7c139a1c0ced7,candidate,Structured compound record mined from local corpus text.
cmp_3b23b579055a35,entity_3b23b579055a355a,reported,reported,"malonyl-F2-V4-Glc-Glc-Rha-L5,L15,Y5,N5",,ginsenoside,,C51H84O20,1016.55559509872,,,,911.5392;783.4926,,reported,,chunk_eae46a62c26e6d083a8b,candidate,Structured compound record mined from local corpus text.
cmp_836d8b602e7652,entity_836d8b602e7652cf,reported,reported,PPT-C17-V5-Rh-GX2,,ginsenoside,,C41H68O13,768.46599224605,,,,635.4168;473.354;1047.572;915.5444,,reported,,chunk_eae46a62c26e6d083a8b,candidate,Structured compound record mined from local corpus text.
cmp_36b44c2c89de40,entity_36b44c2c89de4089,reported,reported,V4-Glc-Glc-CS-III-X1,,ginsenoside,,C57H96O25,1180.62406858333,,,,753.4945;621.4445;459.3824,,reported,,chunk_38222f1ae1a97410ddf6,candidate,Structured compound record mined from local corpus text.
cmp_0d9f552cd5ab76,entity_0d9f552cd5ab76db,reported,reported,"PPD/PPD-C17-V4-Glc-Glc-Glc-L5,L15,Y5,N5",,ginsenoside,,C54H92O22,1092.6080245957,,,,945.5576;783.4961,,reported,,chunk_d85c65d9fc9f602dfb29,candidate,Structured compound record mined from local corpus text.
cmp_b5689dcf882fa8,entity_b5689dcf882fa8ca,reported,reported,V4-Glc-Glc-CS-III-X2,,ginsenoside,,C57H96O25,1180.62406858333,,,,753.4839;621.4416;459.3888;781.4732;619.4165,,reported,,chunk_f981bac51c99866d661c,candidate,Structured compound record mined from local corpus text.
cmp_f1d5ce550f5fc8,entity_f1d5ce550f5fc80f,reported,reported,PPT-Xyl/Ara-PPTXR,,ginsenoside,,C41H70O12,754.48672769094,,,,607.4226;475.3784,,reported,,chunk_669316048eb87fcd6db2,candidate,Structured compound record mined from local corpus text.
cmp_b030c1aadbaca2,entity_b030c1aadbaca26e,reported,reported,"malonyl-V1/V2-Glc-Glc-L5,L15LY5LN5",,ginsenoside,,C45H72O15,852.48712161411,,,,807.4902;765.4788,,reported,,chunk_69f2ec4493846e1e969b,candidate,Structured compound record mined from local corpus text.
cmp_0c757ac6b31ae8,entity_0c757ac6b31ae810,reported,reported,PPT-C17-V5-Glc,,ginsenoside,,C36H60O9,636.42373350993,,,,473.3624,,reported,,chunk_d4be45b6289baafe96fc,candidate,Structured compound record mined from local corpus text.
cmp_9d970c0b231298,entity_9d970c0b23129898,reported,reported,"Rha-Xyl/Ara-L5,L15,Y5,N5",,ginsenoside,,C57H94O23,1146.61858927973,,,,,,reported,,chunk_d4be45b6289baafe96fc,candidate,Structured compound record mined from local corpus text.
cmp_39f9ab8e25ad32,entity_39f9ab8e25ad326c,reported,reported,PPT-C17-V5-RH7,,ginsenoside,,C36H60O8,620.42881889036,,,,473.4978,,reported,,chunk_157d55759a9451cc187a,candidate,Structured compound record mined from local corpus text.
cmp_8e9b88bd919cf7,entity_8e9b88bd919cf746,reported,reported,"acetyl-F2-Glc-Glc-Rha-L5,L15,N5",,ginsenoside,,C50H84O18,972.56576585958,,,,783.4815;621.426,,reported,,chunk_431a7c1463d82e68b93d,candidate,Structured compound record mined from local corpus text.
cmp_c55be10bac4a82,entity_c55be10bac4a8270,reported,reported,PG-GlcA,,ginsenoside,,C36H60O11,668.41356274907,,,,491.3416,,reported,,chunk_431a7c1463d82e68b93d,candidate,Structured compound record mined from local corpus text.
cmp_0bbc2ab688c0f8,entity_0bbc2ab688c0f8b2,reported,reported,OT,,ginsenoside,,C42H72O14,800.49220699454,negative,[M-H]-,,,,reported,,chunk_c67e893d67f0b0b53d8c;chunk_55f665e63ae8621d187b;chunk_1c000aeae03b63a88f25;chunk_8fb66d7905433afe62be,candidate,Structured compound record mined from local corpus text.
cmp_0f90d9665bec4f,entity_0f90d9665bec4f5c,reported,reported,Pseudoginsenoside Rt4,,ginsenoside,,C36H62O10,654.43429819396,negative,[M-H]-,,,,reported,,chunk_c67e893d67f0b0b53d8c,candidate,Structured compound record mined from local corpus text.
cmp_0cae0abb36d09d,entity_0cae0abb36d09d84,reported,reported,O-162/O-132,,ginsenoside,,C41H70O14,786.47655693008,negative,[M-H]-,,,,reported,,chunk_74aa731e0970b00f8c33;chunk_b8adff2c9f351bd037b9;chunk_d65bca43edc0ad47d4aa,candidate,Structured compound record mined from local corpus text.
cmp_cf56637cfcb214,entity_cf56637cfcb21457,reported,reported,OA-O-glc-glc,,ginsenoside,,C42H68O13,780.46599224605,negative,[M-H]-,,,,reported,,chunk_55f665e63ae8621d187b,candidate,Structured compound record mined from local corpus text.
cmp_df4795b020ef05,entity_df4795b020ef0579,reported,reported,Majonoside R2,,ginsenoside,,C41H70O14,786.47655693008,negative,[M-H]-,,,,reported,,chunk_55f665e63ae8621d187b,candidate,Structured compound record mined from local corpus text.
cmp_3c01fad3129421,entity_3c01fad31294210b,reported,reported,isomer II 24(R)-Pseudoginsenoside F11,,ginsenoside,,C42H72O14,800.49220699454,negative,[M-H]-,,,,reported,,chunk_1c000aeae03b63a88f25,candidate,Structured compound record mined from local corpus text.
cmp_72d4830f4dcb91,entity_72d4830f4dcb91ea,reported,reported,Majonoside R1,,ginsenoside,,C42H72O15,816.48712161411,negative,[M-H]-,,,,reported,,chunk_8fb66d7905433afe62be,candidate,Structured compound record mined from local corpus text.
cmp_5f6600774f78c7,entity_5f6600774f78c7b1,reported,reported,O-162/O-162,,ginsenoside,,C42H72O15,816.48712161411,negative,[M-H]-,,,,reported,,chunk_8fb66d7905433afe62be;chunk_698ea4d72eea57c92f7a;chunk_47266bdb6ef5437ff4bd;chunk_b5bbe161b161df4e5ef7,candidate,Structured compound record mined from local corpus text.
cmp_6fae8c30ab7e6e,entity_6fae8c30ab7e6e1e,reported,reported,24(R)-Vinaginsenoside R1,,ginsenoside,,C44H74O15,842.50277167857,negative,[M-H]-,,,,reported,,chunk_438d8b4969f95ab1dc9f,candidate,Structured compound record mined from local corpus text.
cmp_4a63f638346ac9,entity_4a63f638346ac9aa,reported,reported,24(S)-Vinaginsenoside R1,,ginsenoside,,C44H74O15,842.50277167857,negative,[M-H]-,,,,reported,,chunk_438d8b4969f95ab1dc9f,candidate,Structured compound record mined from local corpus text.
cmp_a15097e690708a,entity_a15097e690708a44,reported,reported,O-132/O-162-146,,ginsenoside,,C47H80O18,932.53446573066,negative,[M-H]-,,,,reported,,chunk_438d8b4969f95ab1dc9f,candidate,Structured compound record mined from local corpus text.
cmp_a8515596fe65b7,entity_a8515596fe65b738,reported,reported,O-146/O-132,,ginsenoside,,C41H70O13,770.48164231051,negative,[M-H]-,,,,reported,,chunk_438d8b4969f95ab1dc9f,candidate,Structured compound record mined from local corpus text.
cmp_293b7c095ac944,entity_293b7c095ac9444c,reported,reported,20(S)-Gypenoside XIII,,ginsenoside,,C41H70O12,754.48672769094,negative,[M-H]-,,,,reported,,chunk_438d8b4969f95ab1dc9f,candidate,Structured compound record mined from local corpus text.
cmp_6d29edab714360,entity_6d29edab714360bd,reported,reported,20(R)-Gypenoside XIII,,ginsenoside,,C41H70O12,754.48672769094,negative,[M-H]-,,,,reported,,chunk_438d8b4969f95ab1dc9f,candidate,Structured compound record mined from local corpus text.
cmp_3d0fe820c11e0c,entity_3d0fe820c11e0c46,reported,reported,Ginsenoside Rg3 isomer II,,ginsenoside,,C42H72O13,784.49729237497,negative,[M-H]-,,,,reported,,chunk_732606ff740dcd63db0e,candidate,Structured compound record mined from local corpus text.
cmp_6abb716d8faef3,entity_6abb716d8faef36e,reported,reported,Ginsenoside Rg3 isomer I,,ginsenoside,,C42H72O13,784.49729237497,negative,[M-H]-,,,,reported,,chunk_732606ff740dcd63db0e,candidate,Structured compound record mined from local corpus text.
cmp_5afa8c7f62cf59,entity_5afa8c7f62cf59d8,reported,reported,Ginsenoside Rg3 isomer III,,ginsenoside,,C42H72O13,784.49729237497,negative,[M-H]-,,,,reported,,chunk_732606ff740dcd63db0e,candidate,Structured compound record mined from local corpus text.
cmp_2b8d2bf3725c39,entity_2b8d2bf3725c3932,reported,reported,Malonyl-Ginsenoside Rg3,,ginsenoside,,C45H74O16,870.49768629814,negative,[M-H]-,,,,reported,,chunk_732606ff740dcd63db0e,candidate,Structured compound record mined from local corpus text.
cmp_b923fc42ef85fb,entity_b923fc42ef85fb4f,reported,reported,PPD,,ginsenoside,,C45H74O16,870.49768629814,negative,[M-H]-,,,,reported,,chunk_66edee6b80b266b739e8,candidate,Structured compound record mined from local corpus text.
cmp_6fb97f378aaa39,entity_6fb97f378aaa39ff,reported,reported,Acetyl-Ginsenoside Rg3,,ginsenoside,,C44H74O14,826.507857059,negative,[M-H]-,,,,reported,,chunk_66edee6b80b266b739e8,candidate,Structured compound record mined from local corpus text.
cmp_8da753b0276000,entity_8da753b027600097,reported,reported,O-162-132/O-162,,ginsenoside,,C47H80O17,916.5395511110901,negative,[M-H]-,,,,reported,,chunk_66edee6b80b266b739e8;chunk_64197daa7ca90d797300;chunk_3df7ef35724723f7f20f,candidate,Structured compound record mined from local corpus text.
cmp_b8fd97a8fbd470,entity_b8fd97a8fbd4707d,reported,reported,O-162-162/O-132,,ginsenoside,,C47H80O17,916.5395511110901,negative,[M-H]-,,,,reported,,chunk_64197daa7ca90d797300,candidate,Structured compound record mined from local corpus text.
cmp_21277b32f0407c,entity_21277b32f0407ced,reported,reported,O-162-162/O-162,,ginsenoside,,C51H84O21,1032.55050971829,negative,[M-H]-,,,,reported,,chunk_64197daa7ca90d797300;chunk_68972ff2e88f235e19e4;chunk_80f29823da5714c30543;chunk_a098223f19ec2005e04d;chunk_031c38cf65c857c18fdf;chunk_070bfb9a3dfdfd8d7543,candidate,Structured compound record mined from local corpus text.
cmp_c71c88ee6d3274,entity_c71c88ee6d32741d,reported,reported,O-162/O-162-162,,ginsenoside,,C48H82O18,946.5501157951201,negative,[M-H]-,,,,reported,,chunk_64197daa7ca90d797300;chunk_3df7ef35724723f7f20f;chunk_f9045d69a43a0acb3ca3;chunk_070bfb9a3dfdfd8d7543,candidate,Structured compound record mined from local corpus text.
cmp_df94cac6794f43,entity_df94cac6794f43a3,reported,reported,O-162-162/O-162-162,,ginsenoside,,C54H92O23,1108.60293921527,negative,[M-H]-,,,,reported,,chunk_80f29823da5714c30543;chunk_dd2007f53696923e0a76;chunk_c284ceca3dbf040184e3;chunk_4e21e67eeb7943422e63;chunk_070bfb9a3dfdfd8d7543;chunk_3971170a4a832d8be96e,candidate,Structured compound record mined from local corpus text.
cmp_caa992f183ae70,entity_caa992f183ae70fe,reported,reported,O-162-132/O-162-162,,ginsenoside,,C53H90O22,1078.59237453124,negative,[M-H]-,,,,reported,,chunk_dd2007f53696923e0a76,candidate,Structured compound record mined from local corpus text.
cmp_b7fceb732c9626,entity_b7fceb732c9626f4,reported,reported,O-162-162/O-162-146,,ginsenoside,,C54H92O22,1092.6080245957,negative,[M-H]-,,,,reported,,chunk_dd2007f53696923e0a76,candidate,Structured compound record mined from local corpus text.
cmp_4150e2259f5c18,entity_4150e2259f5c1882,reported,reported,O-162-162/O-162-132,,ginsenoside,,C56H92O25,1164.59276845441,negative,[M-H]-,,,,reported,,chunk_dd2007f53696923e0a76;chunk_e93fab16882a3709cafa;chunk_c284ceca3dbf040184e3;chunk_1e7c76d9135bc6040030,candidate,Structured compound record mined from local corpus text.
cmp_71ab56b753e0c5,entity_71ab56b753e0c5ee,reported,reported,O-162-162/O-146,,ginsenoside,,C48H82O17,930.55520117555,negative,[M-H]-,,,,reported,,chunk_452ed20b23aa9736eaae,candidate,Structured compound record mined from local corpus text.
cmp_e9a8020275d9e6,entity_e9a8020275d9e621,reported,reported,PPT-O-glcA,,ginsenoside,,C36H56O9,632.39243338101,negative,[M-H]-,,,,reported,,chunk_698ea4d72eea57c92f7a,candidate,Structured compound record mined from local corpus text.
cmp_6502766b509c1f,entity_6502766b509c1f11,reported,reported,Chikusetsusaponin L10,,ginsenoside,,C36H62O9,638.43938357439,negative,[M-H]-,,,,reported,,chunk_698ea4d72eea57c92f7a,candidate,Structured compound record mined from local corpus text.
cmp_1c3ffae0d154f7,entity_1c3ffae0d154f7f2,reported,reported,Ginsenoside Rh1 isomer,,ginsenoside,,C36H62O9,638.43938357439,negative,[M-H]-,,,,reported,,chunk_698ea4d72eea57c92f7a,candidate,Structured compound record mined from local corpus text.
cmp_9346a21c9e184d,entity_9346a21c9e184db3,reported,reported,Ginsenoside F1,,ginsenoside,,C36H62O9,638.43938357439,negative,[M-H]-,,,,reported,,chunk_b8adff2c9f351bd037b9,candidate,Structured compound record mined from local corpus text.
cmp_6df0863ef340f7,entity_6df0863ef340f755,reported,reported,Ginsenoside F3,,ginsenoside,,C41H70O13,770.48164231051,negative,[M-H]-,,,,reported,,chunk_b8adff2c9f351bd037b9,candidate,Structured compound record mined from local corpus text.
cmp_1075eac3687fef,entity_1075eac3687fefe2,reported,reported,Ginsenoside Rg2 isomer I,,ginsenoside,,C42H72O13,784.49729237497,negative,[M-H]-,,,,reported,,chunk_47266bdb6ef5437ff4bd,candidate,Structured compound record mined from local corpus text.
cmp_b79c65c17bc0c6,entity_b79c65c17bc0c603,reported,reported,Ginsenoside Rg2 isomer II,,ginsenoside,,C42H72O13,784.49729237497,negative,[M-H]-,,,,reported,,chunk_47266bdb6ef5437ff4bd,candidate,Structured compound record mined from local corpus text.
cmp_ceb8d37b3b2f19,entity_ceb8d37b3b2f19e3,reported,reported,Malonyl-Ginsenoside Rg2,,ginsenoside,,C45H74O16,870.49768629814,negative,[M-H]-,,,,reported,,chunk_47266bdb6ef5437ff4bd,candidate,Structured compound record mined from local corpus text.
cmp_93212a73169954,entity_93212a73169954b3,reported,reported,Malonyl-Ginsenoside Rf,,ginsenoside,,C45H74O17,886.49260091771,negative,[M-H]-,,,,reported,,chunk_47266bdb6ef5437ff4bd,candidate,Structured compound record mined from local corpus text.
cmp_53b12e01047390,entity_53b12e010473900d,reported,reported,PPT,,ginsenoside,,C44H74O15,842.50277167857,negative,[M-H]-,,,,reported,,chunk_b5bbe161b161df4e5ef7,candidate,Structured compound record mined from local corpus text.
cmp_4634c6678971c9,entity_4634c6678971c9e7,reported,reported,O-162-146/O-132,,ginsenoside,,C47H80O17,916.5395511110901,negative,[M-H]-,,,,reported,,chunk_b5bbe161b161df4e5ef7;chunk_3df7ef35724723f7f20f,candidate,Structured compound record mined from local corpus text.
cmp_cf183984d0663c,entity_cf183984d0663c08,reported,reported,O-162/O-162-132,,ginsenoside,,C47H80O18,932.53446573066,negative,[M-H]-,,,,reported,,chunk_3df7ef35724723f7f20f,candidate,Structured compound record mined from local corpus text.
cmp_8f8812e75d8c8e,entity_8f8812e75d8c8e3d,reported,reported,O-162-146/O-162,,ginsenoside,,C48H82O18,946.5501157951201,negative,[M-H]-,,,,reported,,chunk_3df7ef35724723f7f20f;chunk_f9045d69a43a0acb3ca3;chunk_7ccdfa84031e1ba3d77a;chunk_1e7c76d9135bc6040030,candidate,Structured compound record mined from local corpus text.
cmp_1a168e5fb62ec9,entity_1a168e5fb62ec9c2,reported,reported,O-162-132/O-162-146,,ginsenoside,,C53H90O22,1078.59237453124,negative,[M-H]-,,,,reported,,chunk_1e7c76d9135bc6040030,candidate,Structured compound record mined from local corpus text.
cmp_71377eb3bdb651,entity_71377eb3bdb65150,reported,reported,PPT-O-rha-xyl/ara,,ginsenoside,,C41H70O12,754.48672769094,negative,[M-H]-,,,,reported,,chunk_3e36337e032ff254d227,candidate,Structured compound record mined from local corpus text.
cmp_da765ccc39620b,entity_da765ccc39620b18,reported,reported,O-162-146/O-146,,ginsenoside,,C48H82O17,930.55520117555,negative,[M-H]-,,,,reported,,chunk_3e36337e032ff254d227;chunk_031c38cf65c857c18fdf,candidate,Structured compound record mined from local corpus text.
cmp_732a6adc31965e,entity_732a6adc31965e57,reported,reported,Ginsenoside Rh4,,ginsenoside,,C36H60O8,620.42881889036,negative,[M-H]-,,,,reported,,chunk_3e36337e032ff254d227,candidate,Structured compound record mined from local corpus text.
cmp_f807205a0854a0,entity_f807205a0854a05e,reported,reported,Ginsenoside Pk3,,ginsenoside,,C36H60O8,620.42881889036,negative,[M-H]-,,,,reported,,chunk_3e36337e032ff254d227,candidate,Structured compound record mined from local corpus text.
cmp_f16258769968c9,entity_f16258769968c93e,reported,reported,Ginsenoside Pk3 isomer,,ginsenoside,,C36H60O8,620.42881889036,negative,[M-H]-,,,,reported,,chunk_3e36337e032ff254d227,candidate,Structured compound record mined from local corpus text.
cmp_63f0e5a8cba103,entity_63f0e5a8cba103de,reported,reported,Ginsenoside Rh16,,ginsenoside,,C36H60O8,620.42881889036,negative,[M-H]-,,,,reported,,chunk_3e36337e032ff254d227,candidate,Structured compound record mined from local corpus text.
cmp_c080f3a4a5a4cf,entity_c080f3a4a5a4cf33,reported,reported,Ginsenoside Rh16 isomer,,ginsenoside,,C36H60O8,620.42881889036,negative,[M-H]-,,,,reported,,chunk_de8631b45702fe401421,candidate,Structured compound record mined from local corpus text.
cmp_f08632271681ed,entity_f08632271681edf4,reported,reported,20(S)-Ginsenoside Rh12,,ginsenoside,,C36H64O10,656.44994825842,negative,[M-H]-,,,,reported,,chunk_de8631b45702fe401421,candidate,Structured compound record mined from local corpus text.
cmp_7311e4d6a2bcba,entity_7311e4d6a2bcbab9,reported,reported,20(R)-Ginsenoside Rh12,,ginsenoside,,C36H64O10,656.44994825842,negative,[M-H]-,,,,reported,,chunk_de8631b45702fe401421,candidate,Structured compound record mined from local corpus text.
cmp_940c466f904161,entity_940c466f9041612e,reported,reported,Floralginsenoside Tb,,ginsenoside,,C35H62O11,658.4292128135301,negative,[M-H]-,,,,reported,,chunk_de8631b45702fe401421,candidate,Structured compound record mined from local corpus text.
cmp_ad6206015f8d28,entity_ad6206015f8d2825,reported,reported,OTHER,,ginsenoside,,C36H64O11,672.44486287799,negative,[M-H]-,,,,reported,,chunk_de8631b45702fe401421;chunk_ff7c55d1de018eac8145;chunk_7dd07eea7e6a31ce235f;chunk_d65bca43edc0ad47d4aa;chunk_611f9186de5de5877cb5;chunk_7ae1422492c921d41c27,candidate,Structured compound record mined from local corpus text.
cmp_c7f0e7aa197ef0,entity_c7f0e7aa197ef082,reported,reported,Notoginsenoside ST11,,ginsenoside,,C41H68O11,736.47616300691,negative,[M-H]-,,,,reported,,chunk_70e59f6904006aea5e47,candidate,Structured compound record mined from local corpus text.
cmp_2fd1ec32d74821,entity_2fd1ec32d748216d,reported,reported,Ginsenoside Rg6 isomer I,,ginsenoside,,C42H70O12,766.48672769094,negative,[M-H]-,,,,reported,,chunk_70e59f6904006aea5e47,candidate,Structured compound record mined from local corpus text.
cmp_78cce21e4060bc,entity_78cce21e4060bc2d,reported,reported,Ginsenoside Rg6 isomer II,,ginsenoside,,C42H70O12,766.48672769094,negative,[M-H]-,,,,reported,,chunk_70e59f6904006aea5e47,candidate,Structured compound record mined from local corpus text.
cmp_8ed667117b6048,entity_8ed667117b6048f0,reported,reported,Ginsenoside Rg5 isomer I,,ginsenoside,,C42H70O12,766.48672769094,negative,[M-H]-,,,,reported,,chunk_70e59f6904006aea5e47,candidate,Structured compound record mined from local corpus text.
cmp_696c9085f87aea,entity_696c9085f87aea0d,reported,reported,Ginsenoside Rg5 isomer II,,ginsenoside,,C42H70O12,766.48672769094,negative,[M-H]-,,,,reported,,chunk_70e59f6904006aea5e47,candidate,Structured compound record mined from local corpus text.
cmp_8edbf449756faf,entity_8edbf449756faf9a,reported,reported,Ginsenoside Rh15,,ginsenoside,,C42H70O13,782.48164231051,negative,[M-H]-,,,,reported,,chunk_7dd07eea7e6a31ce235f,candidate,Structured compound record mined from local corpus text.
cmp_8ce436b2f96d14,entity_8ce436b2f96d1450,reported,reported,20(S)-25-OH-Ginsenoside Rg2,,ginsenoside,,C42H74O14,802.507857059,negative,[M-H]-,,,,reported,,chunk_7dd07eea7e6a31ce235f,candidate,Structured compound record mined from local corpus text.
cmp_d8eee84bb7d703,entity_d8eee84bb7d703a6,reported,reported,20(S)-25-OH-Ginsenoside Rg3,,ginsenoside,,C42H74O14,802.507857059,negative,[M-H]-,,,,reported,,chunk_d65bca43edc0ad47d4aa,candidate,Structured compound record mined from local corpus text.
cmp_51b5d8a847bfa8,entity_51b5d8a847bfa805,reported,reported,Ginsenoside Rs4,,ginsenoside,,C44H72O13,808.49729237497,negative,[M-H]-,,,,reported,,chunk_a098223f19ec2005e04d,candidate,Structured compound record mined from local corpus text.
cmp_8598f1ee688eb8,entity_8598f1ee688eb815,reported,reported,Quinquenoside L9,,ginsenoside,,C42H74O15,818.50277167857,negative,[M-H]-,,,,reported,,chunk_a098223f19ec2005e04d,candidate,Structured compound record mined from local corpus text.
cmp_1e37edc10dc434,entity_1e37edc10dc4341c,reported,reported,O-162/O-162-146,,ginsenoside,,C48H80O18,944.53446573066,negative,[M-H]-,,,,reported,,chunk_a098223f19ec2005e04d,candidate,Structured compound record mined from local corpus text.
cmp_2557ef15b90f6f,entity_2557ef15b90f6fa1,reported,reported,"glucopyranosyloxy)-3,12,25-O-162/O-162-146",,ginsenoside,,C48H84O19,964.5606804791499,negative,[M-H]-,,,,reported,,chunk_031c38cf65c857c18fdf,candidate,Structured compound record mined from local corpus text.
cmp_0ee9e1d809915e,entity_0ee9e1d809915e1a,reported,reported,Notoginsenoside ST11 isomer,,ginsenoside,,C41H68O11,736.47616300691,negative,[M-H]-,,,,reported,,chunk_3971170a4a832d8be96e,candidate,Structured compound record mined from local corpus text.
cmp_e7d9a88b50024a,entity_e7d9a88b50024ac8,reported,reported,11-Oxomogroside II A1,,ginsenoside,,C42H70O14,798.47655693008,negative,[M-H]-,,,,reported,,chunk_3971170a4a832d8be96e,candidate,Structured compound record mined from local corpus text.
cmp_a74dc4a0dffcdc,entity_a74dc4a0dffcdcd5,reported,reported,"16,22-dihydroxyolean-12-en-O-162-146/O-146",,ginsenoside,,C48H80O17,928.5395511110901,negative,[M-H]-,,,,reported,,chunk_11e6de2dceb96d000670;chunk_84ce0e54ba75dbd1f214,candidate,Structured compound record mined from local corpus text.
cmp_54d387c83d47e4,entity_54d387c83d47e452,reported,reported,"Glucopyranosyloxy)-12,25-O-162-162/O-162",,ginsenoside,,C48H84O19,964.5606804791499,negative,[M-H]-,,,,reported,,chunk_6df6109d6c270aacba29,candidate,Structured compound record mined from local corpus text.
cmp_bf79f58bf4d631,entity_bf79f58bf4d63189,reported,reported,"3,12,24,25-O-162/O-162-146",,ginsenoside,,C48H84O20,980.55559509872,negative,[M-H]-,,,,reported,,chunk_7c1b3c180241d73f5546,candidate,Structured compound record mined from local corpus text.
cmp_0ff66b552cfc21,entity_0ff66b552cfc21d3,reported,reported,PQ-ginsenoside A,,ginsenoside,,C39H66O14,758.44525680116,negative,[M-H]-,,,,reported,,chunk_7c1b3c180241d73f5546,candidate,Structured compound record mined from local corpus text.
cmp_eb9a41de8c1af3,entity_eb9a41de8c1af35e,reported,reported,PQ-ginsenoside A isomer,,ginsenoside,,C39H66O14,758.44525680116,negative,[M-H]-,,,,reported,,chunk_7c1b3c180241d73f5546,candidate,Structured compound record mined from local corpus text.
cmp_62fdda8b671f90,entity_62fdda8b671f905d,reported,reported,PQ-ginsenoside B,,ginsenoside,,C39H66O14,758.44525680116,negative,[M-H]-,,,,reported,,chunk_611f9186de5de5877cb5,candidate,Structured compound record mined from local corpus text.
cmp_32f479e8e5ae2a,entity_32f479e8e5ae2afb,reported,reported,PQ-ginsenoside C,,ginsenoside,,C40H66O15,786.4401714207299,negative,[M-H]-,,,,reported,,chunk_611f9186de5de5877cb5,candidate,Structured compound record mined from local corpus text.
cmp_4e6d0bb72e31f2,entity_4e6d0bb72e31f28f,reported,reported,PQ-ginsenoside D,,ginsenoside,,C40H66O15,786.4401714207299,negative,[M-H]-,,,,reported,,chunk_611f9186de5de5877cb5,candidate,Structured compound record mined from local corpus text.
cmp_53928c4445ec4c,entity_53928c4445ec4c17,reported,reported,Acetyl-PQ-ginsenoside D,,ginsenoside,,C41H66O14,782.44525680116,negative,[M-H]-,,,,reported,,chunk_611f9186de5de5877cb5,candidate,Structured compound record mined from local corpus text.
cmp_f216f05002ad12,entity_f216f05002ad12f6,reported,reported,Acetyl-PQ-ginsenoside A,,ginsenoside,,C41H68O15,800.45582148519,negative,[M-H]-,,,,reported,,chunk_7ae1422492c921d41c27,candidate,Structured compound record mined from local corpus text.
cmp_bc1c755e035369,entity_bc1c755e035369c9,reported,reported,Acetyl-PQ-ginsenoside Arepresents ginsenosides validated with standards. ** represents new ginsenosides,,ginsenoside,,C41H68O15,800.45582148519,negative,[M-H]-,,,,reported,,chunk_75dd579619e4e21de91f,candidate,Structured compound record mined from local corpus text.
