rule_id,compound_class,subclass,fragment_mz,ion_mode,fragment_assignment,diagnostic_origin,support_compound_count,support_compound_fraction,support_rank,required,evidence_ids,review_status,review_note
frag_consensus_49895e79da517d,ginsenoside,,475.38,,class consensus fragment (50 compounds),class_consensus_frequency,50,0.2193,1,FALSE,chunk_17559ab5861cab223c30;chunk_8ad156d9a007abd9581f;chunk_b9378f3b91b1ce003c5a;chunk_3be07d61de6906fe57fe;chunk_044d6944c92524203f88;chunk_55c682c5bf0714c6632a;chunk_b54e93f8e0d7cf6f249e;chunk_a24f55f6b2792aaceddb;chunk_61be960aa01deb0e55aa;chunk_d9b30d4e35592644407b;chunk_bda5166aeddf8a6f2dac;chunk_f308d2d12ecb01c1391f;chunk_bb2cfb0cb25e378505b1;chunk_69f5f545bb3aa2db1b49;chunk_150886a374cd8cfa6221;chunk_e6af6154a8342df10401;chunk_1c7a970cb17c7a9c8eb7;chunk_e1b9393f298346e23a6d;chunk_d3acabfeb9313aceb0ea;chunk_422e82f9c16efd5c8866;chunk_3082f555030cfe0b794f;chunk_6b867ae00b2fa55f6add;chunk_673e57ae559fbe27b514;chunk_94adec325330afc3200b;chunk_3619e49b534f9a4ce986;chunk_44e2d880700577e5c718;chunk_f34f6ea452d17a60d2c0;chunk_3fbcfd2a032f66b908a5;chunk_8de719bda7251a09ccf9;chunk_2e830dfc5f37d7d1c143;chunk_84cdcf85468c773b790a;chunk_5d34a0e647f5082c359a;chunk_5c06859173503a5d31bc;chunk_3c270d61fe32c2f68993;chunk_7ecf702e80336967ad61;chunk_f52e40c7f902bbee1eb2;chunk_8369e8fb8c71ac92d255;chunk_d375d8b9cb6fec36283c;chunk_8f31654d252b89aae3ce;chunk_c6a020209a361cdc5926;chunk_3766ed9524e52b387614;chunk_366c1449be21d105cbc0;chunk_147b2c6a8f28383b8529;chunk_0fddf779153759adc5a0;chunk_acc6e934be5d2cae972b;chunk_c598585d5eb2d1b6bf8c;chunk_a7fb24043ee286556c3f;chunk_038ab525f53d5cab987f;chunk_a6578995c2a5580fef2e;chunk_397e7cef57a0f3241565;chunk_4b6e771e1f0214266e3e;chunk_6a3d86d6f67cd2f2aa4b;chunk_9268bf6887017374787a;chunk_be0cb7cae9058ae21c80;chunk_7797f8a88925946fc502;chunk_6083192d0c73e7068d68;chunk_3aa505ba479fab4c714e;chunk_b735a606bf1dfae9657b;chunk_cb889b240e16068dfc1d;chunk_8c36c2ea278b0e3358c5;chunk_e3c3a32d1e5fa120ea41;chunk_dc68dab71a9219329e21;chunk_e58643522a0471869196;chunk_04012333f70ec83edaa9;chunk_cfc2d832baf7e9b4252c;chunk_6e93d7bd9f2e29bfd809;chunk_c01c9c48bb1cb196a66b;chunk_fa9adedb3940c97c89e4;chunk_4855941772d8af97c6d3;chunk_8b34928f129849e0ab8b;chunk_0aaf6521b2e0796b74b6;chunk_265f83386134f521195f;chunk_4c583f5fe61efa25e252;chunk_5818e110871a2b2dc725;chunk_669316048eb87fcd6db2,candidate,Promoted by distinct-compound prevalence within the reported ginsenoside fragment catalog.
frag_consensus_5d10e703a51848,ginsenoside,,783.49,,class consensus fragment (49 compounds),class_consensus_frequency,49,0.2149,2,FALSE,chunk_17559ab5861cab223c30;chunk_8ad156d9a007abd9581f;chunk_044d6944c92524203f88;chunk_55c682c5bf0714c6632a;chunk_d3acabfeb9313aceb0ea;chunk_a77c0045b80ad47a7c39;chunk_51185dc843c11016bf81;chunk_673e57ae559fbe27b514;chunk_612d33e005b5bccef09c;chunk_839826e4934886ac02b2;chunk_94adec325330afc3200b;chunk_1681f0c0734defa78f6a;chunk_fa9adedb3940c97c89e4;chunk_953c5cfe21b731593fac;chunk_3619e49b534f9a4ce986;chunk_ea9fd530eb2896f54986;chunk_422e82f9c16efd5c8866;chunk_a01eba6aabd82aeda459;chunk_2bb3d2b923e2cecf9845;chunk_ca6afe86d43c7d1d4af7;chunk_44e2d880700577e5c718;chunk_1a1f68d9d514cc587b81;chunk_3fbcfd2a032f66b908a5;chunk_1c90a307f50ccf7b2b0f;chunk_9d87269f94909f211bfd;chunk_5781ef44735c54246db5;chunk_654d2a4219b13a49d8a1;chunk_8d91bddac5b66a96dcd3;chunk_5d34a0e647f5082c359a;chunk_5c06859173503a5d31bc;chunk_3c270d61fe32c2f68993;chunk_7ecf702e80336967ad61;chunk_f52e40c7f902bbee1eb2;chunk_8369e8fb8c71ac92d255;chunk_d375d8b9cb6fec36283c;chunk_8f31654d252b89aae3ce;chunk_c6a020209a361cdc5926;chunk_0fddf779153759adc5a0;chunk_b54e93f8e0d7cf6f249e;chunk_2e830dfc5f37d7d1c143;chunk_147b2c6a8f28383b8529;chunk_a7fb24043ee286556c3f;chunk_038ab525f53d5cab987f;chunk_a6578995c2a5580fef2e;chunk_f34f6ea452d17a60d2c0;chunk_7755fcf89cc5ec00d804;chunk_2e2efca6cf1ae48e9c37;chunk_c598585d5eb2d1b6bf8c;chunk_f115ef47a73058ee6e3c;chunk_56a9ba062b7ea0fc54cf;chunk_cfc2d832baf7e9b4252c;chunk_dad06b8d79f7114a89f8;chunk_4a0355c3c5b01ec326e6;chunk_f248b3022abc156c5844;chunk_1beab080004063474009;chunk_8c36c2ea278b0e3358c5;chunk_15d7ff26eae43458c7c5;chunk_45e1bef5f6385ca0a773;chunk_340fdb8bbbcbecfbfdd7;chunk_dc68dab71a9219329e21;chunk_569b443024a151234ae0;chunk_59bd5688360be4415d8b;chunk_54fe0aa1604cdd406fbc;chunk_e0be8e61810f77d9d063;chunk_0ae169c5ece15f04a975;chunk_0d0c40a2b9c64e3ab7e3;chunk_6c6b5beb70bfa6084822;chunk_869cabbc6f1f9facdb98;chunk_847e64c2141283d47d65;chunk_235287b2c1d13dd366cc;chunk_4a268cf9ffa93c991cf3;chunk_a7ee5fc6673d86e31551;chunk_157d55759a9451cc187a;chunk_d79b1c4958161829f791;chunk_b46b2bebf7daaecbdd87;chunk_19b050453eae4b7655b1;chunk_eae46a62c26e6d083a8b,candidate,Promoted by distinct-compound prevalence within the reported ginsenoside fragment catalog.
frag_consensus_3a39f7fa74ec0d,ginsenoside,,621.44,,class consensus fragment (48 compounds),class_consensus_frequency,48,0.2105,3,FALSE,chunk_d3acabfeb9313aceb0ea;chunk_673e57ae559fbe27b514;chunk_612d33e005b5bccef09c;chunk_839826e4934886ac02b2;chunk_b8343765d060f1e91136;chunk_94adec325330afc3200b;chunk_1681f0c0734defa78f6a;chunk_fa9adedb3940c97c89e4;chunk_953c5cfe21b731593fac;chunk_c39236526351f8822d18;chunk_bf7d39577a6b80d6f570;chunk_3619e49b534f9a4ce986;chunk_ea9fd530eb2896f54986;chunk_c8e9107bce1afd08ab84;chunk_422e82f9c16efd5c8866;chunk_a01eba6aabd82aeda459;chunk_6dfc323ebaf268fa58b3;chunk_2bb3d2b923e2cecf9845;chunk_ca6afe86d43c7d1d4af7;chunk_44e2d880700577e5c718;chunk_1a1f68d9d514cc587b81;chunk_3fbcfd2a032f66b908a5;chunk_1c90a307f50ccf7b2b0f;chunk_9d87269f94909f211bfd;chunk_5781ef44735c54246db5;chunk_c45f5da5daa597ecf6ef;chunk_654d2a4219b13a49d8a1;chunk_8d91bddac5b66a96dcd3;chunk_b54e93f8e0d7cf6f249e;chunk_a7fb24043ee286556c3f;chunk_038ab525f53d5cab987f;chunk_a6578995c2a5580fef2e;chunk_f34f6ea452d17a60d2c0;chunk_c6a020209a361cdc5926;chunk_7797f8a88925946fc502;chunk_6083192d0c73e7068d68;chunk_3aa505ba479fab4c714e;chunk_b735a606bf1dfae9657b;chunk_cb889b240e16068dfc1d;chunk_147b2c6a8f28383b8529;chunk_05ad2d7e428bd76fcd58;chunk_847e64c2141283d47d65;chunk_c598585d5eb2d1b6bf8c;chunk_f115ef47a73058ee6e3c;chunk_56a9ba062b7ea0fc54cf;chunk_cfc2d832baf7e9b4252c;chunk_dad06b8d79f7114a89f8;chunk_4a0355c3c5b01ec326e6;chunk_8c36c2ea278b0e3358c5;chunk_15d7ff26eae43458c7c5;chunk_45e1bef5f6385ca0a773;chunk_569b443024a151234ae0;chunk_59bd5688360be4415d8b;chunk_54fe0aa1604cdd406fbc;chunk_e0be8e61810f77d9d063;chunk_db339249ed628d35a396;chunk_01e8795ef4b713ba959e;chunk_3d102bf179455b9fd50b;chunk_5b32a94eb926c444d36b;chunk_70a16d7630be68e72676;chunk_4c583f5fe61efa25e252;chunk_e8f2f5b87807f42e67e2;chunk_d85c65d9fc9f602dfb29;chunk_38222f1ae1a97410ddf6;chunk_f981bac51c99866d661c,candidate,Promoted by distinct-compound prevalence within the reported ginsenoside fragment catalog.
frag_consensus_36c035683f78e5,ginsenoside,,637.43,,class consensus fragment (42 compounds),class_consensus_frequency,42,0.1842,4,FALSE,chunk_8ad156d9a007abd9581f;chunk_b9378f3b91b1ce003c5a;chunk_3be07d61de6906fe57fe;chunk_044d6944c92524203f88;chunk_55c682c5bf0714c6632a;chunk_a24f55f6b2792aaceddb;chunk_61be960aa01deb0e55aa;chunk_d9b30d4e35592644407b;chunk_bda5166aeddf8a6f2dac;chunk_f308d2d12ecb01c1391f;chunk_bb2cfb0cb25e378505b1;chunk_69f5f545bb3aa2db1b49;chunk_150886a374cd8cfa6221;chunk_e6af6154a8342df10401;chunk_1c7a970cb17c7a9c8eb7;chunk_e1b9393f298346e23a6d;chunk_d3acabfeb9313aceb0ea;chunk_422e82f9c16efd5c8866;chunk_3082f555030cfe0b794f;chunk_6b867ae00b2fa55f6add;chunk_673e57ae559fbe27b514;chunk_c3f9bf4aafc2ed711f09;chunk_839826e4934886ac02b2;chunk_b8343765d060f1e91136;chunk_5d34a0e647f5082c359a;chunk_5c06859173503a5d31bc;chunk_3c270d61fe32c2f68993;chunk_7ecf702e80336967ad61;chunk_f52e40c7f902bbee1eb2;chunk_8369e8fb8c71ac92d255;chunk_d375d8b9cb6fec36283c;chunk_8f31654d252b89aae3ce;chunk_c6a020209a361cdc5926;chunk_3ae272b5f4ad5f5588d4;chunk_51982da1a04a240f3299;chunk_3766ed9524e52b387614;chunk_366c1449be21d105cbc0;chunk_147b2c6a8f28383b8529;chunk_0fddf779153759adc5a0;chunk_b54e93f8e0d7cf6f249e;chunk_2e830dfc5f37d7d1c143;chunk_acc6e934be5d2cae972b;chunk_c598585d5eb2d1b6bf8c;chunk_a7fb24043ee286556c3f;chunk_038ab525f53d5cab987f;chunk_a6578995c2a5580fef2e;chunk_f34f6ea452d17a60d2c0;chunk_397e7cef57a0f3241565;chunk_4b6e771e1f0214266e3e;chunk_6a3d86d6f67cd2f2aa4b;chunk_9268bf6887017374787a;chunk_91f00c4cf64b08e38be4;chunk_7755fcf89cc5ec00d804;chunk_84cdcf85468c773b790a;chunk_be0cb7cae9058ae21c80;chunk_7797f8a88925946fc502;chunk_6083192d0c73e7068d68;chunk_3aa505ba479fab4c714e;chunk_b735a606bf1dfae9657b;chunk_cb889b240e16068dfc1d;chunk_f248b3022abc156c5844;chunk_b35c37e06171407910c0;chunk_8c36c2ea278b0e3358c5;chunk_15d7ff26eae43458c7c5;chunk_45e1bef5f6385ca0a773;chunk_e3c3a32d1e5fa120ea41;chunk_dc68dab71a9219329e21;chunk_e58643522a0471869196;chunk_0d0c40a2b9c64e3ab7e3;chunk_6cf12e073d46c4b4ab97;chunk_56a9ba062b7ea0fc54cf;chunk_fe33fcd52b9017737295;chunk_398a7c57dccd51662eb7;chunk_6eb7074d5772afcb1569;chunk_0aaf6521b2e0796b74b6;chunk_6256631e221a99645f77;chunk_f8747a72ff545213d214;chunk_fe0f583fadb1df4f61b2;chunk_b46b2bebf7daaecbdd87,candidate,Promoted by distinct-compound prevalence within the reported ginsenoside fragment catalog.
frag_consensus_3b60028500d715,ginsenoside,,459.39,,class consensus fragment (37 compounds),class_consensus_frequency,37,0.1623,5,FALSE,chunk_d3acabfeb9313aceb0ea;chunk_a77c0045b80ad47a7c39;chunk_51185dc843c11016bf81;chunk_3082f555030cfe0b794f;chunk_612d33e005b5bccef09c;chunk_6b867ae00b2fa55f6add;chunk_c3f9bf4aafc2ed711f09;chunk_839826e4934886ac02b2;chunk_b8343765d060f1e91136;chunk_94adec325330afc3200b;chunk_1681f0c0734defa78f6a;chunk_fa9adedb3940c97c89e4;chunk_953c5cfe21b731593fac;chunk_c39236526351f8822d18;chunk_bf7d39577a6b80d6f570;chunk_3619e49b534f9a4ce986;chunk_ea9fd530eb2896f54986;chunk_c8e9107bce1afd08ab84;chunk_422e82f9c16efd5c8866;chunk_a01eba6aabd82aeda459;chunk_2bb3d2b923e2cecf9845;chunk_ca6afe86d43c7d1d4af7;chunk_44e2d880700577e5c718;chunk_1a1f68d9d514cc587b81;chunk_3fbcfd2a032f66b908a5;chunk_1c90a307f50ccf7b2b0f;chunk_9d87269f94909f211bfd;chunk_654d2a4219b13a49d8a1;chunk_8d91bddac5b66a96dcd3;chunk_e3b41bd0cd110c5382cf;chunk_147b2c6a8f28383b8529;chunk_05ad2d7e428bd76fcd58;chunk_847e64c2141283d47d65;chunk_1beab080004063474009;chunk_8c36c2ea278b0e3358c5;chunk_15d7ff26eae43458c7c5;chunk_45e1bef5f6385ca0a773;chunk_12d1a11942713862ae06;chunk_3ec41a792319248b1652;chunk_569b443024a151234ae0;chunk_59bd5688360be4415d8b;chunk_54fe0aa1604cdd406fbc;chunk_e0be8e61810f77d9d063;chunk_e3c3a32d1e5fa120ea41;chunk_0d0c40a2b9c64e3ab7e3;chunk_6cf12e073d46c4b4ab97;chunk_f115ef47a73058ee6e3c;chunk_442517700b2afbc873f9;chunk_2cb662e303c135aead81;chunk_f981bac51c99866d661c,candidate,Promoted by distinct-compound prevalence within the reported ginsenoside fragment catalog.
frag_consensus_c3917116e92ec5,ginsenoside,,945.55,,class consensus fragment (35 compounds),class_consensus_frequency,35,0.1535,6,FALSE,chunk_d3acabfeb9313aceb0ea;chunk_a77c0045b80ad47a7c39;chunk_51185dc843c11016bf81;chunk_3082f555030cfe0b794f;chunk_673e57ae559fbe27b514;chunk_612d33e005b5bccef09c;chunk_839826e4934886ac02b2;chunk_b8343765d060f1e91136;chunk_94adec325330afc3200b;chunk_fa9adedb3940c97c89e4;chunk_953c5cfe21b731593fac;chunk_1681f0c0734defa78f6a;chunk_c39236526351f8822d18;chunk_bf7d39577a6b80d6f570;chunk_3619e49b534f9a4ce986;chunk_ea9fd530eb2896f54986;chunk_c8e9107bce1afd08ab84;chunk_422e82f9c16efd5c8866;chunk_a01eba6aabd82aeda459;chunk_6dfc323ebaf268fa58b3;chunk_44e2d880700577e5c718;chunk_1a1f68d9d514cc587b81;chunk_3fbcfd2a032f66b908a5;chunk_1c90a307f50ccf7b2b0f;chunk_9d87269f94909f211bfd;chunk_5781ef44735c54246db5;chunk_8de719bda7251a09ccf9;chunk_76a7adc4c6b2879a2f7d;chunk_5d34a0e647f5082c359a;chunk_5c06859173503a5d31bc;chunk_3c270d61fe32c2f68993;chunk_7ecf702e80336967ad61;chunk_f52e40c7f902bbee1eb2;chunk_8369e8fb8c71ac92d255;chunk_d375d8b9cb6fec36283c;chunk_8f31654d252b89aae3ce;chunk_c6a020209a361cdc5926;chunk_a7fb24043ee286556c3f;chunk_07158b980709b4d03d0d;chunk_b059d669579984e37eaa;chunk_847e64c2141283d47d65;chunk_7797f8a88925946fc502;chunk_6083192d0c73e7068d68;chunk_3aa505ba479fab4c714e;chunk_b735a606bf1dfae9657b;chunk_cb889b240e16068dfc1d;chunk_038ab525f53d5cab987f;chunk_f248b3022abc156c5844;chunk_b35c37e06171407910c0;chunk_8c36c2ea278b0e3358c5;chunk_15d7ff26eae43458c7c5;chunk_45e1bef5f6385ca0a773;chunk_56a9ba062b7ea0fc54cf;chunk_5c77ad7ce0664b15b070;chunk_54fe0aa1604cdd406fbc;chunk_78f14995cf874219e7db;chunk_4a0355c3c5b01ec326e6;chunk_235287b2c1d13dd366cc;chunk_4c583f5fe61efa25e252;chunk_e8f2f5b87807f42e67e2;chunk_d85c65d9fc9f602dfb29;chunk_dc06fe75ad279c2a1fca,candidate,Promoted by distinct-compound prevalence within the reported ginsenoside fragment catalog.
frag_consensus_100965b593bc1e,ginsenoside,,459.38,,class consensus fragment (32 compounds),class_consensus_frequency,32,0.1404,7,FALSE,chunk_3082f555030cfe0b794f;chunk_51185dc843c11016bf81;chunk_673e57ae559fbe27b514;chunk_612d33e005b5bccef09c;chunk_839826e4934886ac02b2;chunk_94adec325330afc3200b;chunk_1681f0c0734defa78f6a;chunk_3619e49b534f9a4ce986;chunk_ea9fd530eb2896f54986;chunk_422e82f9c16efd5c8866;chunk_a01eba6aabd82aeda459;chunk_6dfc323ebaf268fa58b3;chunk_44e2d880700577e5c718;chunk_5781ef44735c54246db5;chunk_c45f5da5daa597ecf6ef;chunk_654d2a4219b13a49d8a1;chunk_1c90a307f50ccf7b2b0f;chunk_8d91bddac5b66a96dcd3;chunk_147b2c6a8f28383b8529;chunk_bf7d39577a6b80d6f570;chunk_05ad2d7e428bd76fcd58;chunk_847e64c2141283d47d65;chunk_038ab525f53d5cab987f;chunk_8f31654d252b89aae3ce;chunk_f248b3022abc156c5844;chunk_8c36c2ea278b0e3358c5;chunk_15d7ff26eae43458c7c5;chunk_45e1bef5f6385ca0a773;chunk_e3c3a32d1e5fa120ea41;chunk_0d0c40a2b9c64e3ab7e3;chunk_6cf12e073d46c4b4ab97;chunk_db339249ed628d35a396;chunk_54fe0aa1604cdd406fbc;chunk_78f14995cf874219e7db;chunk_e5ec2785364561e70361;chunk_5b32a94eb926c444d36b;chunk_70a16d7630be68e72676;chunk_b2a5141a28aaf5c0ba8b;chunk_869cabbc6f1f9facdb98;chunk_9ec71f9c9215d1505c8f;chunk_faf9b1ecb71f26beda53;chunk_38222f1ae1a97410ddf6,candidate,Promoted by distinct-compound prevalence within the reported ginsenoside fragment catalog.
frag_consensus_0e245b8408ee48,ginsenoside,,637.44,,class consensus fragment (30 compounds),class_consensus_frequency,30,0.1316,8,FALSE,chunk_17559ab5861cab223c30;chunk_8ad156d9a007abd9581f;chunk_044d6944c92524203f88;chunk_55c682c5bf0714c6632a;chunk_b54e93f8e0d7cf6f249e;chunk_a24f55f6b2792aaceddb;chunk_61be960aa01deb0e55aa;chunk_d9b30d4e35592644407b;chunk_bda5166aeddf8a6f2dac;chunk_f308d2d12ecb01c1391f;chunk_bb2cfb0cb25e378505b1;chunk_150886a374cd8cfa6221;chunk_e1b9393f298346e23a6d;chunk_d3acabfeb9313aceb0ea;chunk_69f5f545bb3aa2db1b49;chunk_422e82f9c16efd5c8866;chunk_94adec325330afc3200b;chunk_3fbcfd2a032f66b908a5;chunk_8de719bda7251a09ccf9;chunk_2e830dfc5f37d7d1c143;chunk_84cdcf85468c773b790a;chunk_5d34a0e647f5082c359a;chunk_5c06859173503a5d31bc;chunk_3c270d61fe32c2f68993;chunk_7ecf702e80336967ad61;chunk_f52e40c7f902bbee1eb2;chunk_8369e8fb8c71ac92d255;chunk_d375d8b9cb6fec36283c;chunk_8f31654d252b89aae3ce;chunk_c6a020209a361cdc5926;chunk_3766ed9524e52b387614;chunk_366c1449be21d105cbc0;chunk_147b2c6a8f28383b8529;chunk_76a7adc4c6b2879a2f7d;chunk_252c975d53a9fe54f19a;chunk_ce301891eaa5f1eecc48;chunk_3aa505ba479fab4c714e;chunk_be0cb7cae9058ae21c80;chunk_7797f8a88925946fc502;chunk_6083192d0c73e7068d68;chunk_b735a606bf1dfae9657b;chunk_cb889b240e16068dfc1d;chunk_bf7d39577a6b80d6f570;chunk_05ad2d7e428bd76fcd58;chunk_847e64c2141283d47d65;chunk_1beab080004063474009;chunk_7a53d7d98d6b4164a360;chunk_e5ec2785364561e70361;chunk_04012333f70ec83edaa9;chunk_cfc2d832baf7e9b4252c;chunk_83a362b656dadd9185b1;chunk_0aaf6521b2e0796b74b6;chunk_dff9279b10f9d384c224;chunk_f8747a72ff545213d214;chunk_265f83386134f521195f;chunk_4c583f5fe61efa25e252;chunk_5818e110871a2b2dc725;chunk_c76c2bb4134929e157fa,candidate,Promoted by distinct-compound prevalence within the reported ginsenoside fragment catalog.
frag_consensus_5a363e327158ee,ginsenoside,,799.49,,class consensus fragment (26 compounds),class_consensus_frequency,26,0.114,9,FALSE,chunk_17559ab5861cab223c30;chunk_b9378f3b91b1ce003c5a;chunk_3be07d61de6906fe57fe;chunk_a24f55f6b2792aaceddb;chunk_61be960aa01deb0e55aa;chunk_d9b30d4e35592644407b;chunk_bda5166aeddf8a6f2dac;chunk_f308d2d12ecb01c1391f;chunk_bb2cfb0cb25e378505b1;chunk_69f5f545bb3aa2db1b49;chunk_150886a374cd8cfa6221;chunk_e6af6154a8342df10401;chunk_1c7a970cb17c7a9c8eb7;chunk_e1b9393f298346e23a6d;chunk_d3acabfeb9313aceb0ea;chunk_422e82f9c16efd5c8866;chunk_3082f555030cfe0b794f;chunk_6b867ae00b2fa55f6add;chunk_51185dc843c11016bf81;chunk_5c77ad7ce0664b15b070;chunk_f20a11e76fa7e52ad755;chunk_3766ed9524e52b387614;chunk_366c1449be21d105cbc0;chunk_acc6e934be5d2cae972b;chunk_87688eaf9dbad6145ade;chunk_7ecf702e80336967ad61;chunk_6a3d86d6f67cd2f2aa4b;chunk_5d34a0e647f5082c359a;chunk_5c06859173503a5d31bc;chunk_3c270d61fe32c2f68993;chunk_f52e40c7f902bbee1eb2;chunk_8369e8fb8c71ac92d255;chunk_d375d8b9cb6fec36283c;chunk_8f31654d252b89aae3ce;chunk_c6a020209a361cdc5926;chunk_147b2c6a8f28383b8529;chunk_0fddf779153759adc5a0;chunk_b54e93f8e0d7cf6f249e;chunk_2e830dfc5f37d7d1c143;chunk_c598585d5eb2d1b6bf8c;chunk_a7fb24043ee286556c3f;chunk_038ab525f53d5cab987f;chunk_a6578995c2a5580fef2e;chunk_f34f6ea452d17a60d2c0;chunk_91f00c4cf64b08e38be4;chunk_7755fcf89cc5ec00d804;chunk_84cdcf85468c773b790a;chunk_4b6e771e1f0214266e3e;chunk_252c975d53a9fe54f19a;chunk_ce301891eaa5f1eecc48;chunk_3aa505ba479fab4c714e;chunk_b735a606bf1dfae9657b;chunk_e3c3a32d1e5fa120ea41;chunk_dc68dab71a9219329e21;chunk_e58643522a0471869196;chunk_f115ef47a73058ee6e3c;chunk_6eb7074d5772afcb1569;chunk_31e2910ccf78f5d9fb9c;chunk_c3b3ed70165e2f5c6e14;chunk_fe0f583fadb1df4f61b2;chunk_b46b2bebf7daaecbdd87,candidate,Promoted by distinct-compound prevalence within the reported ginsenoside fragment catalog.
frag_consensus_bd8a07cec68ee1,ginsenoside,,783.5,,class consensus fragment (23 compounds),class_consensus_frequency,23,0.1009,10,FALSE,chunk_044d6944c92524203f88;chunk_b54e93f8e0d7cf6f249e;chunk_3082f555030cfe0b794f;chunk_51185dc843c11016bf81;chunk_5c77ad7ce0664b15b070;chunk_839826e4934886ac02b2;chunk_b8343765d060f1e91136;chunk_94adec325330afc3200b;chunk_1681f0c0734defa78f6a;chunk_fa9adedb3940c97c89e4;chunk_c39236526351f8822d18;chunk_bf7d39577a6b80d6f570;chunk_c8e9107bce1afd08ab84;chunk_6dfc323ebaf268fa58b3;chunk_44e2d880700577e5c718;chunk_3fbcfd2a032f66b908a5;chunk_1c90a307f50ccf7b2b0f;chunk_9d87269f94909f211bfd;chunk_c45f5da5daa597ecf6ef;chunk_5d34a0e647f5082c359a;chunk_5c06859173503a5d31bc;chunk_3c270d61fe32c2f68993;chunk_7ecf702e80336967ad61;chunk_f52e40c7f902bbee1eb2;chunk_8369e8fb8c71ac92d255;chunk_d375d8b9cb6fec36283c;chunk_8f31654d252b89aae3ce;chunk_c6a020209a361cdc5926;chunk_038ab525f53d5cab987f;chunk_f248b3022abc156c5844;chunk_8c36c2ea278b0e3358c5;chunk_15d7ff26eae43458c7c5;chunk_45e1bef5f6385ca0a773;chunk_569b443024a151234ae0;chunk_59bd5688360be4415d8b;chunk_54fe0aa1604cdd406fbc;chunk_e0be8e61810f77d9d063;chunk_f115ef47a73058ee6e3c;chunk_0ae169c5ece15f04a975;chunk_0d0c40a2b9c64e3ab7e3;chunk_4a268cf9ffa93c991cf3;chunk_a7ee5fc6673d86e31551;chunk_157d55759a9451cc187a;chunk_d79b1c4958161829f791;chunk_b46b2bebf7daaecbdd87;chunk_d85c65d9fc9f602dfb29,candidate,Promoted by distinct-compound prevalence within the reported ginsenoside fragment catalog.
frag_consensus_35007ce242ecfa,ginsenoside,,945.54,,class consensus fragment (23 compounds),class_consensus_frequency,23,0.1009,11,FALSE,chunk_17559ab5861cab223c30;chunk_8ad156d9a007abd9581f;chunk_a24f55f6b2792aaceddb;chunk_69f5f545bb3aa2db1b49;chunk_bb2cfb0cb25e378505b1;chunk_3082f555030cfe0b794f;chunk_51185dc843c11016bf81;chunk_839826e4934886ac02b2;chunk_94adec325330afc3200b;chunk_1681f0c0734defa78f6a;chunk_422e82f9c16efd5c8866;chunk_a01eba6aabd82aeda459;chunk_2bb3d2b923e2cecf9845;chunk_ca6afe86d43c7d1d4af7;chunk_44e2d880700577e5c718;chunk_ea9fd530eb2896f54986;chunk_3fbcfd2a032f66b908a5;chunk_654d2a4219b13a49d8a1;chunk_1c90a307f50ccf7b2b0f;chunk_8d91bddac5b66a96dcd3;chunk_5d34a0e647f5082c359a;chunk_5c06859173503a5d31bc;chunk_3c270d61fe32c2f68993;chunk_7ecf702e80336967ad61;chunk_f52e40c7f902bbee1eb2;chunk_8369e8fb8c71ac92d255;chunk_d375d8b9cb6fec36283c;chunk_8f31654d252b89aae3ce;chunk_c6a020209a361cdc5926;chunk_b54e93f8e0d7cf6f249e;chunk_a7fb24043ee286556c3f;chunk_038ab525f53d5cab987f;chunk_a6578995c2a5580fef2e;chunk_f34f6ea452d17a60d2c0;chunk_830bcd489bd464af970b;chunk_be0cb7cae9058ae21c80;chunk_12d1a11942713862ae06;chunk_340fdb8bbbcbecfbfdd7;chunk_dc68dab71a9219329e21;chunk_b735a606bf1dfae9657b;chunk_e3c3a32d1e5fa120ea41;chunk_e58643522a0471869196;chunk_dad06b8d79f7114a89f8;chunk_87c5439b8663a039a790;chunk_f8747a72ff545213d214,candidate,Promoted by distinct-compound prevalence within the reported ginsenoside fragment catalog.
frag_consensus_5436f39284792d,ginsenoside,,799.48,,class consensus fragment (19 compounds),class_consensus_frequency,19,0.0833,12,FALSE,chunk_8ad156d9a007abd9581f;chunk_b9378f3b91b1ce003c5a;chunk_3be07d61de6906fe57fe;chunk_a24f55f6b2792aaceddb;chunk_61be960aa01deb0e55aa;chunk_d9b30d4e35592644407b;chunk_bda5166aeddf8a6f2dac;chunk_f308d2d12ecb01c1391f;chunk_bb2cfb0cb25e378505b1;chunk_150886a374cd8cfa6221;chunk_e1b9393f298346e23a6d;chunk_d3acabfeb9313aceb0ea;chunk_673e57ae559fbe27b514;chunk_3fbcfd2a032f66b908a5;chunk_8de719bda7251a09ccf9;chunk_2e830dfc5f37d7d1c143;chunk_84cdcf85468c773b790a;chunk_5d34a0e647f5082c359a;chunk_5c06859173503a5d31bc;chunk_3c270d61fe32c2f68993;chunk_7ecf702e80336967ad61;chunk_f52e40c7f902bbee1eb2;chunk_8369e8fb8c71ac92d255;chunk_d375d8b9cb6fec36283c;chunk_8f31654d252b89aae3ce;chunk_c6a020209a361cdc5926;chunk_0fddf779153759adc5a0;chunk_b54e93f8e0d7cf6f249e;chunk_147b2c6a8f28383b8529;chunk_acc6e934be5d2cae972b;chunk_c598585d5eb2d1b6bf8c;chunk_ce301891eaa5f1eecc48;chunk_83a362b656dadd9185b1;chunk_6eb7074d5772afcb1569;chunk_31e2910ccf78f5d9fb9c;chunk_ce9624249d6cbae3a619;chunk_dff9279b10f9d384c224;chunk_f8747a72ff545213d214;chunk_4c583f5fe61efa25e252;chunk_5818e110871a2b2dc725,candidate,Promoted by distinct-compound prevalence within the reported ginsenoside fragment catalog.
frag_consensus_da3f7dd5c0f731,ginsenoside,,637.42,,class consensus fragment (17 compounds),class_consensus_frequency,17,0.0746,13,FALSE,chunk_8ad156d9a007abd9581f;chunk_044d6944c92524203f88;chunk_55c682c5bf0714c6632a;chunk_a24f55f6b2792aaceddb;chunk_61be960aa01deb0e55aa;chunk_d9b30d4e35592644407b;chunk_bda5166aeddf8a6f2dac;chunk_f308d2d12ecb01c1391f;chunk_bb2cfb0cb25e378505b1;chunk_69f5f545bb3aa2db1b49;chunk_f20a11e76fa7e52ad755;chunk_3766ed9524e52b387614;chunk_366c1449be21d105cbc0;chunk_acc6e934be5d2cae972b;chunk_87688eaf9dbad6145ade;chunk_7ecf702e80336967ad61;chunk_6a3d86d6f67cd2f2aa4b;chunk_8de719bda7251a09ccf9;chunk_2e830dfc5f37d7d1c143;chunk_84cdcf85468c773b790a;chunk_5d34a0e647f5082c359a;chunk_5c06859173503a5d31bc;chunk_3c270d61fe32c2f68993;chunk_f52e40c7f902bbee1eb2;chunk_8369e8fb8c71ac92d255;chunk_d375d8b9cb6fec36283c;chunk_8f31654d252b89aae3ce;chunk_c6a020209a361cdc5926;chunk_3ae272b5f4ad5f5588d4;chunk_51982da1a04a240f3299;chunk_147b2c6a8f28383b8529;chunk_91f00c4cf64b08e38be4;chunk_7755fcf89cc5ec00d804;chunk_830bcd489bd464af970b;chunk_40f1a09a6d9e337135bd;chunk_31e2910ccf78f5d9fb9c;chunk_c3b3ed70165e2f5c6e14;chunk_ce9624249d6cbae3a619;chunk_5818e110871a2b2dc725,candidate,Promoted by distinct-compound prevalence within the reported ginsenoside fragment catalog.
frag_consensus_1320e12387a78a,ginsenoside,,1077.59,,class consensus fragment (17 compounds),class_consensus_frequency,17,0.0746,14,FALSE,chunk_612d33e005b5bccef09c;chunk_51185dc843c11016bf81;chunk_5c77ad7ce0664b15b070;chunk_94adec325330afc3200b;chunk_fa9adedb3940c97c89e4;chunk_3619e49b534f9a4ce986;chunk_ea9fd530eb2896f54986;chunk_422e82f9c16efd5c8866;chunk_a01eba6aabd82aeda459;chunk_6dfc323ebaf268fa58b3;chunk_44e2d880700577e5c718;chunk_3fbcfd2a032f66b908a5;chunk_1c90a307f50ccf7b2b0f;chunk_9d87269f94909f211bfd;chunk_5781ef44735c54246db5;chunk_f20a11e76fa7e52ad755;chunk_3766ed9524e52b387614;chunk_366c1449be21d105cbc0;chunk_acc6e934be5d2cae972b;chunk_87688eaf9dbad6145ade;chunk_7ecf702e80336967ad61;chunk_6a3d86d6f67cd2f2aa4b;chunk_5d34a0e647f5082c359a;chunk_5c06859173503a5d31bc;chunk_3c270d61fe32c2f68993;chunk_f52e40c7f902bbee1eb2;chunk_8369e8fb8c71ac92d255;chunk_d375d8b9cb6fec36283c;chunk_8f31654d252b89aae3ce;chunk_c6a020209a361cdc5926;chunk_340fdb8bbbcbecfbfdd7;chunk_dc68dab71a9219329e21;chunk_569b443024a151234ae0;chunk_59bd5688360be4415d8b;chunk_54fe0aa1604cdd406fbc;chunk_e0be8e61810f77d9d063;chunk_78f14995cf874219e7db,candidate,Promoted by distinct-compound prevalence within the reported ginsenoside fragment catalog.
frag_consensus_7dfd8dc5996238,ginsenoside,,475.39,,class consensus fragment (16 compounds),class_consensus_frequency,16,0.0702,15,FALSE,chunk_17559ab5861cab223c30;chunk_a24f55f6b2792aaceddb;chunk_61be960aa01deb0e55aa;chunk_d9b30d4e35592644407b;chunk_bda5166aeddf8a6f2dac;chunk_f308d2d12ecb01c1391f;chunk_bb2cfb0cb25e378505b1;chunk_69f5f545bb3aa2db1b49;chunk_150886a374cd8cfa6221;chunk_e1b9393f298346e23a6d;chunk_d3acabfeb9313aceb0ea;chunk_3082f555030cfe0b794f;chunk_6b867ae00b2fa55f6add;chunk_1681f0c0734defa78f6a;chunk_8de719bda7251a09ccf9;chunk_2e830dfc5f37d7d1c143;chunk_84cdcf85468c773b790a;chunk_5d34a0e647f5082c359a;chunk_5c06859173503a5d31bc;chunk_3c270d61fe32c2f68993;chunk_7ecf702e80336967ad61;chunk_f52e40c7f902bbee1eb2;chunk_8369e8fb8c71ac92d255;chunk_d375d8b9cb6fec36283c;chunk_8f31654d252b89aae3ce;chunk_c6a020209a361cdc5926;chunk_3766ed9524e52b387614;chunk_366c1449be21d105cbc0;chunk_147b2c6a8f28383b8529;chunk_0fddf779153759adc5a0;chunk_b54e93f8e0d7cf6f249e;chunk_acc6e934be5d2cae972b;chunk_c598585d5eb2d1b6bf8c;chunk_76a7adc4c6b2879a2f7d;chunk_7797f8a88925946fc502;chunk_6083192d0c73e7068d68;chunk_3aa505ba479fab4c714e;chunk_b735a606bf1dfae9657b;chunk_cb889b240e16068dfc1d;chunk_c3b3ed70165e2f5c6e14;chunk_f8747a72ff545213d214,candidate,Promoted by distinct-compound prevalence within the reported ginsenoside fragment catalog.
frag_consensus_a2107b60b43b72,ginsenoside,,619.42,,class consensus fragment (16 compounds),class_consensus_frequency,16,0.0702,16,FALSE,chunk_5d34a0e647f5082c359a;chunk_5c06859173503a5d31bc;chunk_3c270d61fe32c2f68993;chunk_7ecf702e80336967ad61;chunk_f52e40c7f902bbee1eb2;chunk_8369e8fb8c71ac92d255;chunk_d375d8b9cb6fec36283c;chunk_8f31654d252b89aae3ce;chunk_c6a020209a361cdc5926;chunk_a7fb24043ee286556c3f;chunk_07158b980709b4d03d0d;chunk_b059d669579984e37eaa;chunk_847e64c2141283d47d65;chunk_0fddf779153759adc5a0;chunk_b54e93f8e0d7cf6f249e;chunk_2e830dfc5f37d7d1c143;chunk_147b2c6a8f28383b8529;chunk_038ab525f53d5cab987f;chunk_f248b3022abc156c5844;chunk_6a3d86d6f67cd2f2aa4b;chunk_4914115598a0916296c0;chunk_3d102bf179455b9fd50b;chunk_c978f98109b764eb4405;chunk_4dd89b5e4919fe11247e;chunk_61d5b07d3c76866a378e;chunk_0aaf6521b2e0796b74b6;chunk_b32656b3e943df766f45;chunk_265f83386134f521195f;chunk_f981bac51c99866d661c;chunk_d196c06c6fe19d90633f,candidate,Promoted by distinct-compound prevalence within the reported ginsenoside fragment catalog.
frag_consensus_9cee9f5b0f4731,ginsenoside,,765.48,,class consensus fragment (12 compounds),class_consensus_frequency,12,0.0526,17,FALSE,chunk_c39236526351f8822d18;chunk_bf7d39577a6b80d6f570;chunk_0fddf779153759adc5a0;chunk_b54e93f8e0d7cf6f249e;chunk_3c270d61fe32c2f68993;chunk_2e830dfc5f37d7d1c143;chunk_147b2c6a8f28383b8529;chunk_c598585d5eb2d1b6bf8c;chunk_f115ef47a73058ee6e3c;chunk_56a9ba062b7ea0fc54cf;chunk_cfc2d832baf7e9b4252c;chunk_dad06b8d79f7114a89f8;chunk_4a0355c3c5b01ec326e6;chunk_569b443024a151234ae0;chunk_59bd5688360be4415d8b;chunk_54fe0aa1604cdd406fbc;chunk_e0be8e61810f77d9d063;chunk_0ae169c5ece15f04a975;chunk_0d0c40a2b9c64e3ab7e3;chunk_9ec71f9c9215d1505c8f;chunk_0a3bb7915b3faba443f9;chunk_4c583f5fe61efa25e252;chunk_e8f2f5b87807f42e67e2;chunk_d85c65d9fc9f602dfb29;chunk_4a268cf9ffa93c991cf3;chunk_a7ee5fc6673d86e31551;chunk_157d55759a9451cc187a;chunk_c1d9f3d7c139a1c0ced7;chunk_69f2ec4493846e1e969b,candidate,Promoted by distinct-compound prevalence within the reported ginsenoside fragment catalog.
frag_consensus_6cdd801de34603,ginsenoside,,621.43,,class consensus fragment (11 compounds),class_consensus_frequency,11,0.0482,18,FALSE,chunk_a77c0045b80ad47a7c39;chunk_51185dc843c11016bf81;chunk_5c77ad7ce0664b15b070;chunk_654d2a4219b13a49d8a1;chunk_1c90a307f50ccf7b2b0f;chunk_8d91bddac5b66a96dcd3;chunk_147b2c6a8f28383b8529;chunk_bf7d39577a6b80d6f570;chunk_05ad2d7e428bd76fcd58;chunk_847e64c2141283d47d65;chunk_038ab525f53d5cab987f;chunk_8f31654d252b89aae3ce;chunk_f248b3022abc156c5844;chunk_569b443024a151234ae0;chunk_59bd5688360be4415d8b;chunk_54fe0aa1604cdd406fbc;chunk_e0be8e61810f77d9d063;chunk_f115ef47a73058ee6e3c;chunk_442517700b2afbc873f9;chunk_6c6b5beb70bfa6084822;chunk_4dd89b5e4919fe11247e;chunk_431a7c1463d82e68b93d,candidate,Promoted by distinct-compound prevalence within the reported ginsenoside fragment catalog.
frag_consensus_592e6043c44d1f,ginsenoside,,621.45,,class consensus fragment (10 compounds),class_consensus_frequency,10,0.0439,19,FALSE,chunk_94adec325330afc3200b;chunk_1681f0c0734defa78f6a;chunk_038ab525f53d5cab987f;chunk_8f31654d252b89aae3ce;chunk_f248b3022abc156c5844;chunk_1beab080004063474009;chunk_8c36c2ea278b0e3358c5;chunk_15d7ff26eae43458c7c5;chunk_45e1bef5f6385ca0a773;chunk_12d1a11942713862ae06;chunk_3ec41a792319248b1652;chunk_569b443024a151234ae0;chunk_59bd5688360be4415d8b;chunk_54fe0aa1604cdd406fbc;chunk_e0be8e61810f77d9d063;chunk_78f14995cf874219e7db;chunk_ca6afe86d43c7d1d4af7;chunk_9ec71f9c9215d1505c8f;chunk_c1d9f3d7c139a1c0ced7,candidate,Promoted by distinct-compound prevalence within the reported ginsenoside fragment catalog.
frag_consensus_db6b11f73b48e2,ginsenoside,,1107.6,,class consensus fragment (10 compounds),class_consensus_frequency,10,0.0439,20,FALSE,chunk_3082f555030cfe0b794f;chunk_51185dc843c11016bf81;chunk_94adec325330afc3200b;chunk_1681f0c0734defa78f6a;chunk_c8e9107bce1afd08ab84;chunk_a01eba6aabd82aeda459;chunk_1a1f68d9d514cc587b81;chunk_654d2a4219b13a49d8a1;chunk_038ab525f53d5cab987f;chunk_8f31654d252b89aae3ce;chunk_f248b3022abc156c5844;chunk_56a9ba062b7ea0fc54cf;chunk_4855941772d8af97c6d3;chunk_45e1bef5f6385ca0a773,candidate,Promoted by distinct-compound prevalence within the reported ginsenoside fragment catalog.
frag_consensus_21ce3135bca5d1,ginsenoside,,783.48,,class consensus fragment (9 compounds),class_consensus_frequency,9,0.0395,21,FALSE,chunk_6b867ae00b2fa55f6add;chunk_c3f9bf4aafc2ed711f09;chunk_c39236526351f8822d18;chunk_bf7d39577a6b80d6f570;chunk_654d2a4219b13a49d8a1;chunk_1c90a307f50ccf7b2b0f;chunk_8d91bddac5b66a96dcd3;chunk_442517700b2afbc873f9;chunk_39550165b91703d596a2;chunk_4dd89b5e4919fe11247e;chunk_4c583f5fe61efa25e252;chunk_e8f2f5b87807f42e67e2;chunk_d85c65d9fc9f602dfb29;chunk_731e172a09db4a169450;chunk_431a7c1463d82e68b93d,candidate,Promoted by distinct-compound prevalence within the reported ginsenoside fragment catalog.
frag_consensus_f148048c42528a,ginsenoside,,781.48,,class consensus fragment (8 compounds),class_consensus_frequency,8,0.0351,22,FALSE,chunk_f20a11e76fa7e52ad755;chunk_3766ed9524e52b387614;chunk_366c1449be21d105cbc0;chunk_acc6e934be5d2cae972b;chunk_87688eaf9dbad6145ade;chunk_7ecf702e80336967ad61;chunk_6a3d86d6f67cd2f2aa4b;chunk_0fddf779153759adc5a0;chunk_b54e93f8e0d7cf6f249e;chunk_3c270d61fe32c2f68993;chunk_2e830dfc5f37d7d1c143;chunk_147b2c6a8f28383b8529;chunk_cb889b240e16068dfc1d;chunk_7a53d7d98d6b4164a360;chunk_e5ec2785364561e70361;chunk_6eb7074d5772afcb1569;chunk_c978f98109b764eb4405;chunk_61d5b07d3c76866a378e;chunk_31e2910ccf78f5d9fb9c;chunk_c3b3ed70165e2f5c6e14,candidate,Promoted by distinct-compound prevalence within the reported ginsenoside fragment catalog.
frag_consensus_7415c941b071ab,ginsenoside,,961.54,,class consensus fragment (8 compounds),class_consensus_frequency,8,0.0351,23,FALSE,chunk_a24f55f6b2792aaceddb;chunk_61be960aa01deb0e55aa;chunk_d9b30d4e35592644407b;chunk_bda5166aeddf8a6f2dac;chunk_f308d2d12ecb01c1391f;chunk_bb2cfb0cb25e378505b1;chunk_150886a374cd8cfa6221;chunk_e6af6154a8342df10401;chunk_1c7a970cb17c7a9c8eb7;chunk_8de719bda7251a09ccf9;chunk_2e830dfc5f37d7d1c143;chunk_84cdcf85468c773b790a;chunk_0fddf779153759adc5a0;chunk_acc6e934be5d2cae972b;chunk_c598585d5eb2d1b6bf8c;chunk_91f00c4cf64b08e38be4;chunk_830bcd489bd464af970b;chunk_1695dc622f72418c91cb;chunk_9268bf6887017374787a;chunk_c978f98109b764eb4405;chunk_4dd89b5e4919fe11247e,candidate,Promoted by distinct-compound prevalence within the reported ginsenoside fragment catalog.
frag_consensus_d5c7be955344bd,ginsenoside,,455.35,,class consensus fragment (7 compounds),class_consensus_frequency,7,0.0307,24,FALSE,chunk_94adec325330afc3200b;chunk_3619e49b534f9a4ce986;chunk_c4cceb9b8466fc2b4538;chunk_c45f5da5daa597ecf6ef;chunk_340fdb8bbbcbecfbfdd7;chunk_dc68dab71a9219329e21;chunk_05ad2d7e428bd76fcd58;chunk_07158b980709b4d03d0d;chunk_9f3933945423aa330977;chunk_cd666b06466a5a2b5984,candidate,Promoted by distinct-compound prevalence within the reported ginsenoside fragment catalog.
frag_consensus_219b99f9fd953a,ginsenoside,,457.37,,class consensus fragment (7 compounds),class_consensus_frequency,7,0.0307,25,FALSE,chunk_5d34a0e647f5082c359a;chunk_a7fb24043ee286556c3f;chunk_07158b980709b4d03d0d;chunk_b059d669579984e37eaa;chunk_847e64c2141283d47d65;chunk_dad06b8d79f7114a89f8;chunk_4914115598a0916296c0;chunk_78f14995cf874219e7db;chunk_cd666b06466a5a2b5984;chunk_0a3bb7915b3faba443f9;chunk_c978f98109b764eb4405;chunk_61d5b07d3c76866a378e,candidate,Promoted by distinct-compound prevalence within the reported ginsenoside fragment catalog.
frag_consensus_fa353f40911336,ginsenoside,,475.37,,class consensus fragment (7 compounds),class_consensus_frequency,7,0.0307,26,FALSE,chunk_839826e4934886ac02b2;chunk_5d34a0e647f5082c359a;chunk_5c06859173503a5d31bc;chunk_3c270d61fe32c2f68993;chunk_7ecf702e80336967ad61;chunk_f52e40c7f902bbee1eb2;chunk_8369e8fb8c71ac92d255;chunk_d375d8b9cb6fec36283c;chunk_8f31654d252b89aae3ce;chunk_c6a020209a361cdc5926;chunk_0fddf779153759adc5a0;chunk_b54e93f8e0d7cf6f249e;chunk_2e830dfc5f37d7d1c143;chunk_147b2c6a8f28383b8529;chunk_7797f8a88925946fc502;chunk_6083192d0c73e7068d68;chunk_3aa505ba479fab4c714e;chunk_b735a606bf1dfae9657b;chunk_cb889b240e16068dfc1d;chunk_038ab525f53d5cab987f;chunk_6a3d86d6f67cd2f2aa4b;chunk_e3c3a32d1e5fa120ea41;chunk_dc68dab71a9219329e21;chunk_e58643522a0471869196;chunk_c76c2bb4134929e157fa,candidate,Promoted by distinct-compound prevalence within the reported ginsenoside fragment catalog.
frag_consensus_4050ed6f8087bb,ginsenoside,,781.47,,class consensus fragment (7 compounds),class_consensus_frequency,7,0.0307,27,FALSE,chunk_5d34a0e647f5082c359a;chunk_5c06859173503a5d31bc;chunk_3c270d61fe32c2f68993;chunk_7ecf702e80336967ad61;chunk_f52e40c7f902bbee1eb2;chunk_8369e8fb8c71ac92d255;chunk_d375d8b9cb6fec36283c;chunk_8f31654d252b89aae3ce;chunk_c6a020209a361cdc5926;chunk_0fddf779153759adc5a0;chunk_b54e93f8e0d7cf6f249e;chunk_2e830dfc5f37d7d1c143;chunk_147b2c6a8f28383b8529;chunk_87688eaf9dbad6145ade;chunk_40f1a09a6d9e337135bd;chunk_56a98886ab4eecd06beb;chunk_b32656b3e943df766f45;chunk_f981bac51c99866d661c;chunk_d196c06c6fe19d90633f,candidate,Promoted by distinct-compound prevalence within the reported ginsenoside fragment catalog.
frag_consensus_03f81cde903257,ginsenoside,,799.5,,class consensus fragment (7 compounds),class_consensus_frequency,7,0.0307,28,FALSE,chunk_8de719bda7251a09ccf9;chunk_2e830dfc5f37d7d1c143;chunk_84cdcf85468c773b790a;chunk_3766ed9524e52b387614;chunk_366c1449be21d105cbc0;chunk_147b2c6a8f28383b8529;chunk_76a7adc4c6b2879a2f7d;chunk_7755fcf89cc5ec00d804;chunk_2e2efca6cf1ae48e9c37;chunk_87688eaf9dbad6145ade;chunk_40f1a09a6d9e337135bd;chunk_be0cb7cae9058ae21c80;chunk_7797f8a88925946fc502;chunk_c3b3ed70165e2f5c6e14,candidate,Promoted by distinct-compound prevalence within the reported ginsenoside fragment catalog.
frag_consensus_f178391ffd56ad,ginsenoside,,961.55,,class consensus fragment (7 compounds),class_consensus_frequency,7,0.0307,29,FALSE,chunk_61be960aa01deb0e55aa;chunk_f308d2d12ecb01c1391f;chunk_150886a374cd8cfa6221;chunk_8de719bda7251a09ccf9;chunk_76a7adc4c6b2879a2f7d;chunk_2e830dfc5f37d7d1c143;chunk_84cdcf85468c773b790a;chunk_0fddf779153759adc5a0;chunk_b54e93f8e0d7cf6f249e;chunk_3c270d61fe32c2f68993;chunk_147b2c6a8f28383b8529;chunk_acc6e934be5d2cae972b;chunk_c598585d5eb2d1b6bf8c;chunk_be0cb7cae9058ae21c80;chunk_ce301891eaa5f1eecc48,candidate,Promoted by distinct-compound prevalence within the reported ginsenoside fragment catalog.
frag_consensus_8c9bf6f38e64a6,ginsenoside,,635.42,,class consensus fragment (6 compounds),class_consensus_frequency,6,0.0263,30,FALSE,chunk_f20a11e76fa7e52ad755;chunk_3766ed9524e52b387614;chunk_366c1449be21d105cbc0;chunk_acc6e934be5d2cae972b;chunk_87688eaf9dbad6145ade;chunk_7ecf702e80336967ad61;chunk_6a3d86d6f67cd2f2aa4b;chunk_6eb7074d5772afcb1569;chunk_56a98886ab4eecd06beb;chunk_5818e110871a2b2dc725;chunk_a7ee5fc6673d86e31551;chunk_eae46a62c26e6d083a8b,candidate,Promoted by distinct-compound prevalence within the reported ginsenoside fragment catalog.
frag_consensus_b579725b9b85d6,ginsenoside,,637.36,,class consensus fragment (6 compounds),class_consensus_frequency,6,0.0263,31,FALSE,chunk_b9378f3b91b1ce003c5a;chunk_3be07d61de6906fe57fe;chunk_a24f55f6b2792aaceddb;chunk_69f5f545bb3aa2db1b49;chunk_bb2cfb0cb25e378505b1;chunk_d9b30d4e35592644407b;chunk_150886a374cd8cfa6221;chunk_839826e4934886ac02b2;chunk_1681f0c0734defa78f6a,candidate,Promoted by distinct-compound prevalence within the reported ginsenoside fragment catalog.
frag_consensus_d991b594f09f94,ginsenoside,,637.45,,class consensus fragment (6 compounds),class_consensus_frequency,6,0.0263,32,FALSE,chunk_44e2d880700577e5c718;chunk_f34f6ea452d17a60d2c0;chunk_8de719bda7251a09ccf9;chunk_2e830dfc5f37d7d1c143;chunk_84cdcf85468c773b790a;chunk_397e7cef57a0f3241565;chunk_4b6e771e1f0214266e3e;chunk_6a3d86d6f67cd2f2aa4b;chunk_9268bf6887017374787a;chunk_be0cb7cae9058ae21c80;chunk_7797f8a88925946fc502;chunk_cb889b240e16068dfc1d;chunk_7a53d7d98d6b4164a360;chunk_e5ec2785364561e70361;chunk_19b050453eae4b7655b1,candidate,Promoted by distinct-compound prevalence within the reported ginsenoside fragment catalog.
frag_consensus_cf03d7b744e05c,ginsenoside,,799.47,,class consensus fragment (6 compounds),class_consensus_frequency,6,0.0263,33,FALSE,chunk_a24f55f6b2792aaceddb;chunk_61be960aa01deb0e55aa;chunk_d9b30d4e35592644407b;chunk_bda5166aeddf8a6f2dac;chunk_f308d2d12ecb01c1391f;chunk_bb2cfb0cb25e378505b1;chunk_f20a11e76fa7e52ad755;chunk_3766ed9524e52b387614;chunk_366c1449be21d105cbc0;chunk_acc6e934be5d2cae972b;chunk_87688eaf9dbad6145ade;chunk_7ecf702e80336967ad61;chunk_6a3d86d6f67cd2f2aa4b;chunk_3ae272b5f4ad5f5588d4;chunk_5c06859173503a5d31bc;chunk_51982da1a04a240f3299;chunk_0fddf779153759adc5a0;chunk_c598585d5eb2d1b6bf8c;chunk_252c975d53a9fe54f19a;chunk_ce301891eaa5f1eecc48;chunk_3aa505ba479fab4c714e;chunk_0aaf6521b2e0796b74b6,candidate,Promoted by distinct-compound prevalence within the reported ginsenoside fragment catalog.
frag_consensus_4369a4a1b516ce,ginsenoside,,927.53,,class consensus fragment (6 compounds),class_consensus_frequency,6,0.0263,34,FALSE,chunk_8de719bda7251a09ccf9;chunk_76a7adc4c6b2879a2f7d;chunk_5d34a0e647f5082c359a;chunk_5c06859173503a5d31bc;chunk_3c270d61fe32c2f68993;chunk_7ecf702e80336967ad61;chunk_f52e40c7f902bbee1eb2;chunk_8369e8fb8c71ac92d255;chunk_d375d8b9cb6fec36283c;chunk_8f31654d252b89aae3ce;chunk_c6a020209a361cdc5926;chunk_8c36c2ea278b0e3358c5;chunk_15d7ff26eae43458c7c5;chunk_45e1bef5f6385ca0a773;chunk_54fe0aa1604cdd406fbc;chunk_78f14995cf874219e7db;chunk_4a0355c3c5b01ec326e6;chunk_dc06fe75ad279c2a1fca,candidate,Promoted by distinct-compound prevalence within the reported ginsenoside fragment catalog.
frag_consensus_e5acdeaa5669f8,ginsenoside,,473.36,,class consensus fragment (5 compounds),class_consensus_frequency,5,0.0219,35,FALSE,chunk_56a98886ab4eecd06beb;chunk_5699e63d6069811addaa;chunk_235287b2c1d13dd366cc;chunk_a7ee5fc6673d86e31551;chunk_d4be45b6289baafe96fc,candidate,Promoted by distinct-compound prevalence within the reported ginsenoside fragment catalog.
frag_consensus_9aa5e34990bb44,ginsenoside,,619.41,,class consensus fragment (5 compounds),class_consensus_frequency,5,0.0219,36,FALSE,chunk_397e7cef57a0f3241565;chunk_4b6e771e1f0214266e3e;chunk_6a3d86d6f67cd2f2aa4b;chunk_9268bf6887017374787a;chunk_038ab525f53d5cab987f;chunk_8369e8fb8c71ac92d255;chunk_b735a606bf1dfae9657b;chunk_e3c3a32d1e5fa120ea41;chunk_dc68dab71a9219329e21;chunk_e58643522a0471869196;chunk_54fe0aa1604cdd406fbc;chunk_78f14995cf874219e7db;chunk_ce9624249d6cbae3a619,candidate,Promoted by distinct-compound prevalence within the reported ginsenoside fragment catalog.
frag_consensus_a719f80ed2fb4d,ginsenoside,,679.44,,class consensus fragment (5 compounds),class_consensus_frequency,5,0.0219,37,FALSE,chunk_f20a11e76fa7e52ad755;chunk_3766ed9524e52b387614;chunk_366c1449be21d105cbc0;chunk_acc6e934be5d2cae972b;chunk_87688eaf9dbad6145ade;chunk_7ecf702e80336967ad61;chunk_6a3d86d6f67cd2f2aa4b;chunk_5d34a0e647f5082c359a;chunk_5c06859173503a5d31bc;chunk_3c270d61fe32c2f68993;chunk_f52e40c7f902bbee1eb2;chunk_8369e8fb8c71ac92d255;chunk_d375d8b9cb6fec36283c;chunk_8f31654d252b89aae3ce;chunk_c6a020209a361cdc5926;chunk_b54e93f8e0d7cf6f249e;chunk_a7fb24043ee286556c3f;chunk_038ab525f53d5cab987f;chunk_a6578995c2a5580fef2e;chunk_f34f6ea452d17a60d2c0;chunk_397e7cef57a0f3241565;chunk_4b6e771e1f0214266e3e;chunk_9268bf6887017374787a,candidate,Promoted by distinct-compound prevalence within the reported ginsenoside fragment catalog.
frag_consensus_579e169decef76,ginsenoside,,765.49,,class consensus fragment (5 compounds),class_consensus_frequency,5,0.0219,38,FALSE,chunk_c598585d5eb2d1b6bf8c;chunk_f115ef47a73058ee6e3c;chunk_56a9ba062b7ea0fc54cf;chunk_cfc2d832baf7e9b4252c;chunk_dad06b8d79f7114a89f8;chunk_4a0355c3c5b01ec326e6;chunk_569b443024a151234ae0;chunk_59bd5688360be4415d8b;chunk_54fe0aa1604cdd406fbc;chunk_e0be8e61810f77d9d063;chunk_01e8795ef4b713ba959e;chunk_d79b1c4958161829f791;chunk_b46b2bebf7daaecbdd87,candidate,Promoted by distinct-compound prevalence within the reported ginsenoside fragment catalog.
frag_consensus_a70c8d3ecbd35d,ginsenoside,,781.49,,class consensus fragment (5 compounds),class_consensus_frequency,5,0.0219,39,FALSE,chunk_3ae272b5f4ad5f5588d4;chunk_5c06859173503a5d31bc;chunk_51982da1a04a240f3299;chunk_cb889b240e16068dfc1d;chunk_7a53d7d98d6b4164a360;chunk_e5ec2785364561e70361;chunk_c978f98109b764eb4405;chunk_4dd89b5e4919fe11247e;chunk_61d5b07d3c76866a378e;chunk_4c583f5fe61efa25e252;chunk_5818e110871a2b2dc725;chunk_19b050453eae4b7655b1,candidate,Promoted by distinct-compound prevalence within the reported ginsenoside fragment catalog.
frag_consensus_eca96e5e44be51,ginsenoside,,783.4,,class consensus fragment (5 compounds),class_consensus_frequency,5,0.0219,40,FALSE,chunk_17559ab5861cab223c30;chunk_8ad156d9a007abd9581f;chunk_a24f55f6b2792aaceddb;chunk_69f5f545bb3aa2db1b49;chunk_bb2cfb0cb25e378505b1;chunk_d9b30d4e35592644407b;chunk_150886a374cd8cfa6221;chunk_654d2a4219b13a49d8a1;chunk_1c90a307f50ccf7b2b0f;chunk_8d91bddac5b66a96dcd3;chunk_61004029bc1f218b90c1,candidate,Promoted by distinct-compound prevalence within the reported ginsenoside fragment catalog.
frag_consensus_678fb50b65b820,ginsenoside,,783.49,negative,class consensus fragment (59 compounds),class_consensus_frequency,59,0.277,1,FALSE,chunk_e5369181e2b751ff7b26;chunk_550e85352df64c6bed8f;chunk_c8b2327b32b8e77f84aa;chunk_2628587dd5ae8e4c0654;claim_struct_c0a7a3f504ee444f;chunk_61cc3475ac19b478f9c8;claim_struct_7efc524a033dc768;chunk_ccffdfc75154a4c39823;claim_struct_291c422816786efb;chunk_996fc906ea2c371394fd;chunk_396c9b6b19717859101f;claim_struct_bce8524c25c46d20;chunk_715fa770ee9e23e800b1;claim_struct_b4d9604fd757e6de;chunk_93badd385d996c9aed5c;claim_struct_39b0629022828b1e;chunk_d2ee36efb85368dc23d1;chunk_3d617d8ad57e62b642c7;claim_struct_ebe902b802e8fc40;chunk_854dc94d845782282241;chunk_c90fead16a31651662ad;claim_struct_34b5400221893ee1;chunk_bd6651c098c24c8b42ea;claim_struct_6d248f8731f3d193;chunk_707d70e5b24450760537;chunk_de99e4a819fb7f2362c1;chunk_3ce929a720771662794a;claim_struct_e221cbfc1dbdebd1;chunk_0b019fc789cec76173a6;claim_struct_e9cea2d79c1fdb6d;chunk_3b867ed59739d5a22268;claim_struct_56d67b9ac821cb46;chunk_175cdc5fd983d2b95ed5;claim_struct_ed70bceb5d60cdd3;chunk_36335c48873ce2c7c546;claim_struct_f982855821349dfa;chunk_e6d5201588cd394abe1e;claim_struct_7b5d9b45844532ad;chunk_c172023bd1f1f4072366;claim_struct_8faf585b09abed65;chunk_9331c6d9d26aff836f3d;chunk_fc56392a85f26eec157f;claim_struct_c577d51edca7b4d4;chunk_0ec2daa7eb2f44db7743;chunk_4e18b4015f1a7b313a54;claim_struct_59d73b0c61f39302;chunk_aaf6976db5293e1e4958;claim_struct_1f10ed82a6a99fb5;chunk_98984d1f4b95d9574cbc;claim_struct_2ef1e8033da3a724;chunk_414642d8a93c9930defd;claim_struct_e9e4f97a6d36fb90;chunk_df8f100886e84bfd856a;claim_struct_e7bbf20972448fa3;chunk_b30b2c401321bfd9dbf3;chunk_b5b396dd28db00950a9e;claim_struct_9bdcc19f4f08ca42;chunk_33135719a72e1757a14d;claim_struct_743655e92d8ce1b8;chunk_0a7741bee4746c25cc12;claim_struct_8b3d2c4c2c30fc8f;chunk_9536b3316a46b2dee1a9;claim_struct_a8830afe22a784ab;chunk_3234de8341cb806b9df6;claim_struct_a3f0a328a115c82c;chunk_9fc4fbb94f5978da5fa7;claim_struct_ad674df9a2ec6d1c;chunk_002e0af07587b251752f;claim_struct_3fd0f50fe136ba24;chunk_a07f616ac30310f6faa3;chunk_dd38766cf5af9bbb9e38;claim_struct_7b2d03a547c2271f;chunk_2c82b7e414372849f471;claim_struct_94d12aaeda53e451;chunk_c3fabcc7ace6cf04f6c5;claim_struct_4056b973a82b1200;chunk_b2ccac77631f21ff0087;claim_struct_16bf1e42c2efebfa;chunk_ddbc558f38b12054945a;chunk_2f2ddb4c8d902405662d;chunk_7519431f90e107f1736f;claim_struct_78b53c0e2fa51727;chunk_869d5cf425aac2939f9a;claim_struct_e9ce441c2ee345a3;chunk_476386f82283c445618e;claim_struct_788f8ac8b0034337;claim_struct_f7fc552da0a89a9e;chunk_6d93132c5b47670b374f;claim_struct_8ca54ca681d21bbc;chunk_7c9910c7267008a75f3c;claim_struct_fa0933e0d607fc58;chunk_664d9641c7a91df44463;chunk_20479ed0255d2bb5fb00;chunk_0692c293240680f00cf3;chunk_aab2c0acdec5a9d1231e;claim_struct_6db102b69ca1a37f;chunk_1eda5cf61ffc0b41234f;claim_struct_4cf71a7f9f6a5985;chunk_374c9dcc69ad41336a9c;claim_struct_9dacfee9497acc2a;chunk_91bcf3554c365a167e59;claim_struct_c3bc8c64d873541c;chunk_a1805dae0ab969b92d9b;claim_struct_45e124a9b3d1c296;chunk_f70006a5dbb6a890f16f;chunk_fe26dc92858d4b96b171;claim_struct_b1b5dfd654e0bc1f;chunk_0d0aae842aee66bb51c0;claim_struct_f13c3b8635994102;chunk_5b5b9c43cc41cdca10b4;chunk_7c67bfd36cf430699eb0;claim_struct_a71b9340d469eae6;chunk_55f210c2f49de2004f27;chunk_e36fff589d05b0bd4f96;claim_struct_65c4540cae3b421c;chunk_4b5575185ac04dbbf9ca;claim_struct_7901809ffa12df9a;chunk_50a0716ff6fb1d42b86f;claim_struct_767dc666d4d05a72;chunk_568b49363764f10e05ca;claim_struct_08e4e0b00d934091;chunk_f0a48512c40ac08544b0;claim_struct_e9c360437bb86896;chunk_2650d1ff997ce776ca80;claim_struct_16594435959bd753;chunk_0a285cbc653405c6972a;claim_struct_0b7fb147a7129c59;claim_struct_d87bbf59062b38aa;chunk_39aa8ef15f5949ead0c3;claim_struct_3e5d228d2290e7b5;chunk_df9e2664ab1b7a1137b6;claim_struct_a06fab47c8771a32;chunk_52d793746aa180be918e;claim_struct_efa616fce306e027;chunk_3eea430edf01c4e20c82;claim_struct_eee51dafb1cbb0d6;chunk_5b173a9a641a8fe521c1;chunk_95f9f0c8cef7f2db7ca5;claim_struct_03dbb55d714d7fe5;chunk_8d1f745d2917756178b6;claim_struct_076751d5590b8758;chunk_51e6f38ccbff175393ef;claim_struct_07db76dcb89d02dc;chunk_2d345f4b12c50d054ab9;claim_struct_2c8daaf2b7fea5f9;claim_struct_747c1ed63de12f41;chunk_3eef6471b6cdf081af4a;claim_struct_9aeefebfc259c31b;chunk_0481201ed609cb07d833;claim_struct_91f8150d6462de13;chunk_dd909ee5a09e72102d67;claim_struct_321ce821a11415ac;chunk_c646401d2e906e38f260;claim_struct_3157a6252ffade9a;claim_struct_4c300b8f0e40742e;chunk_37855f83a8342db43dbe;claim_struct_7341a681586a1daf;chunk_5841c168bd2ba0ca31fe;claim_struct_6c2464f1c8378699;chunk_bab331e46f20ebf60a25;claim_struct_6e7b8ad3fca0a215;chunk_05763dd3f38136cb1ae0;claim_struct_ef21c46c4bc0ab61;chunk_9fd23e120284663f1c75;claim_struct_0ba38cfb8139b30b;chunk_a9bfb981426416d043aa;claim_struct_9df1bd51df14b8a8;chunk_8b7b3892e822b72d7eda;claim_struct_d3a65bd16a8a7320;chunk_b2c4498f6ac24d8852c2;claim_struct_98f2f071ce0cd5f6;chunk_fce95e25123bb51ed9d1;claim_struct_7c0328caac8a3ec2;chunk_39bd4b90e138f733ce93;claim_struct_27b5991902f6c773;chunk_8498cdb7802326dcf7cc;claim_struct_b7c50fbb9e986442;chunk_38304d052dd5fcd54dde;chunk_9f93d616b48dc6c4b28a;chunk_8ef2b2304209d04d794e;claim_struct_1e65c2b6842193cf;claim_struct_8193862fd094a499;chunk_6d60ab00db89febbcef4;claim_struct_9a916a30eecf7f1f;chunk_133ccee562bfb2e2d4f9;claim_struct_6fa67cdf3d20e21f;chunk_7ab3a9473e49eb2e1347;chunk_44d4a4e6539fd0f822c9;chunk_ac99fe31e42f34b62171;chunk_2f6f8a757f20e58b3e80;chunk_f059e8d6ce6bc62ed2e5;chunk_ef9bb6d4a9d09957c557;claim_struct_0120a05bb852b038;chunk_c86ec2a2865ee7560305;claim_struct_19b386778e8636a8;chunk_32d3d275956dffdaee25;claim_struct_d0afa0e641144638;chunk_fb8986cbb964d5cc051b;claim_struct_d65bf4e633bd7ef1;chunk_a74c7d47a84ba7aafd7f;claim_struct_ebeabc8efa32e634;chunk_0af3ee54d0b17804f1fe;claim_struct_f2822a98587a880f;chunk_8bece37dd089f24fc9c4;claim_struct_75f5d9c9dd3a01cf;chunk_d6962a0f130e4ea6a175;claim_struct_1aa4845edfbbe72f;chunk_46efbd07890aa5ac3a7f;claim_struct_0e79522db2899791;chunk_8ba64f3f1b3cda50595e;claim_struct_71d1d33696e07fb7;chunk_7ce0f8a11e845da300c5;claim_struct_009762e34347f632;chunk_2dcc00c6d0a251ab5e2b;chunk_09e4d69a65b0f11dbce9;claim_struct_50cb7e6f2e415088;chunk_f0fb0dbd170263a39611;claim_struct_49ea5a7447bc5df2;claim_struct_55dad79cf503cdb3;claim_struct_23cc3dacfd142f3f;chunk_078952a531a177152e4d;claim_struct_e3aaf1cd82757082;chunk_c2ab41f00d09b15ff5ee;claim_struct_246b7903cdf16c38;chunk_4635eda5be96c6c9674b;claim_struct_11c2ee07848d6ea9;chunk_20e092a87c11c4754244;claim_struct_eba52cd425c24f03;chunk_9c6ba1d3aa4dfe562857;claim_struct_3999cc9bb1d31474;chunk_6e58798f789a38e57e65;claim_struct_230a79213dd61091;chunk_999e859800fb40cc99ff;chunk_295b7f0143835428ee5d;claim_struct_12ffa21065a40737;chunk_05215cba2cc20e88196f;chunk_e0531c1f5191da1fbc18;claim_struct_9d23c8a01a6917b8;claim_struct_fbfd87e137165488;chunk_9b90b4f8529de85fb72a;claim_struct_46d363746d5e389b;claim_struct_38db23d75a7be0d0;claim_struct_c6e18a2a73bd5011;chunk_bfa15bc39fdc8146ca2c;claim_struct_611987791124ac55;chunk_e366723caf85bfe38800;claim_struct_ed9a3c1a1331f210;chunk_f2cd48eb184490766ebe;chunk_d739fafe97e180a0fa51;claim_struct_1fddc24f1e5b5fc3;claim_struct_015bd75066f08656;chunk_feee487d444e0c460ebf;chunk_a09b83ec35fcbdd263b0;claim_struct_a86c537847abdafd;chunk_914daeb1b269c78df30b;chunk_41c2d297065343eb9408;claim_struct_6b77b4d277eff0a1;chunk_e850675552db76b29ee9;claim_struct_7e424ae75ff2fc1c;chunk_0e81b0db44c72655a372;chunk_a962891d57892bcb4884;chunk_77bea7f5c6bbef5c402a;claim_struct_0d2c41d51516b9c2;chunk_4dfef18e15588a09f7b9;claim_struct_1904ba41f81cf089;chunk_80bfa2896df4fa2a9e7a;claim_struct_8df15b31e3a0db02;claim_struct_89c9981afe652af4;chunk_441cb21f8494a5e0c20e;claim_struct_bc16d1d1dbbd3935;claim_struct_85cf3ca0b4c5618b;chunk_fe4a6da510a3cc449342;chunk_92c648f4a1985dd9e150;claim_struct_4c28f712984ad795;claim_struct_b1a4ab5ee8576224;claim_struct_ba2915c5edce7b98;chunk_53a3c3e1ea5838a2c45f;claim_struct_0a9560c26078a936;chunk_b905ca27f5c1db92d79b;chunk_dc78bce4615783ce935b;claim_struct_5a73438a4918a370;chunk_5d58df797280562a43af;claim_struct_a4be451ac6493b0d;claim_struct_0c1d0e667ac3c1a1;chunk_8e3994ffa45c83dc56d6;claim_struct_f290a84aa669c53b;claim_struct_ea67f5df86fddb56;claim_struct_231984737a65c4d1,candidate,Promoted by distinct-compound prevalence within the reported ginsenoside fragment catalog.
frag_consensus_7701a8bc73535e,ginsenoside,,945.54,negative,class consensus fragment (52 compounds),class_consensus_frequency,52,0.2441,2,FALSE,chunk_52cf672db56806aea90b;chunk_b8b8247081a5df6d2fce;claim_struct_8ac39485c3310786;chunk_51c27bdc1cfcb8cc92a8;claim_struct_05a781ccf3b1c7d5;chunk_510e8f3a309912930d90;claim_struct_404b2dc0cfd338af;chunk_75cc07695c4c90b4e366;claim_struct_a7879ff884bce8e6;chunk_b749afe70ce7884623d1;claim_struct_6e374e1b78ccf529;chunk_c1077fde30e2da8f2a3b;chunk_b6c97d33f4173f2f6c15;claim_struct_b21b426a36210215;claim_struct_14926d014a0e0e48;chunk_996fc906ea2c371394fd;chunk_396c9b6b19717859101f;claim_struct_bce8524c25c46d20;chunk_715fa770ee9e23e800b1;claim_struct_b4d9604fd757e6de;chunk_93badd385d996c9aed5c;claim_struct_39b0629022828b1e;chunk_37e5c43899f783af90f9;chunk_b8b9a5fae780b9d8b381;claim_struct_5de68e3d0cdd7545;chunk_9fd23e120284663f1c75;claim_struct_6e2f136a5d5af41e;chunk_bfa15bc39fdc8146ca2c;claim_struct_5b9a432729dd74a4;chunk_2628587dd5ae8e4c0654;chunk_e402f9f031ae29159ebf;chunk_c8b2327b32b8e77f84aa;chunk_a9bfb981426416d043aa;claim_struct_8bc6764243b95302;chunk_f27ee7e99dc5afeda6a1;claim_struct_f6c3078e7e8fc30a;chunk_cfb39ba3355e1c430b34;claim_struct_76c0352a3f855c29;claim_struct_17de548b4e332398;chunk_ebff406dca53d3d4499c;claim_struct_085ef8f682f31ece;chunk_fd6d2907fdfc8080b57a;claim_struct_a4bed026e4a9af99;chunk_9fd4757c49e2b1328006;claim_struct_d838f22d0a461d27;chunk_e50f83e81ef51d0a4d2d;chunk_6d60ab00db89febbcef4;chunk_7d3f2fcc9534f0fbce6c;claim_struct_d26862d15a13b665;chunk_ef9bb6d4a9d09957c557;claim_struct_29d2ac972ff3fe72;chunk_3e4eaa256ea0fe4e6944;claim_struct_fcb10752e1b040cf;chunk_38e0e8470403cbd787a1;claim_struct_a0b3ded9966b6df1;chunk_c4c9fa68428f6a783677;claim_struct_ee897089c7665412;chunk_fce95e25123bb51ed9d1;claim_struct_e70020939485107d;chunk_d2ee36efb85368dc23d1;chunk_3d617d8ad57e62b642c7;claim_struct_ebe902b802e8fc40;chunk_7c2cbe98b4fa28c580ef;chunk_a76efc4d89810bcb74f0;claim_struct_23f3bbf2acdaf938;chunk_02fc64befa8c8d4be87e;claim_struct_cb3f1242f619bda7;chunk_664d9641c7a91df44463;claim_struct_2ab35366cd1f7327;chunk_d134add8cb0ba1834686;claim_struct_9b2648652828b5bb;chunk_707d70e5b24450760537;chunk_de99e4a819fb7f2362c1;chunk_3ce929a720771662794a;claim_struct_e221cbfc1dbdebd1;chunk_0b019fc789cec76173a6;claim_struct_e9cea2d79c1fdb6d;chunk_3b867ed59739d5a22268;claim_struct_56d67b9ac821cb46;chunk_175cdc5fd983d2b95ed5;claim_struct_ed70bceb5d60cdd3;chunk_36335c48873ce2c7c546;claim_struct_f982855821349dfa;chunk_e6d5201588cd394abe1e;claim_struct_7b5d9b45844532ad;chunk_c172023bd1f1f4072366;claim_struct_8faf585b09abed65;chunk_8c98e6ef368ab19e849d;chunk_9600315d636f96076e44;claim_struct_3f64eda3f30c1f02;chunk_2f2ddb4c8d902405662d;chunk_aaf6976db5293e1e4958;claim_struct_82b30b50dc6e8277;claim_struct_0a59b8505b24087b;chunk_9331c6d9d26aff836f3d;chunk_fc56392a85f26eec157f;claim_struct_c577d51edca7b4d4;chunk_0ec2daa7eb2f44db7743;chunk_4e18b4015f1a7b313a54;claim_struct_59d73b0c61f39302;claim_struct_1f10ed82a6a99fb5;chunk_98984d1f4b95d9574cbc;claim_struct_2ef1e8033da3a724;chunk_414642d8a93c9930defd;claim_struct_e9e4f97a6d36fb90;chunk_df8f100886e84bfd856a;claim_struct_e7bbf20972448fa3;chunk_b30b2c401321bfd9dbf3;chunk_b5b396dd28db00950a9e;claim_struct_9bdcc19f4f08ca42;chunk_33135719a72e1757a14d;claim_struct_743655e92d8ce1b8;chunk_0a7741bee4746c25cc12;claim_struct_8b3d2c4c2c30fc8f;chunk_9536b3316a46b2dee1a9;claim_struct_a8830afe22a784ab;chunk_3234de8341cb806b9df6;claim_struct_a3f0a328a115c82c;chunk_9fc4fbb94f5978da5fa7;claim_struct_ad674df9a2ec6d1c;chunk_002e0af07587b251752f;claim_struct_3fd0f50fe136ba24;chunk_a07f616ac30310f6faa3;chunk_dd38766cf5af9bbb9e38;claim_struct_7b2d03a547c2271f;chunk_2c82b7e414372849f471;claim_struct_94d12aaeda53e451;chunk_c3fabcc7ace6cf04f6c5;claim_struct_4056b973a82b1200;chunk_b2ccac77631f21ff0087;claim_struct_16bf1e42c2efebfa;chunk_84232ac5b40e12637240;chunk_ddbc558f38b12054945a;chunk_6cd549351d3ab4c51a02;chunk_9f93d616b48dc6c4b28a;claim_struct_d755ca6aec6a7b09;chunk_296efb1406e5dc703bcc;claim_struct_a4ad9d1eca6ffd34;chunk_18f822eeef9be289989a;chunk_7ab3a9473e49eb2e1347;claim_struct_66c586000604fbe6;claim_struct_9a8ca94447aeb4dd;chunk_e14520e195f2ba1a644f;claim_struct_ccafcfce17b68924;chunk_7519431f90e107f1736f;claim_struct_78b53c0e2fa51727;chunk_869d5cf425aac2939f9a;claim_struct_e9ce441c2ee345a3;chunk_476386f82283c445618e;claim_struct_788f8ac8b0034337;claim_struct_f7fc552da0a89a9e;chunk_6d93132c5b47670b374f;claim_struct_8ca54ca681d21bbc;chunk_7c9910c7267008a75f3c;claim_struct_fa0933e0d607fc58;chunk_20479ed0255d2bb5fb00;chunk_0692c293240680f00cf3;chunk_aab2c0acdec5a9d1231e;claim_struct_6db102b69ca1a37f;chunk_1eda5cf61ffc0b41234f;claim_struct_4cf71a7f9f6a5985;chunk_374c9dcc69ad41336a9c;claim_struct_9dacfee9497acc2a;chunk_91bcf3554c365a167e59;claim_struct_c3bc8c64d873541c;chunk_544962d9e757af72b5fb;chunk_f20c1da1fa3bf8f85bc2;claim_struct_9aa960eede04f317;chunk_f70006a5dbb6a890f16f;chunk_fe26dc92858d4b96b171;claim_struct_b1b5dfd654e0bc1f;chunk_0d0aae842aee66bb51c0;claim_struct_f13c3b8635994102;chunk_5b5b9c43cc41cdca10b4;chunk_7c67bfd36cf430699eb0;claim_struct_a71b9340d469eae6;chunk_55f210c2f49de2004f27;chunk_e36fff589d05b0bd4f96;claim_struct_65c4540cae3b421c;chunk_4b5575185ac04dbbf9ca;claim_struct_7901809ffa12df9a;chunk_50a0716ff6fb1d42b86f;claim_struct_767dc666d4d05a72;chunk_568b49363764f10e05ca;claim_struct_08e4e0b00d934091;chunk_f0a48512c40ac08544b0;claim_struct_e9c360437bb86896;chunk_2650d1ff997ce776ca80;claim_struct_16594435959bd753;chunk_0a285cbc653405c6972a;claim_struct_0b7fb147a7129c59;claim_struct_d87bbf59062b38aa;chunk_39aa8ef15f5949ead0c3;claim_struct_3e5d228d2290e7b5;chunk_df9e2664ab1b7a1137b6;claim_struct_a06fab47c8771a32;chunk_52d793746aa180be918e;claim_struct_efa616fce306e027;chunk_3eea430edf01c4e20c82;claim_struct_eee51dafb1cbb0d6;chunk_5b173a9a641a8fe521c1;chunk_95f9f0c8cef7f2db7ca5;claim_struct_03dbb55d714d7fe5;chunk_8d1f745d2917756178b6;claim_struct_076751d5590b8758;chunk_51e6f38ccbff175393ef;claim_struct_07db76dcb89d02dc;chunk_05763dd3f38136cb1ae0;claim_struct_ef21c46c4bc0ab61;claim_struct_0ba38cfb8139b30b;claim_struct_9df1bd51df14b8a8;chunk_8b7b3892e822b72d7eda;claim_struct_d3a65bd16a8a7320;chunk_b2c4498f6ac24d8852c2;claim_struct_98f2f071ce0cd5f6;claim_struct_7c0328caac8a3ec2;chunk_39bd4b90e138f733ce93;claim_struct_27b5991902f6c773;chunk_8498cdb7802326dcf7cc;claim_struct_b7c50fbb9e986442;chunk_38304d052dd5fcd54dde;chunk_8ef2b2304209d04d794e;chunk_5841c168bd2ba0ca31fe;claim_struct_1e65c2b6842193cf;claim_struct_8193862fd094a499;claim_struct_9a916a30eecf7f1f;chunk_133ccee562bfb2e2d4f9;claim_struct_6fa67cdf3d20e21f;chunk_44d4a4e6539fd0f822c9;chunk_ac99fe31e42f34b62171;chunk_f059e8d6ce6bc62ed2e5;claim_struct_0120a05bb852b038;chunk_c86ec2a2865ee7560305;claim_struct_19b386778e8636a8;chunk_32d3d275956dffdaee25;claim_struct_d0afa0e641144638;chunk_fb8986cbb964d5cc051b;claim_struct_d65bf4e633bd7ef1;chunk_a74c7d47a84ba7aafd7f;claim_struct_ebeabc8efa32e634;chunk_0af3ee54d0b17804f1fe;claim_struct_f2822a98587a880f;chunk_8bece37dd089f24fc9c4;claim_struct_75f5d9c9dd3a01cf;chunk_d6962a0f130e4ea6a175;claim_struct_1aa4845edfbbe72f;chunk_46efbd07890aa5ac3a7f;claim_struct_0e79522db2899791;chunk_8ba64f3f1b3cda50595e;claim_struct_71d1d33696e07fb7;chunk_7ce0f8a11e845da300c5;claim_struct_009762e34347f632;chunk_9561ac4f98bfc2e7508e;claim_struct_6a5552b59bbd7e84;claim_struct_77cc1f0f96f888e4;chunk_ceaf1c0b68c69db397db;claim_struct_b6804dd56a50f802;chunk_6a70309599669069c78b;claim_struct_894356e340810314;chunk_35d732b7aa3b6d1e7dcf;claim_struct_3d36d5bfdf28bf4d;chunk_c646401d2e906e38f260;claim_struct_dceb8fc54b821355;chunk_09e4d69a65b0f11dbce9;claim_struct_50cb7e6f2e415088;chunk_f0fb0dbd170263a39611;claim_struct_49ea5a7447bc5df2;claim_struct_55dad79cf503cdb3;claim_struct_23cc3dacfd142f3f;chunk_3dec00069bfcf8b7e161;chunk_b5fe090dd395e229803f;claim_struct_d8be04e6a8a70f29;chunk_2260222ec38f7ddb65a3;claim_struct_3f65e73215b8149e;chunk_05215cba2cc20e88196f;claim_struct_f233500fa4ae5e46;chunk_078952a531a177152e4d;claim_struct_e3aaf1cd82757082;chunk_c2ab41f00d09b15ff5ee;claim_struct_246b7903cdf16c38;chunk_4635eda5be96c6c9674b;claim_struct_11c2ee07848d6ea9;chunk_20e092a87c11c4754244;claim_struct_eba52cd425c24f03;chunk_9c6ba1d3aa4dfe562857;claim_struct_3999cc9bb1d31474;chunk_6e58798f789a38e57e65;claim_struct_230a79213dd61091;chunk_4b012876ea4bcc012be5;claim_struct_149f4ec30201caff;chunk_e0531c1f5191da1fbc18;claim_struct_9d23c8a01a6917b8;claim_struct_fbfd87e137165488;chunk_9b90b4f8529de85fb72a;claim_struct_46d363746d5e389b;claim_struct_38db23d75a7be0d0;claim_struct_c6e18a2a73bd5011;claim_struct_611987791124ac55;chunk_e366723caf85bfe38800;claim_struct_ed9a3c1a1331f210;chunk_f2cd48eb184490766ebe;chunk_d739fafe97e180a0fa51;claim_struct_1fddc24f1e5b5fc3;claim_struct_015bd75066f08656;chunk_feee487d444e0c460ebf;chunk_a09b83ec35fcbdd263b0;claim_struct_a86c537847abdafd;chunk_914daeb1b269c78df30b;chunk_0e81b0db44c72655a372;chunk_a962891d57892bcb4884;chunk_4dfef18e15588a09f7b9;claim_struct_1904ba41f81cf089;claim_struct_89c9981afe652af4;chunk_441cb21f8494a5e0c20e;claim_struct_bc16d1d1dbbd3935;chunk_0481201ed609cb07d833;claim_struct_85cf3ca0b4c5618b;chunk_fe4a6da510a3cc449342;chunk_4932fc417af156cc9ee6;chunk_e850675552db76b29ee9,candidate,Promoted by distinct-compound prevalence within the reported ginsenoside fragment catalog.
frag_consensus_0de7a766bf27d6,ginsenoside,,621.44,negative,class consensus fragment (50 compounds),class_consensus_frequency,50,0.2347,3,FALSE,chunk_996fc906ea2c371394fd;chunk_2628587dd5ae8e4c0654;chunk_9fd23e120284663f1c75;chunk_e402f9f031ae29159ebf;chunk_c8b2327b32b8e77f84aa;chunk_a9bfb981426416d043aa;claim_struct_8bc6764243b95302;chunk_396c9b6b19717859101f;chunk_f27ee7e99dc5afeda6a1;claim_struct_f6c3078e7e8fc30a;chunk_cfb39ba3355e1c430b34;claim_struct_76c0352a3f855c29;chunk_715fa770ee9e23e800b1;claim_struct_17de548b4e332398;chunk_ebff406dca53d3d4499c;claim_struct_085ef8f682f31ece;chunk_fd6d2907fdfc8080b57a;claim_struct_a4bed026e4a9af99;chunk_9fd4757c49e2b1328006;claim_struct_d838f22d0a461d27;chunk_e50f83e81ef51d0a4d2d;chunk_6d60ab00db89febbcef4;chunk_7d3f2fcc9534f0fbce6c;claim_struct_d26862d15a13b665;chunk_ef9bb6d4a9d09957c557;claim_struct_29d2ac972ff3fe72;chunk_3e4eaa256ea0fe4e6944;claim_struct_fcb10752e1b040cf;chunk_38e0e8470403cbd787a1;claim_struct_a0b3ded9966b6df1;chunk_c4c9fa68428f6a783677;claim_struct_ee897089c7665412;chunk_fce95e25123bb51ed9d1;claim_struct_e70020939485107d;chunk_90148ca57831ca732d59;chunk_70ee31f1ea683e9c98f8;claim_struct_0083b0dcb2e46359;chunk_ddbc558f38b12054945a;chunk_914daeb1b269c78df30b;claim_struct_ac078becc354da75;chunk_d349cb9c04362a0b9dc2;claim_struct_045f5e0e99751c4b;chunk_e6d5201588cd394abe1e;claim_struct_aaa151dfd1b88627;chunk_1015a4bee7fc626272e7;claim_struct_ba14f4531d51b664;chunk_854dc94d845782282241;chunk_c90fead16a31651662ad;claim_struct_34b5400221893ee1;chunk_bd6651c098c24c8b42ea;claim_struct_6d248f8731f3d193;chunk_707d70e5b24450760537;chunk_de99e4a819fb7f2362c1;chunk_3ce929a720771662794a;claim_struct_e221cbfc1dbdebd1;chunk_0b019fc789cec76173a6;claim_struct_e9cea2d79c1fdb6d;chunk_3b867ed59739d5a22268;claim_struct_56d67b9ac821cb46;chunk_175cdc5fd983d2b95ed5;claim_struct_ed70bceb5d60cdd3;chunk_36335c48873ce2c7c546;claim_struct_f982855821349dfa;claim_struct_7b5d9b45844532ad;chunk_c172023bd1f1f4072366;claim_struct_8faf585b09abed65;chunk_9331c6d9d26aff836f3d;chunk_fc56392a85f26eec157f;claim_struct_c577d51edca7b4d4;chunk_0ec2daa7eb2f44db7743;chunk_4e18b4015f1a7b313a54;claim_struct_59d73b0c61f39302;chunk_aaf6976db5293e1e4958;claim_struct_1f10ed82a6a99fb5;chunk_98984d1f4b95d9574cbc;claim_struct_2ef1e8033da3a724;chunk_414642d8a93c9930defd;claim_struct_e9e4f97a6d36fb90;chunk_df8f100886e84bfd856a;claim_struct_e7bbf20972448fa3;chunk_b30b2c401321bfd9dbf3;chunk_b5b396dd28db00950a9e;claim_struct_9bdcc19f4f08ca42;chunk_33135719a72e1757a14d;claim_struct_743655e92d8ce1b8;chunk_0a7741bee4746c25cc12;claim_struct_8b3d2c4c2c30fc8f;chunk_9536b3316a46b2dee1a9;claim_struct_a8830afe22a784ab;chunk_3234de8341cb806b9df6;claim_struct_a3f0a328a115c82c;chunk_9fc4fbb94f5978da5fa7;claim_struct_ad674df9a2ec6d1c;chunk_002e0af07587b251752f;claim_struct_3fd0f50fe136ba24;chunk_a07f616ac30310f6faa3;chunk_dd38766cf5af9bbb9e38;claim_struct_7b2d03a547c2271f;chunk_2c82b7e414372849f471;claim_struct_94d12aaeda53e451;chunk_c3fabcc7ace6cf04f6c5;claim_struct_4056b973a82b1200;chunk_b2ccac77631f21ff0087;claim_struct_16bf1e42c2efebfa;chunk_2f2ddb4c8d902405662d;chunk_7519431f90e107f1736f;claim_struct_78b53c0e2fa51727;chunk_869d5cf425aac2939f9a;claim_struct_e9ce441c2ee345a3;chunk_476386f82283c445618e;claim_struct_788f8ac8b0034337;claim_struct_f7fc552da0a89a9e;chunk_6d93132c5b47670b374f;claim_struct_8ca54ca681d21bbc;chunk_7c9910c7267008a75f3c;claim_struct_fa0933e0d607fc58;chunk_664d9641c7a91df44463;chunk_20479ed0255d2bb5fb00;chunk_0692c293240680f00cf3;chunk_aab2c0acdec5a9d1231e;claim_struct_6db102b69ca1a37f;chunk_1eda5cf61ffc0b41234f;claim_struct_4cf71a7f9f6a5985;chunk_374c9dcc69ad41336a9c;claim_struct_9dacfee9497acc2a;chunk_91bcf3554c365a167e59;claim_struct_c3bc8c64d873541c;chunk_aa8d8b3dde7329892a70;chunk_7df389109b302b19a68c;claim_struct_421acc8618c5f675;chunk_c646401d2e906e38f260;claim_struct_f33ee5a985c8d8cc;chunk_53a3c3e1ea5838a2c45f;claim_struct_74ee2bf676ac5509;chunk_f70006a5dbb6a890f16f;chunk_fe26dc92858d4b96b171;claim_struct_b1b5dfd654e0bc1f;chunk_0d0aae842aee66bb51c0;claim_struct_f13c3b8635994102;chunk_5b5b9c43cc41cdca10b4;chunk_7c67bfd36cf430699eb0;claim_struct_a71b9340d469eae6;chunk_55f210c2f49de2004f27;chunk_e36fff589d05b0bd4f96;claim_struct_65c4540cae3b421c;chunk_4b5575185ac04dbbf9ca;claim_struct_7901809ffa12df9a;chunk_50a0716ff6fb1d42b86f;claim_struct_767dc666d4d05a72;chunk_568b49363764f10e05ca;claim_struct_08e4e0b00d934091;chunk_f0a48512c40ac08544b0;claim_struct_e9c360437bb86896;chunk_2650d1ff997ce776ca80;claim_struct_16594435959bd753;chunk_0a285cbc653405c6972a;claim_struct_0b7fb147a7129c59;claim_struct_d87bbf59062b38aa;chunk_39aa8ef15f5949ead0c3;claim_struct_3e5d228d2290e7b5;chunk_df9e2664ab1b7a1137b6;claim_struct_a06fab47c8771a32;chunk_52d793746aa180be918e;claim_struct_efa616fce306e027;chunk_3eea430edf01c4e20c82;claim_struct_eee51dafb1cbb0d6;chunk_5b173a9a641a8fe521c1;chunk_95f9f0c8cef7f2db7ca5;claim_struct_03dbb55d714d7fe5;chunk_8d1f745d2917756178b6;claim_struct_076751d5590b8758;chunk_51e6f38ccbff175393ef;claim_struct_07db76dcb89d02dc;chunk_05763dd3f38136cb1ae0;claim_struct_ef21c46c4bc0ab61;claim_struct_0ba38cfb8139b30b;claim_struct_9df1bd51df14b8a8;chunk_8b7b3892e822b72d7eda;claim_struct_d3a65bd16a8a7320;chunk_b2c4498f6ac24d8852c2;claim_struct_98f2f071ce0cd5f6;claim_struct_7c0328caac8a3ec2;chunk_39bd4b90e138f733ce93;claim_struct_27b5991902f6c773;chunk_8498cdb7802326dcf7cc;claim_struct_b7c50fbb9e986442;chunk_9f93d616b48dc6c4b28a;chunk_8ef2b2304209d04d794e;chunk_5841c168bd2ba0ca31fe;claim_struct_1e65c2b6842193cf;claim_struct_8193862fd094a499;claim_struct_9a916a30eecf7f1f;chunk_133ccee562bfb2e2d4f9;claim_struct_6fa67cdf3d20e21f;chunk_7ab3a9473e49eb2e1347;chunk_44d4a4e6539fd0f822c9;chunk_ac99fe31e42f34b62171;chunk_2f6f8a757f20e58b3e80;chunk_32d3d275956dffdaee25;chunk_09e4d69a65b0f11dbce9;claim_struct_50cb7e6f2e415088;chunk_f0fb0dbd170263a39611;claim_struct_49ea5a7447bc5df2;claim_struct_55dad79cf503cdb3;claim_struct_23cc3dacfd142f3f;chunk_078952a531a177152e4d;claim_struct_e3aaf1cd82757082;chunk_c2ab41f00d09b15ff5ee;claim_struct_246b7903cdf16c38;chunk_4635eda5be96c6c9674b;claim_struct_11c2ee07848d6ea9;chunk_20e092a87c11c4754244;claim_struct_eba52cd425c24f03;chunk_9c6ba1d3aa4dfe562857;claim_struct_3999cc9bb1d31474;chunk_6e58798f789a38e57e65;claim_struct_230a79213dd61091;chunk_999e859800fb40cc99ff;chunk_295b7f0143835428ee5d;claim_struct_12ffa21065a40737;chunk_05215cba2cc20e88196f;chunk_e0531c1f5191da1fbc18;claim_struct_9d23c8a01a6917b8;claim_struct_fbfd87e137165488;chunk_9b90b4f8529de85fb72a;claim_struct_46d363746d5e389b;claim_struct_38db23d75a7be0d0;claim_struct_c6e18a2a73bd5011;chunk_bfa15bc39fdc8146ca2c;claim_struct_611987791124ac55;chunk_e366723caf85bfe38800;claim_struct_ed9a3c1a1331f210;chunk_f2cd48eb184490766ebe;chunk_d739fafe97e180a0fa51;claim_struct_1fddc24f1e5b5fc3;claim_struct_015bd75066f08656;chunk_41c2d297065343eb9408;chunk_a09b83ec35fcbdd263b0;claim_struct_6b77b4d277eff0a1;chunk_e850675552db76b29ee9;claim_struct_7e424ae75ff2fc1c;chunk_4c9bb249b2cebe917e64;chunk_0e81b0db44c72655a372;chunk_a962891d57892bcb4884;chunk_4dfef18e15588a09f7b9;claim_struct_1904ba41f81cf089;chunk_d6962a0f130e4ea6a175;claim_struct_89c9981afe652af4;chunk_441cb21f8494a5e0c20e;claim_struct_bc16d1d1dbbd3935;chunk_0481201ed609cb07d833;claim_struct_85cf3ca0b4c5618b;chunk_fe4a6da510a3cc449342;chunk_b905ca27f5c1db92d79b;chunk_dc78bce4615783ce935b;claim_struct_5a73438a4918a370;chunk_3eef6471b6cdf081af4a;chunk_8e3994ffa45c83dc56d6;claim_struct_231984737a65c4d1,candidate,Promoted by distinct-compound prevalence within the reported ginsenoside fragment catalog.
frag_consensus_94515d66c92a2e,ginsenoside,,637.43,negative,class consensus fragment (39 compounds),class_consensus_frequency,39,0.1831,4,FALSE,chunk_c1077fde30e2da8f2a3b;chunk_2a111a871f7ba342e31b;claim_struct_47831d74e0745792;chunk_9b548286d6dd6193a260;claim_struct_225cee686ae406c7;chunk_459735b7e268c2585f6a;chunk_854dc94d845782282241;claim_struct_498bda6e124b6e3c;chunk_4d4bb0ef118d03837386;chunk_331449f50dc7e60d69f2;chunk_510e8f3a309912930d90;claim_struct_62c3f621adc91f44;chunk_75cc07695c4c90b4e366;claim_struct_8bb1d1b6b215da62;chunk_71a02ea07eb25f34f97d;claim_struct_5cdfb5fdbe51b532;chunk_51c27bdc1cfcb8cc92a8;chunk_b749afe70ce7884623d1;chunk_90148ca57831ca732d59;claim_struct_d54e1efeb3720bae;chunk_62763fcbed0ade364055;chunk_cf0bac6ddb68865e7635;claim_struct_736daad88b53372f;chunk_e5369181e2b751ff7b26;chunk_0527753e50048eef9aac;claim_struct_a29dd705efe4cdbc;chunk_e8968b11280e0c0c857c;claim_struct_bde7f98748603330;chunk_009ab754e9d277eb12be;claim_struct_a10561b565ee2190;chunk_33ccc43f84d5c18f8719;claim_struct_b56147234269d9aa;chunk_550e85352df64c6bed8f;chunk_c8b2327b32b8e77f84aa;chunk_2628587dd5ae8e4c0654;claim_struct_c0a7a3f504ee444f;chunk_61cc3475ac19b478f9c8;claim_struct_7efc524a033dc768;chunk_ccffdfc75154a4c39823;claim_struct_291c422816786efb;chunk_eca058a9488cfecfed6a;claim_struct_ec9a2969845d9f34;chunk_9c6794a22aaa3330ed7c;claim_struct_2ad81e99ed7456a1;chunk_99fb4a9f6b915dfc6dc5;chunk_996fc906ea2c371394fd;chunk_396c9b6b19717859101f;claim_struct_bce8524c25c46d20;chunk_715fa770ee9e23e800b1;claim_struct_b4d9604fd757e6de;chunk_93badd385d996c9aed5c;claim_struct_39b0629022828b1e;claim_struct_5adf5752aef68248;chunk_37e5c43899f783af90f9;chunk_9f70c849b6160869bf4c;claim_struct_939950c6d5087e09;chunk_9fd23e120284663f1c75;chunk_e402f9f031ae29159ebf;chunk_a9bfb981426416d043aa;claim_struct_8bc6764243b95302;chunk_f27ee7e99dc5afeda6a1;claim_struct_f6c3078e7e8fc30a;chunk_cfb39ba3355e1c430b34;claim_struct_76c0352a3f855c29;claim_struct_17de548b4e332398;chunk_ebff406dca53d3d4499c;claim_struct_085ef8f682f31ece;chunk_fd6d2907fdfc8080b57a;claim_struct_a4bed026e4a9af99;chunk_9fd4757c49e2b1328006;claim_struct_d838f22d0a461d27;chunk_e50f83e81ef51d0a4d2d;chunk_6d60ab00db89febbcef4;chunk_7d3f2fcc9534f0fbce6c;claim_struct_d26862d15a13b665;chunk_ef9bb6d4a9d09957c557;claim_struct_29d2ac972ff3fe72;chunk_3e4eaa256ea0fe4e6944;claim_struct_fcb10752e1b040cf;chunk_38e0e8470403cbd787a1;claim_struct_a0b3ded9966b6df1;chunk_c4c9fa68428f6a783677;claim_struct_ee897089c7665412;chunk_fce95e25123bb51ed9d1;claim_struct_e70020939485107d;chunk_d2ee36efb85368dc23d1;chunk_3d617d8ad57e62b642c7;claim_struct_ebe902b802e8fc40;claim_struct_e940e9faf8dda6ab;chunk_70ee31f1ea683e9c98f8;claim_struct_0083b0dcb2e46359;chunk_ddbc558f38b12054945a;chunk_914daeb1b269c78df30b;claim_struct_ac078becc354da75;chunk_d349cb9c04362a0b9dc2;claim_struct_045f5e0e99751c4b;chunk_e6d5201588cd394abe1e;claim_struct_aaa151dfd1b88627;chunk_1015a4bee7fc626272e7;claim_struct_ba14f4531d51b664;chunk_76bc81351df6f4f02906;claim_struct_4d9d60d2a08feb2d;chunk_7cc713cf1e3af6bfe201;claim_struct_6c05137e9e3a8743;chunk_5d00d7ef7cf98bd9d6c9;claim_struct_7b44ca5ab4511e09;claim_struct_db06c9bb59bf865b;chunk_87a46ba163c8b1e6b279;claim_struct_0f8697544990f239;claim_struct_6eeb014b71247d3d;chunk_707d70e5b24450760537;chunk_c90fead16a31651662ad;claim_struct_29247c59f94f10aa;chunk_54af3f448b1464d459b9;chunk_9331c6d9d26aff836f3d;claim_struct_916ad436f2195f9f;chunk_fb5c063d29eaae070dfd;claim_struct_a0347369d09f2e1d;chunk_cb54ab4de85b0beef2be;chunk_1ad80e1d040fd2050c34;chunk_84b2d1e6449a96ff9bbe;chunk_d95386c7dce56ddc065c;claim_struct_7d40bd4e7179933b;chunk_4e18b4015f1a7b313a54;chunk_6840a8eb1a9ae4b3458c;chunk_1e766e15f6972121fe14;chunk_102851b28cd2684daced;claim_struct_3ee873f8a2424211;chunk_a07f616ac30310f6faa3;chunk_6bc5dc26da5fecb7cb04;chunk_65ccb4c6bb72e448deb8;claim_struct_e6d36f388236ba6d;chunk_1d6dc9a8253a48eebf6a;claim_struct_05e44c7c8f51d83d;chunk_0a285cbc653405c6972a;claim_struct_4409402922309e1d;claim_struct_35a5dc723a46553b;chunk_80bfa2896df4fa2a9e7a;claim_struct_419879398dffc23a;chunk_92c648f4a1985dd9e150;claim_struct_5f70c0ef21091a9c;chunk_aa8d8b3dde7329892a70;chunk_7df389109b302b19a68c;claim_struct_421acc8618c5f675;chunk_c646401d2e906e38f260;claim_struct_f33ee5a985c8d8cc;chunk_53a3c3e1ea5838a2c45f;claim_struct_74ee2bf676ac5509,candidate,Promoted by distinct-compound prevalence within the reported ginsenoside fragment catalog.
frag_consensus_ec8e9bb077f915,ginsenoside,,475.38,negative,class consensus fragment (38 compounds),class_consensus_frequency,38,0.1784,5,FALSE,chunk_b8b8247081a5df6d2fce;chunk_c1077fde30e2da8f2a3b;chunk_4d4bb0ef118d03837386;chunk_331449f50dc7e60d69f2;chunk_510e8f3a309912930d90;claim_struct_62c3f621adc91f44;chunk_75cc07695c4c90b4e366;claim_struct_8bb1d1b6b215da62;chunk_71a02ea07eb25f34f97d;claim_struct_5cdfb5fdbe51b532;chunk_51c27bdc1cfcb8cc92a8;chunk_43240e98b2f132bb1d7e;chunk_b749afe70ce7884623d1;chunk_90148ca57831ca732d59;claim_struct_d54e1efeb3720bae;chunk_62763fcbed0ade364055;chunk_cf0bac6ddb68865e7635;claim_struct_736daad88b53372f;chunk_e5369181e2b751ff7b26;chunk_0527753e50048eef9aac;claim_struct_a29dd705efe4cdbc;chunk_e8968b11280e0c0c857c;claim_struct_bde7f98748603330;chunk_009ab754e9d277eb12be;claim_struct_a10561b565ee2190;chunk_550e85352df64c6bed8f;chunk_c8b2327b32b8e77f84aa;chunk_2628587dd5ae8e4c0654;claim_struct_c0a7a3f504ee444f;chunk_61cc3475ac19b478f9c8;claim_struct_7efc524a033dc768;chunk_ccffdfc75154a4c39823;claim_struct_291c422816786efb;chunk_eca058a9488cfecfed6a;claim_struct_ec9a2969845d9f34;chunk_9c6794a22aaa3330ed7c;claim_struct_2ad81e99ed7456a1;chunk_99fb4a9f6b915dfc6dc5;chunk_996fc906ea2c371394fd;chunk_396c9b6b19717859101f;claim_struct_bce8524c25c46d20;chunk_715fa770ee9e23e800b1;claim_struct_b4d9604fd757e6de;chunk_93badd385d996c9aed5c;claim_struct_39b0629022828b1e;chunk_37e5c43899f783af90f9;chunk_9f70c849b6160869bf4c;claim_struct_939950c6d5087e09;chunk_d2ee36efb85368dc23d1;chunk_3d617d8ad57e62b642c7;claim_struct_ebe902b802e8fc40;chunk_70ee31f1ea683e9c98f8;claim_struct_0083b0dcb2e46359;chunk_ddbc558f38b12054945a;chunk_914daeb1b269c78df30b;claim_struct_ac078becc354da75;chunk_d349cb9c04362a0b9dc2;claim_struct_045f5e0e99751c4b;chunk_e6d5201588cd394abe1e;claim_struct_aaa151dfd1b88627;chunk_1015a4bee7fc626272e7;claim_struct_ba14f4531d51b664;chunk_76bc81351df6f4f02906;claim_struct_4d9d60d2a08feb2d;chunk_7cc713cf1e3af6bfe201;claim_struct_6c05137e9e3a8743;chunk_5d00d7ef7cf98bd9d6c9;claim_struct_7b44ca5ab4511e09;claim_struct_db06c9bb59bf865b;chunk_87a46ba163c8b1e6b279;claim_struct_0f8697544990f239;chunk_9fd4757c49e2b1328006;claim_struct_6eeb014b71247d3d;chunk_707d70e5b24450760537;chunk_c90fead16a31651662ad;claim_struct_29247c59f94f10aa;chunk_54af3f448b1464d459b9;chunk_9331c6d9d26aff836f3d;claim_struct_916ad436f2195f9f;chunk_fb5c063d29eaae070dfd;claim_struct_a0347369d09f2e1d;chunk_cb54ab4de85b0beef2be;chunk_1ad80e1d040fd2050c34;chunk_84b2d1e6449a96ff9bbe;chunk_d95386c7dce56ddc065c;claim_struct_7d40bd4e7179933b;chunk_4e18b4015f1a7b313a54;chunk_6840a8eb1a9ae4b3458c;chunk_a07f616ac30310f6faa3;chunk_6bc5dc26da5fecb7cb04;chunk_65ccb4c6bb72e448deb8;claim_struct_e6d36f388236ba6d;chunk_1d6dc9a8253a48eebf6a;claim_struct_05e44c7c8f51d83d;chunk_0a285cbc653405c6972a;claim_struct_4409402922309e1d;chunk_3e4eaa256ea0fe4e6944;claim_struct_35a5dc723a46553b;chunk_80bfa2896df4fa2a9e7a;claim_struct_419879398dffc23a;chunk_92c648f4a1985dd9e150;claim_struct_5f70c0ef21091a9c;chunk_aa8d8b3dde7329892a70;chunk_7df389109b302b19a68c;claim_struct_421acc8618c5f675;chunk_c646401d2e906e38f260;claim_struct_f33ee5a985c8d8cc;chunk_53a3c3e1ea5838a2c45f;claim_struct_74ee2bf676ac5509;chunk_2f0c92d4ba6e44b12557;claim_struct_011dd3c2187312e7;chunk_f0fb0dbd170263a39611,candidate,Promoted by distinct-compound prevalence within the reported ginsenoside fragment catalog.
frag_consensus_e2d8b64d97b744,ginsenoside,,945.55,negative,class consensus fragment (32 compounds),class_consensus_frequency,32,0.1502,6,FALSE,chunk_52cf672db56806aea90b;chunk_b8b8247081a5df6d2fce;claim_struct_8ac39485c3310786;chunk_51c27bdc1cfcb8cc92a8;claim_struct_05a781ccf3b1c7d5;chunk_510e8f3a309912930d90;claim_struct_404b2dc0cfd338af;chunk_75cc07695c4c90b4e366;claim_struct_a7879ff884bce8e6;chunk_b749afe70ce7884623d1;claim_struct_6e374e1b78ccf529;chunk_c1077fde30e2da8f2a3b;chunk_b6c97d33f4173f2f6c15;claim_struct_b21b426a36210215;claim_struct_14926d014a0e0e48;chunk_9c6794a22aaa3330ed7c;chunk_71a02ea07eb25f34f97d;claim_struct_2ad81e99ed7456a1;chunk_996fc906ea2c371394fd;chunk_396c9b6b19717859101f;claim_struct_bce8524c25c46d20;chunk_715fa770ee9e23e800b1;claim_struct_b4d9604fd757e6de;chunk_93badd385d996c9aed5c;claim_struct_39b0629022828b1e;chunk_37e5c43899f783af90f9;chunk_b8b9a5fae780b9d8b381;claim_struct_5de68e3d0cdd7545;chunk_9fd23e120284663f1c75;claim_struct_6e2f136a5d5af41e;chunk_bfa15bc39fdc8146ca2c;claim_struct_5b9a432729dd74a4;chunk_2628587dd5ae8e4c0654;chunk_e402f9f031ae29159ebf;chunk_c8b2327b32b8e77f84aa;chunk_a9bfb981426416d043aa;claim_struct_8bc6764243b95302;chunk_f27ee7e99dc5afeda6a1;claim_struct_f6c3078e7e8fc30a;chunk_cfb39ba3355e1c430b34;claim_struct_76c0352a3f855c29;claim_struct_17de548b4e332398;chunk_ebff406dca53d3d4499c;claim_struct_085ef8f682f31ece;chunk_fd6d2907fdfc8080b57a;claim_struct_a4bed026e4a9af99;chunk_9fd4757c49e2b1328006;claim_struct_d838f22d0a461d27;chunk_e50f83e81ef51d0a4d2d;chunk_6d60ab00db89febbcef4;chunk_7d3f2fcc9534f0fbce6c;claim_struct_d26862d15a13b665;chunk_ef9bb6d4a9d09957c557;claim_struct_29d2ac972ff3fe72;chunk_3e4eaa256ea0fe4e6944;claim_struct_fcb10752e1b040cf;chunk_38e0e8470403cbd787a1;claim_struct_a0b3ded9966b6df1;chunk_c4c9fa68428f6a783677;claim_struct_ee897089c7665412;chunk_fce95e25123bb51ed9d1;claim_struct_e70020939485107d;chunk_854dc94d845782282241;chunk_c90fead16a31651662ad;claim_struct_34b5400221893ee1;chunk_bd6651c098c24c8b42ea;claim_struct_6d248f8731f3d193;chunk_8c98e6ef368ab19e849d;chunk_9600315d636f96076e44;claim_struct_3f64eda3f30c1f02;chunk_2f2ddb4c8d902405662d;chunk_aaf6976db5293e1e4958;claim_struct_82b30b50dc6e8277;chunk_3ce929a720771662794a;claim_struct_0a59b8505b24087b;chunk_0ec2daa7eb2f44db7743;chunk_4e18b4015f1a7b313a54;claim_struct_59d73b0c61f39302;claim_struct_1f10ed82a6a99fb5;chunk_98984d1f4b95d9574cbc;claim_struct_2ef1e8033da3a724;chunk_414642d8a93c9930defd;claim_struct_e9e4f97a6d36fb90;chunk_df8f100886e84bfd856a;claim_struct_e7bbf20972448fa3;chunk_b30b2c401321bfd9dbf3;chunk_b5b396dd28db00950a9e;claim_struct_9bdcc19f4f08ca42;chunk_33135719a72e1757a14d;claim_struct_743655e92d8ce1b8;chunk_0a7741bee4746c25cc12;claim_struct_8b3d2c4c2c30fc8f;chunk_9536b3316a46b2dee1a9;claim_struct_a8830afe22a784ab;chunk_3234de8341cb806b9df6;claim_struct_a3f0a328a115c82c;chunk_9fc4fbb94f5978da5fa7;claim_struct_ad674df9a2ec6d1c;chunk_18f822eeef9be289989a;chunk_7ab3a9473e49eb2e1347;claim_struct_66c586000604fbe6;claim_struct_9a8ca94447aeb4dd;chunk_e14520e195f2ba1a644f;claim_struct_ccafcfce17b68924;chunk_7519431f90e107f1736f;claim_struct_78b53c0e2fa51727;chunk_869d5cf425aac2939f9a;claim_struct_e9ce441c2ee345a3;chunk_476386f82283c445618e;claim_struct_788f8ac8b0034337;claim_struct_f7fc552da0a89a9e;chunk_6d93132c5b47670b374f;claim_struct_8ca54ca681d21bbc;chunk_7c9910c7267008a75f3c;claim_struct_fa0933e0d607fc58;chunk_664d9641c7a91df44463;chunk_0692c293240680f00cf3;chunk_aab2c0acdec5a9d1231e;claim_struct_6db102b69ca1a37f;chunk_1eda5cf61ffc0b41234f;claim_struct_4cf71a7f9f6a5985;chunk_374c9dcc69ad41336a9c;claim_struct_9dacfee9497acc2a;chunk_91bcf3554c365a167e59;claim_struct_c3bc8c64d873541c;chunk_a1805dae0ab969b92d9b;claim_struct_45e124a9b3d1c296;chunk_544962d9e757af72b5fb;chunk_f20c1da1fa3bf8f85bc2;claim_struct_9aa960eede04f317;chunk_f70006a5dbb6a890f16f;chunk_fe26dc92858d4b96b171;chunk_0b019fc789cec76173a6;claim_struct_b1b5dfd654e0bc1f;chunk_0d0aae842aee66bb51c0;claim_struct_f13c3b8635994102;chunk_55f210c2f49de2004f27;chunk_e36fff589d05b0bd4f96;claim_struct_65c4540cae3b421c;chunk_4b5575185ac04dbbf9ca;claim_struct_7901809ffa12df9a;chunk_50a0716ff6fb1d42b86f;claim_struct_767dc666d4d05a72;chunk_568b49363764f10e05ca;claim_struct_08e4e0b00d934091;chunk_f0a48512c40ac08544b0;claim_struct_e9c360437bb86896;chunk_2650d1ff997ce776ca80;claim_struct_16594435959bd753;chunk_0a285cbc653405c6972a;claim_struct_0b7fb147a7129c59;claim_struct_d87bbf59062b38aa;chunk_39aa8ef15f5949ead0c3;claim_struct_3e5d228d2290e7b5;chunk_df9e2664ab1b7a1137b6;claim_struct_a06fab47c8771a32;chunk_89a49526eff8480e1436;chunk_05763dd3f38136cb1ae0;claim_struct_ef21c46c4bc0ab61;claim_struct_0ba38cfb8139b30b;claim_struct_9df1bd51df14b8a8;chunk_8b7b3892e822b72d7eda;claim_struct_d3a65bd16a8a7320;chunk_b2c4498f6ac24d8852c2;claim_struct_98f2f071ce0cd5f6;claim_struct_7c0328caac8a3ec2;chunk_9f93d616b48dc6c4b28a;chunk_0edb26f83e294661a107;chunk_9561ac4f98bfc2e7508e;claim_struct_a82ee30ddb43ce90;chunk_82c7ad4af101ce1bd2b3;claim_struct_5fb0295b47505d78;chunk_1f945a4e6c57f6a91530;claim_struct_fe309e62a4e6d34f;chunk_8ef2b2304209d04d794e;chunk_5841c168bd2ba0ca31fe;claim_struct_1e65c2b6842193cf;claim_struct_8193862fd094a499;claim_struct_9a916a30eecf7f1f;chunk_133ccee562bfb2e2d4f9;claim_struct_6fa67cdf3d20e21f;chunk_2f6f8a757f20e58b3e80;chunk_f059e8d6ce6bc62ed2e5;claim_struct_0120a05bb852b038;chunk_c86ec2a2865ee7560305;claim_struct_19b386778e8636a8;chunk_32d3d275956dffdaee25;claim_struct_d0afa0e641144638;chunk_fb8986cbb964d5cc051b;claim_struct_d65bf4e633bd7ef1;chunk_a74c7d47a84ba7aafd7f;claim_struct_ebeabc8efa32e634;chunk_0af3ee54d0b17804f1fe;claim_struct_f2822a98587a880f;chunk_8bece37dd089f24fc9c4;claim_struct_75f5d9c9dd3a01cf;chunk_d6962a0f130e4ea6a175;claim_struct_1aa4845edfbbe72f;chunk_46efbd07890aa5ac3a7f;claim_struct_0e79522db2899791;chunk_8ba64f3f1b3cda50595e;claim_struct_71d1d33696e07fb7;chunk_7ce0f8a11e845da300c5;claim_struct_009762e34347f632;claim_struct_6a5552b59bbd7e84;claim_struct_77cc1f0f96f888e4;chunk_ceaf1c0b68c69db397db;claim_struct_b6804dd56a50f802;chunk_6a70309599669069c78b;claim_struct_894356e340810314;chunk_35d732b7aa3b6d1e7dcf;claim_struct_3d36d5bfdf28bf4d;chunk_c646401d2e906e38f260;claim_struct_dceb8fc54b821355;chunk_09e4d69a65b0f11dbce9;claim_struct_50cb7e6f2e415088;chunk_f0fb0dbd170263a39611;claim_struct_49ea5a7447bc5df2;chunk_36335c48873ce2c7c546;claim_struct_55dad79cf503cdb3;chunk_c172023bd1f1f4072366;claim_struct_23cc3dacfd142f3f;chunk_3dec00069bfcf8b7e161;chunk_b5fe090dd395e229803f;claim_struct_d8be04e6a8a70f29;chunk_2260222ec38f7ddb65a3;claim_struct_3f65e73215b8149e;chunk_05215cba2cc20e88196f;claim_struct_f233500fa4ae5e46;chunk_078952a531a177152e4d;chunk_175cdc5fd983d2b95ed5;claim_struct_e3aaf1cd82757082;chunk_c2ab41f00d09b15ff5ee;claim_struct_246b7903cdf16c38;chunk_4635eda5be96c6c9674b;claim_struct_11c2ee07848d6ea9;chunk_20e092a87c11c4754244;claim_struct_eba52cd425c24f03;chunk_9c6ba1d3aa4dfe562857;claim_struct_3999cc9bb1d31474;chunk_6e58798f789a38e57e65;claim_struct_230a79213dd61091;chunk_4b012876ea4bcc012be5;claim_struct_149f4ec30201caff;chunk_e0531c1f5191da1fbc18;claim_struct_9d23c8a01a6917b8;claim_struct_fbfd87e137165488;chunk_9b90b4f8529de85fb72a;claim_struct_46d363746d5e389b;claim_struct_38db23d75a7be0d0;claim_struct_c6e18a2a73bd5011;claim_struct_611987791124ac55;chunk_e366723caf85bfe38800;claim_struct_ed9a3c1a1331f210;chunk_a962891d57892bcb4884;chunk_4dfef18e15588a09f7b9;claim_struct_1904ba41f81cf089;claim_struct_89c9981afe652af4;chunk_441cb21f8494a5e0c20e;claim_struct_bc16d1d1dbbd3935;chunk_0481201ed609cb07d833;claim_struct_85cf3ca0b4c5618b;chunk_7dbb22095e8331fe3ab2,candidate,Promoted by distinct-compound prevalence within the reported ginsenoside fragment catalog.
frag_consensus_95f62fe8f2cea0,ginsenoside,,459.38,negative,class consensus fragment (30 compounds),class_consensus_frequency,30,0.1408,7,FALSE,chunk_707d70e5b24450760537;chunk_de99e4a819fb7f2362c1;chunk_3ce929a720771662794a;claim_struct_e221cbfc1dbdebd1;chunk_0b019fc789cec76173a6;claim_struct_e9cea2d79c1fdb6d;chunk_3b867ed59739d5a22268;claim_struct_56d67b9ac821cb46;chunk_175cdc5fd983d2b95ed5;claim_struct_ed70bceb5d60cdd3;chunk_36335c48873ce2c7c546;claim_struct_f982855821349dfa;chunk_e6d5201588cd394abe1e;claim_struct_7b5d9b45844532ad;chunk_c172023bd1f1f4072366;claim_struct_8faf585b09abed65;chunk_9331c6d9d26aff836f3d;chunk_fc56392a85f26eec157f;claim_struct_c577d51edca7b4d4;chunk_0ec2daa7eb2f44db7743;chunk_4e18b4015f1a7b313a54;claim_struct_59d73b0c61f39302;chunk_aaf6976db5293e1e4958;claim_struct_1f10ed82a6a99fb5;chunk_98984d1f4b95d9574cbc;claim_struct_2ef1e8033da3a724;chunk_414642d8a93c9930defd;claim_struct_e9e4f97a6d36fb90;chunk_df8f100886e84bfd856a;claim_struct_e7bbf20972448fa3;chunk_b30b2c401321bfd9dbf3;chunk_b5b396dd28db00950a9e;claim_struct_9bdcc19f4f08ca42;chunk_33135719a72e1757a14d;claim_struct_743655e92d8ce1b8;chunk_0a7741bee4746c25cc12;claim_struct_8b3d2c4c2c30fc8f;chunk_9536b3316a46b2dee1a9;claim_struct_a8830afe22a784ab;chunk_3234de8341cb806b9df6;claim_struct_a3f0a328a115c82c;chunk_9fc4fbb94f5978da5fa7;claim_struct_ad674df9a2ec6d1c;chunk_2f2ddb4c8d902405662d;chunk_7519431f90e107f1736f;claim_struct_78b53c0e2fa51727;chunk_869d5cf425aac2939f9a;claim_struct_e9ce441c2ee345a3;chunk_476386f82283c445618e;claim_struct_788f8ac8b0034337;claim_struct_f7fc552da0a89a9e;chunk_6d93132c5b47670b374f;claim_struct_8ca54ca681d21bbc;chunk_7c9910c7267008a75f3c;claim_struct_fa0933e0d607fc58;chunk_20479ed0255d2bb5fb00;chunk_0692c293240680f00cf3;chunk_aab2c0acdec5a9d1231e;claim_struct_6db102b69ca1a37f;chunk_1eda5cf61ffc0b41234f;claim_struct_4cf71a7f9f6a5985;chunk_374c9dcc69ad41336a9c;claim_struct_9dacfee9497acc2a;chunk_91bcf3554c365a167e59;claim_struct_c3bc8c64d873541c;chunk_f70006a5dbb6a890f16f;chunk_fe26dc92858d4b96b171;claim_struct_b1b5dfd654e0bc1f;chunk_0d0aae842aee66bb51c0;claim_struct_f13c3b8635994102;chunk_55f210c2f49de2004f27;chunk_e36fff589d05b0bd4f96;claim_struct_65c4540cae3b421c;chunk_4b5575185ac04dbbf9ca;claim_struct_7901809ffa12df9a;chunk_50a0716ff6fb1d42b86f;claim_struct_767dc666d4d05a72;chunk_568b49363764f10e05ca;claim_struct_08e4e0b00d934091;chunk_f0a48512c40ac08544b0;claim_struct_e9c360437bb86896;chunk_2650d1ff997ce776ca80;claim_struct_16594435959bd753;chunk_0a285cbc653405c6972a;claim_struct_0b7fb147a7129c59;claim_struct_d87bbf59062b38aa;chunk_39aa8ef15f5949ead0c3;claim_struct_3e5d228d2290e7b5;chunk_df9e2664ab1b7a1137b6;claim_struct_a06fab47c8771a32;chunk_52d793746aa180be918e;claim_struct_efa616fce306e027;chunk_3eea430edf01c4e20c82;claim_struct_eee51dafb1cbb0d6;chunk_5b173a9a641a8fe521c1;chunk_95f9f0c8cef7f2db7ca5;claim_struct_03dbb55d714d7fe5;chunk_8d1f745d2917756178b6;claim_struct_076751d5590b8758;chunk_51e6f38ccbff175393ef;claim_struct_07db76dcb89d02dc;chunk_05763dd3f38136cb1ae0;claim_struct_ef21c46c4bc0ab61;chunk_9fd23e120284663f1c75;claim_struct_0ba38cfb8139b30b;chunk_a9bfb981426416d043aa;claim_struct_9df1bd51df14b8a8;chunk_8b7b3892e822b72d7eda;claim_struct_d3a65bd16a8a7320;chunk_b2c4498f6ac24d8852c2;claim_struct_98f2f071ce0cd5f6;chunk_fce95e25123bb51ed9d1;claim_struct_7c0328caac8a3ec2;chunk_39bd4b90e138f733ce93;claim_struct_27b5991902f6c773;chunk_8498cdb7802326dcf7cc;claim_struct_b7c50fbb9e986442;chunk_9f93d616b48dc6c4b28a;chunk_8ef2b2304209d04d794e;chunk_5841c168bd2ba0ca31fe;claim_struct_1e65c2b6842193cf;claim_struct_8193862fd094a499;chunk_6d60ab00db89febbcef4;claim_struct_9a916a30eecf7f1f;chunk_133ccee562bfb2e2d4f9;claim_struct_6fa67cdf3d20e21f;chunk_2f6f8a757f20e58b3e80;chunk_32d3d275956dffdaee25;chunk_09e4d69a65b0f11dbce9;claim_struct_50cb7e6f2e415088;chunk_f0fb0dbd170263a39611;claim_struct_49ea5a7447bc5df2;claim_struct_55dad79cf503cdb3;claim_struct_23cc3dacfd142f3f;chunk_078952a531a177152e4d;claim_struct_e3aaf1cd82757082;chunk_c2ab41f00d09b15ff5ee;claim_struct_246b7903cdf16c38;chunk_4635eda5be96c6c9674b;claim_struct_11c2ee07848d6ea9;chunk_20e092a87c11c4754244;claim_struct_eba52cd425c24f03;chunk_9c6ba1d3aa4dfe562857;claim_struct_3999cc9bb1d31474;chunk_6e58798f789a38e57e65;claim_struct_230a79213dd61091;chunk_999e859800fb40cc99ff;chunk_295b7f0143835428ee5d;claim_struct_12ffa21065a40737;chunk_05215cba2cc20e88196f;chunk_e0531c1f5191da1fbc18;claim_struct_9d23c8a01a6917b8;claim_struct_fbfd87e137165488;chunk_9b90b4f8529de85fb72a;claim_struct_46d363746d5e389b;claim_struct_38db23d75a7be0d0;claim_struct_c6e18a2a73bd5011;chunk_bfa15bc39fdc8146ca2c;claim_struct_611987791124ac55;chunk_e366723caf85bfe38800;claim_struct_ed9a3c1a1331f210;chunk_f2cd48eb184490766ebe;chunk_d739fafe97e180a0fa51;claim_struct_1fddc24f1e5b5fc3;claim_struct_015bd75066f08656;chunk_41c2d297065343eb9408;chunk_a09b83ec35fcbdd263b0;claim_struct_6b77b4d277eff0a1;chunk_e850675552db76b29ee9;claim_struct_7e424ae75ff2fc1c;chunk_80bfa2896df4fa2a9e7a;claim_struct_8df15b31e3a0db02;chunk_d6962a0f130e4ea6a175;claim_struct_89c9981afe652af4;chunk_441cb21f8494a5e0c20e;claim_struct_bc16d1d1dbbd3935;chunk_0481201ed609cb07d833;claim_struct_85cf3ca0b4c5618b;chunk_fe4a6da510a3cc449342;chunk_fd890ca0e95c605dce18,candidate,Promoted by distinct-compound prevalence within the reported ginsenoside fragment catalog.
frag_consensus_7758d01e17f25c,ginsenoside,,459.39,negative,class consensus fragment (24 compounds),class_consensus_frequency,24,0.1127,8,FALSE,chunk_707d70e5b24450760537;chunk_de99e4a819fb7f2362c1;chunk_3ce929a720771662794a;claim_struct_e221cbfc1dbdebd1;chunk_0b019fc789cec76173a6;claim_struct_e9cea2d79c1fdb6d;chunk_3b867ed59739d5a22268;claim_struct_56d67b9ac821cb46;chunk_175cdc5fd983d2b95ed5;claim_struct_ed70bceb5d60cdd3;chunk_36335c48873ce2c7c546;claim_struct_f982855821349dfa;chunk_e6d5201588cd394abe1e;claim_struct_7b5d9b45844532ad;chunk_c172023bd1f1f4072366;claim_struct_8faf585b09abed65;chunk_0ec2daa7eb2f44db7743;chunk_4e18b4015f1a7b313a54;claim_struct_59d73b0c61f39302;chunk_aaf6976db5293e1e4958;claim_struct_1f10ed82a6a99fb5;chunk_98984d1f4b95d9574cbc;claim_struct_2ef1e8033da3a724;chunk_414642d8a93c9930defd;claim_struct_e9e4f97a6d36fb90;chunk_df8f100886e84bfd856a;claim_struct_e7bbf20972448fa3;chunk_b30b2c401321bfd9dbf3;chunk_b5b396dd28db00950a9e;claim_struct_9bdcc19f4f08ca42;chunk_33135719a72e1757a14d;claim_struct_743655e92d8ce1b8;chunk_0a7741bee4746c25cc12;claim_struct_8b3d2c4c2c30fc8f;chunk_9536b3316a46b2dee1a9;claim_struct_a8830afe22a784ab;chunk_3234de8341cb806b9df6;claim_struct_a3f0a328a115c82c;chunk_9fc4fbb94f5978da5fa7;claim_struct_ad674df9a2ec6d1c;chunk_2f2ddb4c8d902405662d;chunk_7519431f90e107f1736f;claim_struct_78b53c0e2fa51727;chunk_869d5cf425aac2939f9a;claim_struct_e9ce441c2ee345a3;chunk_476386f82283c445618e;claim_struct_788f8ac8b0034337;claim_struct_f7fc552da0a89a9e;chunk_6d93132c5b47670b374f;claim_struct_8ca54ca681d21bbc;chunk_7c9910c7267008a75f3c;claim_struct_fa0933e0d607fc58;chunk_664d9641c7a91df44463;chunk_a1805dae0ab969b92d9b;claim_struct_45e124a9b3d1c296;chunk_f70006a5dbb6a890f16f;chunk_fe26dc92858d4b96b171;claim_struct_b1b5dfd654e0bc1f;chunk_0d0aae842aee66bb51c0;claim_struct_f13c3b8635994102;chunk_55f210c2f49de2004f27;chunk_e36fff589d05b0bd4f96;claim_struct_65c4540cae3b421c;chunk_4b5575185ac04dbbf9ca;claim_struct_7901809ffa12df9a;chunk_50a0716ff6fb1d42b86f;claim_struct_767dc666d4d05a72;chunk_568b49363764f10e05ca;claim_struct_08e4e0b00d934091;chunk_f0a48512c40ac08544b0;claim_struct_e9c360437bb86896;chunk_2650d1ff997ce776ca80;claim_struct_16594435959bd753;chunk_0a285cbc653405c6972a;claim_struct_0b7fb147a7129c59;claim_struct_d87bbf59062b38aa;chunk_39aa8ef15f5949ead0c3;claim_struct_3e5d228d2290e7b5;chunk_df9e2664ab1b7a1137b6;claim_struct_a06fab47c8771a32;chunk_2c82b7e414372849f471;chunk_05763dd3f38136cb1ae0;claim_struct_ef21c46c4bc0ab61;chunk_9fd23e120284663f1c75;claim_struct_0ba38cfb8139b30b;chunk_a9bfb981426416d043aa;claim_struct_9df1bd51df14b8a8;chunk_8b7b3892e822b72d7eda;claim_struct_d3a65bd16a8a7320;chunk_b2c4498f6ac24d8852c2;claim_struct_98f2f071ce0cd5f6;chunk_fce95e25123bb51ed9d1;claim_struct_7c0328caac8a3ec2;chunk_7ab3a9473e49eb2e1347;chunk_44d4a4e6539fd0f822c9;chunk_ac99fe31e42f34b62171;chunk_32d3d275956dffdaee25;chunk_aab2c0acdec5a9d1231e;chunk_09e4d69a65b0f11dbce9;claim_struct_50cb7e6f2e415088;chunk_f0fb0dbd170263a39611;claim_struct_49ea5a7447bc5df2;claim_struct_55dad79cf503cdb3;claim_struct_23cc3dacfd142f3f;chunk_078952a531a177152e4d;claim_struct_e3aaf1cd82757082;chunk_c2ab41f00d09b15ff5ee;claim_struct_246b7903cdf16c38;chunk_4635eda5be96c6c9674b;claim_struct_11c2ee07848d6ea9;chunk_20e092a87c11c4754244;claim_struct_eba52cd425c24f03;chunk_9c6ba1d3aa4dfe562857;claim_struct_3999cc9bb1d31474;chunk_6e58798f789a38e57e65;claim_struct_230a79213dd61091;chunk_05215cba2cc20e88196f;chunk_1eda5cf61ffc0b41234f;chunk_e0531c1f5191da1fbc18;claim_struct_9d23c8a01a6917b8;claim_struct_fbfd87e137165488;chunk_9b90b4f8529de85fb72a;claim_struct_46d363746d5e389b;claim_struct_38db23d75a7be0d0;claim_struct_c6e18a2a73bd5011;chunk_bfa15bc39fdc8146ca2c;claim_struct_611987791124ac55;chunk_e366723caf85bfe38800;claim_struct_ed9a3c1a1331f210;chunk_f2cd48eb184490766ebe;chunk_d739fafe97e180a0fa51;claim_struct_1fddc24f1e5b5fc3;claim_struct_015bd75066f08656;chunk_0e81b0db44c72655a372;chunk_d6962a0f130e4ea6a175;claim_struct_89c9981afe652af4;chunk_441cb21f8494a5e0c20e;claim_struct_bc16d1d1dbbd3935;chunk_0481201ed609cb07d833;claim_struct_85cf3ca0b4c5618b;chunk_b905ca27f5c1db92d79b;chunk_dc78bce4615783ce935b;claim_struct_5a73438a4918a370;chunk_7d3f2fcc9534f0fbce6c;chunk_fd890ca0e95c605dce18,candidate,Promoted by distinct-compound prevalence within the reported ginsenoside fragment catalog.
frag_consensus_0d27341827274a,ginsenoside,,799.49,negative,class consensus fragment (23 compounds),class_consensus_frequency,23,0.108,9,FALSE,chunk_05cd80d726df209742d4;chunk_fbd928d3aa8d261e9dea;claim_struct_503a4f9e10ddd7c7;chunk_558f277475b24d9fc2fa;chunk_631615057193b28c35a3;claim_struct_de81b51042b910f6;chunk_a4155b8722f56af61f12;chunk_d1c689472a06085ce17c;claim_struct_56d3e67f060b7cb2;chunk_9c6794a22aaa3330ed7c;claim_struct_f319a7a417e31ed9;chunk_2628587dd5ae8e4c0654;chunk_c8b2327b32b8e77f84aa;claim_struct_4d4d2beed9485400;chunk_cfb39ba3355e1c430b34;claim_struct_ebf17da4a23caf90;chunk_6cd6e15ed0f6d787210a;claim_struct_c13a5a243b2b40c5;chunk_009ab754e9d277eb12be;claim_struct_95cff872892a1bf0;chunk_b8b8247081a5df6d2fce;chunk_c1077fde30e2da8f2a3b;chunk_4d4bb0ef118d03837386;chunk_51c27bdc1cfcb8cc92a8;chunk_8b0d4fd16f7534c1e694;chunk_2ee26889a566d55b31ef;claim_struct_0406f02e4620f67e;chunk_62763fcbed0ade364055;chunk_cf0bac6ddb68865e7635;claim_struct_736daad88b53372f;chunk_e5369181e2b751ff7b26;chunk_0527753e50048eef9aac;claim_struct_a29dd705efe4cdbc;chunk_e8968b11280e0c0c857c;claim_struct_bde7f98748603330;claim_struct_a10561b565ee2190;chunk_33ccc43f84d5c18f8719;claim_struct_b56147234269d9aa;chunk_8bdacd1fb3e8babbc78b;chunk_71a02ea07eb25f34f97d;claim_struct_2ad81e99ed7456a1;chunk_99fb4a9f6b915dfc6dc5;chunk_1a27d566f407cc291cd9;chunk_820b3d4385e04b5d2e07;chunk_61cc3475ac19b478f9c8;claim_struct_5448bdf384b40e24;chunk_93badd385d996c9aed5c;chunk_9fd4757c49e2b1328006;claim_struct_6eeb014b71247d3d;chunk_459735b7e268c2585f6a;chunk_707d70e5b24450760537;chunk_84b2d1e6449a96ff9bbe;chunk_d95386c7dce56ddc065c;claim_struct_7d40bd4e7179933b;chunk_b67dc221b89959e5d714;chunk_55f210c2f49de2004f27;claim_struct_4a02b5b7a9a61f2f;chunk_b0a49b3ff1287efa7f58,candidate,Promoted by distinct-compound prevalence within the reported ginsenoside fragment catalog.
frag_consensus_ba71ef27069ca0,ginsenoside,,799.48,negative,class consensus fragment (22 compounds),class_consensus_frequency,22,0.1033,10,FALSE,chunk_558f277475b24d9fc2fa;chunk_a4155b8722f56af61f12;chunk_d1c689472a06085ce17c;claim_struct_56d3e67f060b7cb2;chunk_9c6794a22aaa3330ed7c;claim_struct_f319a7a417e31ed9;chunk_2628587dd5ae8e4c0654;chunk_c8b2327b32b8e77f84aa;claim_struct_4d4d2beed9485400;chunk_cfb39ba3355e1c430b34;claim_struct_ebf17da4a23caf90;chunk_6cd6e15ed0f6d787210a;claim_struct_c13a5a243b2b40c5;chunk_009ab754e9d277eb12be;claim_struct_95cff872892a1bf0;chunk_d637bf42580ae5cb9761;chunk_331449f50dc7e60d69f2;chunk_510e8f3a309912930d90;claim_struct_62c3f621adc91f44;chunk_75cc07695c4c90b4e366;claim_struct_8bb1d1b6b215da62;chunk_71a02ea07eb25f34f97d;claim_struct_5cdfb5fdbe51b532;chunk_b6c97d33f4173f2f6c15;chunk_8b0d4fd16f7534c1e694;chunk_2ee26889a566d55b31ef;claim_struct_0406f02e4620f67e;chunk_43240e98b2f132bb1d7e;chunk_b749afe70ce7884623d1;chunk_90148ca57831ca732d59;claim_struct_d54e1efeb3720bae;chunk_e5369181e2b751ff7b26;chunk_0527753e50048eef9aac;claim_struct_a29dd705efe4cdbc;chunk_e8968b11280e0c0c857c;claim_struct_bde7f98748603330;claim_struct_a10561b565ee2190;chunk_33ccc43f84d5c18f8719;claim_struct_b56147234269d9aa;chunk_eca058a9488cfecfed6a;claim_struct_ec9a2969845d9f34;claim_struct_2ad81e99ed7456a1;chunk_820b3d4385e04b5d2e07;chunk_61cc3475ac19b478f9c8;claim_struct_5448bdf384b40e24;chunk_715fa770ee9e23e800b1;chunk_3d617d8ad57e62b642c7;chunk_87a46ba163c8b1e6b279;claim_struct_0f8697544990f239;chunk_93badd385d996c9aed5c;chunk_9fd4757c49e2b1328006;claim_struct_6eeb014b71247d3d;chunk_707d70e5b24450760537;chunk_c90fead16a31651662ad;claim_struct_29247c59f94f10aa;chunk_cb54ab4de85b0beef2be;chunk_1ad80e1d040fd2050c34;chunk_102851b28cd2684daced,candidate,Promoted by distinct-compound prevalence within the reported ginsenoside fragment catalog.
frag_consensus_18db2d39d4bcc9,ginsenoside,,621.43,negative,class consensus fragment (21 compounds),class_consensus_frequency,21,0.0986,11,FALSE,chunk_854dc94d845782282241;chunk_c90fead16a31651662ad;claim_struct_34b5400221893ee1;chunk_bd6651c098c24c8b42ea;claim_struct_6d248f8731f3d193;chunk_707d70e5b24450760537;chunk_de99e4a819fb7f2362c1;chunk_3ce929a720771662794a;claim_struct_e221cbfc1dbdebd1;chunk_0b019fc789cec76173a6;claim_struct_e9cea2d79c1fdb6d;chunk_3b867ed59739d5a22268;claim_struct_56d67b9ac821cb46;chunk_175cdc5fd983d2b95ed5;claim_struct_ed70bceb5d60cdd3;chunk_36335c48873ce2c7c546;claim_struct_f982855821349dfa;chunk_e6d5201588cd394abe1e;claim_struct_7b5d9b45844532ad;chunk_c172023bd1f1f4072366;claim_struct_8faf585b09abed65;chunk_0ec2daa7eb2f44db7743;chunk_002e0af07587b251752f;claim_struct_3fd0f50fe136ba24;chunk_a07f616ac30310f6faa3;chunk_dd38766cf5af9bbb9e38;claim_struct_7b2d03a547c2271f;chunk_2c82b7e414372849f471;claim_struct_94d12aaeda53e451;chunk_c3fabcc7ace6cf04f6c5;claim_struct_4056b973a82b1200;chunk_b2ccac77631f21ff0087;claim_struct_16bf1e42c2efebfa;chunk_ddbc558f38b12054945a;chunk_2f2ddb4c8d902405662d;chunk_7519431f90e107f1736f;claim_struct_78b53c0e2fa51727;chunk_869d5cf425aac2939f9a;claim_struct_e9ce441c2ee345a3;chunk_476386f82283c445618e;claim_struct_788f8ac8b0034337;chunk_33135719a72e1757a14d;claim_struct_f7fc552da0a89a9e;chunk_6d93132c5b47670b374f;claim_struct_8ca54ca681d21bbc;chunk_7c9910c7267008a75f3c;claim_struct_fa0933e0d607fc58;chunk_a1805dae0ab969b92d9b;chunk_b30b2c401321bfd9dbf3;claim_struct_45e124a9b3d1c296;chunk_aa8d8b3dde7329892a70;chunk_7df389109b302b19a68c;claim_struct_421acc8618c5f675;chunk_c646401d2e906e38f260;claim_struct_f33ee5a985c8d8cc;chunk_53a3c3e1ea5838a2c45f;claim_struct_74ee2bf676ac5509;chunk_55f210c2f49de2004f27;chunk_e36fff589d05b0bd4f96;claim_struct_65c4540cae3b421c;chunk_4b5575185ac04dbbf9ca;claim_struct_7901809ffa12df9a;chunk_50a0716ff6fb1d42b86f;claim_struct_767dc666d4d05a72;chunk_568b49363764f10e05ca;claim_struct_08e4e0b00d934091;chunk_f0a48512c40ac08544b0;claim_struct_e9c360437bb86896;chunk_2650d1ff997ce776ca80;claim_struct_16594435959bd753;chunk_0a285cbc653405c6972a;claim_struct_0b7fb147a7129c59;claim_struct_d87bbf59062b38aa;chunk_39aa8ef15f5949ead0c3;claim_struct_3e5d228d2290e7b5;chunk_df9e2664ab1b7a1137b6;claim_struct_a06fab47c8771a32;chunk_05763dd3f38136cb1ae0;claim_struct_ef21c46c4bc0ab61;chunk_9fd23e120284663f1c75;claim_struct_0ba38cfb8139b30b;chunk_a9bfb981426416d043aa;claim_struct_9df1bd51df14b8a8;chunk_8b7b3892e822b72d7eda;claim_struct_d3a65bd16a8a7320;chunk_b2c4498f6ac24d8852c2;claim_struct_98f2f071ce0cd5f6;chunk_fce95e25123bb51ed9d1;claim_struct_7c0328caac8a3ec2;chunk_38304d052dd5fcd54dde;chunk_9f93d616b48dc6c4b28a;chunk_8ef2b2304209d04d794e;chunk_5841c168bd2ba0ca31fe;claim_struct_1e65c2b6842193cf;claim_struct_8193862fd094a499;chunk_6d60ab00db89febbcef4;claim_struct_9a916a30eecf7f1f;chunk_133ccee562bfb2e2d4f9;claim_struct_6fa67cdf3d20e21f;chunk_32d3d275956dffdaee25;chunk_aab2c0acdec5a9d1231e;chunk_09e4d69a65b0f11dbce9;claim_struct_50cb7e6f2e415088;chunk_f0fb0dbd170263a39611;claim_struct_49ea5a7447bc5df2;claim_struct_55dad79cf503cdb3;claim_struct_23cc3dacfd142f3f;chunk_078952a531a177152e4d;claim_struct_e3aaf1cd82757082;chunk_c2ab41f00d09b15ff5ee;claim_struct_246b7903cdf16c38;chunk_4635eda5be96c6c9674b;claim_struct_11c2ee07848d6ea9;chunk_20e092a87c11c4754244;claim_struct_eba52cd425c24f03;chunk_9c6ba1d3aa4dfe562857;claim_struct_3999cc9bb1d31474;chunk_6e58798f789a38e57e65;claim_struct_230a79213dd61091;chunk_05215cba2cc20e88196f;chunk_1eda5cf61ffc0b41234f;chunk_e0531c1f5191da1fbc18;claim_struct_9d23c8a01a6917b8;claim_struct_fbfd87e137165488;chunk_9b90b4f8529de85fb72a;claim_struct_46d363746d5e389b;claim_struct_38db23d75a7be0d0;claim_struct_c6e18a2a73bd5011;chunk_bfa15bc39fdc8146ca2c;claim_struct_611987791124ac55;chunk_e366723caf85bfe38800;claim_struct_ed9a3c1a1331f210;chunk_f2cd48eb184490766ebe;chunk_41c2d297065343eb9408;chunk_a09b83ec35fcbdd263b0;claim_struct_6b77b4d277eff0a1;chunk_e850675552db76b29ee9;claim_struct_7e424ae75ff2fc1c;chunk_f62d97f2af1b5c010597;chunk_a962891d57892bcb4884;chunk_77bea7f5c6bbef5c402a;claim_struct_0d2c41d51516b9c2;chunk_80bfa2896df4fa2a9e7a;chunk_9fc4fbb94f5978da5fa7;claim_struct_8df15b31e3a0db02;chunk_b5b396dd28db00950a9e;chunk_d6962a0f130e4ea6a175;claim_struct_89c9981afe652af4;chunk_441cb21f8494a5e0c20e;claim_struct_bc16d1d1dbbd3935;chunk_0481201ed609cb07d833;claim_struct_85cf3ca0b4c5618b,candidate,Promoted by distinct-compound prevalence within the reported ginsenoside fragment catalog.
frag_consensus_4c52f8a45b2c1e,ginsenoside,,1077.58,negative,class consensus fragment (16 compounds),class_consensus_frequency,16,0.0751,12,FALSE,chunk_b8b8247081a5df6d2fce;chunk_331449f50dc7e60d69f2;claim_struct_fe6658b28df95616;chunk_5d00d7ef7cf98bd9d6c9;chunk_84232ac5b40e12637240;chunk_ddbc558f38b12054945a;chunk_6cd549351d3ab4c51a02;chunk_9f93d616b48dc6c4b28a;claim_struct_d755ca6aec6a7b09;chunk_296efb1406e5dc703bcc;claim_struct_a4ad9d1eca6ffd34;chunk_18f822eeef9be289989a;chunk_7ab3a9473e49eb2e1347;claim_struct_66c586000604fbe6;chunk_98984d1f4b95d9574cbc;claim_struct_9a8ca94447aeb4dd;chunk_e14520e195f2ba1a644f;claim_struct_ccafcfce17b68924;chunk_664d9641c7a91df44463;chunk_96a185d4d170ce54706a;chunk_37538bfe77cc21ac24e8;claim_struct_c4d908f5c4067bc5;chunk_5b5b9c43cc41cdca10b4;chunk_7c67bfd36cf430699eb0;claim_struct_a71b9340d469eae6;chunk_55f210c2f49de2004f27;chunk_e36fff589d05b0bd4f96;claim_struct_65c4540cae3b421c;chunk_4b5575185ac04dbbf9ca;claim_struct_7901809ffa12df9a;chunk_50a0716ff6fb1d42b86f;claim_struct_767dc666d4d05a72;chunk_568b49363764f10e05ca;claim_struct_08e4e0b00d934091;chunk_f0a48512c40ac08544b0;claim_struct_e9c360437bb86896;chunk_2650d1ff997ce776ca80;claim_struct_16594435959bd753;chunk_0a285cbc653405c6972a;claim_struct_0b7fb147a7129c59;chunk_476386f82283c445618e;claim_struct_d87bbf59062b38aa;chunk_39aa8ef15f5949ead0c3;claim_struct_3e5d228d2290e7b5;chunk_df9e2664ab1b7a1137b6;claim_struct_a06fab47c8771a32;chunk_0b019fc789cec76173a6;chunk_52d793746aa180be918e;claim_struct_efa616fce306e027;chunk_3eea430edf01c4e20c82;claim_struct_eee51dafb1cbb0d6;chunk_5b173a9a641a8fe521c1;chunk_95f9f0c8cef7f2db7ca5;claim_struct_03dbb55d714d7fe5;chunk_8d1f745d2917756178b6;claim_struct_076751d5590b8758;chunk_51e6f38ccbff175393ef;claim_struct_07db76dcb89d02dc;chunk_05763dd3f38136cb1ae0;claim_struct_ef21c46c4bc0ab61;chunk_9fd23e120284663f1c75;claim_struct_0ba38cfb8139b30b;chunk_a9bfb981426416d043aa;claim_struct_9df1bd51df14b8a8;chunk_8b7b3892e822b72d7eda;claim_struct_d3a65bd16a8a7320;chunk_b2c4498f6ac24d8852c2;claim_struct_98f2f071ce0cd5f6;chunk_fce95e25123bb51ed9d1;claim_struct_7c0328caac8a3ec2;chunk_38304d052dd5fcd54dde;chunk_df8f100886e84bfd856a;chunk_9561ac4f98bfc2e7508e;claim_struct_6a5552b59bbd7e84;chunk_133ccee562bfb2e2d4f9;claim_struct_77cc1f0f96f888e4;chunk_ceaf1c0b68c69db397db;claim_struct_b6804dd56a50f802;chunk_6a70309599669069c78b;claim_struct_894356e340810314;chunk_35d732b7aa3b6d1e7dcf;claim_struct_3d36d5bfdf28bf4d;chunk_c646401d2e906e38f260;claim_struct_dceb8fc54b821355;chunk_feee487d444e0c460ebf;chunk_a09b83ec35fcbdd263b0;claim_struct_a86c537847abdafd;chunk_914daeb1b269c78df30b;chunk_c70031ea53db0656e1cc;chunk_f62d97f2af1b5c010597;claim_struct_39bb648220cc84bb;chunk_1015a4bee7fc626272e7;claim_struct_6c47e1c76f3186a1;chunk_6d93132c5b47670b374f,candidate,Promoted by distinct-compound prevalence within the reported ginsenoside fragment catalog.
frag_consensus_28eda556699e38,ginsenoside,,1107.59,negative,class consensus fragment (15 compounds),class_consensus_frequency,15,0.0704,13,FALSE,chunk_854dc94d845782282241;chunk_c90fead16a31651662ad;claim_struct_34b5400221893ee1;chunk_bd6651c098c24c8b42ea;claim_struct_6d248f8731f3d193;chunk_7c2cbe98b4fa28c580ef;chunk_a76efc4d89810bcb74f0;claim_struct_23f3bbf2acdaf938;chunk_02fc64befa8c8d4be87e;claim_struct_cb3f1242f619bda7;chunk_664d9641c7a91df44463;claim_struct_2ab35366cd1f7327;chunk_d134add8cb0ba1834686;claim_struct_9b2648652828b5bb;chunk_8c98e6ef368ab19e849d;chunk_9600315d636f96076e44;claim_struct_3f64eda3f30c1f02;chunk_2f2ddb4c8d902405662d;chunk_aaf6976db5293e1e4958;claim_struct_82b30b50dc6e8277;chunk_3ce929a720771662794a;claim_struct_0a59b8505b24087b;chunk_9331c6d9d26aff836f3d;chunk_fc56392a85f26eec157f;claim_struct_c577d51edca7b4d4;chunk_0ec2daa7eb2f44db7743;chunk_4e18b4015f1a7b313a54;claim_struct_59d73b0c61f39302;claim_struct_1f10ed82a6a99fb5;chunk_98984d1f4b95d9574cbc;claim_struct_2ef1e8033da3a724;chunk_414642d8a93c9930defd;claim_struct_e9e4f97a6d36fb90;chunk_df8f100886e84bfd856a;claim_struct_e7bbf20972448fa3;chunk_b30b2c401321bfd9dbf3;chunk_b5b396dd28db00950a9e;claim_struct_9bdcc19f4f08ca42;chunk_33135719a72e1757a14d;claim_struct_743655e92d8ce1b8;chunk_0a7741bee4746c25cc12;claim_struct_8b3d2c4c2c30fc8f;chunk_9536b3316a46b2dee1a9;claim_struct_a8830afe22a784ab;chunk_3234de8341cb806b9df6;claim_struct_a3f0a328a115c82c;chunk_9fc4fbb94f5978da5fa7;claim_struct_ad674df9a2ec6d1c;chunk_002e0af07587b251752f;claim_struct_3fd0f50fe136ba24;chunk_a07f616ac30310f6faa3;chunk_dd38766cf5af9bbb9e38;claim_struct_7b2d03a547c2271f;chunk_2c82b7e414372849f471;claim_struct_94d12aaeda53e451;chunk_c3fabcc7ace6cf04f6c5;claim_struct_4056b973a82b1200;chunk_b2ccac77631f21ff0087;claim_struct_16bf1e42c2efebfa;chunk_ddbc558f38b12054945a;chunk_7519431f90e107f1736f;claim_struct_78b53c0e2fa51727;chunk_869d5cf425aac2939f9a;claim_struct_e9ce441c2ee345a3;chunk_476386f82283c445618e;claim_struct_788f8ac8b0034337;claim_struct_f7fc552da0a89a9e;chunk_6d93132c5b47670b374f;claim_struct_8ca54ca681d21bbc;chunk_7c9910c7267008a75f3c;claim_struct_fa0933e0d607fc58;chunk_20479ed0255d2bb5fb00;chunk_f70006a5dbb6a890f16f;chunk_fe26dc92858d4b96b171;chunk_0b019fc789cec76173a6;claim_struct_b1b5dfd654e0bc1f;chunk_0d0aae842aee66bb51c0;claim_struct_f13c3b8635994102;chunk_39bd4b90e138f733ce93;chunk_2650d1ff997ce776ca80;claim_struct_27b5991902f6c773;chunk_8498cdb7802326dcf7cc;claim_struct_b7c50fbb9e986442;chunk_7ab3a9473e49eb2e1347;chunk_f0a48512c40ac08544b0;chunk_1f945a4e6c57f6a91530;chunk_39aa8ef15f5949ead0c3,candidate,Promoted by distinct-compound prevalence within the reported ginsenoside fragment catalog.
frag_consensus_19ca321b03abb2,ginsenoside,,783.5,negative,class consensus fragment (14 compounds),class_consensus_frequency,14,0.0657,14,FALSE,chunk_550e85352df64c6bed8f;chunk_c8b2327b32b8e77f84aa;chunk_2628587dd5ae8e4c0654;claim_struct_c0a7a3f504ee444f;chunk_61cc3475ac19b478f9c8;claim_struct_7efc524a033dc768;chunk_ccffdfc75154a4c39823;claim_struct_291c422816786efb;chunk_996fc906ea2c371394fd;chunk_396c9b6b19717859101f;claim_struct_bce8524c25c46d20;chunk_715fa770ee9e23e800b1;claim_struct_b4d9604fd757e6de;chunk_93badd385d996c9aed5c;claim_struct_39b0629022828b1e;chunk_854dc94d845782282241;chunk_c90fead16a31651662ad;claim_struct_34b5400221893ee1;chunk_bd6651c098c24c8b42ea;claim_struct_6d248f8731f3d193;chunk_55f210c2f49de2004f27;chunk_e36fff589d05b0bd4f96;claim_struct_65c4540cae3b421c;chunk_4b5575185ac04dbbf9ca;claim_struct_7901809ffa12df9a;chunk_50a0716ff6fb1d42b86f;claim_struct_767dc666d4d05a72;chunk_568b49363764f10e05ca;claim_struct_08e4e0b00d934091;chunk_f0a48512c40ac08544b0;claim_struct_e9c360437bb86896;chunk_2650d1ff997ce776ca80;claim_struct_16594435959bd753;chunk_0a285cbc653405c6972a;claim_struct_0b7fb147a7129c59;chunk_476386f82283c445618e;claim_struct_d87bbf59062b38aa;chunk_39aa8ef15f5949ead0c3;claim_struct_3e5d228d2290e7b5;chunk_df9e2664ab1b7a1137b6;claim_struct_a06fab47c8771a32;chunk_2d345f4b12c50d054ab9;chunk_3eea430edf01c4e20c82;claim_struct_2c8daaf2b7fea5f9;chunk_0a7741bee4746c25cc12;claim_struct_747c1ed63de12f41;chunk_3eef6471b6cdf081af4a;claim_struct_9aeefebfc259c31b;chunk_0481201ed609cb07d833;claim_struct_91f8150d6462de13;chunk_dd909ee5a09e72102d67;claim_struct_321ce821a11415ac;chunk_c646401d2e906e38f260;claim_struct_3157a6252ffade9a;chunk_7c9910c7267008a75f3c;claim_struct_4c300b8f0e40742e;chunk_37855f83a8342db43dbe;claim_struct_7341a681586a1daf;chunk_5841c168bd2ba0ca31fe;claim_struct_6c2464f1c8378699;chunk_bab331e46f20ebf60a25;claim_struct_6e7b8ad3fca0a215;chunk_05763dd3f38136cb1ae0;claim_struct_ef21c46c4bc0ab61;chunk_9fd23e120284663f1c75;claim_struct_0ba38cfb8139b30b;chunk_a9bfb981426416d043aa;claim_struct_9df1bd51df14b8a8;chunk_8b7b3892e822b72d7eda;claim_struct_d3a65bd16a8a7320;chunk_b2c4498f6ac24d8852c2;claim_struct_98f2f071ce0cd5f6;chunk_fce95e25123bb51ed9d1;claim_struct_7c0328caac8a3ec2;chunk_869d5cf425aac2939f9a;chunk_32d3d275956dffdaee25;chunk_aab2c0acdec5a9d1231e;chunk_09e4d69a65b0f11dbce9;claim_struct_50cb7e6f2e415088;chunk_f0fb0dbd170263a39611;claim_struct_49ea5a7447bc5df2;chunk_36335c48873ce2c7c546;claim_struct_55dad79cf503cdb3;chunk_c172023bd1f1f4072366;claim_struct_23cc3dacfd142f3f;chunk_f62d97f2af1b5c010597;chunk_80bfa2896df4fa2a9e7a;chunk_9fc4fbb94f5978da5fa7;claim_struct_8df15b31e3a0db02;chunk_9c6ba1d3aa4dfe562857;chunk_c4c9fa68428f6a783677;chunk_92c648f4a1985dd9e150;claim_struct_4c28f712984ad795;chunk_77bea7f5c6bbef5c402a;claim_struct_b1a4ab5ee8576224;claim_struct_ba2915c5edce7b98;chunk_53a3c3e1ea5838a2c45f;claim_struct_0a9560c26078a936;chunk_8e3994ffa45c83dc56d6;claim_struct_231984737a65c4d1;chunk_e850675552db76b29ee9,candidate,Promoted by distinct-compound prevalence within the reported ginsenoside fragment catalog.
frag_consensus_17b9975caa02a8,ginsenoside,,1077.59,negative,class consensus fragment (13 compounds),class_consensus_frequency,13,0.061,15,FALSE,chunk_84232ac5b40e12637240;chunk_ddbc558f38b12054945a;chunk_6cd549351d3ab4c51a02;chunk_9f93d616b48dc6c4b28a;claim_struct_d755ca6aec6a7b09;chunk_296efb1406e5dc703bcc;claim_struct_a4ad9d1eca6ffd34;chunk_18f822eeef9be289989a;chunk_2f0c92d4ba6e44b12557;claim_struct_5005c0d24ac7cf25;chunk_9d8e87c18587fd032c9f;claim_struct_cc58d86a83805e8a;chunk_7ab3a9473e49eb2e1347;claim_struct_66c586000604fbe6;chunk_98984d1f4b95d9574cbc;claim_struct_9a8ca94447aeb4dd;chunk_e14520e195f2ba1a644f;claim_struct_ccafcfce17b68924;chunk_55f210c2f49de2004f27;chunk_e36fff589d05b0bd4f96;claim_struct_65c4540cae3b421c;chunk_4b5575185ac04dbbf9ca;claim_struct_7901809ffa12df9a;chunk_50a0716ff6fb1d42b86f;claim_struct_767dc666d4d05a72;chunk_568b49363764f10e05ca;claim_struct_08e4e0b00d934091;chunk_f0a48512c40ac08544b0;claim_struct_e9c360437bb86896;chunk_2650d1ff997ce776ca80;claim_struct_16594435959bd753;chunk_0a285cbc653405c6972a;claim_struct_0b7fb147a7129c59;chunk_476386f82283c445618e;claim_struct_d87bbf59062b38aa;chunk_39aa8ef15f5949ead0c3;claim_struct_3e5d228d2290e7b5;chunk_df9e2664ab1b7a1137b6;claim_struct_a06fab47c8771a32;chunk_05763dd3f38136cb1ae0;claim_struct_ef21c46c4bc0ab61;chunk_9fd23e120284663f1c75;claim_struct_0ba38cfb8139b30b;chunk_a9bfb981426416d043aa;claim_struct_9df1bd51df14b8a8;chunk_8b7b3892e822b72d7eda;claim_struct_d3a65bd16a8a7320;chunk_b2c4498f6ac24d8852c2;claim_struct_98f2f071ce0cd5f6;chunk_fce95e25123bb51ed9d1;claim_struct_7c0328caac8a3ec2;chunk_ac99fe31e42f34b62171;chunk_2f6f8a757f20e58b3e80;chunk_df8f100886e84bfd856a;chunk_9561ac4f98bfc2e7508e;claim_struct_6a5552b59bbd7e84;chunk_133ccee562bfb2e2d4f9;claim_struct_77cc1f0f96f888e4;chunk_ceaf1c0b68c69db397db;claim_struct_b6804dd56a50f802;chunk_6a70309599669069c78b;claim_struct_894356e340810314;chunk_35d732b7aa3b6d1e7dcf;claim_struct_3d36d5bfdf28bf4d;chunk_c646401d2e906e38f260;claim_struct_dceb8fc54b821355;chunk_8ffa28b78e00a2455654;chunk_3dec00069bfcf8b7e161;chunk_b5fe090dd395e229803f;claim_struct_d8be04e6a8a70f29;chunk_2260222ec38f7ddb65a3;claim_struct_3f65e73215b8149e;chunk_05215cba2cc20e88196f;claim_struct_f233500fa4ae5e46;chunk_175cdc5fd983d2b95ed5;chunk_feee487d444e0c460ebf;chunk_51e6f38ccbff175393ef;chunk_a09b83ec35fcbdd263b0;claim_struct_a86c537847abdafd;chunk_c70031ea53db0656e1cc;chunk_f62d97f2af1b5c010597;claim_struct_39bb648220cc84bb;chunk_1015a4bee7fc626272e7;claim_struct_6c47e1c76f3186a1,candidate,Promoted by distinct-compound prevalence within the reported ginsenoside fragment catalog.
frag_consensus_fd2794215a8b07,ginsenoside,,1107.6,negative,class consensus fragment (12 compounds),class_consensus_frequency,12,0.0563,16,FALSE,chunk_7c2cbe98b4fa28c580ef;chunk_a76efc4d89810bcb74f0;claim_struct_23f3bbf2acdaf938;chunk_02fc64befa8c8d4be87e;claim_struct_cb3f1242f619bda7;chunk_664d9641c7a91df44463;claim_struct_2ab35366cd1f7327;chunk_d134add8cb0ba1834686;claim_struct_9b2648652828b5bb;chunk_8c98e6ef368ab19e849d;chunk_9600315d636f96076e44;claim_struct_3f64eda3f30c1f02;chunk_2f2ddb4c8d902405662d;chunk_aaf6976db5293e1e4958;claim_struct_82b30b50dc6e8277;chunk_3ce929a720771662794a;claim_struct_0a59b8505b24087b;chunk_9331c6d9d26aff836f3d;chunk_fc56392a85f26eec157f;claim_struct_c577d51edca7b4d4;chunk_0ec2daa7eb2f44db7743;chunk_4e18b4015f1a7b313a54;claim_struct_59d73b0c61f39302;claim_struct_1f10ed82a6a99fb5;chunk_98984d1f4b95d9574cbc;claim_struct_2ef1e8033da3a724;chunk_414642d8a93c9930defd;claim_struct_e9e4f97a6d36fb90;chunk_df8f100886e84bfd856a;claim_struct_e7bbf20972448fa3;chunk_b30b2c401321bfd9dbf3;chunk_b5b396dd28db00950a9e;claim_struct_9bdcc19f4f08ca42;chunk_33135719a72e1757a14d;claim_struct_743655e92d8ce1b8;chunk_0a7741bee4746c25cc12;claim_struct_8b3d2c4c2c30fc8f;chunk_9536b3316a46b2dee1a9;claim_struct_a8830afe22a784ab;chunk_3234de8341cb806b9df6;claim_struct_a3f0a328a115c82c;chunk_9fc4fbb94f5978da5fa7;claim_struct_ad674df9a2ec6d1c;chunk_002e0af07587b251752f;claim_struct_3fd0f50fe136ba24;chunk_a07f616ac30310f6faa3;chunk_dd38766cf5af9bbb9e38;claim_struct_7b2d03a547c2271f;chunk_2c82b7e414372849f471;claim_struct_94d12aaeda53e451;chunk_c3fabcc7ace6cf04f6c5;claim_struct_4056b973a82b1200;chunk_b2ccac77631f21ff0087;claim_struct_16bf1e42c2efebfa;chunk_7519431f90e107f1736f;claim_struct_78b53c0e2fa51727;chunk_869d5cf425aac2939f9a;claim_struct_e9ce441c2ee345a3;chunk_476386f82283c445618e;claim_struct_788f8ac8b0034337;claim_struct_f7fc552da0a89a9e;chunk_6d93132c5b47670b374f;claim_struct_8ca54ca681d21bbc;chunk_7c9910c7267008a75f3c;claim_struct_fa0933e0d607fc58;chunk_0692c293240680f00cf3;chunk_aab2c0acdec5a9d1231e;claim_struct_6db102b69ca1a37f;chunk_1eda5cf61ffc0b41234f;claim_struct_4cf71a7f9f6a5985;chunk_374c9dcc69ad41336a9c;claim_struct_9dacfee9497acc2a;chunk_91bcf3554c365a167e59;claim_struct_c3bc8c64d873541c;chunk_f70006a5dbb6a890f16f;chunk_fe26dc92858d4b96b171;chunk_0b019fc789cec76173a6;claim_struct_b1b5dfd654e0bc1f;chunk_0d0aae842aee66bb51c0;claim_struct_f13c3b8635994102;chunk_89a49526eff8480e1436;chunk_e36fff589d05b0bd4f96;chunk_f059e8d6ce6bc62ed2e5;chunk_f2cd48eb184490766ebe,candidate,Promoted by distinct-compound prevalence within the reported ginsenoside fragment catalog.
frag_consensus_43cadf5bad918e,ginsenoside,,783.48,negative,class consensus fragment (11 compounds),class_consensus_frequency,11,0.0516,17,FALSE,chunk_996fc906ea2c371394fd;chunk_396c9b6b19717859101f;claim_struct_bce8524c25c46d20;chunk_715fa770ee9e23e800b1;claim_struct_b4d9604fd757e6de;chunk_93badd385d996c9aed5c;claim_struct_39b0629022828b1e;chunk_d2ee36efb85368dc23d1;chunk_3d617d8ad57e62b642c7;claim_struct_ebe902b802e8fc40;chunk_707d70e5b24450760537;chunk_de99e4a819fb7f2362c1;chunk_3ce929a720771662794a;claim_struct_e221cbfc1dbdebd1;chunk_0b019fc789cec76173a6;claim_struct_e9cea2d79c1fdb6d;chunk_3b867ed59739d5a22268;claim_struct_56d67b9ac821cb46;chunk_175cdc5fd983d2b95ed5;claim_struct_ed70bceb5d60cdd3;chunk_36335c48873ce2c7c546;claim_struct_f982855821349dfa;chunk_e6d5201588cd394abe1e;claim_struct_7b5d9b45844532ad;chunk_c172023bd1f1f4072366;claim_struct_8faf585b09abed65;chunk_0ec2daa7eb2f44db7743;chunk_4e18b4015f1a7b313a54;claim_struct_59d73b0c61f39302;chunk_aaf6976db5293e1e4958;claim_struct_1f10ed82a6a99fb5;chunk_98984d1f4b95d9574cbc;claim_struct_2ef1e8033da3a724;chunk_414642d8a93c9930defd;claim_struct_e9e4f97a6d36fb90;chunk_df8f100886e84bfd856a;claim_struct_e7bbf20972448fa3;chunk_b30b2c401321bfd9dbf3;chunk_b5b396dd28db00950a9e;claim_struct_9bdcc19f4f08ca42;chunk_33135719a72e1757a14d;claim_struct_743655e92d8ce1b8;chunk_0a7741bee4746c25cc12;claim_struct_8b3d2c4c2c30fc8f;chunk_9536b3316a46b2dee1a9;claim_struct_a8830afe22a784ab;chunk_3234de8341cb806b9df6;claim_struct_a3f0a328a115c82c;chunk_9fc4fbb94f5978da5fa7;claim_struct_ad674df9a2ec6d1c;chunk_002e0af07587b251752f;claim_struct_3fd0f50fe136ba24;chunk_a07f616ac30310f6faa3;chunk_dd38766cf5af9bbb9e38;claim_struct_7b2d03a547c2271f;chunk_2c82b7e414372849f471;claim_struct_94d12aaeda53e451;chunk_c3fabcc7ace6cf04f6c5;claim_struct_4056b973a82b1200;chunk_b2ccac77631f21ff0087;claim_struct_16bf1e42c2efebfa;chunk_0692c293240680f00cf3;chunk_aab2c0acdec5a9d1231e;claim_struct_6db102b69ca1a37f;chunk_1eda5cf61ffc0b41234f;claim_struct_4cf71a7f9f6a5985;chunk_374c9dcc69ad41336a9c;claim_struct_9dacfee9497acc2a;chunk_91bcf3554c365a167e59;claim_struct_c3bc8c64d873541c;chunk_2d345f4b12c50d054ab9;chunk_3eea430edf01c4e20c82;claim_struct_2c8daaf2b7fea5f9;claim_struct_747c1ed63de12f41;chunk_3eef6471b6cdf081af4a;claim_struct_9aeefebfc259c31b;chunk_0481201ed609cb07d833;claim_struct_91f8150d6462de13;chunk_dd909ee5a09e72102d67;claim_struct_321ce821a11415ac;chunk_c646401d2e906e38f260;claim_struct_3157a6252ffade9a;chunk_7c9910c7267008a75f3c;claim_struct_4c300b8f0e40742e;chunk_37855f83a8342db43dbe;claim_struct_7341a681586a1daf;chunk_5841c168bd2ba0ca31fe;claim_struct_6c2464f1c8378699;chunk_bab331e46f20ebf60a25;claim_struct_6e7b8ad3fca0a215;chunk_f059e8d6ce6bc62ed2e5;chunk_ef9bb6d4a9d09957c557;claim_struct_0120a05bb852b038;chunk_c86ec2a2865ee7560305;claim_struct_19b386778e8636a8;chunk_32d3d275956dffdaee25;claim_struct_d0afa0e641144638;chunk_fb8986cbb964d5cc051b;claim_struct_d65bf4e633bd7ef1;chunk_a74c7d47a84ba7aafd7f;claim_struct_ebeabc8efa32e634;chunk_0af3ee54d0b17804f1fe;claim_struct_f2822a98587a880f;chunk_8bece37dd089f24fc9c4;claim_struct_75f5d9c9dd3a01cf;chunk_d6962a0f130e4ea6a175;claim_struct_1aa4845edfbbe72f;chunk_46efbd07890aa5ac3a7f;claim_struct_0e79522db2899791;chunk_8ba64f3f1b3cda50595e;claim_struct_71d1d33696e07fb7;chunk_7ce0f8a11e845da300c5;claim_struct_009762e34347f632;chunk_f0fb0dbd170263a39611;chunk_f2cd48eb184490766ebe;chunk_d739fafe97e180a0fa51;claim_struct_1fddc24f1e5b5fc3;chunk_20e092a87c11c4754244;claim_struct_015bd75066f08656;chunk_feee487d444e0c460ebf;chunk_51e6f38ccbff175393ef;chunk_a09b83ec35fcbdd263b0;claim_struct_a86c537847abdafd;chunk_a962891d57892bcb4884;chunk_77bea7f5c6bbef5c402a;claim_struct_0d2c41d51516b9c2,candidate,Promoted by distinct-compound prevalence within the reported ginsenoside fragment catalog.
frag_consensus_d745a514db0448,ginsenoside,,793.44,negative,class consensus fragment (11 compounds),class_consensus_frequency,11,0.0516,18,FALSE,chunk_84b2d1e6449a96ff9bbe;chunk_dd38766cf5af9bbb9e38;claim_struct_2943832e81374c11;chunk_7519431f90e107f1736f;chunk_abeb54b16c535d32f9f1;claim_struct_d2845c380d4c304d;chunk_d95386c7dce56ddc065c;claim_struct_7b135461e7a31c59;chunk_b2ccac77631f21ff0087;claim_struct_bed88ac09ef666ea;chunk_8ffa28b78e00a2455654;claim_struct_a088900f36d0d08f;chunk_4c9bb249b2cebe917e64;claim_struct_3808674f3d303b72;chunk_a1805dae0ab969b92d9b;chunk_5b173a9a641a8fe521c1;claim_struct_f43bfcb57f48d8b6;chunk_9d8e87c18587fd032c9f;claim_struct_b775a7ba1815b3bd;chunk_1a9c74f9d4969dc6ae23;claim_struct_d666735b3b3e7f4f;chunk_5106648906af0e45a9b5;chunk_38304d052dd5fcd54dde;claim_struct_911ca95cb67a61c2;chunk_999e859800fb40cc99ff;claim_struct_0b4a4250a4066974;chunk_52d793746aa180be918e;chunk_3fefbadade88466595c7;claim_struct_aaee88b6a55b7855;chunk_d134add8cb0ba1834686;chunk_8ba64f3f1b3cda50595e;chunk_63b4fb4714c91f4cbafa;claim_struct_2dca914c9b097b6b;chunk_38b4a3259ed1cee22f8b;claim_struct_d409014e8ebe88b5;chunk_3b867ed59739d5a22268;chunk_71567c3b0f3b034bed3f;claim_struct_c67dfc381fb437e8;chunk_f1834721f5ec0529066f;claim_struct_917552f3127db948;chunk_0edb26f83e294661a107;claim_struct_d0f05915ddfc983a;chunk_ddf20c4304c1d86a4b32;chunk_fe26dc92858d4b96b171;chunk_bab331e46f20ebf60a25;chunk_987ee19feda74f49d5ba;claim_struct_ee39df8ccf7d54fa;chunk_f27ee7e99dc5afeda6a1;claim_struct_1a7bd16fac9e05f0,candidate,Promoted by distinct-compound prevalence within the reported ginsenoside fragment catalog.
frag_consensus_752e98f15fd872,ginsenoside,,945.53,negative,class consensus fragment (11 compounds),class_consensus_frequency,11,0.0516,19,FALSE,chunk_37e5c43899f783af90f9;chunk_b8b9a5fae780b9d8b381;claim_struct_5de68e3d0cdd7545;chunk_9fd23e120284663f1c75;claim_struct_6e2f136a5d5af41e;chunk_bfa15bc39fdc8146ca2c;claim_struct_5b9a432729dd74a4;chunk_854dc94d845782282241;chunk_c90fead16a31651662ad;claim_struct_34b5400221893ee1;chunk_bd6651c098c24c8b42ea;claim_struct_6d248f8731f3d193;chunk_8c98e6ef368ab19e849d;chunk_9600315d636f96076e44;claim_struct_3f64eda3f30c1f02;chunk_2f2ddb4c8d902405662d;chunk_aaf6976db5293e1e4958;claim_struct_82b30b50dc6e8277;chunk_3ce929a720771662794a;claim_struct_0a59b8505b24087b;chunk_0ec2daa7eb2f44db7743;chunk_4e18b4015f1a7b313a54;claim_struct_59d73b0c61f39302;claim_struct_1f10ed82a6a99fb5;chunk_98984d1f4b95d9574cbc;claim_struct_2ef1e8033da3a724;chunk_414642d8a93c9930defd;claim_struct_e9e4f97a6d36fb90;chunk_df8f100886e84bfd856a;claim_struct_e7bbf20972448fa3;chunk_b30b2c401321bfd9dbf3;chunk_b5b396dd28db00950a9e;claim_struct_9bdcc19f4f08ca42;chunk_33135719a72e1757a14d;claim_struct_743655e92d8ce1b8;chunk_0a7741bee4746c25cc12;claim_struct_8b3d2c4c2c30fc8f;chunk_9536b3316a46b2dee1a9;claim_struct_a8830afe22a784ab;chunk_3234de8341cb806b9df6;claim_struct_a3f0a328a115c82c;chunk_9fc4fbb94f5978da5fa7;claim_struct_ad674df9a2ec6d1c;chunk_002e0af07587b251752f;claim_struct_3fd0f50fe136ba24;chunk_a07f616ac30310f6faa3;chunk_dd38766cf5af9bbb9e38;claim_struct_7b2d03a547c2271f;chunk_2c82b7e414372849f471;claim_struct_94d12aaeda53e451;chunk_c3fabcc7ace6cf04f6c5;claim_struct_4056b973a82b1200;chunk_b2ccac77631f21ff0087;claim_struct_16bf1e42c2efebfa;chunk_a1805dae0ab969b92d9b;claim_struct_45e124a9b3d1c296;chunk_55f210c2f49de2004f27;chunk_e36fff589d05b0bd4f96;claim_struct_65c4540cae3b421c;chunk_4b5575185ac04dbbf9ca;claim_struct_7901809ffa12df9a;chunk_50a0716ff6fb1d42b86f;claim_struct_767dc666d4d05a72;chunk_568b49363764f10e05ca;claim_struct_08e4e0b00d934091;chunk_f0a48512c40ac08544b0;claim_struct_e9c360437bb86896;chunk_2650d1ff997ce776ca80;claim_struct_16594435959bd753;chunk_0a285cbc653405c6972a;claim_struct_0b7fb147a7129c59;chunk_476386f82283c445618e;claim_struct_d87bbf59062b38aa;chunk_39aa8ef15f5949ead0c3;claim_struct_3e5d228d2290e7b5;chunk_df9e2664ab1b7a1137b6;claim_struct_a06fab47c8771a32;chunk_9f93d616b48dc6c4b28a;chunk_8ef2b2304209d04d794e;chunk_5841c168bd2ba0ca31fe;claim_struct_1e65c2b6842193cf;chunk_8b7b3892e822b72d7eda;claim_struct_8193862fd094a499;chunk_6d60ab00db89febbcef4;claim_struct_9a916a30eecf7f1f;chunk_133ccee562bfb2e2d4f9;claim_struct_6fa67cdf3d20e21f;chunk_869d5cf425aac2939f9a;chunk_32d3d275956dffdaee25;chunk_aab2c0acdec5a9d1231e;chunk_09e4d69a65b0f11dbce9;claim_struct_50cb7e6f2e415088;chunk_f0fb0dbd170263a39611;claim_struct_49ea5a7447bc5df2;chunk_36335c48873ce2c7c546;claim_struct_55dad79cf503cdb3;chunk_c172023bd1f1f4072366;claim_struct_23cc3dacfd142f3f;chunk_f2cd48eb184490766ebe;chunk_d6962a0f130e4ea6a175;claim_struct_89c9981afe652af4;chunk_441cb21f8494a5e0c20e;claim_struct_bc16d1d1dbbd3935;chunk_0481201ed609cb07d833;claim_struct_85cf3ca0b4c5618b,candidate,Promoted by distinct-compound prevalence within the reported ginsenoside fragment catalog.
frag_consensus_a3db6518eb92e9,ginsenoside,,943.53,negative,class consensus fragment (10 compounds),class_consensus_frequency,10,0.0469,20,FALSE,chunk_bb6f7a0fbb615d1d99ec;chunk_1e766e15f6972121fe14;claim_struct_71436ba4efd2150e;chunk_102851b28cd2684daced;chunk_aa8d8b3dde7329892a70;chunk_f70006a5dbb6a890f16f;claim_struct_6b08c9dcd803c2e2;chunk_7df389109b302b19a68c;chunk_2d345f4b12c50d054ab9;chunk_ac99fe31e42f34b62171;claim_struct_49dfcc75acdb2633;chunk_8d1f745d2917756178b6;claim_struct_ec2fd1151c8dd3b0;chunk_3e4eaa256ea0fe4e6944;chunk_078952a531a177152e4d;chunk_45cfe46e9d300a303827;chunk_38b4a3259ed1cee22f8b;chunk_88e8e2b26c7dc04926aa;claim_struct_edb135c3526e3e1d;chunk_1a9c74f9d4969dc6ae23,candidate,Promoted by distinct-compound prevalence within the reported ginsenoside fragment catalog.
frag_consensus_a22027f4817da8,ginsenoside,,961.54,negative,class consensus fragment (10 compounds),class_consensus_frequency,10,0.0469,21,FALSE,chunk_188e635f0b7593e321dd;chunk_8cdca72f5667564738c1;claim_struct_cd353f0b224225bb;chunk_13fbe66f13876cc2e9c1;claim_struct_77c12b405bb3ca92;chunk_8928147b2d1e400d0545;claim_struct_d9d28e66b6bd9c1d;chunk_43240e98b2f132bb1d7e;chunk_95b531900eb2c4790585;chunk_b749afe70ce7884623d1;chunk_90148ca57831ca732d59;claim_struct_d54e1efeb3720bae;chunk_e5369181e2b751ff7b26;chunk_0527753e50048eef9aac;claim_struct_a29dd705efe4cdbc;chunk_e8968b11280e0c0c857c;claim_struct_bde7f98748603330;chunk_009ab754e9d277eb12be;claim_struct_a10561b565ee2190;chunk_3d617d8ad57e62b642c7;chunk_87a46ba163c8b1e6b279;claim_struct_0f8697544990f239;chunk_707d70e5b24450760537;chunk_cb54ab4de85b0beef2be;chunk_1ad80e1d040fd2050c34,candidate,Promoted by distinct-compound prevalence within the reported ginsenoside fragment catalog.
frag_consensus_43ebf689a6e1cb,ginsenoside,,455.35,negative,class consensus fragment (9 compounds),class_consensus_frequency,9,0.0423,22,FALSE,chunk_7519431f90e107f1736f;chunk_abeb54b16c535d32f9f1;claim_struct_d2845c380d4c304d;chunk_d95386c7dce56ddc065c;claim_struct_7b135461e7a31c59;chunk_b2ccac77631f21ff0087;claim_struct_bed88ac09ef666ea;chunk_8ffa28b78e00a2455654;claim_struct_a088900f36d0d08f;chunk_4c9bb249b2cebe917e64;claim_struct_3808674f3d303b72;chunk_a1805dae0ab969b92d9b;chunk_5b173a9a641a8fe521c1;claim_struct_f43bfcb57f48d8b6;chunk_9d8e87c18587fd032c9f;claim_struct_b775a7ba1815b3bd;chunk_1a9c74f9d4969dc6ae23;claim_struct_d666735b3b3e7f4f;chunk_d134add8cb0ba1834686;chunk_8ba64f3f1b3cda50595e;chunk_63b4fb4714c91f4cbafa;claim_struct_2dca914c9b097b6b;chunk_38b4a3259ed1cee22f8b;claim_struct_d409014e8ebe88b5;chunk_ddf20c4304c1d86a4b32;chunk_b2c4498f6ac24d8852c2;chunk_e402f9f031ae29159ebf;chunk_4b012876ea4bcc012be5;claim_struct_b4ab82e4f2960a81;chunk_95f9f0c8cef7f2db7ca5;claim_struct_a7a0834765f11bbb;chunk_dd909ee5a09e72102d67;claim_struct_4655167e8d0affb6;chunk_37855f83a8342db43dbe;claim_struct_add1810eb194f6b7;chunk_92c648f4a1985dd9e150;chunk_77bea7f5c6bbef5c402a;claim_struct_43ba6e108d354e60;chunk_bab331e46f20ebf60a25;chunk_987ee19feda74f49d5ba;claim_struct_ee39df8ccf7d54fa;chunk_f27ee7e99dc5afeda6a1;claim_struct_1a7bd16fac9e05f0,candidate,Promoted by distinct-compound prevalence within the reported ginsenoside fragment catalog.
frag_consensus_e0b0fc09c97117,ginsenoside,,491.37,negative,class consensus fragment (9 compounds),class_consensus_frequency,9,0.0423,23,FALSE,chunk_558f277475b24d9fc2fa;chunk_631615057193b28c35a3;claim_struct_de81b51042b910f6;chunk_40161806d9346a35bb9b;chunk_cf0bac6ddb68865e7635;claim_struct_0877950e03781bcf;claim_struct_09dddbf8cb8e7270;chunk_4d4bb0ef118d03837386;claim_struct_b451f27ef22dead5;chunk_396c9b6b19717859101f;claim_struct_f6692a86f906def0;chunk_6cd6e15ed0f6d787210a;chunk_54af3f448b1464d459b9;claim_struct_edc12ef25c629405;chunk_009ab754e9d277eb12be;claim_struct_1c464e1eecba5c96;chunk_fd6d2907fdfc8080b57a;claim_struct_ebdac43e044d243c;chunk_c1a474386fbcd10f5656;claim_struct_ed2f374ca4c171c9;chunk_a4155b8722f56af61f12;claim_struct_364e54b0c2e0078a;claim_struct_fc2bc7c72e5b66e3;chunk_d1c689472a06085ce17c;claim_struct_4b47774f4ecd11ec;chunk_52cf672db56806aea90b;claim_struct_52c86a5b7183ddbb;chunk_42a0d9dc1b46b8a70d9e;chunk_c1077fde30e2da8f2a3b;chunk_2a111a871f7ba342e31b;claim_struct_47831d74e0745792;chunk_9b548286d6dd6193a260;claim_struct_225cee686ae406c7;chunk_459735b7e268c2585f6a;chunk_854dc94d845782282241;claim_struct_498bda6e124b6e3c;chunk_8b0d4fd16f7534c1e694;chunk_62763fcbed0ade364055;chunk_d2ee36efb85368dc23d1,candidate,Promoted by distinct-compound prevalence within the reported ginsenoside fragment catalog.
frag_consensus_e57a025ae43721,ginsenoside,,619.42,negative,class consensus fragment (9 compounds),class_consensus_frequency,9,0.0423,24,FALSE,chunk_715fa770ee9e23e800b1;chunk_76bc81351df6f4f02906;claim_struct_4d9d60d2a08feb2d;chunk_7cc713cf1e3af6bfe201;claim_struct_6c05137e9e3a8743;chunk_5d00d7ef7cf98bd9d6c9;claim_struct_7b44ca5ab4511e09;claim_struct_db06c9bb59bf865b;chunk_bb6f7a0fbb615d1d99ec;chunk_1e766e15f6972121fe14;claim_struct_71436ba4efd2150e;chunk_2d345f4b12c50d054ab9;chunk_ac99fe31e42f34b62171;claim_struct_49dfcc75acdb2633;chunk_8d1f745d2917756178b6;claim_struct_ec2fd1151c8dd3b0;chunk_de99e4a819fb7f2362c1;chunk_1a9c74f9d4969dc6ae23;chunk_88e8e2b26c7dc04926aa;chunk_95f9f0c8cef7f2db7ca5;chunk_441cb21f8494a5e0c20e;chunk_8e3994ffa45c83dc56d6;chunk_37855f83a8342db43dbe;claim_struct_4ff22bf7e0eba826;chunk_987ee19feda74f49d5ba;claim_struct_2c971293aee31ef0,candidate,Promoted by distinct-compound prevalence within the reported ginsenoside fragment catalog.
frag_consensus_d58403c8b11a5d,ginsenoside,,637.44,negative,class consensus fragment (9 compounds),class_consensus_frequency,9,0.0423,25,FALSE,chunk_b8b8247081a5df6d2fce;chunk_43240e98b2f132bb1d7e;chunk_e5369181e2b751ff7b26;chunk_33ccc43f84d5c18f8719;claim_struct_b56147234269d9aa;chunk_9c6794a22aaa3330ed7c;chunk_71a02ea07eb25f34f97d;claim_struct_2ad81e99ed7456a1;chunk_820b3d4385e04b5d2e07;chunk_61cc3475ac19b478f9c8;claim_struct_5448bdf384b40e24;chunk_e8968b11280e0c0c857c;claim_struct_e940e9faf8dda6ab;chunk_715fa770ee9e23e800b1;chunk_76bc81351df6f4f02906;claim_struct_4d9d60d2a08feb2d;chunk_7cc713cf1e3af6bfe201;claim_struct_6c05137e9e3a8743;chunk_5d00d7ef7cf98bd9d6c9;claim_struct_7b44ca5ab4511e09;claim_struct_db06c9bb59bf865b;chunk_3d617d8ad57e62b642c7;chunk_87a46ba163c8b1e6b279;claim_struct_0f8697544990f239;chunk_544962d9e757af72b5fb;chunk_d134add8cb0ba1834686;claim_struct_5dc4761c47a618a6,candidate,Promoted by distinct-compound prevalence within the reported ginsenoside fragment catalog.
frag_consensus_c753ca3a4a33aa,ginsenoside,,613.37,negative,class consensus fragment (8 compounds),class_consensus_frequency,8,0.0376,26,FALSE,chunk_7519431f90e107f1736f;chunk_abeb54b16c535d32f9f1;claim_struct_d2845c380d4c304d;chunk_d95386c7dce56ddc065c;claim_struct_7b135461e7a31c59;chunk_b2ccac77631f21ff0087;claim_struct_bed88ac09ef666ea;chunk_8ffa28b78e00a2455654;claim_struct_a088900f36d0d08f;chunk_4c9bb249b2cebe917e64;claim_struct_3808674f3d303b72;chunk_a1805dae0ab969b92d9b;chunk_5b173a9a641a8fe521c1;claim_struct_f43bfcb57f48d8b6;chunk_9d8e87c18587fd032c9f;claim_struct_b775a7ba1815b3bd;chunk_1a9c74f9d4969dc6ae23;claim_struct_d666735b3b3e7f4f;chunk_d134add8cb0ba1834686;chunk_8ba64f3f1b3cda50595e;chunk_63b4fb4714c91f4cbafa;claim_struct_2dca914c9b097b6b;chunk_38b4a3259ed1cee22f8b;claim_struct_d409014e8ebe88b5;chunk_ddf20c4304c1d86a4b32;chunk_e402f9f031ae29159ebf;chunk_4b012876ea4bcc012be5;claim_struct_b4ab82e4f2960a81;chunk_95f9f0c8cef7f2db7ca5;claim_struct_a7a0834765f11bbb;chunk_dd909ee5a09e72102d67;claim_struct_4655167e8d0affb6;chunk_37855f83a8342db43dbe;claim_struct_add1810eb194f6b7;chunk_92c648f4a1985dd9e150;chunk_77bea7f5c6bbef5c402a;claim_struct_43ba6e108d354e60;chunk_bab331e46f20ebf60a25;chunk_987ee19feda74f49d5ba;claim_struct_ee39df8ccf7d54fa;chunk_f27ee7e99dc5afeda6a1;claim_struct_1a7bd16fac9e05f0,candidate,Promoted by distinct-compound prevalence within the reported ginsenoside fragment catalog.
frag_consensus_f4dea0c0c0c115,ginsenoside,,653.43,negative,class consensus fragment (8 compounds),class_consensus_frequency,8,0.0376,27,FALSE,chunk_fbd928d3aa8d261e9dea;chunk_558f277475b24d9fc2fa;chunk_40161806d9346a35bb9b;chunk_cf0bac6ddb68865e7635;claim_struct_0877950e03781bcf;claim_struct_09dddbf8cb8e7270;chunk_4d4bb0ef118d03837386;claim_struct_b451f27ef22dead5;chunk_396c9b6b19717859101f;claim_struct_f6692a86f906def0;chunk_6cd6e15ed0f6d787210a;chunk_54af3f448b1464d459b9;claim_struct_edc12ef25c629405;chunk_009ab754e9d277eb12be;claim_struct_1c464e1eecba5c96;chunk_fd6d2907fdfc8080b57a;claim_struct_ebdac43e044d243c;chunk_c1a474386fbcd10f5656;claim_struct_ed2f374ca4c171c9;chunk_a4155b8722f56af61f12;claim_struct_364e54b0c2e0078a;claim_struct_fc2bc7c72e5b66e3;chunk_d1c689472a06085ce17c;claim_struct_4b47774f4ecd11ec;chunk_52cf672db56806aea90b;claim_struct_52c86a5b7183ddbb;chunk_42a0d9dc1b46b8a70d9e;chunk_c1077fde30e2da8f2a3b;chunk_2a111a871f7ba342e31b;claim_struct_47831d74e0745792;chunk_9b548286d6dd6193a260;claim_struct_225cee686ae406c7;chunk_459735b7e268c2585f6a;chunk_854dc94d845782282241;claim_struct_498bda6e124b6e3c;chunk_62763fcbed0ade364055;chunk_1a27d566f407cc291cd9;chunk_3af9af2d18b2b5cade67,candidate,Promoted by distinct-compound prevalence within the reported ginsenoside fragment catalog.
frag_consensus_409dad25eb1824,ginsenoside,,655.44,negative,class consensus fragment (8 compounds),class_consensus_frequency,8,0.0376,28,FALSE,chunk_c1077fde30e2da8f2a3b;chunk_b6c97d33f4173f2f6c15;chunk_8b0d4fd16f7534c1e694;chunk_2ee26889a566d55b31ef;claim_struct_0406f02e4620f67e;chunk_e5369181e2b751ff7b26;chunk_33ccc43f84d5c18f8719;claim_struct_b56147234269d9aa;chunk_8bdacd1fb3e8babbc78b;chunk_1a27d566f407cc291cd9;chunk_820b3d4385e04b5d2e07;chunk_61cc3475ac19b478f9c8;claim_struct_5448bdf384b40e24;chunk_8281cfafbfbe15063f30,candidate,Promoted by distinct-compound prevalence within the reported ginsenoside fragment catalog.
frag_consensus_02f069640afe8f,ginsenoside,,731.44,negative,class consensus fragment (8 compounds),class_consensus_frequency,8,0.0376,29,FALSE,chunk_84b2d1e6449a96ff9bbe;chunk_dd38766cf5af9bbb9e38;claim_struct_2943832e81374c11;chunk_7519431f90e107f1736f;chunk_abeb54b16c535d32f9f1;claim_struct_d2845c380d4c304d;chunk_d95386c7dce56ddc065c;claim_struct_7b135461e7a31c59;chunk_b2ccac77631f21ff0087;claim_struct_bed88ac09ef666ea;chunk_8ffa28b78e00a2455654;claim_struct_a088900f36d0d08f;chunk_4c9bb249b2cebe917e64;claim_struct_3808674f3d303b72;chunk_a1805dae0ab969b92d9b;chunk_5b173a9a641a8fe521c1;claim_struct_f43bfcb57f48d8b6;chunk_9d8e87c18587fd032c9f;claim_struct_b775a7ba1815b3bd;chunk_1a9c74f9d4969dc6ae23;claim_struct_d666735b3b3e7f4f;chunk_52d793746aa180be918e;chunk_3fefbadade88466595c7;claim_struct_aaee88b6a55b7855;chunk_3b867ed59739d5a22268;chunk_71567c3b0f3b034bed3f;claim_struct_c67dfc381fb437e8;chunk_f1834721f5ec0529066f;claim_struct_917552f3127db948;chunk_0edb26f83e294661a107;claim_struct_d0f05915ddfc983a;chunk_fc3fc7bf14bd308e8773;chunk_bab331e46f20ebf60a25;chunk_987ee19feda74f49d5ba;claim_struct_ee39df8ccf7d54fa;chunk_f27ee7e99dc5afeda6a1;claim_struct_1a7bd16fac9e05f0,candidate,Promoted by distinct-compound prevalence within the reported ginsenoside fragment catalog.
frag_consensus_e04b1c8d3ad8f0,ginsenoside,,817.5,negative,class consensus fragment (8 compounds),class_consensus_frequency,8,0.0376,30,FALSE,chunk_05cd80d726df209742d4;chunk_fbd928d3aa8d261e9dea;claim_struct_503a4f9e10ddd7c7;chunk_b6c97d33f4173f2f6c15;chunk_8b0d4fd16f7534c1e694;chunk_2ee26889a566d55b31ef;claim_struct_0406f02e4620f67e;chunk_62763fcbed0ade364055;chunk_e5369181e2b751ff7b26;chunk_33ccc43f84d5c18f8719;claim_struct_b56147234269d9aa;chunk_8bdacd1fb3e8babbc78b;chunk_eca058a9488cfecfed6a;chunk_820b3d4385e04b5d2e07;chunk_61cc3475ac19b478f9c8;claim_struct_5448bdf384b40e24,candidate,Promoted by distinct-compound prevalence within the reported ginsenoside fragment catalog.
frag_consensus_343f65488f351a,ginsenoside,,457.37,negative,class consensus fragment (7 compounds),class_consensus_frequency,7,0.0329,31,FALSE,chunk_bb6f7a0fbb615d1d99ec;chunk_1e766e15f6972121fe14;claim_struct_71436ba4efd2150e;chunk_2d345f4b12c50d054ab9;chunk_ac99fe31e42f34b62171;claim_struct_49dfcc75acdb2633;chunk_8d1f745d2917756178b6;claim_struct_ec2fd1151c8dd3b0;chunk_de99e4a819fb7f2362c1;chunk_1a9c74f9d4969dc6ae23;chunk_95f9f0c8cef7f2db7ca5;chunk_441cb21f8494a5e0c20e;chunk_8e3994ffa45c83dc56d6;chunk_37855f83a8342db43dbe;claim_struct_4ff22bf7e0eba826;chunk_987ee19feda74f49d5ba;claim_struct_2c971293aee31ef0,candidate,Promoted by distinct-compound prevalence within the reported ginsenoside fragment catalog.
frag_consensus_ad1a9c5e630e2f,ginsenoside,,635.42,negative,class consensus fragment (7 compounds),class_consensus_frequency,7,0.0329,32,FALSE,chunk_558f277475b24d9fc2fa;chunk_631615057193b28c35a3;claim_struct_de81b51042b910f6;chunk_42a0d9dc1b46b8a70d9e;chunk_b749afe70ce7884623d1;chunk_9f70c849b6160869bf4c;claim_struct_a0d42941149faaa1;chunk_cfb39ba3355e1c430b34;chunk_70ee31f1ea683e9c98f8;claim_struct_5ed6926f31be9d10;chunk_64504ab5fad5cb0a0a70;chunk_8c98e6ef368ab19e849d;chunk_02fc64befa8c8d4be87e,candidate,Promoted by distinct-compound prevalence within the reported ginsenoside fragment catalog.
frag_consensus_070ca99204a821,ginsenoside,,961.53,negative,class consensus fragment (7 compounds),class_consensus_frequency,7,0.0329,33,FALSE,chunk_a4155b8722f56af61f12;chunk_d1c689472a06085ce17c;claim_struct_56d3e67f060b7cb2;chunk_9c6794a22aaa3330ed7c;claim_struct_f319a7a417e31ed9;chunk_2628587dd5ae8e4c0654;chunk_c8b2327b32b8e77f84aa;claim_struct_4d4d2beed9485400;chunk_cfb39ba3355e1c430b34;claim_struct_ebf17da4a23caf90;chunk_6cd6e15ed0f6d787210a;claim_struct_c13a5a243b2b40c5;chunk_009ab754e9d277eb12be;claim_struct_95cff872892a1bf0;chunk_d637bf42580ae5cb9761;chunk_188e635f0b7593e321dd;chunk_8cdca72f5667564738c1;claim_struct_cd353f0b224225bb;chunk_13fbe66f13876cc2e9c1;claim_struct_77c12b405bb3ca92;chunk_8928147b2d1e400d0545;claim_struct_d9d28e66b6bd9c1d;chunk_b749afe70ce7884623d1;chunk_90148ca57831ca732d59;claim_struct_d54e1efeb3720bae;chunk_99fb4a9f6b915dfc6dc5;chunk_459735b7e268c2585f6a;chunk_b67dc221b89959e5d714;chunk_55f210c2f49de2004f27;claim_struct_4a02b5b7a9a61f2f,candidate,Promoted by distinct-compound prevalence within the reported ginsenoside fragment catalog.
frag_consensus_2eb39615408437,ginsenoside,,653.42,negative,class consensus fragment (6 compounds),class_consensus_frequency,6,0.0282,34,FALSE,chunk_558f277475b24d9fc2fa;chunk_40161806d9346a35bb9b;chunk_cf0bac6ddb68865e7635;claim_struct_0877950e03781bcf;claim_struct_09dddbf8cb8e7270;chunk_4d4bb0ef118d03837386;claim_struct_b451f27ef22dead5;chunk_396c9b6b19717859101f;claim_struct_f6692a86f906def0;chunk_6cd6e15ed0f6d787210a;chunk_54af3f448b1464d459b9;claim_struct_edc12ef25c629405;chunk_009ab754e9d277eb12be;claim_struct_1c464e1eecba5c96;chunk_fd6d2907fdfc8080b57a;claim_struct_ebdac43e044d243c;chunk_c1a474386fbcd10f5656;claim_struct_ed2f374ca4c171c9;chunk_a4155b8722f56af61f12;claim_struct_364e54b0c2e0078a;claim_struct_fc2bc7c72e5b66e3;chunk_d1c689472a06085ce17c;claim_struct_4b47774f4ecd11ec;chunk_42a0d9dc1b46b8a70d9e;chunk_c1077fde30e2da8f2a3b;chunk_2a111a871f7ba342e31b;claim_struct_47831d74e0745792;chunk_9b548286d6dd6193a260;claim_struct_225cee686ae406c7;chunk_459735b7e268c2585f6a;chunk_854dc94d845782282241;claim_struct_498bda6e124b6e3c;chunk_3d27563a435c41911294;chunk_9c6794a22aaa3330ed7c,candidate,Promoted by distinct-compound prevalence within the reported ginsenoside fragment catalog.
frag_consensus_1627a0490be464,ginsenoside,,613.38,negative,class consensus fragment (5 compounds),class_consensus_frequency,5,0.0235,35,FALSE,chunk_7519431f90e107f1736f;chunk_abeb54b16c535d32f9f1;claim_struct_d2845c380d4c304d;chunk_d95386c7dce56ddc065c;claim_struct_7b135461e7a31c59;chunk_b2ccac77631f21ff0087;claim_struct_bed88ac09ef666ea;chunk_8ffa28b78e00a2455654;claim_struct_a088900f36d0d08f;chunk_4c9bb249b2cebe917e64;claim_struct_3808674f3d303b72;chunk_a1805dae0ab969b92d9b;chunk_5b173a9a641a8fe521c1;claim_struct_f43bfcb57f48d8b6;chunk_9d8e87c18587fd032c9f;claim_struct_b775a7ba1815b3bd;chunk_1a9c74f9d4969dc6ae23;claim_struct_d666735b3b3e7f4f;chunk_d134add8cb0ba1834686;chunk_8ba64f3f1b3cda50595e;chunk_63b4fb4714c91f4cbafa;claim_struct_2dca914c9b097b6b;chunk_38b4a3259ed1cee22f8b;claim_struct_d409014e8ebe88b5;chunk_e402f9f031ae29159ebf;chunk_4b012876ea4bcc012be5;claim_struct_b4ab82e4f2960a81;chunk_95f9f0c8cef7f2db7ca5;claim_struct_a7a0834765f11bbb;chunk_dd909ee5a09e72102d67;claim_struct_4655167e8d0affb6;chunk_37855f83a8342db43dbe;claim_struct_add1810eb194f6b7;chunk_987ee19feda74f49d5ba,candidate,Promoted by distinct-compound prevalence within the reported ginsenoside fragment catalog.
frag_consensus_b5d37c9fd6fbdb,ginsenoside,,631.38,negative,class consensus fragment (5 compounds),class_consensus_frequency,5,0.0235,36,FALSE,chunk_39bd4b90e138f733ce93;chunk_6bc5dc26da5fecb7cb04;claim_struct_8dfc67450be5f273;chunk_1d6dc9a8253a48eebf6a;claim_struct_69d79f29b6ac01a1;chunk_3dec00069bfcf8b7e161;chunk_b30b2c401321bfd9dbf3;claim_struct_8d7053b01cc67454;chunk_9d8e87c18587fd032c9f;claim_struct_ad90dc71f2d661b4;chunk_ddf20c4304c1d86a4b32;chunk_e402f9f031ae29159ebf;chunk_4b012876ea4bcc012be5;claim_struct_b4ab82e4f2960a81;chunk_95f9f0c8cef7f2db7ca5;claim_struct_a7a0834765f11bbb;chunk_dd909ee5a09e72102d67;claim_struct_4655167e8d0affb6;chunk_37855f83a8342db43dbe;claim_struct_add1810eb194f6b7;chunk_92c648f4a1985dd9e150;chunk_77bea7f5c6bbef5c402a;claim_struct_43ba6e108d354e60,candidate,Promoted by distinct-compound prevalence within the reported ginsenoside fragment catalog.
frag_consensus_983e65fe2124b8,ginsenoside,,781.47,negative,class consensus fragment (5 compounds),class_consensus_frequency,5,0.0235,37,FALSE,chunk_558f277475b24d9fc2fa;chunk_631615057193b28c35a3;claim_struct_de81b51042b910f6;chunk_bb6f7a0fbb615d1d99ec;chunk_1e766e15f6972121fe14;claim_struct_71436ba4efd2150e;chunk_2d345f4b12c50d054ab9;chunk_ac99fe31e42f34b62171;claim_struct_49dfcc75acdb2633;chunk_8d1f745d2917756178b6;claim_struct_ec2fd1151c8dd3b0;chunk_078952a531a177152e4d;chunk_1a9c74f9d4969dc6ae23,candidate,Promoted by distinct-compound prevalence within the reported ginsenoside fragment catalog.
frag_consensus_d2b8856dce2132,ginsenoside,,781.48,negative,class consensus fragment (5 compounds),class_consensus_frequency,5,0.0235,38,FALSE,chunk_558f277475b24d9fc2fa;chunk_631615057193b28c35a3;claim_struct_de81b51042b910f6;chunk_2d345f4b12c50d054ab9;chunk_ac99fe31e42f34b62171;claim_struct_49dfcc75acdb2633;chunk_8d1f745d2917756178b6;claim_struct_ec2fd1151c8dd3b0;chunk_de99e4a819fb7f2362c1;chunk_38b4a3259ed1cee22f8b;chunk_88e8e2b26c7dc04926aa;claim_struct_edb135c3526e3e1d,candidate,Promoted by distinct-compound prevalence within the reported ginsenoside fragment catalog.
frag_consensus_74ff27dc0b8455,ginsenoside,,797.47,negative,class consensus fragment (5 compounds),class_consensus_frequency,5,0.0235,39,FALSE,chunk_42a0d9dc1b46b8a70d9e;chunk_b749afe70ce7884623d1;chunk_9f70c849b6160869bf4c;claim_struct_a0d42941149faaa1;chunk_550e85352df64c6bed8f;chunk_7c2cbe98b4fa28c580ef;claim_struct_384ff77ecb1885d9;chunk_cfb39ba3355e1c430b34;chunk_70ee31f1ea683e9c98f8;claim_struct_5ed6926f31be9d10;chunk_4a3862085ad047a9b7a0;chunk_cbbf93881f301578cf82;chunk_7519431f90e107f1736f;claim_struct_705777bb7b115312,candidate,Promoted by distinct-compound prevalence within the reported ginsenoside fragment catalog.
frag_consensus_dc6a1442803af1,ginsenoside,,915.53,negative,class consensus fragment (5 compounds),class_consensus_frequency,5,0.0235,40,FALSE,chunk_b2c4498f6ac24d8852c2;chunk_80bfa2896df4fa2a9e7a;chunk_9fc4fbb94f5978da5fa7;claim_struct_8df15b31e3a0db02;chunk_fe4a6da510a3cc449342;chunk_b905ca27f5c1db92d79b;chunk_dc78bce4615783ce935b;claim_struct_5a73438a4918a370;chunk_3eef6471b6cdf081af4a;chunk_8e3994ffa45c83dc56d6;claim_struct_231984737a65c4d1,candidate,Promoted by distinct-compound prevalence within the reported ginsenoside fragment catalog.
frag_b0f5ea3d1fe1fd,ginsenoside,,475,,PPT-type ginsenosides have a diagnostic aglycone ion at m/z 475.,explicit_evidence,,,,FALSE,claim21,candidate,PPT-type ginsenosides have a diagnostic aglycone ion at m/z 475.
frag_1ee3a3d7a2f070,ginsenoside,,459,,PPD-type ginsenosides have a diagnostic aglycone ion at m/z 459.,explicit_evidence,,,,FALSE,claim22,candidate,PPD-type ginsenosides have a diagnostic aglycone ion at m/z 459.
frag_a3ef63af5b2bd9,ginsenoside,,491,,OT-type ginsenosides have a diagnostic aglycone ion at m/z 491.,explicit_evidence,,,,FALSE,claim23,candidate,OT-type ginsenosides have a diagnostic aglycone ion at m/z 491.
frag_a86910957cbc13,ginsenoside,,455,,OA-type ginsenosides have a diagnostic aglycone ion at m/z 455.,explicit_evidence,,,,FALSE,claim24,candidate,OA-type ginsenosides have a diagnostic aglycone ion at m/z 455.
frag_0d1d9b7a6fac63,ginsenoside,,405.356,,R1 produces a product ion at m/z 405.3560.,explicit_evidence,,,,FALSE,claim_23,candidate,R1 produces a product ion at m/z 405.3560.
frag_816ce3a65d8280,ginsenoside,,423.3574,,R1 produces a product ion at m/z 423.3574.,explicit_evidence,,,,FALSE,claim_24,candidate,R1 produces a product ion at m/z 423.3574.
frag_953caafe8cc5b0,ginsenoside,,441.372,,R1 produces a product ion at m/z 441.3720.,explicit_evidence,,,,FALSE,claim_25,candidate,R1 produces a product ion at m/z 441.3720.
frag_05ba6646e15f2e,ginsenoside,,459.3764,,R1 produces a product ion at m/z 459.3764.,explicit_evidence,,,,FALSE,claim_33,candidate,R1 produces a product ion at m/z 459.3764.
frag_ab9055b674b08f,ginsenoside,,749.4806,,R1 produces a product ion at m/z 749.4806.,explicit_evidence,,,,FALSE,claim_27,candidate,R1 produces a product ion at m/z 749.4806.
frag_197d633ea25589,ginsenoside,,767.4987,,R1 produces a product ion at m/z 767.4987.,explicit_evidence,,,,FALSE,claim_28,candidate,R1 produces a product ion at m/z 767.4987.
frag_565065ff059214,ginsenoside,,785.509,,R1 produces a product ion at m/z 785.5090.,explicit_evidence,,,,FALSE,claim_29,candidate,R1 produces a product ion at m/z 785.5090.
frag_638e448d179b83,ginsenoside,,405.3541,,Panaxsaponin 1/isomer produces a product ion at m/z 405.3541.,explicit_evidence,,,,FALSE,claim_30,candidate,Panaxsaponin 1/isomer produces a product ion at m/z 405.3541.
frag_638b2f3affd623,ginsenoside,,423.3573,,Panaxsaponin 1/isomer produces a product ion at m/z 423.3573.,explicit_evidence,,,,FALSE,claim_31,candidate,Panaxsaponin 1/isomer produces a product ion at m/z 423.3573.
frag_8abb041d75601d,ginsenoside,,441.3719,,Panaxsaponin 1/isomer produces a product ion at m/z 441.3719.,explicit_evidence,,,,FALSE,claim_32,candidate,Panaxsaponin 1/isomer produces a product ion at m/z 441.3719.
frag_3168969ee73b64,ginsenoside,,749.4829,,Panaxsaponin 1/isomer produces a product ion at m/z 749.4829.,explicit_evidence,,,,FALSE,claim_34,candidate,Panaxsaponin 1/isomer produces a product ion at m/z 749.4829.
frag_a7d07907d6c043,ginsenoside,,767.497,,Panaxsaponin 1/isomer produces a product ion at m/z 767.4970.,explicit_evidence,,,,FALSE,claim_78,candidate,Panaxsaponin 1/isomer produces a product ion at m/z 767.4970.
frag_1b1d73f2c3c02d,ginsenoside,,785.5054,,Panaxsaponin 1/isomer produces a product ion at m/z 785.5054.,explicit_evidence,,,,FALSE,claim_36,candidate,Panaxsaponin 1/isomer produces a product ion at m/z 785.5054.
frag_a49d722065b6d7,ginsenoside,,405.352,,Panaxsaponin 1/isomer produces a product ion at m/z 405.3520.,explicit_evidence,,,,FALSE,claim_44;claim_51,candidate,Panaxsaponin 1/isomer produces a product ion at m/z 405.3520.
frag_13dd709ac7856c,ginsenoside,,423.3624,,Panaxsaponin 1/isomer produces a product ion at m/z 423.3624.,explicit_evidence,,,,FALSE,claim_45;claim_52,candidate,Panaxsaponin 1/isomer produces a product ion at m/z 423.3624.
frag_d7c5e723f54886,ginsenoside,,441.373,,Panaxsaponin 1/isomer produces a product ion at m/z 441.3730.,explicit_evidence,,,,FALSE,claim_46;claim_53,candidate,Panaxsaponin 1/isomer produces a product ion at m/z 441.3730.
frag_72d55e4329ab2f,ginsenoside,,587.4314,,Panaxsaponin 1/isomer produces a product ion at m/z 587.4314.,explicit_evidence,,,,FALSE,claim_48;claim_55,candidate,Panaxsaponin 1/isomer produces a product ion at m/z 587.4314.
frag_9e7ab1ba954dfb,ginsenoside,,603.427,,Panaxsaponin 1/isomer produces a product ion at m/z 603.4270.,explicit_evidence,,,,FALSE,claim_49;claim_56,candidate,Panaxsaponin 1/isomer produces a product ion at m/z 603.4270.
frag_240a3dd88fb999,ginsenoside,,621.4305,,Panaxsaponin 1/isomer produces a product ion at m/z 621.4305.,explicit_evidence,,,,FALSE,claim_50;claim_57,candidate,Panaxsaponin 1/isomer produces a product ion at m/z 621.4305.
frag_1fe6d29397176c,ginsenoside,,749.4851,,Panaxsaponin 1/isomer produces a product ion at m/z 749.4851.,explicit_evidence,,,,FALSE,claim_43,candidate,Panaxsaponin 1/isomer produces a product ion at m/z 749.4851.
frag_5cfb1443590d62,ginsenoside,,767.4977,,Ginsenoside Re* produces a product ion at m/z 767.4977.,explicit_evidence,,,,FALSE,claim_54,candidate,Ginsenoside Re* produces a product ion at m/z 767.4977.
frag_943e0deb86fecd,ginsenoside,,405.3545,,24(S)-Pseudoginsenoside F11 produces a product ion at m/z 405.3545.,explicit_evidence,,,,FALSE,claim_61,candidate,24(S)-Pseudoginsenoside F11 produces a product ion at m/z 405.3545.
frag_4bd3ef2d5f6f75,ginsenoside,,423.365,,24(S)-Pseudoginsenoside F11 produces a product ion at m/z 423.3650.,explicit_evidence,,,,FALSE,claim_62,candidate,24(S)-Pseudoginsenoside F11 produces a product ion at m/z 423.3650.
frag_b9b83852868644,ginsenoside,,441.378,,24(S)-Pseudoginsenoside F11 produces a product ion at m/z 441.3780.,explicit_evidence,,,,FALSE,claim_63,candidate,24(S)-Pseudoginsenoside F11 produces a product ion at m/z 441.3780.
frag_8d7e7cb10f88d5,ginsenoside,,143.1082,,24(S)-Pseudoginsenoside F11 produces a product ion at m/z 143.1082.,explicit_evidence,,,,FALSE,claim_79;claim_83;claim_88,candidate,24(S)-Pseudoginsenoside F11 produces a product ion at m/z 143.1082.
frag_4042ee46a55f06,ginsenoside,,421.3503,,24(S)-Pseudoginsenoside F11 produces a product ion at m/z 421.3503.,explicit_evidence,,,,FALSE,claim_65,candidate,24(S)-Pseudoginsenoside F11 produces a product ion at m/z 421.3503.
frag_28751cf6175683,ginsenoside,,439.3608,,24(S)-Pseudoginsenoside F11 produces a product ion at m/z 439.3608.,explicit_evidence,,,,FALSE,claim_81,candidate,24(S)-Pseudoginsenoside F11 produces a product ion at m/z 439.3608.
frag_302ce1862f2a08,ginsenoside,,457.3714,,24(S)-Pseudoginsenoside F11 produces a product ion at m/z 457.3714.,explicit_evidence,,,,FALSE,claim_67,candidate,24(S)-Pseudoginsenoside F11 produces a product ion at m/z 457.3714.
frag_b118ee08e6a6be,ginsenoside,,783.4894,,24(S)-Pseudoginsenoside F11 produces a product ion at m/z 783.4894.,explicit_evidence,,,,FALSE,claim_68,candidate,24(S)-Pseudoginsenoside F11 produces a product ion at m/z 783.4894.
frag_c8939cc7b635b1,ginsenoside,,405.3547,,Ginsenoside Rg2 isomer produces a product ion at m/z 405.3547.,explicit_evidence,,,,FALSE,claim_69,candidate,Ginsenoside Rg2 isomer produces a product ion at m/z 405.3547.
frag_7b20d66b479f9c,ginsenoside,,423.3683,,Ginsenoside Rg2 isomer produces a product ion at m/z 423.3683.,explicit_evidence,,,,FALSE,claim_70,candidate,Ginsenoside Rg2 isomer produces a product ion at m/z 423.3683.
frag_a4acc388a1b878,ginsenoside,,441.3703,,Ginsenoside Rg2 isomer produces a product ion at m/z 441.3703.,explicit_evidence,,,,FALSE,claim_103,candidate,Ginsenoside Rg2 isomer produces a product ion at m/z 441.3703.
frag_db95d07abaf008,ginsenoside,,749.4808,,Ginsenoside Rg2 isomer produces a product ion at m/z 749.4808.,explicit_evidence,,,,FALSE,claim_72,candidate,Ginsenoside Rg2 isomer produces a product ion at m/z 749.4808.
frag_8f576a3d5f3fbe,ginsenoside,,767.4995,,Ginsenoside Rg2 isomer produces a product ion at m/z 767.4995.,explicit_evidence,,,,FALSE,claim_73,candidate,Ginsenoside Rg2 isomer produces a product ion at m/z 767.4995.
frag_5882f2c906a2f1,ginsenoside,,785.5003,,Ginsenoside Rg2 isomer produces a product ion at m/z 785.5003.,explicit_evidence,,,,FALSE,claim_74,candidate,Ginsenoside Rg2 isomer produces a product ion at m/z 785.5003.
frag_f42279922d6872,ginsenoside,,405.3533,,Ginsenoside Rg2 isomer produces a product ion at m/z 405.3533.,explicit_evidence,,,,FALSE,claim_75,candidate,Ginsenoside Rg2 isomer produces a product ion at m/z 405.3533.
frag_044a5de3d59cc0,ginsenoside,,423.3686,,Ginsenoside Rg2 isomer produces a product ion at m/z 423.3686.,explicit_evidence,,,,FALSE,claim_76,candidate,Ginsenoside Rg2 isomer produces a product ion at m/z 423.3686.
frag_0b65d7d8211ba1,ginsenoside,,441.3696,,Ginsenoside Rg2 isomer produces a product ion at m/z 441.3696.,explicit_evidence,,,,FALSE,claim_77,candidate,Ginsenoside Rg2 isomer produces a product ion at m/z 441.3696.
frag_1402cde6fef6d7,ginsenoside,,421.3493,,Pseudoginsenoside RT2 produces a product ion at m/z 421.3493.,explicit_evidence,,,,FALSE,claim_80,candidate,Pseudoginsenoside RT2 produces a product ion at m/z 421.3493.
frag_0ebacc8e24104d,ginsenoside,,457.3748,,Pseudoginsenoside RT2 produces a product ion at m/z 457.3748.,explicit_evidence,,,,FALSE,claim_82,candidate,Pseudoginsenoside RT2 produces a product ion at m/z 457.3748.
frag_9b9f3e650d6e31,ginsenoside,,421.3467,,Pseudoginsenoside F11* produces a product ion at m/z 421.3467.,explicit_evidence,,,,FALSE,claim_84,candidate,Pseudoginsenoside F11* produces a product ion at m/z 421.3467.
frag_fea5928491e1c7,ginsenoside,,439.3571,,Pseudoginsenoside F11* produces a product ion at m/z 439.3571.,explicit_evidence,,,,FALSE,claim_85,candidate,Pseudoginsenoside F11* produces a product ion at m/z 439.3571.
frag_855f25e227ec8c,ginsenoside,,457.368,,Pseudoginsenoside F11* produces a product ion at m/z 457.3680.,explicit_evidence,,,,FALSE,claim_86,candidate,Pseudoginsenoside F11* produces a product ion at m/z 457.3680.
frag_f2c9d273faa7a1,ginsenoside,,783.4888,,Pseudoginsenoside F11* produces a product ion at m/z 783.4888.,explicit_evidence,,,,FALSE,claim_87,candidate,Pseudoginsenoside F11* produces a product ion at m/z 783.4888.
frag_5654304d6e1f87,ginsenoside,,421.3501,,Pseudoginsenoside RT5 produces a product ion at m/z 421.3501.,explicit_evidence,,,,FALSE,claim_89,candidate,Pseudoginsenoside RT5 produces a product ion at m/z 421.3501.
frag_e31eb78cba1b7b,ginsenoside,,439.358,,Pseudoginsenoside RT5 produces a product ion at m/z 439.3580.,explicit_evidence,,,,FALSE,claim_90,candidate,Pseudoginsenoside RT5 produces a product ion at m/z 439.3580.
frag_93eefe5a47354e,ginsenoside,,457.3676,,Pseudoginsenoside RT5 produces a product ion at m/z 457.3676.,explicit_evidence,,,,FALSE,claim_91,candidate,Pseudoginsenoside RT5 produces a product ion at m/z 457.3676.
frag_adf4cd06d79c81,ginsenoside,,619.4214,,Pseudoginsenoside RT5 produces a product ion at m/z 619.4214.,explicit_evidence,,,,FALSE,claim_92,candidate,Pseudoginsenoside RT5 produces a product ion at m/z 619.4214.
frag_6d3ae5549e5ec7,ginsenoside,,637.4339,,Pseudoginsenoside RT5 produces a product ion at m/z 637.4339.,explicit_evidence,,,,FALSE,claim_93,candidate,Pseudoginsenoside RT5 produces a product ion at m/z 637.4339.
frag_bdd39a0e4fbe2e,ginsenoside,,407.3673,,Ginsenoside Rb1* produces a product ion at m/z 407.3673.,explicit_evidence,,,,FALSE,claim_94,candidate,Ginsenoside Rb1* produces a product ion at m/z 407.3673.
frag_f0469d7fbd5d9c,ginsenoside,,425.387,,Ginsenoside Rb1* produces a product ion at m/z 425.3870.,explicit_evidence,,,,FALSE,claim_95,candidate,Ginsenoside Rb1* produces a product ion at m/z 425.3870.
frag_2ef61bda018a7c,ginsenoside,,443.3882,,Ginsenoside Rb1* produces a product ion at m/z 443.3882.,explicit_evidence,,,,FALSE,claim_96,candidate,Ginsenoside Rb1* produces a product ion at m/z 443.3882.
frag_dc5ba750c45306,ginsenoside,,587.4316,,Ginsenoside Rb1* produces a product ion at m/z 587.4316.,explicit_evidence,,,,FALSE,claim_97,candidate,Ginsenoside Rb1* produces a product ion at m/z 587.4316.
frag_00211bf9b3e7f3,ginsenoside,,605.4424,,Ginsenoside Rb1* produces a product ion at m/z 605.4424.,explicit_evidence,,,,FALSE,claim_98,candidate,Ginsenoside Rb1* produces a product ion at m/z 605.4424.
frag_40f8142713321d,ginsenoside,,749.4833,,Ginsenoside Rb1* produces a product ion at m/z 749.4833.,explicit_evidence,,,,FALSE,claim_99,candidate,Ginsenoside Rb1* produces a product ion at m/z 749.4833.
frag_da9060230fb15d,ginsenoside,,767.4922,,Ginsenoside Rb1* produces a product ion at m/z 767.4922.,explicit_evidence,,,,FALSE,claim_100,candidate,Ginsenoside Rb1* produces a product ion at m/z 767.4922.
frag_cea29050aa0497,ginsenoside,,405.3517,,20(S)-Ginsenoside Rg2* produces a product ion at m/z 405.3517.,explicit_evidence,,,,FALSE,claim_101,candidate,20(S)-Ginsenoside Rg2* produces a product ion at m/z 405.3517.
frag_fa8446034c7d76,ginsenoside,,423.3626,,20(S)-Ginsenoside Rg2* produces a product ion at m/z 423.3626.,explicit_evidence,,,,FALSE,claim_102,candidate,20(S)-Ginsenoside Rg2* produces a product ion at m/z 423.3626.
frag_0d8db1be34e23b,ginsenoside,,749.4836,,20(S)-Ginsenoside Rg2* produces a product ion at m/z 749.4836.,explicit_evidence,,,,FALSE,claim_104,candidate,20(S)-Ginsenoside Rg2* produces a product ion at m/z 749.4836.
frag_6f78cd2f522379,ginsenoside,,767.4937,,20(S)-Ginsenoside Rg2* produces a product ion at m/z 767.4937.,explicit_evidence,,,,FALSE,claim_105,candidate,20(S)-Ginsenoside Rg2* produces a product ion at m/z 767.4937.
frag_5c0ad2cd84dccc,ginsenoside,,405.3526,,20(S)-Ginsenoside Rh1* produces a product ion at m/z 405.3526.,explicit_evidence,,,,FALSE,claim_118,candidate,20(S)-Ginsenoside Rh1* produces a product ion at m/z 405.3526.
frag_10cfbcf4d14641,ginsenoside,,423.3618,,20(S)-Ginsenoside Rh1* produces a product ion at m/z 423.3618.,explicit_evidence,,,,FALSE,claim_107,candidate,20(S)-Ginsenoside Rh1* produces a product ion at m/z 423.3618.
frag_6acc92098fbb87,ginsenoside,,441.37,,20(S)-Ginsenoside Rh1* produces a product ion at m/z 441.3700.,explicit_evidence,,,,FALSE,claim_108;chunk_8275905c88f090de6377,candidate,20(S)-Ginsenoside Rh1* produces a product ion at m/z 441.3700.
frag_07f87638924a21,ginsenoside,,603.4292,,20(S)-Ginsenoside Rh1* produces a product ion at m/z 603.4292.,explicit_evidence,,,,FALSE,claim_109,candidate,20(S)-Ginsenoside Rh1* produces a product ion at m/z 603.4292.
frag_e1b4600a6e2a59,ginsenoside,,621.436,,20(S)-Ginsenoside Rh1* produces a product ion at m/z 621.4360.,explicit_evidence,,,,FALSE,claim_110,candidate,20(S)-Ginsenoside Rh1* produces a product ion at m/z 621.4360.
frag_02e7f800e573f7,ginsenoside,,407.3677,,Malonylginsenoside Rb1 produces a product ion at m/z 407.3677.,explicit_evidence,,,,FALSE,claim_111,candidate,Malonylginsenoside Rb1 produces a product ion at m/z 407.3677.
frag_20ea470390ade3,ginsenoside,,425.3784,,Malonylginsenoside Rb1 produces a product ion at m/z 425.3784.,explicit_evidence,,,,FALSE,claim_112,candidate,Malonylginsenoside Rb1 produces a product ion at m/z 425.3784.
frag_e13d8a2c72cdd3,ginsenoside,,443.3867,,Malonylginsenoside Rb1 produces a product ion at m/z 443.3867.,explicit_evidence,,,,FALSE,claim_113,candidate,Malonylginsenoside Rb1 produces a product ion at m/z 443.3867.
frag_a205042abb129b,ginsenoside,,587.4305,,Malonylginsenoside Rb1 produces a product ion at m/z 587.4305.,explicit_evidence,,,,FALSE,claim_114,candidate,Malonylginsenoside Rb1 produces a product ion at m/z 587.4305.
frag_f8d6c3b3ec4538,ginsenoside,,605.4341,,Malonylginsenoside Rb1 produces a product ion at m/z 605.4341.,explicit_evidence,,,,FALSE,claim_115,candidate,Malonylginsenoside Rb1 produces a product ion at m/z 605.4341.
frag_8b21344275ef53,ginsenoside,,835.4851,,Malonylginsenoside Rb1 produces a product ion at m/z 835.4851.,explicit_evidence,,,,FALSE,claim_116,candidate,Malonylginsenoside Rb1 produces a product ion at m/z 835.4851.
frag_8496849ac26759,ginsenoside,,853.4971,,Malonylginsenoside Rb1 produces a product ion at m/z 853.4971.,explicit_evidence,,,,FALSE,claim_117,candidate,Malonylginsenoside Rb1 produces a product ion at m/z 853.4971.
frag_08f466e2786c46,ginsenoside,,423.3614,,20(R)-Ginsenoside Rg2 produces a product ion at m/z 423.3614.,explicit_evidence,,,,FALSE,claim_119,candidate,20(R)-Ginsenoside Rg2 produces a product ion at m/z 423.3614.
frag_223bfd3cf797b5,ginsenoside,,441.3756,,20(R)-Ginsenoside Rg2 produces a product ion at m/z 441.3756.,explicit_evidence,,,,FALSE,claim_120,candidate,20(R)-Ginsenoside Rg2 produces a product ion at m/z 441.3756.
frag_0bef28c2eac474,ginsenoside,,749.484,,20(R)-Ginsenoside Rg2 produces a product ion at m/z 749.4840.,explicit_evidence,,,,FALSE,claim_121,candidate,20(R)-Ginsenoside Rg2 produces a product ion at m/z 749.4840.
frag_b5a247a454de3d,ginsenoside,,767.4931,,20(R)-Ginsenoside Rg2 produces a product ion at m/z 767.4931.,explicit_evidence,,,,FALSE,claim_122,candidate,20(R)-Ginsenoside Rg2 produces a product ion at m/z 767.4931.
frag_ec6951b0b73962,ginsenoside,,131.03,,Glc diagnostic fragment ion.,explicit_evidence,,,,FALSE,claim25,candidate,Glc diagnostic fragment ion.
frag_a3d1c2a0ee82e7,ginsenoside,,149.04,,Glc diagnostic fragment ion.,explicit_evidence,,,,FALSE,claim26,candidate,Glc diagnostic fragment ion.
frag_ee64aa23c697fa,ginsenoside,,145.03,,Xyl/Ara diagnostic fragment ion.,explicit_evidence,,,,FALSE,claim27,candidate,Xyl/Ara diagnostic fragment ion.
frag_f79ce9657cd616,ginsenoside,,163.04,,Xyl/Ara diagnostic fragment ion.,explicit_evidence,,,,FALSE,claim28,candidate,Xyl/Ara diagnostic fragment ion.
frag_8510e636ddecf0,ginsenoside,,293.08,,Rha diagnostic fragment ion.,explicit_evidence,,,,FALSE,claim29;chunk_e9f0f1e4e506e37eb32b,candidate,Rha diagnostic fragment ion.
frag_2b345ddb62aeca,ginsenoside,,191.05,,Rha diagnostic fragment ion.,explicit_evidence,,,,FALSE,claim30;chunk_e9f0f1e4e506e37eb32b,candidate,Rha diagnostic fragment ion.
frag_8d7e7cb10f88d5,ginsenoside,,143.1082,positive,Common characteristic ion for Neoalsoside A5 in positive ion mode.,explicit_evidence,,,,FALSE,claim31,candidate,Common characteristic ion for Neoalsoside A5 in positive ion mode.
frag_c0ff959fd63271,ginsenoside,,421.3506,positive,Common characteristic ion for Neoalsoside A5 in positive ion mode.,explicit_evidence,,,,FALSE,claim32,candidate,Common characteristic ion for Neoalsoside A5 in positive ion mode.
frag_15e2b7e71ee355,ginsenoside,,439.3588,positive,Common characteristic ion for Neoalsoside A5 in positive ion mode.,explicit_evidence,,,,FALSE,claim33,candidate,Common characteristic ion for Neoalsoside A5 in positive ion mode.
frag_4e61cc24219eb5,ginsenoside,,457.3692,positive,Common characteristic ion for Neoalsoside A5 in positive ion mode.,explicit_evidence,,,,FALSE,claim34,candidate,Common characteristic ion for Neoalsoside A5 in positive ion mode.
frag_8cea783a8e8774,ginsenoside,,783.4886,positive,Common characteristic ion for Neoalsoside A5 in positive ion mode.,explicit_evidence,,,,FALSE,claim35,candidate,Common characteristic ion for Neoalsoside A5 in positive ion mode.
frag_55d6d96c96b232,ginsenoside,,801.499,positive,Common characteristic ion for Neoalsoside A5 in positive ion mode.,explicit_evidence,,,,FALSE,claim36,candidate,Common characteristic ion for Neoalsoside A5 in positive ion mode.
frag_10620567045f16,ginsenoside,,405.3527,positive,Common characteristic ion for Notoginsenoside R1 in positive ion mode.,explicit_evidence,,,,FALSE,claim37,candidate,Common characteristic ion for Notoginsenoside R1 in positive ion mode.
frag_307834809d163e,ginsenoside,,423.3636,positive,Common characteristic ion for Notoginsenoside R1 in positive ion mode.,explicit_evidence,,,,FALSE,claim38,candidate,Common characteristic ion for Notoginsenoside R1 in positive ion mode.
frag_953caafe8cc5b0,ginsenoside,,441.372,positive,Common characteristic ion for Notoginsenoside R1 in positive ion mode.,explicit_evidence,,,,FALSE,claim46,candidate,Common characteristic ion for Notoginsenoside R1 in positive ion mode.
frag_00205871caf0aa,ginsenoside,,585.4318,positive,Common characteristic ion for Notoginsenoside R1 in positive ion mode.,explicit_evidence,,,,FALSE,claim40,candidate,Common characteristic ion for Notoginsenoside R1 in positive ion mode.
frag_ba17d96339ebfd,ginsenoside,,603.4264,positive,Common characteristic ion for Notoginsenoside R1 in positive ion mode.,explicit_evidence,,,,FALSE,claim41,candidate,Common characteristic ion for Notoginsenoside R1 in positive ion mode.
frag_240a3dd88fb999,ginsenoside,,621.4305,positive,Common characteristic ion for Notoginsenoside R1 in positive ion mode.,explicit_evidence,,,,FALSE,claim42,candidate,Common characteristic ion for Notoginsenoside R1 in positive ion mode.
frag_31343b7dcdcc63,ginsenoside,,825.4296,positive,Common characteristic ion for Notoginsenoside R1 in positive ion mode.,explicit_evidence,,,,FALSE,claim43,candidate,Common characteristic ion for Notoginsenoside R1 in positive ion mode.
frag_0d1d9b7a6fac63,ginsenoside,,405.356,positive,Common characteristic ion for Panaxsaponin 1/isomer in positive ion mode.,explicit_evidence,,,,FALSE,claim44,candidate,Common characteristic ion for Panaxsaponin 1/isomer in positive ion mode.
frag_816ce3a65d8280,ginsenoside,,423.3574,positive,Common characteristic ion for Panaxsaponin 1/isomer in positive ion mode.,explicit_evidence,,,,FALSE,claim45,candidate,Common characteristic ion for Panaxsaponin 1/isomer in positive ion mode.
frag_05ba6646e15f2e,ginsenoside,,459.3764,positive,Common characteristic ion for Panaxsaponin 1/isomer in positive ion mode.,explicit_evidence,,,,FALSE,claim47,candidate,Common characteristic ion for Panaxsaponin 1/isomer in positive ion mode.
frag_ab9055b674b08f,ginsenoside,,749.4806,positive,Common characteristic ion for Panaxsaponin 1/isomer in positive ion mode.,explicit_evidence,,,,FALSE,claim48,candidate,Common characteristic ion for Panaxsaponin 1/isomer in positive ion mode.
frag_197d633ea25589,ginsenoside,,767.4987,positive,Common characteristic ion for Panaxsaponin 1/isomer in positive ion mode.,explicit_evidence,,,,FALSE,claim49,candidate,Common characteristic ion for Panaxsaponin 1/isomer in positive ion mode.
frag_565065ff059214,ginsenoside,,785.509,positive,Common characteristic ion for Panaxsaponin 1/isomer in positive ion mode.,explicit_evidence,,,,FALSE,claim50,candidate,Common characteristic ion for Panaxsaponin 1/isomer in positive ion mode.
frag_f0aea060763974,ginsenoside,,100,,fragment structurally mapped in literature,explicit_evidence,,,,FALSE,chunk_6d2bdeec58ba9cf8a00d,candidate,Evidence-type driven diagnostic fragment: m/z 100; evidence_type=structural_mapping; subclass=class-wide; source=1-s2.0-S1226845315001256-main.pdf.
frag_92ac98ea6702ba,ginsenoside,,101.58,,fragment structurally mapped in literature,explicit_evidence,,,,FALSE,chunk_6d2bdeec58ba9cf8a00d,candidate,Evidence-type driven diagnostic fragment: m/z 101.58; evidence_type=structural_mapping; subclass=class-wide; source=1-s2.0-S1226845315001256-main.pdf.
frag_a85fbe068f8a6c,ginsenoside,,101.95,,fragment structurally mapped in literature,explicit_evidence,,,,FALSE,chunk_6d2bdeec58ba9cf8a00d,candidate,Evidence-type driven diagnostic fragment: m/z 101.95; evidence_type=structural_mapping; subclass=class-wide; source=1-s2.0-S1226845315001256-main.pdf.
frag_2ab99d1b421847,ginsenoside,,173.58,,fragment structurally mapped in literature,explicit_evidence,,,,FALSE,chunk_6d2bdeec58ba9cf8a00d,candidate,Evidence-type driven diagnostic fragment: m/z 173.58; evidence_type=structural_mapping; subclass=class-wide; source=1-s2.0-S1226845315001256-main.pdf.
frag_27fee0b8b70ce7,ginsenoside,,179.93,,fragment structurally mapped in literature,explicit_evidence,,,,FALSE,chunk_6d2bdeec58ba9cf8a00d,candidate,Evidence-type driven diagnostic fragment: m/z 179.93; evidence_type=structural_mapping; subclass=class-wide; source=1-s2.0-S1226845315001256-main.pdf.
frag_e5d883f3840c7e,ginsenoside,,180,,fragment structurally mapped in literature,explicit_evidence,,,,FALSE,chunk_6d2bdeec58ba9cf8a00d,candidate,Evidence-type driven diagnostic fragment: m/z 180; evidence_type=structural_mapping; subclass=class-wide; source=1-s2.0-S1226845315001256-main.pdf.
frag_7adfad14e2c281,ginsenoside,,184.71,,fragment structurally mapped in literature,explicit_evidence,,,,FALSE,chunk_6d2bdeec58ba9cf8a00d,candidate,Evidence-type driven diagnostic fragment: m/z 184.71; evidence_type=structural_mapping; subclass=class-wide; source=1-s2.0-S1226845315001256-main.pdf.
frag_cdfbac2e4d84a3,ginsenoside,,196.82,,fragment structurally mapped in literature,explicit_evidence,,,,FALSE,chunk_6d2bdeec58ba9cf8a00d,candidate,Evidence-type driven diagnostic fragment: m/z 196.82; evidence_type=structural_mapping; subclass=class-wide; source=1-s2.0-S1226845315001256-main.pdf.
frag_709b4161a6f377,ginsenoside,,362.78,,fragment structurally mapped in literature,explicit_evidence,,,,FALSE,chunk_6d2bdeec58ba9cf8a00d,candidate,Evidence-type driven diagnostic fragment: m/z 362.78; evidence_type=structural_mapping; subclass=class-wide; source=1-s2.0-S1226845315001256-main.pdf.
frag_102eb098e7a261,ginsenoside,,100.31,,fragment structurally mapped in literature,explicit_evidence,,,,FALSE,chunk_8965c07dd560678f458f,candidate,Evidence-type driven diagnostic fragment: m/z 100.31; evidence_type=structural_mapping; subclass=class-wide; source=1-s2.0-S1226845315001256-main.pdf.
frag_ca7078161d7d86,ginsenoside,,153.27,,fragment structurally mapped in literature,explicit_evidence,,,,FALSE,chunk_8965c07dd560678f458f,candidate,Evidence-type driven diagnostic fragment: m/z 153.27; evidence_type=structural_mapping; subclass=class-wide; source=1-s2.0-S1226845315001256-main.pdf.
frag_cbf1b0157a995d,ginsenoside,,102.45,,fragment structurally mapped in literature,explicit_evidence,,,,FALSE,chunk_9653f5928578dd8d3a1c,candidate,Evidence-type driven diagnostic fragment: m/z 102.45; evidence_type=structural_mapping; subclass=class-wide; source=1-s2.0-S1226845315001256-main.pdf.
frag_9f22b68bd60660,ginsenoside,,443.39,,fragment structurally mapped in literature,explicit_evidence,,,,FALSE,chunk_c2b723e5db973928bcad;chunk_2e2e87e5da30c22b3941;chunk_cf209c4f5f77e5cf7d38;chunk_8275905c88f090de6377,candidate,Evidence-type driven diagnostic fragment: m/z 443.39;evidence_type=structural_mapping;subclass=class-wide;source=molecules-28-00941-v2.pdf.;source=Thermal-Stability-of-Beta.pdf.
frag_669a68a034bcde,ginsenoside,,441.33,,fragment structurally mapped in literature,explicit_evidence,,,,FALSE,chunk_156b42f812e308308b7b,candidate,Evidence-type driven diagnostic fragment: m/z 441.33; evidence_type=structural_mapping; subclass=class-wide; source=molecules-28-00941-v2.pdf.
frag_33c739c46f9d7f,ginsenoside,,405.35,,fragment structurally mapped in literature,explicit_evidence,,,,FALSE,chunk_b583d98937cf7ec00161,candidate,Evidence-type driven diagnostic fragment: m/z 405.35; evidence_type=structural_mapping; subclass=class-wide; source=Thermal-Stability-of-Beta.pdf.
frag_e358e6f6ca24d9,ginsenoside,,407.36,,fragment structurally mapped in literature,explicit_evidence,,,,FALSE,chunk_b583d98937cf7ec00161,candidate,Evidence-type driven diagnostic fragment: m/z 407.36; evidence_type=structural_mapping; subclass=class-wide; source=Thermal-Stability-of-Beta.pdf.
frag_d8ab8fd3386cbd,ginsenoside,,423.36,,fragment structurally mapped in literature,explicit_evidence,,,,FALSE,chunk_b583d98937cf7ec00161,candidate,Evidence-type driven diagnostic fragment: m/z 423.36; evidence_type=structural_mapping; subclass=class-wide; source=Thermal-Stability-of-Beta.pdf.
frag_26ceb2834344ce,ginsenoside,,425.37,,fragment structurally mapped in literature,explicit_evidence,,,,FALSE,chunk_b583d98937cf7ec00161,candidate,Evidence-type driven diagnostic fragment: m/z 425.37; evidence_type=structural_mapping; subclass=class-wide; source=Thermal-Stability-of-Beta.pdf.
frag_320304f1dfc132,ginsenoside,,443.38,,fragment structurally mapped in literature,explicit_evidence,,,,FALSE,chunk_b583d98937cf7ec00161,candidate,Evidence-type driven diagnostic fragment: m/z 443.38; evidence_type=structural_mapping; subclass=class-wide; source=Thermal-Stability-of-Beta.pdf.
frag_d9d4dabc7f9b85,ginsenoside,,101.02,,fragment structurally mapped in literature,explicit_evidence,,,,FALSE,chunk_35dc166d0dbcaff7d08d,candidate,Evidence-type driven diagnostic fragment: m/z 101.02; evidence_type=structural_mapping; subclass=class-wide; source=Thermal-Stability-of-Beta.pdf.
frag_4e962c1e579f7e,ginsenoside,,113.02,,fragment structurally mapped in literature,explicit_evidence,,,,FALSE,chunk_35dc166d0dbcaff7d08d,candidate,Evidence-type driven diagnostic fragment: m/z 113.02; evidence_type=structural_mapping; subclass=class-wide; source=Thermal-Stability-of-Beta.pdf.
frag_91bfa924a9ed07,ginsenoside,,119.03,,fragment structurally mapped in literature,explicit_evidence,,,,FALSE,chunk_35dc166d0dbcaff7d08d,candidate,Evidence-type driven diagnostic fragment: m/z 119.03; evidence_type=structural_mapping; subclass=class-wide; source=Thermal-Stability-of-Beta.pdf.
frag_ef3cd9ab8aa12f,ginsenoside,,161.04,,fragment structurally mapped in literature,explicit_evidence,,,,FALSE,chunk_35dc166d0dbcaff7d08d,candidate,Evidence-type driven diagnostic fragment: m/z 161.04; evidence_type=structural_mapping; subclass=class-wide; source=Thermal-Stability-of-Beta.pdf.
frag_c467bba1b2bf41,ginsenoside,,179.05,,fragment structurally mapped in literature,explicit_evidence,,,,FALSE,chunk_35dc166d0dbcaff7d08d,candidate,Evidence-type driven diagnostic fragment: m/z 179.05; evidence_type=structural_mapping; subclass=class-wide; source=Thermal-Stability-of-Beta.pdf.
frag_f1f5c16489f9b9,ginsenoside,,205.07,,diagnostic/fingerprint fragment supported by literature statement,explicit_evidence,,,,FALSE,chunk_e9f0f1e4e506e37eb32b,candidate,Evidence-type driven diagnostic fragment: m/z 205.07; evidence_type=explicit_diagnostic; subclass=class-wide; source=Thermal-Stability-of-Beta.pdf.
frag_e3a02d726953f3,ginsenoside,,221.06,,diagnostic/fingerprint fragment supported by literature statement,explicit_evidence,,,,FALSE,chunk_e9f0f1e4e506e37eb32b,candidate,Evidence-type driven diagnostic fragment: m/z 221.06; evidence_type=explicit_diagnostic; subclass=class-wide; source=Thermal-Stability-of-Beta.pdf.
frag_a6a6e349530610,ginsenoside,,307.16,,diagnostic/fingerprint fragment supported by literature statement,explicit_evidence,,,,FALSE,chunk_e9f0f1e4e506e37eb32b,candidate,Evidence-type driven diagnostic fragment: m/z 307.16; evidence_type=explicit_diagnostic; subclass=class-wide; source=Thermal-Stability-of-Beta.pdf.
frag_40b9abc6fec367,ginsenoside,,323.23,,diagnostic/fingerprint fragment supported by literature statement,explicit_evidence,,,,FALSE,chunk_e9f0f1e4e506e37eb32b,candidate,Evidence-type driven diagnostic fragment: m/z 323.23; evidence_type=explicit_diagnostic; subclass=class-wide; source=Thermal-Stability-of-Beta.pdf.
