rule_id,compound_class,subclass,source_entity,target_entity,source_entity_id,target_entity_id,transformation_name,evidence_type,template_support_level,candidate_policy,propagation_policy,reaction_arity,reactant_entities,product_entities,anchor_reactant_index,network_anchor_role,resolved_network_anchor_count,anchor_resolution_stage,reaction_type,reaction_operator,formula_equation,reactant_form_ids,product_form_ids,fragment_evidence_contract,calculated_delta_mass,chemical_validation_status,product_resolution_status,derivation_id,delta_mass,direction,repeatable,max_repeat,required_context,evidence_ids,review_status,review_note
tr_dab716d7cd6386,ginsenoside,,malonyl-pseudoginsenoside F11,pseudoginsenoside F11,,entity_c9c6dd608f5a9c54,demalonylation,explicit_report,,,,1,"[{""coefficient"":1,""entity_id"":"""",""role"":""substrate""}]","[{""coefficient"":1,""entity_id"":""entity_c9c6dd608f5a9c54"",""role"":""product""}]",0,substrate,0,network_preflight,unary_literature_transformation,demalonylation,,[],"[""form_f82abbbe38657b9e""]",{},,unresolved_entities,unique_reported_entity,derivation_e9fc567e31e9c7,,source_to_target,FALSE,1,non_propagating_unresolved_entity,claim_7,candidate,Malonyl-pseudoginsenoside F11 undergoes demalonylation to produce pseudoginsenoside F11.
tr_96d2899404513e,ginsenoside,,OT-O-glc-rha/O-xyl/ara,pseudoginsenoside F11,,entity_c9c6dd608f5a9c54,hydrolysis,explicit_report,,,,1,"[{""coefficient"":1,""entity_id"":"""",""role"":""substrate""}]","[{""coefficient"":1,""entity_id"":""entity_c9c6dd608f5a9c54"",""role"":""product""}]",0,substrate,0,network_preflight,unary_literature_transformation,hydrolysis,,[],"[""form_f82abbbe38657b9e""]",{},,unresolved_entities,unique_reported_entity,derivation_f4230bf4e38cf3,,source_to_target,FALSE,1,non_propagating_unresolved_entity,claim_8,candidate,OT-O-glc-rha/O-xyl/ara undergoes hydrolysis to produce pseudoginsenoside F11.
tr_d302c8cc38fc7e,ginsenoside,,protoginsenoside,rare ginsenoside,,,elimination reaction,explicit_report,,,,1,"[{""coefficient"":1,""entity_id"":"""",""role"":""substrate""}]","[{""coefficient"":1,""entity_id"":"""",""role"":""product""}]",0,substrate,0,network_preflight,unary_literature_transformation,elimination_reaction,,[],[],{},,unresolved_entities,unresolved_product_class,derivation_28ead98aa5016f,,source_to_target,FALSE,1,non_propagating_unresolved_entity,1,candidate,
tr_0e6e190d683007,ginsenoside,,malonyl ginsenoside,acetyl ginsenoside,,entity_3ca93aab320b61d8,degradation,explicit_report,,,,1,"[{""coefficient"":1,""entity_id"":"""",""role"":""substrate""}]","[{""coefficient"":1,""entity_id"":""entity_3ca93aab320b61d8"",""role"":""product""}]",0,substrate,0,network_preflight,unary_literature_transformation,degradation,,[],"[""form_002ae8ed35de40bb""]",{},,unresolved_entities,unique_reported_entity,derivation_d335857c13939d,,source_to_target,FALSE,1,non_propagating_unresolved_entity,2,candidate,
tr_f591d98378b7ac,ginsenoside,,acetyl ginsenoside,neutral ginsenoside,entity_3ca93aab320b61d8,,degradation,explicit_report,,,,1,"[{""coefficient"":1,""entity_id"":""entity_3ca93aab320b61d8"",""role"":""substrate""}]","[{""coefficient"":1,""entity_id"":"""",""role"":""product""}]",0,substrate,0,network_preflight,unary_literature_transformation,degradation,,"[""form_002ae8ed35de40bb""]",[],{},,unresolved_entities,unresolved_product_class,derivation_699762ea00978e,,source_to_target,FALSE,1,non_propagating_unresolved_entity,3,candidate,
tr_25df39f3a2739e,ginsenoside,,20(S)-ginsenoside Rh1,20(R)-ginsenoside Rh1,entity_f3bebe84eb300f6c,entity_fd919c12f5959ccf,configurational inversion,explicit_report,,,,1,"[{""coefficient"":1,""entity_id"":""entity_f3bebe84eb300f6c"",""role"":""substrate""}]","[{""coefficient"":1,""entity_id"":""entity_fd919c12f5959ccf"",""role"":""product""}]",0,substrate,0,network_preflight,unary_literature_transformation,configurational_inversion,C36H62O9 -> C36H62O9,"[""form_5306725e63b08dec""]","[""form_780ef5265de8600e""]",{},0,valid,unique_reported_entity,derivation_f43ba138a072d5,0,source_to_target,FALSE,1,real resolved network anchor,4,candidate,
tr_1d08f602b98515,ginsenoside,,20(S)-ginsenoside Rh2,20(R)-ginsenoside Rh2,entity_aa2ff9878e2a1924,entity_888ec826247b0ffb,configurational inversion,explicit_report,,,,1,"[{""coefficient"":1,""entity_id"":""entity_aa2ff9878e2a1924"",""role"":""substrate""}]","[{""coefficient"":1,""entity_id"":""entity_888ec826247b0ffb"",""role"":""product""}]",0,substrate,0,network_preflight,unary_literature_transformation,configurational_inversion,C36H62O8 -> C36H62O8,"[""form_abb445e65ad03c62""]","[""form_2cc8065e4a1e0288""]",{},0,valid,unique_reported_entity,derivation_22a5e18204e185,0,source_to_target,FALSE,1,real resolved network anchor,5,candidate,
tr_310f2e4810480b,ginsenoside,,20(S)-ginsenoside Rg2,20(R)-ginsenoside Rg2,entity_91b9870bbad63ac4,entity_fdb17b7acae1e560,configurational inversion,explicit_report,,,,1,"[{""coefficient"":1,""entity_id"":""entity_91b9870bbad63ac4"",""role"":""substrate""}]","[{""coefficient"":1,""entity_id"":""entity_fdb17b7acae1e560"",""role"":""product""}]",0,substrate,0,network_preflight,unary_literature_transformation,configurational_inversion,C42H72O13 -> C42H72O13,"[""form_1f6111c155206457""]","[""form_185ead4cc425fda0""]",{},0,valid,unique_reported_entity,derivation_6c6eb1f3cad154,0,source_to_target,FALSE,1,real resolved network anchor,6,candidate,
tr_80011dc9f46e74,ginsenoside,,20(S)-ginsenoside Rh12,20(R)-ginsenoside Rh12,entity_f08632271681edf4,entity_7311e4d6a2bcbab9,configurational inversion,explicit_report,,,,1,"[{""coefficient"":1,""entity_id"":""entity_f08632271681edf4"",""role"":""substrate""}]","[{""coefficient"":1,""entity_id"":""entity_7311e4d6a2bcbab9"",""role"":""product""}]",0,substrate,0,network_preflight,unary_literature_transformation,configurational_inversion,C36H64O10 -> C36H64O10,"[""form_0d5884c809d3cdb6""]","[""form_59bf5e0514271a5f""]",{},0,valid,unique_reported_entity,derivation_b1be2020f48660,0,source_to_target,FALSE,1,real resolved network anchor,7,candidate,
tr_5c4d9f5fc1ced1,ginsenoside,,protopanaxadiol,PPDV1/V2 aglycone,,,dehydration,explicit_report,,,,1,"[{""coefficient"":1,""entity_id"":"""",""role"":""substrate""}]","[{""coefficient"":1,""entity_id"":"""",""role"":""product""}]",0,substrate,0,network_preflight,unary_literature_transformation,dehydration,,[],[],{},,unresolved_entities,unresolved_product_class,derivation_0de5e2dff65515,,source_to_target,FALSE,1,non_propagating_unresolved_entity,8,candidate,
tr_cdd348d7299d13,ginsenoside,,G-Rb1,G-Rd,entity_8a8de1145f59f199,entity_3c1dfb232de48c72,loss of reported glc component,literature_inferred,,,,1,"[{""coefficient"":1,""entity_id"":""entity_8a8de1145f59f199"",""role"":""substrate""}]","[{""coefficient"":1,""entity_id"":""entity_3c1dfb232de48c72"",""role"":""product""}]",0,substrate,0,network_preflight,unary_literature_transformation,loss_of_reported_glc_component,C54H92O23 -> C48H82O18,"[""form_f255d9982516474c""]","[""form_67c0aea2428db18b""]",{},-162.052823,valid,unique_reported_entity,derivation_99f29bf32893c7,-162.052823,source_to_target,FALSE,1,real resolved network anchor,chunk_adad5f853e121b5f435a;chunk_784ca4f837c7a19c3aad,candidate,Independent loss-mechanism evidence joined to co-reported entity component profiles with an exact formula balance.
tr_a32ab37bd143d1,ginsenoside,,ginsenoside Ra2,G-Rc,entity_d09e71bd59bbe9fe,entity_1f50137473f79c32,loss of reported xyl component,literature_inferred,,,,1,"[{""coefficient"":1,""entity_id"":""entity_d09e71bd59bbe9fe"",""role"":""substrate""}]","[{""coefficient"":1,""entity_id"":""entity_1f50137473f79c32"",""role"":""product""}]",0,substrate,0,network_preflight,unary_literature_transformation,loss_of_reported_xyl_component,C58H98O26 -> C53H90O22,"[""form_f9b6e85a0cb108eb""]","[""form_f7158d1a82dd7d29""]",{},-132.042259,valid,unique_reported_entity,derivation_856de533ea78bf,-132.042259,source_to_target,FALSE,1,real resolved network anchor,chunk_adad5f853e121b5f435a;chunk_784ca4f837c7a19c3aad,candidate,Independent loss-mechanism evidence joined to co-reported entity component profiles with an exact formula balance.
tr_e34bb63270959e,ginsenoside,,Ginsenoside Rb2,Ginsenoside Rd,entity_b3a6760e99a1e624,entity_6cf53cd8e18ecbba,loss of reported ara(p) component,literature_inferred,,,,1,"[{""coefficient"":1,""entity_id"":""entity_b3a6760e99a1e624"",""role"":""substrate""}]","[{""coefficient"":1,""entity_id"":""entity_6cf53cd8e18ecbba"",""role"":""product""}]",0,substrate,0,network_preflight,unary_literature_transformation,loss_of_reported_ara_p_component,C53H90O22 -> C48H82O18,"[""form_eddfee3534aed8e5""]","[""form_301a8c7f3bc70122""]",{},-132.042259,valid,unique_reported_entity,derivation_cffe5738b4d556,-132.042259,source_to_target,FALSE,1,real resolved network anchor,chunk_adad5f853e121b5f435a;chunk_784ca4f837c7a19c3aad,candidate,Independent loss-mechanism evidence joined to co-reported entity component profiles with an exact formula balance.
tr_a7dc690984b254,ginsenoside,,Malonyl NG-R4,Malonyl-ginsenosid e Rb3,entity_95f7cadbc3af85ef,entity_b84a691072c9c3c4,loss of reported glc component,literature_inferred,,,,1,"[{""coefficient"":1,""entity_id"":""entity_95f7cadbc3af85ef"",""role"":""substrate""}]","[{""coefficient"":1,""entity_id"":""entity_b84a691072c9c3c4"",""role"":""product""}]",0,substrate,0,network_preflight,unary_literature_transformation,loss_of_reported_glc_component,C62H102O30 -> C56H92O25,"[""form_7f5a8b111338daf8""]","[""form_20c5c3f6fe0bc45c""]",{},-162.052823,valid,unique_reported_entity,derivation_223f2d1700e492,-162.052823,source_to_target,FALSE,1,real resolved network anchor,chunk_adad5f853e121b5f435a;chunk_2f6f8a757f20e58b3e80;chunk_3082f555030cfe0b794f;chunk_ddbc558f38b12054945a,candidate,Independent loss-mechanism evidence joined to co-reported entity component profiles with an exact formula balance.
tr_d0efb9c9eb6e5d,ginsenoside,,G-Re2,G-Rf,entity_a5d5bef04f6534de,entity_fc7578bb143494c5,loss of reported glc component,literature_inferred,,,,1,"[{""coefficient"":1,""entity_id"":""entity_a5d5bef04f6534de"",""role"":""substrate""}]","[{""coefficient"":1,""entity_id"":""entity_fc7578bb143494c5"",""role"":""product""}]",0,substrate,0,network_preflight,unary_literature_transformation,loss_of_reported_glc_component,C48H82O19 -> C42H72O14,"[""form_1257a0f8cf0ddf8a""]","[""form_3892af7899663cbb""]",{},-162.052823,valid,unique_reported_entity,derivation_3bf02b70ac81df,-162.052823,source_to_target,FALSE,1,real resolved network anchor,chunk_adad5f853e121b5f435a;chunk_15955d34e68303239283;chunk_1c1e6578ab8c9a02d5a4;chunk_3be07d61de6906fe57fe;chunk_830bcd489bd464af970b;chunk_882470a12bfb0084bea7,candidate,Independent loss-mechanism evidence joined to co-reported entity component profiles with an exact formula balance.
tr_2f4f9803c90103,ginsenoside,,Q-R1,G-Rb1,entity_a123d095eb2b78c4,entity_8a8de1145f59f199,loss of reported ac component,literature_inferred,,,,1,"[{""coefficient"":1,""entity_id"":""entity_a123d095eb2b78c4"",""role"":""substrate""}]","[{""coefficient"":1,""entity_id"":""entity_8a8de1145f59f199"",""role"":""product""}]",0,substrate,0,network_preflight,unary_literature_transformation,loss_of_reported_ac_component,C56H94O24 -> C54H92O23,"[""form_ac51f75a7d1353b4""]","[""form_f255d9982516474c""]",{},-42.010565,valid,unique_reported_entity,derivation_7ba1c2d956e6f7,-42.010565,source_to_target,FALSE,1,real resolved network anchor,chunk_a8a31155a0b2bb6655b5;chunk_1c1e6578ab8c9a02d5a4;chunk_39550165b91703d596a2;chunk_784ca4f837c7a19c3aad;chunk_a1805dae0ab969b92d9b;chunk_b30b2c401321bfd9dbf3;chunk_c8e9107bce1afd08ab84,candidate,Independent loss-mechanism evidence joined to co-reported entity component profiles with an exact formula balance.
tr_eb67914cd33531,ginsenoside,,20-gluco-ginsenoside,Ginsenoside Rg1,entity_9427c164145f6329,entity_d96110b1470152a6,loss of reported glc component,literature_inferred,,,,1,"[{""coefficient"":1,""entity_id"":""entity_9427c164145f6329"",""role"":""substrate""}]","[{""coefficient"":1,""entity_id"":""entity_d96110b1470152a6"",""role"":""product""}]",0,substrate,0,network_preflight,unary_literature_transformation,loss_of_reported_glc_component,C48H82O19 -> C42H72O14,"[""form_ebb02692f6bece6f""]","[""form_7e15527b576a6354""]",{},-162.052823,valid,unique_reported_entity,derivation_38b28e5f281058,-162.052823,source_to_target,FALSE,1,real resolved network anchor,chunk_adad5f853e121b5f435a;chunk_15955d34e68303239283,candidate,Independent loss-mechanism evidence joined to co-reported entity component profiles with an exact formula balance.
tr_f60b823c783be0,ginsenoside,,G-Re1,Ginsenoside Rg1,entity_b8ed38e87c37b24f,entity_d96110b1470152a6,loss of reported glc component,literature_inferred,,,,1,"[{""coefficient"":1,""entity_id"":""entity_b8ed38e87c37b24f"",""role"":""substrate""}]","[{""coefficient"":1,""entity_id"":""entity_d96110b1470152a6"",""role"":""product""}]",0,substrate,0,network_preflight,unary_literature_transformation,loss_of_reported_glc_component,C48H82O19 -> C42H72O14,"[""form_f27de16efb5164e9""]","[""form_7e15527b576a6354""]",{},-162.052823,valid,unique_reported_entity,derivation_88675986bd01c7,-162.052823,source_to_target,FALSE,1,real resolved network anchor,chunk_adad5f853e121b5f435a;chunk_15955d34e68303239283;chunk_17559ab5861cab223c30;chunk_1c1e6578ab8c9a02d5a4;chunk_882470a12bfb0084bea7;chunk_ce301891eaa5f1eecc48,candidate,Independent loss-mechanism evidence joined to co-reported entity component profiles with an exact formula balance.
tr_db7650088ba5f5,ginsenoside,,koryoginsenoside,NG-N,entity_ad12e53dcb453643,entity_a6832f070a739024,loss of reported glc component,literature_inferred,,,,1,"[{""coefficient"":1,""entity_id"":""entity_ad12e53dcb453643"",""role"":""substrate""}]","[{""coefficient"":1,""entity_id"":""entity_a6832f070a739024"",""role"":""product""}]",0,substrate,0,network_preflight,unary_literature_transformation,loss_of_reported_glc_component,C54H92O24 -> C48H82O19,"[""form_fb90cd582faea142""]","[""form_0f642e553e5dd867""]",{},-162.052823,valid,unique_reported_entity,derivation_c48007668a390a,-162.052823,source_to_target,FALSE,1,real resolved network anchor,chunk_adad5f853e121b5f435a;chunk_15955d34e68303239283;chunk_1c1e6578ab8c9a02d5a4,candidate,Independent loss-mechanism evidence joined to co-reported entity component profiles with an exact formula balance.
tr_7b41d877d1672f,ginsenoside,,G-Rs2,G-Rb2/G-Rb3/G-Rc,entity_2782aa795f2975f1,entity_3aad3305041f63e9,loss of reported ac component,literature_inferred,,,,1,"[{""coefficient"":1,""entity_id"":""entity_2782aa795f2975f1"",""role"":""substrate""}]","[{""coefficient"":1,""entity_id"":""entity_3aad3305041f63e9"",""role"":""product""}]",0,substrate,0,network_preflight,unary_literature_transformation,loss_of_reported_ac_component,C55H92O23 -> C53H90O22,"[""form_d5d3812ffe8c5f7b""]","[""form_f54bf7ca8bf4d9b1""]",{},-42.010565,valid,unique_reported_entity,derivation_b41d2592c0f31d,-42.010565,source_to_target,FALSE,1,real resolved network anchor,chunk_a8a31155a0b2bb6655b5;chunk_1c1e6578ab8c9a02d5a4;chunk_2c82b7e414372849f471;chunk_422e82f9c16efd5c8866;chunk_784ca4f837c7a19c3aad;chunk_882470a12bfb0084bea7,candidate,Independent loss-mechanism evidence joined to co-reported entity component profiles with an exact formula balance.
tr_8fcb32751b8b3f,ginsenoside,,G-Re1,ginsenoside Rf,entity_b8ed38e87c37b24f,entity_aa500cbc70ff655a,loss of reported glc component,literature_inferred,,,,1,"[{""coefficient"":1,""entity_id"":""entity_b8ed38e87c37b24f"",""role"":""substrate""}]","[{""coefficient"":1,""entity_id"":""entity_aa500cbc70ff655a"",""role"":""product""}]",0,substrate,0,network_preflight,unary_literature_transformation,loss_of_reported_glc_component,C48H82O19 -> C42H72O14,"[""form_f27de16efb5164e9""]","[""form_27b1c936bea52cc8""]",{},-162.052823,valid,unique_reported_entity,derivation_6178205bde558a,-162.052823,source_to_target,FALSE,1,real resolved network anchor,chunk_adad5f853e121b5f435a;chunk_15955d34e68303239283;chunk_17559ab5861cab223c30;chunk_1c1e6578ab8c9a02d5a4;chunk_882470a12bfb0084bea7;chunk_ce301891eaa5f1eecc48,candidate,Independent loss-mechanism evidence joined to co-reported entity component profiles with an exact formula balance.
tr_d493173d9b157b,ginsenoside,,G-Re3,G-Rf,entity_1cda1359c9338194,entity_fc7578bb143494c5,loss of reported glc component,literature_inferred,,,,1,"[{""coefficient"":1,""entity_id"":""entity_1cda1359c9338194"",""role"":""substrate""}]","[{""coefficient"":1,""entity_id"":""entity_fc7578bb143494c5"",""role"":""product""}]",0,substrate,0,network_preflight,unary_literature_transformation,loss_of_reported_glc_component,C48H82O19 -> C42H72O14,"[""form_6722dbee8c924ec7""]","[""form_3892af7899663cbb""]",{},-162.052823,valid,unique_reported_entity,derivation_fce43a58a00f44,-162.052823,source_to_target,FALSE,1,real resolved network anchor,chunk_adad5f853e121b5f435a;chunk_15955d34e68303239283;chunk_1c1e6578ab8c9a02d5a4;chunk_882470a12bfb0084bea7;chunk_acc6e934be5d2cae972b;chunk_b9378f3b91b1ce003c5a,candidate,Independent loss-mechanism evidence joined to co-reported entity component profiles with an exact formula balance.
tr_67817b3be8548b,ginsenoside,,koryoginsenoside,20-glu-G-Rf,entity_ad12e53dcb453643,entity_8be63c29ef8b44ca,loss of reported glc component,literature_inferred,,,,1,"[{""coefficient"":1,""entity_id"":""entity_ad12e53dcb453643"",""role"":""substrate""}]","[{""coefficient"":1,""entity_id"":""entity_8be63c29ef8b44ca"",""role"":""product""}]",0,substrate,0,network_preflight,unary_literature_transformation,loss_of_reported_glc_component,C54H92O24 -> C48H82O19,"[""form_fb90cd582faea142""]","[""form_81ff0e1e7859804e""]",{},-162.052823,valid,unique_reported_entity,derivation_ddb681fec671e8,-162.052823,source_to_target,FALSE,1,real resolved network anchor,chunk_adad5f853e121b5f435a;chunk_1c1e6578ab8c9a02d5a4;chunk_4d4bb0ef118d03837386;chunk_882470a12bfb0084bea7,candidate,Independent loss-mechanism evidence joined to co-reported entity component profiles with an exact formula balance.
tr_bbf751712c2641,ginsenoside,,Ginsenoside Rb3,G-Rd,entity_51ddcb86ca8d9896,entity_3c1dfb232de48c72,loss of reported xyl component,literature_inferred,,,,1,"[{""coefficient"":1,""entity_id"":""entity_51ddcb86ca8d9896"",""role"":""substrate""}]","[{""coefficient"":1,""entity_id"":""entity_3c1dfb232de48c72"",""role"":""product""}]",0,substrate,0,network_preflight,unary_literature_transformation,loss_of_reported_xyl_component,C53H90O22 -> C48H82O18,"[""form_d296c75372b86da0""]","[""form_67c0aea2428db18b""]",{},-132.042259,valid,unique_reported_entity,derivation_c694f0e6071a32,-132.042259,source_to_target,FALSE,1,real resolved network anchor,chunk_adad5f853e121b5f435a;chunk_784ca4f837c7a19c3aad,candidate,Independent loss-mechanism evidence joined to co-reported entity component profiles with an exact formula balance.
tr_d1e96253055f8d,ginsenoside,,PPT-C17-V1/V2-Glc-Glc-Xyl/Ara,noto-T5 isomer,entity_e3bdebdc7e7949b6,entity_2da943f01efac484,loss of reported glc component,literature_inferred,,,,1,"[{""coefficient"":1,""entity_id"":""entity_e3bdebdc7e7949b6"",""role"":""substrate""}]","[{""coefficient"":1,""entity_id"":""entity_2da943f01efac484"",""role"":""product""}]",0,substrate,0,network_preflight,unary_literature_transformation,loss_of_reported_glc_component,C47H78O17 -> C41H68O12,"[""form_639943c2d2c26a1a""]","[""form_9943d2739f73f8fd""]",{},-162.052823,valid,unique_reported_entity,derivation_9aa27f9dd1b9e7,-162.052823,source_to_target,FALSE,1,real resolved network anchor,chunk_adad5f853e121b5f435a;chunk_61d5b07d3c76866a378e;chunk_88e8e2b26c7dc04926aa;chunk_c978f98109b764eb4405;chunk_cd666b06466a5a2b5984,candidate,Independent loss-mechanism evidence joined to co-reported entity component profiles with an exact formula balance.
tr_b5e5e5e54713c3,ginsenoside,,NG-R1,notoginsenoside R2,entity_1ee60b1343a52861,entity_9a56f24d40f60377,loss of reported glc component,literature_inferred,,,,1,"[{""coefficient"":1,""entity_id"":""entity_1ee60b1343a52861"",""role"":""substrate""}]","[{""coefficient"":1,""entity_id"":""entity_9a56f24d40f60377"",""role"":""product""}]",0,substrate,0,network_preflight,unary_literature_transformation,loss_of_reported_glc_component,C47H80O18 -> C41H70O13,"[""form_dc88233ef5b85141""]","[""form_9cd8e06e3537bc21""]",{},-162.052823,valid,unique_reported_entity,derivation_e7ef6d63932822,-162.052823,source_to_target,FALSE,1,real resolved network anchor,chunk_adad5f853e121b5f435a;chunk_15955d34e68303239283;chunk_350cbe9d67e78502c37e,candidate,Independent loss-mechanism evidence joined to co-reported entity component profiles with an exact formula balance.
tr_ecf09e3f7b3f07,ginsenoside,,ginsenoside Re4,ginsenoside Rf,entity_6a4dd182e0ce4718,entity_aa500cbc70ff655a,loss of reported ara(f) component,literature_inferred,,,,1,"[{""coefficient"":1,""entity_id"":""entity_6a4dd182e0ce4718"",""role"":""substrate""}]","[{""coefficient"":1,""entity_id"":""entity_aa500cbc70ff655a"",""role"":""product""}]",0,substrate,0,network_preflight,unary_literature_transformation,loss_of_reported_ara_f_component,C47H80O18 -> C42H72O14,"[""form_2142377cb9d1d762""]","[""form_27b1c936bea52cc8""]",{},-132.042259,valid,unique_reported_entity,derivation_2e61c495f71da3,-132.042259,source_to_target,FALSE,1,real resolved network anchor,chunk_adad5f853e121b5f435a;chunk_882470a12bfb0084bea7,candidate,Independent loss-mechanism evidence joined to co-reported entity component profiles with an exact formula balance.
tr_9a7266f39d7c51,ginsenoside,,NG-R4,G-Rb3,entity_b7683986ae2a4f6b,entity_38d79c2f72ee3833,loss of reported glc component,literature_inferred,,,,1,"[{""coefficient"":1,""entity_id"":""entity_b7683986ae2a4f6b"",""role"":""substrate""}]","[{""coefficient"":1,""entity_id"":""entity_38d79c2f72ee3833"",""role"":""product""}]",0,substrate,0,network_preflight,unary_literature_transformation,loss_of_reported_glc_component,C59H100O27 -> C53H90O22,"[""form_017ab62cd2dd3acb""]","[""form_bc23e7afc30d5b9d""]",{},-162.052823,valid,unique_reported_entity,derivation_09b7fc596faa34,-162.052823,source_to_target,FALSE,1,real resolved network anchor,chunk_adad5f853e121b5f435a;chunk_3b867ed59739d5a22268;chunk_56a9ba062b7ea0fc54cf;chunk_784ca4f837c7a19c3aad;chunk_9331c6d9d26aff836f3d;chunk_d3acabfeb9313aceb0ea;chunk_fc56392a85f26eec157f,candidate,Independent loss-mechanism evidence joined to co-reported entity component profiles with an exact formula balance.
tr_444bf8e1748b5e,ginsenoside,,NG-R4,Ginsenoside Rb3,entity_b7683986ae2a4f6b,entity_51ddcb86ca8d9896,loss of reported glc component,literature_inferred,,,,1,"[{""coefficient"":1,""entity_id"":""entity_b7683986ae2a4f6b"",""role"":""substrate""}]","[{""coefficient"":1,""entity_id"":""entity_51ddcb86ca8d9896"",""role"":""product""}]",0,substrate,0,network_preflight,unary_literature_transformation,loss_of_reported_glc_component,C59H100O27 -> C53H90O22,"[""form_017ab62cd2dd3acb""]","[""form_d296c75372b86da0""]",{},-162.052823,valid,unique_reported_entity,derivation_d28d52af0d6e6f,-162.052823,source_to_target,FALSE,1,real resolved network anchor,chunk_adad5f853e121b5f435a;chunk_3b867ed59739d5a22268;chunk_56a9ba062b7ea0fc54cf;chunk_784ca4f837c7a19c3aad;chunk_9331c6d9d26aff836f3d;chunk_d3acabfeb9313aceb0ea;chunk_fc56392a85f26eec157f,candidate,Independent loss-mechanism evidence joined to co-reported entity component profiles with an exact formula balance.
tr_363da6d20ea195,ginsenoside,,Ginsenoside Rb3,Ginsenoside Rd,entity_51ddcb86ca8d9896,entity_6cf53cd8e18ecbba,loss of reported xyl component,literature_inferred,,,,1,"[{""coefficient"":1,""entity_id"":""entity_51ddcb86ca8d9896"",""role"":""substrate""}]","[{""coefficient"":1,""entity_id"":""entity_6cf53cd8e18ecbba"",""role"":""product""}]",0,substrate,0,network_preflight,unary_literature_transformation,loss_of_reported_xyl_component,C53H90O22 -> C48H82O18,"[""form_d296c75372b86da0""]","[""form_301a8c7f3bc70122""]",{},-132.042259,valid,unique_reported_entity,derivation_0e8b089acacbe2,-132.042259,source_to_target,FALSE,1,real resolved network anchor,chunk_adad5f853e121b5f435a;chunk_784ca4f837c7a19c3aad,candidate,Independent loss-mechanism evidence joined to co-reported entity component profiles with an exact formula balance.
tr_2c66d2a5e45ed0,ginsenoside,,Ginsenoside Rg1,G-Rh1,entity_d96110b1470152a6,entity_785007943bc3cf09,loss of reported glc component,literature_inferred,,,,1,"[{""coefficient"":1,""entity_id"":""entity_d96110b1470152a6"",""role"":""substrate""}]","[{""coefficient"":1,""entity_id"":""entity_785007943bc3cf09"",""role"":""product""}]",0,substrate,0,network_preflight,unary_literature_transformation,loss_of_reported_glc_component,C42H72O14 -> C36H62O9,"[""form_7e15527b576a6354""]","[""form_725ff54cb6e1c03e""]",{},-162.052823,valid,unique_reported_entity,derivation_203dd5d0cd2a6c,-162.052823,source_to_target,FALSE,1,real resolved network anchor,chunk_adad5f853e121b5f435a;chunk_15955d34e68303239283,candidate,Independent loss-mechanism evidence joined to co-reported entity component profiles with an exact formula balance.
tr_8faaa0862fbbaa,ginsenoside,,G-Ra2,G-Rb3,entity_bbd09d34df0fc1f1,entity_38d79c2f72ee3833,loss of reported ara(f) component,literature_inferred,,,,1,"[{""coefficient"":1,""entity_id"":""entity_bbd09d34df0fc1f1"",""role"":""substrate""}]","[{""coefficient"":1,""entity_id"":""entity_38d79c2f72ee3833"",""role"":""product""}]",0,substrate,0,network_preflight,unary_literature_transformation,loss_of_reported_ara_f_component,C58H98O26 -> C53H90O22,"[""form_9e0989db1043a7f6""]","[""form_bc23e7afc30d5b9d""]",{},-132.042259,valid,unique_reported_entity,derivation_ddc625980f5a15,-132.042259,source_to_target,FALSE,1,real resolved network anchor,chunk_adad5f853e121b5f435a;chunk_784ca4f837c7a19c3aad,candidate,Independent loss-mechanism evidence joined to co-reported entity component profiles with an exact formula balance.
tr_2e28731af415e8,ginsenoside,,G-Rg2,ginsenoside Rh1,entity_b028c328a2c35c86,entity_62384753ece5380a,loss of reported rha component,literature_inferred,,,,1,"[{""coefficient"":1,""entity_id"":""entity_b028c328a2c35c86"",""role"":""substrate""}]","[{""coefficient"":1,""entity_id"":""entity_62384753ece5380a"",""role"":""product""}]",0,substrate,0,network_preflight,unary_literature_transformation,loss_of_reported_rha_component,C42H72O13 -> C36H62O9,"[""form_d1230e2f1b1cd4c4""]","[""form_1c95210068583a55""]",{},-146.057909,valid,unique_reported_entity,derivation_1cb1662c25944a,-146.057909,source_to_target,FALSE,1,real resolved network anchor,chunk_adad5f853e121b5f435a;chunk_15955d34e68303239283,candidate,Independent loss-mechanism evidence joined to co-reported entity component profiles with an exact formula balance.
tr_1433fc1b7b300f,ginsenoside,,ginsenoside Re3,G-Rf,entity_6853db04e14ae862,entity_fc7578bb143494c5,loss of reported glc component,literature_inferred,,,,1,"[{""coefficient"":1,""entity_id"":""entity_6853db04e14ae862"",""role"":""substrate""}]","[{""coefficient"":1,""entity_id"":""entity_fc7578bb143494c5"",""role"":""product""}]",0,substrate,0,network_preflight,unary_literature_transformation,loss_of_reported_glc_component,C48H82O19 -> C42H72O14,"[""form_d9656570fb5502cc""]","[""form_3892af7899663cbb""]",{},-162.052823,valid,unique_reported_entity,derivation_08dbe2162d471d,-162.052823,source_to_target,FALSE,1,real resolved network anchor,chunk_adad5f853e121b5f435a;chunk_15955d34e68303239283;chunk_1c1e6578ab8c9a02d5a4;chunk_882470a12bfb0084bea7;chunk_acc6e934be5d2cae972b;chunk_b9378f3b91b1ce003c5a,candidate,Independent loss-mechanism evidence joined to co-reported entity component profiles with an exact formula balance.
tr_87b2cf2a524e9f,ginsenoside,,Malonylginsenoside Rb1,Malonyl-ginsenosid e Rd isomer,entity_f18f801eee297e11,entity_f5a35bdebdc9fae4,loss of reported glc component,literature_inferred,,,,1,"[{""coefficient"":1,""entity_id"":""entity_f18f801eee297e11"",""role"":""substrate""}]","[{""coefficient"":1,""entity_id"":""entity_f5a35bdebdc9fae4"",""role"":""product""}]",0,substrate,0,network_preflight,unary_literature_transformation,loss_of_reported_glc_component,C57H94O26 -> C51H84O21,"[""form_a69e4e7523cce471""]","[""form_fe4c2564759a91a8""]",{},-162.052823,valid,unique_reported_entity,derivation_bda163d0806596,-162.052823,source_to_target,FALSE,1,real resolved network anchor,chunk_adad5f853e121b5f435a;chunk_5841c168bd2ba0ca31fe;chunk_839826e4934886ac02b2;chunk_9f93d616b48dc6c4b28a;chunk_e36fff589d05b0bd4f96,candidate,Independent loss-mechanism evidence joined to co-reported entity component profiles with an exact formula balance.
tr_91ccdcd10824eb,ginsenoside,,KG-R1,G-Rg1,entity_80c445e36e544b55,entity_11d5cf053633d1b5,loss of reported but component,literature_inferred,,,,1,"[{""coefficient"":1,""entity_id"":""entity_80c445e36e544b55"",""role"":""substrate""}]","[{""coefficient"":1,""entity_id"":""entity_11d5cf053633d1b5"",""role"":""product""}]",0,substrate,0,network_preflight,unary_literature_transformation,loss_of_reported_but_component,C46H76O15 -> C42H72O14,"[""form_73eca803b9372fbb""]","[""form_f8fd40e1318431a4""]",{},-68.026215,valid,unique_reported_entity,derivation_5c5f107c7ec71e,-68.026215,source_to_target,FALSE,1,real resolved network anchor,chunk_a8a31155a0b2bb6655b5;chunk_15955d34e68303239283,candidate,Independent loss-mechanism evidence joined to co-reported entity component profiles with an exact formula balance.
tr_0d456f17f965b1,ginsenoside,,Acetyl G-Rd,Acetyl G-Rg3,entity_e8b01c71e6588d19,entity_9937b8eeb9981bdd,loss of reported glc component,literature_inferred,,,,1,"[{""coefficient"":1,""entity_id"":""entity_e8b01c71e6588d19"",""role"":""substrate""}]","[{""coefficient"":1,""entity_id"":""entity_9937b8eeb9981bdd"",""role"":""product""}]",0,substrate,0,network_preflight,unary_literature_transformation,loss_of_reported_glc_component,C50H84O19 -> C44H74O14,"[""form_1bba0ae175205c6d""]","[""form_d9b81a85dbf20814""]",{},-162.052823,valid,unique_reported_entity,derivation_b9ada13c88dc65,-162.052823,source_to_target,FALSE,1,real resolved network anchor,chunk_adad5f853e121b5f435a;chunk_3fbcfd2a032f66b908a5;chunk_61004029bc1f218b90c1,candidate,Independent loss-mechanism evidence joined to co-reported entity component profiles with an exact formula balance.
tr_1457b5efeb0ab3,ginsenoside,,PG-Glc-Glc-Rha,Oxidated-protopan axatriol+Glc+Rha,entity_68b633a43095b361,entity_ee685836be12c16e,loss of reported glc component,literature_inferred,,,,1,"[{""coefficient"":1,""entity_id"":""entity_68b633a43095b361"",""role"":""substrate""}]","[{""coefficient"":1,""entity_id"":""entity_ee685836be12c16e"",""role"":""product""}]",0,substrate,0,network_preflight,unary_literature_transformation,loss_of_reported_glc_component,C48H82O19 -> C42H72O14,"[""form_178b7c208814c436""]","[""form_964f9b73ec20faf8""]",{},-162.052823,valid,unique_reported_entity,derivation_35b2e831b8d4c7,-162.052823,source_to_target,FALSE,1,real resolved network anchor,chunk_adad5f853e121b5f435a;chunk_4dd89b5e4919fe11247e;chunk_558f277475b24d9fc2fa;chunk_631615057193b28c35a3;chunk_854dc94d845782282241;chunk_c1077fde30e2da8f2a3b;chunk_c978f98109b764eb4405,candidate,Independent loss-mechanism evidence joined to co-reported entity component profiles with an exact formula balance.
tr_d7a456fa76555c,ginsenoside,,ginsenoside Re2,G-Rf,entity_2af02e68b59fb4dc,entity_fc7578bb143494c5,loss of reported glc component,literature_inferred,,,,1,"[{""coefficient"":1,""entity_id"":""entity_2af02e68b59fb4dc"",""role"":""substrate""}]","[{""coefficient"":1,""entity_id"":""entity_fc7578bb143494c5"",""role"":""product""}]",0,substrate,0,network_preflight,unary_literature_transformation,loss_of_reported_glc_component,C48H82O19 -> C42H72O14,"[""form_1d86d569ecd7ff09""]","[""form_3892af7899663cbb""]",{},-162.052823,valid,unique_reported_entity,derivation_259d2bea9650d3,-162.052823,source_to_target,FALSE,1,real resolved network anchor,chunk_adad5f853e121b5f435a;chunk_15955d34e68303239283;chunk_1c1e6578ab8c9a02d5a4;chunk_3be07d61de6906fe57fe;chunk_830bcd489bd464af970b;chunk_882470a12bfb0084bea7,candidate,Independent loss-mechanism evidence joined to co-reported entity component profiles with an exact formula balance.
tr_01f265a0eb5e74,ginsenoside,,NG-R2,G-Rh1,entity_dfd4ca17350dd52c,entity_785007943bc3cf09,loss of reported xyl component,literature_inferred,,,,1,"[{""coefficient"":1,""entity_id"":""entity_dfd4ca17350dd52c"",""role"":""substrate""}]","[{""coefficient"":1,""entity_id"":""entity_785007943bc3cf09"",""role"":""product""}]",0,substrate,0,network_preflight,unary_literature_transformation,loss_of_reported_xyl_component,C41H70O13 -> C36H62O9,"[""form_01ef2f55a0deb9f3""]","[""form_725ff54cb6e1c03e""]",{},-132.042259,valid,unique_reported_entity,derivation_1345f889a3400d,-132.042259,source_to_target,FALSE,1,real resolved network anchor,chunk_adad5f853e121b5f435a;chunk_15955d34e68303239283,candidate,Independent loss-mechanism evidence joined to co-reported entity component profiles with an exact formula balance.
tr_2b18eb1913f76a,ginsenoside,,G-Rb3,G-Rd,entity_38d79c2f72ee3833,entity_3c1dfb232de48c72,loss of reported xyl component,literature_inferred,,,,1,"[{""coefficient"":1,""entity_id"":""entity_38d79c2f72ee3833"",""role"":""substrate""}]","[{""coefficient"":1,""entity_id"":""entity_3c1dfb232de48c72"",""role"":""product""}]",0,substrate,0,network_preflight,unary_literature_transformation,loss_of_reported_xyl_component,C53H90O22 -> C48H82O18,"[""form_bc23e7afc30d5b9d""]","[""form_67c0aea2428db18b""]",{},-132.042259,valid,unique_reported_entity,derivation_4fcbd0d803f853,-132.042259,source_to_target,FALSE,1,real resolved network anchor,chunk_adad5f853e121b5f435a;chunk_784ca4f837c7a19c3aad,candidate,Independent loss-mechanism evidence joined to co-reported entity component profiles with an exact formula balance.
tr_9b60af4e9f3c29,ginsenoside,,G-Ra2,Ginsenoside Rb3,entity_bbd09d34df0fc1f1,entity_51ddcb86ca8d9896,loss of reported ara(f) component,literature_inferred,,,,1,"[{""coefficient"":1,""entity_id"":""entity_bbd09d34df0fc1f1"",""role"":""substrate""}]","[{""coefficient"":1,""entity_id"":""entity_51ddcb86ca8d9896"",""role"":""product""}]",0,substrate,0,network_preflight,unary_literature_transformation,loss_of_reported_ara_f_component,C58H98O26 -> C53H90O22,"[""form_9e0989db1043a7f6""]","[""form_d296c75372b86da0""]",{},-132.042259,valid,unique_reported_entity,derivation_068a7e74f72f59,-132.042259,source_to_target,FALSE,1,real resolved network anchor,chunk_adad5f853e121b5f435a;chunk_784ca4f837c7a19c3aad,candidate,Independent loss-mechanism evidence joined to co-reported entity component profiles with an exact formula balance.
tr_9c33c38e1ccdd4,ginsenoside,,NG-R1,NG-R2,entity_1ee60b1343a52861,entity_dfd4ca17350dd52c,loss of reported glc component,literature_inferred,,,,1,"[{""coefficient"":1,""entity_id"":""entity_1ee60b1343a52861"",""role"":""substrate""}]","[{""coefficient"":1,""entity_id"":""entity_dfd4ca17350dd52c"",""role"":""product""}]",0,substrate,0,network_preflight,unary_literature_transformation,loss_of_reported_glc_component,C47H80O18 -> C41H70O13,"[""form_dc88233ef5b85141""]","[""form_01ef2f55a0deb9f3""]",{},-162.052823,valid,unique_reported_entity,derivation_107680a46d7641,-162.052823,source_to_target,FALSE,1,real resolved network anchor,chunk_adad5f853e121b5f435a;chunk_15955d34e68303239283;chunk_350cbe9d67e78502c37e,candidate,Independent loss-mechanism evidence joined to co-reported entity component profiles with an exact formula balance.
tr_797220dff9e988,ginsenoside,,Pseudoginsenoside Rc1,Acetyl G-Rg3,entity_3619e1049b80d09d,entity_9937b8eeb9981bdd,loss of reported glc component,literature_inferred,,,,1,"[{""coefficient"":1,""entity_id"":""entity_3619e1049b80d09d"",""role"":""substrate""}]","[{""coefficient"":1,""entity_id"":""entity_9937b8eeb9981bdd"",""role"":""product""}]",0,substrate,0,network_preflight,unary_literature_transformation,loss_of_reported_glc_component,C50H84O19 -> C44H74O14,"[""form_c693ebf974be9821""]","[""form_d9b81a85dbf20814""]",{},-162.052823,valid,unique_reported_entity,derivation_9405919da7c57a,-162.052823,source_to_target,FALSE,1,real resolved network anchor,chunk_adad5f853e121b5f435a;chunk_61004029bc1f218b90c1;chunk_654d2a4219b13a49d8a1;chunk_8d91bddac5b66a96dcd3,candidate,Independent loss-mechanism evidence joined to co-reported entity component profiles with an exact formula balance.
tr_cd72d3459e9a47,ginsenoside,,20-gluco-ginsenoside,G-Rf,entity_9427c164145f6329,entity_fc7578bb143494c5,loss of reported glc component,literature_inferred,,,,1,"[{""coefficient"":1,""entity_id"":""entity_9427c164145f6329"",""role"":""substrate""}]","[{""coefficient"":1,""entity_id"":""entity_fc7578bb143494c5"",""role"":""product""}]",0,substrate,0,network_preflight,unary_literature_transformation,loss_of_reported_glc_component,C48H82O19 -> C42H72O14,"[""form_ebb02692f6bece6f""]","[""form_3892af7899663cbb""]",{},-162.052823,valid,unique_reported_entity,derivation_1feefe967394c6,-162.052823,source_to_target,FALSE,1,real resolved network anchor,chunk_adad5f853e121b5f435a;chunk_15955d34e68303239283,candidate,Independent loss-mechanism evidence joined to co-reported entity component profiles with an exact formula balance.
tr_60b40d8af21c87,ginsenoside,,G-Ra1,G-Rb3,entity_0e0a32a9e1a4d4c1,entity_38d79c2f72ee3833,loss of reported ara(p) component,literature_inferred,,,,1,"[{""coefficient"":1,""entity_id"":""entity_0e0a32a9e1a4d4c1"",""role"":""substrate""}]","[{""coefficient"":1,""entity_id"":""entity_38d79c2f72ee3833"",""role"":""product""}]",0,substrate,0,network_preflight,unary_literature_transformation,loss_of_reported_ara_p_component,C58H98O26 -> C53H90O22,"[""form_e60310999e8e4879""]","[""form_bc23e7afc30d5b9d""]",{},-132.042259,valid,unique_reported_entity,derivation_6de2a84738c49e,-132.042259,source_to_target,FALSE,1,real resolved network anchor,chunk_adad5f853e121b5f435a;chunk_3b867ed59739d5a22268;chunk_784ca4f837c7a19c3aad;chunk_aca53f9764a6bda613c7;chunk_e67625aea59d74264f63,candidate,Independent loss-mechanism evidence joined to co-reported entity component profiles with an exact formula balance.
tr_a36737d111fa27,ginsenoside,,PQ-R1,Ginsenoside Rb1,entity_792f5e28b491b856,entity_496674d5f8dd7a78,loss of reported ac component,literature_inferred,,,,1,"[{""coefficient"":1,""entity_id"":""entity_792f5e28b491b856"",""role"":""substrate""}]","[{""coefficient"":1,""entity_id"":""entity_496674d5f8dd7a78"",""role"":""product""}]",0,substrate,0,network_preflight,unary_literature_transformation,loss_of_reported_ac_component,C56H94O24 -> C54H92O23,"[""form_a98a86d8bcacca82""]","[""form_14296387449fa48c""]",{},-42.010565,valid,unique_reported_entity,derivation_df27eaf947b587,-42.010565,source_to_target,FALSE,1,real resolved network anchor,chunk_a8a31155a0b2bb6655b5;chunk_1c1e6578ab8c9a02d5a4;chunk_39550165b91703d596a2;chunk_784ca4f837c7a19c3aad;chunk_a1805dae0ab969b92d9b;chunk_b30b2c401321bfd9dbf3;chunk_c8e9107bce1afd08ab84,candidate,Independent loss-mechanism evidence joined to co-reported entity component profiles with an exact formula balance.
tr_5d30033e0a2396,ginsenoside,,"malonyl-V1/V2-Glc-Glc-L5,L15,Y5,N5","malonyl-V1/V2-Glc-Glc-L5,L15",entity_57c26b60b8ac2fa1,entity_7bfa6e03fa892693,loss of reported glc component,literature_inferred,,,,1,"[{""coefficient"":1,""entity_id"":""entity_57c26b60b8ac2fa1"",""role"":""substrate""}]","[{""coefficient"":1,""entity_id"":""entity_7bfa6e03fa892693"",""role"":""product""}]",0,substrate,0,network_preflight,unary_literature_transformation,loss_of_reported_glc_component,C51H82O21 -> C45H72O16,"[""form_cd25c78e6c3e5453""]","[""form_4adbe11762c0956a""]",{},-162.052823,valid,unique_reported_entity,derivation_be900cc1fbc42e,-162.052823,source_to_target,FALSE,1,real resolved network anchor,chunk_adad5f853e121b5f435a;chunk_b32656b3e943df766f45;chunk_ce9624249d6cbae3a619,candidate,Independent loss-mechanism evidence joined to co-reported entity component profiles with an exact formula balance.
tr_8a606622b8f03a,ginsenoside,,20-Gluco-ginsenosi de Rf,G-Rf,entity_cac1b3640c78d11c,entity_fc7578bb143494c5,loss of reported glc component,literature_inferred,,,,1,"[{""coefficient"":1,""entity_id"":""entity_cac1b3640c78d11c"",""role"":""substrate""}]","[{""coefficient"":1,""entity_id"":""entity_fc7578bb143494c5"",""role"":""product""}]",0,substrate,0,network_preflight,unary_literature_transformation,loss_of_reported_glc_component,C48H82O19 -> C42H72O14,"[""form_66da91efb8fdb792""]","[""form_3892af7899663cbb""]",{},-162.052823,valid,unique_reported_entity,derivation_11ea7b8f8c6712,-162.052823,source_to_target,FALSE,1,real resolved network anchor,chunk_adad5f853e121b5f435a;chunk_882470a12bfb0084bea7,candidate,Independent loss-mechanism evidence joined to co-reported entity component profiles with an exact formula balance.
tr_0fb1a4764a5ebd,ginsenoside,,20-Gluco-ginsenosi de Rf,ginsenoside Rf,entity_cac1b3640c78d11c,entity_aa500cbc70ff655a,loss of reported glc component,literature_inferred,,,,1,"[{""coefficient"":1,""entity_id"":""entity_cac1b3640c78d11c"",""role"":""substrate""}]","[{""coefficient"":1,""entity_id"":""entity_aa500cbc70ff655a"",""role"":""product""}]",0,substrate,0,network_preflight,unary_literature_transformation,loss_of_reported_glc_component,C48H82O19 -> C42H72O14,"[""form_66da91efb8fdb792""]","[""form_27b1c936bea52cc8""]",{},-162.052823,valid,unique_reported_entity,derivation_007def62039da2,-162.052823,source_to_target,FALSE,1,real resolved network anchor,chunk_adad5f853e121b5f435a;chunk_882470a12bfb0084bea7,candidate,Independent loss-mechanism evidence joined to co-reported entity component profiles with an exact formula balance.
tr_dc06f0c16463f3,ginsenoside,,KG-R1,G-Rf,entity_80c445e36e544b55,entity_fc7578bb143494c5,loss of reported but component,literature_inferred,,,,1,"[{""coefficient"":1,""entity_id"":""entity_80c445e36e544b55"",""role"":""substrate""}]","[{""coefficient"":1,""entity_id"":""entity_fc7578bb143494c5"",""role"":""product""}]",0,substrate,0,network_preflight,unary_literature_transformation,loss_of_reported_but_component,C46H76O15 -> C42H72O14,"[""form_73eca803b9372fbb""]","[""form_3892af7899663cbb""]",{},-68.026215,valid,unique_reported_entity,derivation_82897f8897aaac,-68.026215,source_to_target,FALSE,1,real resolved network anchor,chunk_a8a31155a0b2bb6655b5;chunk_15955d34e68303239283,candidate,Independent loss-mechanism evidence joined to co-reported entity component profiles with an exact formula balance.
tr_d7afe013412a7c,ginsenoside,,Rs2,pseudoginsenosid,entity_b01a4a2f9665cb89,entity_47dbc528370f3c1f,loss of reported ara(f) component,literature_inferred,,,,1,"[{""coefficient"":1,""entity_id"":""entity_b01a4a2f9665cb89"",""role"":""substrate""}]","[{""coefficient"":1,""entity_id"":""entity_47dbc528370f3c1f"",""role"":""product""}]",0,substrate,0,network_preflight,unary_literature_transformation,loss_of_reported_ara_f_component,C55H92O23 -> C50H84O19,"[""form_d803829f4642916a""]","[""form_9848c2e2ea3acb86""]",{},-132.042259,valid,unique_reported_entity,derivation_513fc491e2e783,-132.042259,source_to_target,FALSE,1,real resolved network anchor,chunk_adad5f853e121b5f435a;chunk_1c1e6578ab8c9a02d5a4,candidate,Independent loss-mechanism evidence joined to co-reported entity component profiles with an exact formula balance.
tr_247145018cbb7b,ginsenoside,,ginsenoside Re1,ginsenoside Rf,entity_2ec6b6cd03228d6e,entity_aa500cbc70ff655a,loss of reported glc component,literature_inferred,,,,1,"[{""coefficient"":1,""entity_id"":""entity_2ec6b6cd03228d6e"",""role"":""substrate""}]","[{""coefficient"":1,""entity_id"":""entity_aa500cbc70ff655a"",""role"":""product""}]",0,substrate,0,network_preflight,unary_literature_transformation,loss_of_reported_glc_component,C48H82O19 -> C42H72O14,"[""form_ee6afa69e4cbce36""]","[""form_27b1c936bea52cc8""]",{},-162.052823,valid,unique_reported_entity,derivation_3590099784b99e,-162.052823,source_to_target,FALSE,1,real resolved network anchor,chunk_adad5f853e121b5f435a;chunk_15955d34e68303239283;chunk_17559ab5861cab223c30;chunk_1c1e6578ab8c9a02d5a4;chunk_882470a12bfb0084bea7;chunk_ce301891eaa5f1eecc48,candidate,Independent loss-mechanism evidence joined to co-reported entity component profiles with an exact formula balance.
tr_aca6280f590803,ginsenoside,,Dehydrated-protop anaxatriol+3Glc+Xyl,PPT-C17-V1/V2-Glc-Glc-Xyl/Ara,entity_01cef50a93581451,entity_e3bdebdc7e7949b6,loss of reported glc component,literature_inferred,,,,1,"[{""coefficient"":1,""entity_id"":""entity_01cef50a93581451"",""role"":""substrate""}]","[{""coefficient"":1,""entity_id"":""entity_e3bdebdc7e7949b6"",""role"":""product""}]",0,substrate,0,network_preflight,unary_literature_transformation,loss_of_reported_glc_component,C53H88O22 -> C47H78O17,"[""form_ae90b75f26f9abcd""]","[""form_639943c2d2c26a1a""]",{},-162.052823,valid,unique_reported_entity,derivation_75361edd2c37c2,-162.052823,source_to_target,FALSE,1,real resolved network anchor,chunk_adad5f853e121b5f435a;chunk_2d345f4b12c50d054ab9;chunk_61d5b07d3c76866a378e;chunk_88e8e2b26c7dc04926aa;chunk_8d1f745d2917756178b6;chunk_ac99fe31e42f34b62171;chunk_c978f98109b764eb4405,candidate,Independent loss-mechanism evidence joined to co-reported entity component profiles with an exact formula balance.
tr_d300a99c3e2d14,ginsenoside,,Rs4 isomer,G-Rg5,entity_84f4a4ade2fac997,entity_3300b2e306bd76cf,loss of reported ac component,literature_inferred,,,,1,"[{""coefficient"":1,""entity_id"":""entity_84f4a4ade2fac997"",""role"":""substrate""}]","[{""coefficient"":1,""entity_id"":""entity_3300b2e306bd76cf"",""role"":""product""}]",0,substrate,0,network_preflight,unary_literature_transformation,loss_of_reported_ac_component,C44H72O13 -> C42H70O12,"[""form_38adc4cafdb440c5""]","[""form_9fbcdb985b8084bd""]",{},-42.010565,valid,unique_reported_entity,derivation_242b0a1b73d0f2,-42.010565,source_to_target,FALSE,1,real resolved network anchor,chunk_a8a31155a0b2bb6655b5;chunk_2cb662e303c135aead81;chunk_4a0355c3c5b01ec326e6;chunk_fd890ca0e95c605dce18,candidate,Independent loss-mechanism evidence joined to co-reported entity component profiles with an exact formula balance.
tr_ce154699e628ae,ginsenoside,,Ginsenoside Re,G-Rg2,entity_23d34ff9f882b214,entity_b028c328a2c35c86,loss of reported glc component,literature_inferred,,,,1,"[{""coefficient"":1,""entity_id"":""entity_23d34ff9f882b214"",""role"":""substrate""}]","[{""coefficient"":1,""entity_id"":""entity_b028c328a2c35c86"",""role"":""product""}]",0,substrate,0,network_preflight,unary_literature_transformation,loss_of_reported_glc_component,C48H82O18 -> C42H72O13,"[""form_db88fdae80105092""]","[""form_d1230e2f1b1cd4c4""]",{},-162.052823,valid,unique_reported_entity,derivation_c1c6acca2093ea,-162.052823,source_to_target,FALSE,1,real resolved network anchor,chunk_adad5f853e121b5f435a;chunk_882470a12bfb0084bea7,candidate,Independent loss-mechanism evidence joined to co-reported entity component profiles with an exact formula balance.
tr_6473aa3780ead7,ginsenoside,,20-gluco-ginsenoside,ginsenoside Rf,entity_9427c164145f6329,entity_aa500cbc70ff655a,loss of reported glc component,literature_inferred,,,,1,"[{""coefficient"":1,""entity_id"":""entity_9427c164145f6329"",""role"":""substrate""}]","[{""coefficient"":1,""entity_id"":""entity_aa500cbc70ff655a"",""role"":""product""}]",0,substrate,0,network_preflight,unary_literature_transformation,loss_of_reported_glc_component,C48H82O19 -> C42H72O14,"[""form_ebb02692f6bece6f""]","[""form_27b1c936bea52cc8""]",{},-162.052823,valid,unique_reported_entity,derivation_ce3ab962bdfa3e,-162.052823,source_to_target,FALSE,1,real resolved network anchor,chunk_adad5f853e121b5f435a;chunk_15955d34e68303239283,candidate,Independent loss-mechanism evidence joined to co-reported entity component profiles with an exact formula balance.
tr_9e4181a4d8ef33,ginsenoside,,notoginsenoside R2,G-Rh1,entity_9a56f24d40f60377,entity_785007943bc3cf09,loss of reported xyl component,literature_inferred,,,,1,"[{""coefficient"":1,""entity_id"":""entity_9a56f24d40f60377"",""role"":""substrate""}]","[{""coefficient"":1,""entity_id"":""entity_785007943bc3cf09"",""role"":""product""}]",0,substrate,0,network_preflight,unary_literature_transformation,loss_of_reported_xyl_component,C41H70O13 -> C36H62O9,"[""form_9cd8e06e3537bc21""]","[""form_725ff54cb6e1c03e""]",{},-132.042259,valid,unique_reported_entity,derivation_ff332e6ce0031a,-132.042259,source_to_target,FALSE,1,real resolved network anchor,chunk_adad5f853e121b5f435a;chunk_15955d34e68303239283,candidate,Independent loss-mechanism evidence joined to co-reported entity component profiles with an exact formula balance.
tr_27f51ecbd58b84,ginsenoside,,G-Ra3,Rb2 isomer,entity_12fe90af0e47bc27,entity_a6c8b635b58c6e4e,loss of reported glc component,literature_inferred,,,,1,"[{""coefficient"":1,""entity_id"":""entity_12fe90af0e47bc27"",""role"":""substrate""}]","[{""coefficient"":1,""entity_id"":""entity_a6c8b635b58c6e4e"",""role"":""product""}]",0,substrate,0,network_preflight,unary_literature_transformation,loss_of_reported_glc_component,C59H100O27 -> C53H90O22,"[""form_be5fa9c1dfaf74a6""]","[""form_990b20bb52c17240""]",{},-162.052823,valid,unique_reported_entity,derivation_d7b3ab900e8955,-162.052823,source_to_target,FALSE,1,real resolved network anchor,chunk_adad5f853e121b5f435a;chunk_12d1a11942713862ae06;chunk_3ec41a792319248b1652;chunk_6b867ae00b2fa55f6add;chunk_aca53f9764a6bda613c7;chunk_c3f9bf4aafc2ed711f09,candidate,Independent loss-mechanism evidence joined to co-reported entity component profiles with an exact formula balance.
tr_fd24de79331b25,ginsenoside,,G-Re6,ginsenoside Rf,entity_c50614a27df04861,entity_aa500cbc70ff655a,loss of reported but component,literature_inferred,,,,1,"[{""coefficient"":1,""entity_id"":""entity_c50614a27df04861"",""role"":""substrate""}]","[{""coefficient"":1,""entity_id"":""entity_aa500cbc70ff655a"",""role"":""product""}]",0,substrate,0,network_preflight,unary_literature_transformation,loss_of_reported_but_component,C46H76O15 -> C42H72O14,"[""form_677909a2ad214ea5""]","[""form_27b1c936bea52cc8""]",{},-68.026215,valid,unique_reported_entity,derivation_23e1cfd32835fc,-68.026215,source_to_target,FALSE,1,real resolved network anchor,chunk_a8a31155a0b2bb6655b5;chunk_15955d34e68303239283;chunk_3fbcfd2a032f66b908a5;chunk_882470a12bfb0084bea7;chunk_cede274bcb6c91cff19e,candidate,Independent loss-mechanism evidence joined to co-reported entity component profiles with an exact formula balance.
tr_cac273b3b04c5a,ginsenoside,,20Z-ginsenoside-Rs4 isomer,G-Rg5,entity_a3c49a9d80873e03,entity_3300b2e306bd76cf,loss of reported ac component,literature_inferred,,,,1,"[{""coefficient"":1,""entity_id"":""entity_a3c49a9d80873e03"",""role"":""substrate""}]","[{""coefficient"":1,""entity_id"":""entity_3300b2e306bd76cf"",""role"":""product""}]",0,substrate,0,network_preflight,unary_literature_transformation,loss_of_reported_ac_component,C44H72O13 -> C42H70O12,"[""form_18b78ae35b505ca1""]","[""form_9fbcdb985b8084bd""]",{},-42.010565,valid,unique_reported_entity,derivation_d50bc5e630a52d,-42.010565,source_to_target,FALSE,1,real resolved network anchor,chunk_a8a31155a0b2bb6655b5;chunk_2cb662e303c135aead81;chunk_51982da1a04a240f3299;chunk_fd890ca0e95c605dce18,candidate,Independent loss-mechanism evidence joined to co-reported entity component profiles with an exact formula balance.
tr_711aee9c0a188b,ginsenoside,,G-Re2,ginsenoside Rf,entity_a5d5bef04f6534de,entity_aa500cbc70ff655a,loss of reported glc component,literature_inferred,,,,1,"[{""coefficient"":1,""entity_id"":""entity_a5d5bef04f6534de"",""role"":""substrate""}]","[{""coefficient"":1,""entity_id"":""entity_aa500cbc70ff655a"",""role"":""product""}]",0,substrate,0,network_preflight,unary_literature_transformation,loss_of_reported_glc_component,C48H82O19 -> C42H72O14,"[""form_1257a0f8cf0ddf8a""]","[""form_27b1c936bea52cc8""]",{},-162.052823,valid,unique_reported_entity,derivation_bea5c49745dd49,-162.052823,source_to_target,FALSE,1,real resolved network anchor,chunk_adad5f853e121b5f435a;chunk_15955d34e68303239283;chunk_1c1e6578ab8c9a02d5a4;chunk_3be07d61de6906fe57fe;chunk_830bcd489bd464af970b;chunk_882470a12bfb0084bea7,candidate,Independent loss-mechanism evidence joined to co-reported entity component profiles with an exact formula balance.
tr_d920cc9e976894,ginsenoside,,Notoginsenoside R1,G-Rg1,entity_1c128e71fedcf015,entity_11d5cf053633d1b5,loss of reported xyl component,literature_inferred,,,,1,"[{""coefficient"":1,""entity_id"":""entity_1c128e71fedcf015"",""role"":""substrate""}]","[{""coefficient"":1,""entity_id"":""entity_11d5cf053633d1b5"",""role"":""product""}]",0,substrate,0,network_preflight,unary_literature_transformation,loss_of_reported_xyl_component,C47H80O18 -> C42H72O14,"[""form_3a4457373a7d4f42""]","[""form_f8fd40e1318431a4""]",{},-132.042259,valid,unique_reported_entity,derivation_c881bdf41c01a3,-132.042259,source_to_target,FALSE,1,real resolved network anchor,chunk_adad5f853e121b5f435a;chunk_15955d34e68303239283,candidate,Independent loss-mechanism evidence joined to co-reported entity component profiles with an exact formula balance.
tr_2a7623824ebcaa,ginsenoside,,Ginsenoside Rg6,G-Rh4 isomer,entity_ce5b121b0fce2040,entity_b1be0331ce00b772,loss of reported rha component,literature_inferred,,,,1,"[{""coefficient"":1,""entity_id"":""entity_ce5b121b0fce2040"",""role"":""substrate""}]","[{""coefficient"":1,""entity_id"":""entity_b1be0331ce00b772"",""role"":""product""}]",0,substrate,0,network_preflight,unary_literature_transformation,loss_of_reported_rha_component,C42H70O12 -> C36H60O8,"[""form_2cd5902338bdac8b""]","[""form_8a4e86d1037d82d8""]",{},-146.057909,valid,unique_reported_entity,derivation_4c48be8abb8aa7,-146.057909,source_to_target,FALSE,1,real resolved network anchor,chunk_adad5f853e121b5f435a;chunk_0a3bb7915b3faba443f9;chunk_4914115598a0916296c0;chunk_95f9f0c8cef7f2db7ca5;chunk_cd666b06466a5a2b5984,candidate,Independent loss-mechanism evidence joined to co-reported entity component profiles with an exact formula balance.
tr_2cf5e415e93bcc,ginsenoside,,koryoginsenoside,G-Re1,entity_ad12e53dcb453643,entity_b8ed38e87c37b24f,loss of reported glc component,literature_inferred,,,,1,"[{""coefficient"":1,""entity_id"":""entity_ad12e53dcb453643"",""role"":""substrate""}]","[{""coefficient"":1,""entity_id"":""entity_b8ed38e87c37b24f"",""role"":""product""}]",0,substrate,0,network_preflight,unary_literature_transformation,loss_of_reported_glc_component,C54H92O24 -> C48H82O19,"[""form_fb90cd582faea142""]","[""form_f27de16efb5164e9""]",{},-162.052823,valid,unique_reported_entity,derivation_87fcf97fdea7d8,-162.052823,source_to_target,FALSE,1,real resolved network anchor,chunk_adad5f853e121b5f435a;chunk_1c1e6578ab8c9a02d5a4,candidate,Independent loss-mechanism evidence joined to co-reported entity component profiles with an exact formula balance.
tr_e6b0859a85031a,ginsenoside,,G-Rb3,gypenoside ⅩⅦ,entity_38d79c2f72ee3833,entity_e936a9ddb823d0a8,loss of reported xyl component,literature_inferred,,,,1,"[{""coefficient"":1,""entity_id"":""entity_38d79c2f72ee3833"",""role"":""substrate""}]","[{""coefficient"":1,""entity_id"":""entity_e936a9ddb823d0a8"",""role"":""product""}]",0,substrate,0,network_preflight,unary_literature_transformation,loss_of_reported_xyl_component,C53H90O22 -> C48H82O18,"[""form_bc23e7afc30d5b9d""]","[""form_120250660ca40ee0""]",{},-132.042259,valid,unique_reported_entity,derivation_3a0018e9083362,-132.042259,source_to_target,FALSE,1,real resolved network anchor,chunk_adad5f853e121b5f435a;chunk_1c1e6578ab8c9a02d5a4;chunk_3b867ed59739d5a22268;chunk_654d2a4219b13a49d8a1;chunk_784ca4f837c7a19c3aad,candidate,Independent loss-mechanism evidence joined to co-reported entity component profiles with an exact formula balance.
tr_46da3fa05b92dc,ginsenoside,,ginsenoside Ra2,G-Rb3,entity_d09e71bd59bbe9fe,entity_38d79c2f72ee3833,loss of reported ara(f) component,literature_inferred,,,,1,"[{""coefficient"":1,""entity_id"":""entity_d09e71bd59bbe9fe"",""role"":""substrate""}]","[{""coefficient"":1,""entity_id"":""entity_38d79c2f72ee3833"",""role"":""product""}]",0,substrate,0,network_preflight,unary_literature_transformation,loss_of_reported_ara_f_component,C58H98O26 -> C53H90O22,"[""form_f9b6e85a0cb108eb""]","[""form_bc23e7afc30d5b9d""]",{},-132.042259,valid,unique_reported_entity,derivation_a946343b159568,-132.042259,source_to_target,FALSE,1,real resolved network anchor,chunk_adad5f853e121b5f435a;chunk_784ca4f837c7a19c3aad,candidate,Independent loss-mechanism evidence joined to co-reported entity component profiles with an exact formula balance.
tr_8b36009228a3db,ginsenoside,,Quinquenoside R1,Ginsenoside Rb1,entity_18b749064f08c778,entity_496674d5f8dd7a78,loss of reported ac component,literature_inferred,,,,1,"[{""coefficient"":1,""entity_id"":""entity_18b749064f08c778"",""role"":""substrate""}]","[{""coefficient"":1,""entity_id"":""entity_496674d5f8dd7a78"",""role"":""product""}]",0,substrate,0,network_preflight,unary_literature_transformation,loss_of_reported_ac_component,C56H94O24 -> C54H92O23,"[""form_d9af9bd70a3593b8""]","[""form_14296387449fa48c""]",{},-42.010565,valid,unique_reported_entity,derivation_e07c4d31678073,-42.010565,source_to_target,FALSE,1,real resolved network anchor,chunk_a8a31155a0b2bb6655b5;chunk_1c1e6578ab8c9a02d5a4;chunk_39550165b91703d596a2;chunk_784ca4f837c7a19c3aad;chunk_a1805dae0ab969b92d9b;chunk_b30b2c401321bfd9dbf3;chunk_c8e9107bce1afd08ab84,candidate,Independent loss-mechanism evidence joined to co-reported entity component profiles with an exact formula balance.
tr_aa1a5329d1d797,ginsenoside,,G-Rs2,G-Rc,entity_2782aa795f2975f1,entity_1f50137473f79c32,loss of reported ac component,literature_inferred,,,,1,"[{""coefficient"":1,""entity_id"":""entity_2782aa795f2975f1"",""role"":""substrate""}]","[{""coefficient"":1,""entity_id"":""entity_1f50137473f79c32"",""role"":""product""}]",0,substrate,0,network_preflight,unary_literature_transformation,loss_of_reported_ac_component,C55H92O23 -> C53H90O22,"[""form_d5d3812ffe8c5f7b""]","[""form_f7158d1a82dd7d29""]",{},-42.010565,valid,unique_reported_entity,derivation_21662b15de6cc5,-42.010565,source_to_target,FALSE,1,real resolved network anchor,chunk_a8a31155a0b2bb6655b5;chunk_1c1e6578ab8c9a02d5a4;chunk_2c82b7e414372849f471;chunk_422e82f9c16efd5c8866;chunk_784ca4f837c7a19c3aad;chunk_882470a12bfb0084bea7,candidate,Independent loss-mechanism evidence joined to co-reported entity component profiles with an exact formula balance.
tr_ffa0b78148df53,ginsenoside,,Malonyl-ginsenosid e Rb1,Malonyl-ginsenosid e Rd isomer,entity_ef3458af4b19f881,entity_f5a35bdebdc9fae4,loss of reported glc component,literature_inferred,,,,1,"[{""coefficient"":1,""entity_id"":""entity_ef3458af4b19f881"",""role"":""substrate""}]","[{""coefficient"":1,""entity_id"":""entity_f5a35bdebdc9fae4"",""role"":""product""}]",0,substrate,0,network_preflight,unary_literature_transformation,loss_of_reported_glc_component,C57H94O26 -> C51H84O21,"[""form_fa0995cb7eaa26ed""]","[""form_fe4c2564759a91a8""]",{},-162.052823,valid,unique_reported_entity,derivation_59f351ddd4acb2,-162.052823,source_to_target,FALSE,1,real resolved network anchor,chunk_adad5f853e121b5f435a;chunk_5841c168bd2ba0ca31fe;chunk_839826e4934886ac02b2;chunk_9f93d616b48dc6c4b28a;chunk_e36fff589d05b0bd4f96,candidate,Independent loss-mechanism evidence joined to co-reported entity component profiles with an exact formula balance.
tr_cd4f086ba51c3c,ginsenoside,,Ginsenoside Re,G-Rf,entity_23d34ff9f882b214,entity_fc7578bb143494c5,loss of reported rha component,literature_inferred,,,,1,"[{""coefficient"":1,""entity_id"":""entity_23d34ff9f882b214"",""role"":""substrate""}]","[{""coefficient"":1,""entity_id"":""entity_fc7578bb143494c5"",""role"":""product""}]",0,substrate,0,network_preflight,unary_literature_transformation,loss_of_reported_rha_component,C48H82O18 -> C42H72O14,"[""form_db88fdae80105092""]","[""form_3892af7899663cbb""]",{},-146.057909,valid,unique_reported_entity,derivation_7eee2835f875bf,-146.057909,source_to_target,FALSE,1,real resolved network anchor,chunk_adad5f853e121b5f435a;chunk_882470a12bfb0084bea7,candidate,Independent loss-mechanism evidence joined to co-reported entity component profiles with an exact formula balance.
tr_6bbaa378bdf1c1,ginsenoside,,Notoginsenoside R1,NG-R2,entity_1c128e71fedcf015,entity_dfd4ca17350dd52c,loss of reported glc component,literature_inferred,,,,1,"[{""coefficient"":1,""entity_id"":""entity_1c128e71fedcf015"",""role"":""substrate""}]","[{""coefficient"":1,""entity_id"":""entity_dfd4ca17350dd52c"",""role"":""product""}]",0,substrate,0,network_preflight,unary_literature_transformation,loss_of_reported_glc_component,C47H80O18 -> C41H70O13,"[""form_3a4457373a7d4f42""]","[""form_01ef2f55a0deb9f3""]",{},-162.052823,valid,unique_reported_entity,derivation_8204da34a1c234,-162.052823,source_to_target,FALSE,1,real resolved network anchor,chunk_adad5f853e121b5f435a;chunk_15955d34e68303239283;chunk_350cbe9d67e78502c37e,candidate,Independent loss-mechanism evidence joined to co-reported entity component profiles with an exact formula balance.
tr_f712531a269ec0,ginsenoside,,20-Gluco-ginsenosi de Rf,Ginsenoside Rg1,entity_cac1b3640c78d11c,entity_d96110b1470152a6,loss of reported glc component,literature_inferred,,,,1,"[{""coefficient"":1,""entity_id"":""entity_cac1b3640c78d11c"",""role"":""substrate""}]","[{""coefficient"":1,""entity_id"":""entity_d96110b1470152a6"",""role"":""product""}]",0,substrate,0,network_preflight,unary_literature_transformation,loss_of_reported_glc_component,C48H82O19 -> C42H72O14,"[""form_66da91efb8fdb792""]","[""form_7e15527b576a6354""]",{},-162.052823,valid,unique_reported_entity,derivation_1926b2c586bac0,-162.052823,source_to_target,FALSE,1,real resolved network anchor,chunk_adad5f853e121b5f435a;chunk_882470a12bfb0084bea7,candidate,Independent loss-mechanism evidence joined to co-reported entity component profiles with an exact formula balance.
tr_d4e424149848b2,ginsenoside,,ginsenoside Rs2,G-Rc,entity_65badd991c896f99,entity_1f50137473f79c32,loss of reported ac component,literature_inferred,,,,1,"[{""coefficient"":1,""entity_id"":""entity_65badd991c896f99"",""role"":""substrate""}]","[{""coefficient"":1,""entity_id"":""entity_1f50137473f79c32"",""role"":""product""}]",0,substrate,0,network_preflight,unary_literature_transformation,loss_of_reported_ac_component,C55H92O23 -> C53H90O22,"[""form_919a469420f7e72a""]","[""form_f7158d1a82dd7d29""]",{},-42.010565,valid,unique_reported_entity,derivation_d9089a8c6cf32f,-42.010565,source_to_target,FALSE,1,real resolved network anchor,chunk_a8a31155a0b2bb6655b5;chunk_1c1e6578ab8c9a02d5a4;chunk_2c82b7e414372849f471;chunk_422e82f9c16efd5c8866;chunk_784ca4f837c7a19c3aad;chunk_882470a12bfb0084bea7,candidate,Independent loss-mechanism evidence joined to co-reported entity component profiles with an exact formula balance.
tr_254658530e9d86,ginsenoside,,G-Re2,Ginsenoside Rg1,entity_a5d5bef04f6534de,entity_d96110b1470152a6,loss of reported glc component,literature_inferred,,,,1,"[{""coefficient"":1,""entity_id"":""entity_a5d5bef04f6534de"",""role"":""substrate""}]","[{""coefficient"":1,""entity_id"":""entity_d96110b1470152a6"",""role"":""product""}]",0,substrate,0,network_preflight,unary_literature_transformation,loss_of_reported_glc_component,C48H82O19 -> C42H72O14,"[""form_1257a0f8cf0ddf8a""]","[""form_7e15527b576a6354""]",{},-162.052823,valid,unique_reported_entity,derivation_9c7f116bff1d72,-162.052823,source_to_target,FALSE,1,real resolved network anchor,chunk_adad5f853e121b5f435a;chunk_15955d34e68303239283;chunk_1c1e6578ab8c9a02d5a4;chunk_3be07d61de6906fe57fe;chunk_830bcd489bd464af970b;chunk_882470a12bfb0084bea7,candidate,Independent loss-mechanism evidence joined to co-reported entity component profiles with an exact formula balance.
tr_c8c0aa6ea6e7e0,ginsenoside,,NG-R1,Ginsenoside Rg1,entity_1ee60b1343a52861,entity_d96110b1470152a6,loss of reported xyl component,literature_inferred,,,,1,"[{""coefficient"":1,""entity_id"":""entity_1ee60b1343a52861"",""role"":""substrate""}]","[{""coefficient"":1,""entity_id"":""entity_d96110b1470152a6"",""role"":""product""}]",0,substrate,0,network_preflight,unary_literature_transformation,loss_of_reported_xyl_component,C47H80O18 -> C42H72O14,"[""form_dc88233ef5b85141""]","[""form_7e15527b576a6354""]",{},-132.042259,valid,unique_reported_entity,derivation_1193dc5748e1b6,-132.042259,source_to_target,FALSE,1,real resolved network anchor,chunk_adad5f853e121b5f435a;chunk_15955d34e68303239283,candidate,Independent loss-mechanism evidence joined to co-reported entity component profiles with an exact formula balance.
tr_7916263aa1d035,ginsenoside,,ginsenoside Rg2,ginsenoside Rh1,entity_52946a3c681989c1,entity_62384753ece5380a,loss of reported rha component,literature_inferred,,,,1,"[{""coefficient"":1,""entity_id"":""entity_52946a3c681989c1"",""role"":""substrate""}]","[{""coefficient"":1,""entity_id"":""entity_62384753ece5380a"",""role"":""product""}]",0,substrate,0,network_preflight,unary_literature_transformation,loss_of_reported_rha_component,C42H72O13 -> C36H62O9,"[""form_3393305ea80a2dd7""]","[""form_1c95210068583a55""]",{},-146.057909,valid,unique_reported_entity,derivation_9cf5ce89bb74ba,-146.057909,source_to_target,FALSE,1,real resolved network anchor,chunk_adad5f853e121b5f435a;chunk_15955d34e68303239283,candidate,Independent loss-mechanism evidence joined to co-reported entity component profiles with an exact formula balance.
tr_b990dd65aac18f,ginsenoside,,Double bond hydrated-protopana xatriol+2Glc+Malon yl Glc,Double bond hydrated-protopana xatriol+3Glc,entity_73ec3a5f4263227f,entity_6eace709e876403a,loss of reported malonyl component,literature_inferred,,,,1,"[{""coefficient"":1,""entity_id"":""entity_73ec3a5f4263227f"",""role"":""substrate""}]","[{""coefficient"":1,""entity_id"":""entity_6eace709e876403a"",""role"":""product""}]",0,substrate,0,network_preflight,unary_literature_transformation,loss_of_reported_malonyl_component,C51H86O23 -> C48H84O20,"[""form_19acfdbdafce7d89""]","[""form_d49a673b52b79083""]",{},-86.000394,valid,unique_reported_entity,derivation_6bbc10bf32e1eb,-86.000394,source_to_target,FALSE,1,real resolved network anchor,chunk_772144b2e1305d68f4bc;chunk_33ccc43f84d5c18f8719;chunk_61cc3475ac19b478f9c8;chunk_820b3d4385e04b5d2e07;chunk_e5369181e2b751ff7b26,candidate,Independent loss-mechanism evidence joined to co-reported entity component profiles with an exact formula balance.
tr_92831e21a8385d,ginsenoside,,G-Rc,G-Rd,entity_1f50137473f79c32,entity_3c1dfb232de48c72,loss of reported ara(f) component,literature_inferred,,,,1,"[{""coefficient"":1,""entity_id"":""entity_1f50137473f79c32"",""role"":""substrate""}]","[{""coefficient"":1,""entity_id"":""entity_3c1dfb232de48c72"",""role"":""product""}]",0,substrate,0,network_preflight,unary_literature_transformation,loss_of_reported_ara_f_component,C53H90O22 -> C48H82O18,"[""form_f7158d1a82dd7d29""]","[""form_67c0aea2428db18b""]",{},-132.042259,valid,unique_reported_entity,derivation_83c8e216ede940,-132.042259,source_to_target,FALSE,1,real resolved network anchor,chunk_adad5f853e121b5f435a;chunk_784ca4f837c7a19c3aad,candidate,Independent loss-mechanism evidence joined to co-reported entity component profiles with an exact formula balance.
tr_fedce480d59f43,ginsenoside,,Malonyl-ginsenosid e Rc/,Protopanaxadio+Xy l/Ara+Glc+ malonyl,entity_43795b417674fdb1,entity_67e56912990bbf73,loss of reported glc component,literature_inferred,,,,1,"[{""coefficient"":1,""entity_id"":""entity_43795b417674fdb1"",""role"":""substrate""}]","[{""coefficient"":1,""entity_id"":""entity_67e56912990bbf73"",""role"":""product""}]",0,substrate,0,network_preflight,unary_literature_transformation,loss_of_reported_glc_component,C56H92O25 -> C50H82O20,"[""form_e722006d8237a59d""]","[""form_e9c950c38b126a22""]",{},-162.052823,valid,unique_reported_entity,derivation_064aa3c81131c4,-162.052823,source_to_target,FALSE,1,real resolved network anchor,chunk_adad5f853e121b5f435a;chunk_1e0fe7dfbd0154011493;chunk_2dcc00c6d0a251ab5e2b;chunk_38304d052dd5fcd54dde;chunk_544962d9e757af72b5fb;chunk_f20c1da1fa3bf8f85bc2,candidate,Independent loss-mechanism evidence joined to co-reported entity component profiles with an exact formula balance.
tr_99db980812d893,ginsenoside,,Ginsenoside Rb2,Gypenoside,entity_b3a6760e99a1e624,entity_72b5e9a9dba187d9,loss of reported ara(p) component,literature_inferred,,,,1,"[{""coefficient"":1,""entity_id"":""entity_b3a6760e99a1e624"",""role"":""substrate""}]","[{""coefficient"":1,""entity_id"":""entity_72b5e9a9dba187d9"",""role"":""product""}]",0,substrate,0,network_preflight,unary_literature_transformation,loss_of_reported_ara_p_component,C53H90O22 -> C48H82O18,"[""form_eddfee3534aed8e5""]","[""form_2f75fb8072ace89b""]",{},-132.042259,valid,unique_reported_entity,derivation_aa3da87ea1d4ed,-132.042259,source_to_target,FALSE,1,real resolved network anchor,chunk_adad5f853e121b5f435a;chunk_1c1e6578ab8c9a02d5a4;chunk_44d4a4e6539fd0f822c9;chunk_654d2a4219b13a49d8a1;chunk_784ca4f837c7a19c3aad,candidate,Independent loss-mechanism evidence joined to co-reported entity component profiles with an exact formula balance.
tr_b76b2342a2c50a,ginsenoside,,Dehydrated-protop anaxatriol+2Glc+Ac etyl Glc,Dehydrated-protop anaxatriol+3Glc,entity_3d3aaab0904ed991,entity_a08a833a37a944f3,loss of reported ac component,literature_inferred,,,,1,"[{""coefficient"":1,""entity_id"":""entity_3d3aaab0904ed991"",""role"":""substrate""}]","[{""coefficient"":1,""entity_id"":""entity_a08a833a37a944f3"",""role"":""product""}]",0,substrate,0,network_preflight,unary_literature_transformation,loss_of_reported_ac_component,C50H82O19 -> C48H80O18,"[""form_4cfae30972f350f2""]","[""form_03ba0522adc84eb9""]",{},-42.010565,valid,unique_reported_entity,derivation_ec955fecc73f8b,-42.010565,source_to_target,FALSE,1,real resolved network anchor,chunk_a8a31155a0b2bb6655b5;chunk_1a9c74f9d4969dc6ae23;chunk_de99e4a819fb7f2362c1,candidate,Independent loss-mechanism evidence joined to co-reported entity component profiles with an exact formula balance.
tr_1e59a0335142ab,ginsenoside,,G-Re,Ginsenoside Rg1,entity_6c49b2d9ef82cc1f,entity_d96110b1470152a6,loss of reported rha component,literature_inferred,,,,1,"[{""coefficient"":1,""entity_id"":""entity_6c49b2d9ef82cc1f"",""role"":""substrate""}]","[{""coefficient"":1,""entity_id"":""entity_d96110b1470152a6"",""role"":""product""}]",0,substrate,0,network_preflight,unary_literature_transformation,loss_of_reported_rha_component,C48H82O18 -> C42H72O14,"[""form_a97c57706d000e7e""]","[""form_7e15527b576a6354""]",{},-146.057909,valid,unique_reported_entity,derivation_a1996942aae209,-146.057909,source_to_target,FALSE,1,real resolved network anchor,chunk_adad5f853e121b5f435a;chunk_882470a12bfb0084bea7,candidate,Independent loss-mechanism evidence joined to co-reported entity component profiles with an exact formula balance.
tr_8a141e4db7335b,ginsenoside,,Ginsenoside Re,ginsenoside Rf,entity_23d34ff9f882b214,entity_aa500cbc70ff655a,loss of reported rha component,literature_inferred,,,,1,"[{""coefficient"":1,""entity_id"":""entity_23d34ff9f882b214"",""role"":""substrate""}]","[{""coefficient"":1,""entity_id"":""entity_aa500cbc70ff655a"",""role"":""product""}]",0,substrate,0,network_preflight,unary_literature_transformation,loss_of_reported_rha_component,C48H82O18 -> C42H72O14,"[""form_db88fdae80105092""]","[""form_27b1c936bea52cc8""]",{},-146.057909,valid,unique_reported_entity,derivation_f209878163b552,-146.057909,source_to_target,FALSE,1,real resolved network anchor,chunk_adad5f853e121b5f435a;chunk_882470a12bfb0084bea7,candidate,Independent loss-mechanism evidence joined to co-reported entity component profiles with an exact formula balance.
tr_2f45286d6cf7b4,ginsenoside,,Ginsenoside Rc,Ginsenoside Rd,entity_56af8ed5402cfe0b,entity_6cf53cd8e18ecbba,loss of reported ara(f) component,literature_inferred,,,,1,"[{""coefficient"":1,""entity_id"":""entity_56af8ed5402cfe0b"",""role"":""substrate""}]","[{""coefficient"":1,""entity_id"":""entity_6cf53cd8e18ecbba"",""role"":""product""}]",0,substrate,0,network_preflight,unary_literature_transformation,loss_of_reported_ara_f_component,C53H90O22 -> C48H82O18,"[""form_1be600cfda8b63c2""]","[""form_301a8c7f3bc70122""]",{},-132.042259,valid,unique_reported_entity,derivation_b3da63c815f52b,-132.042259,source_to_target,FALSE,1,real resolved network anchor,chunk_adad5f853e121b5f435a;chunk_784ca4f837c7a19c3aad,candidate,Independent loss-mechanism evidence joined to co-reported entity component profiles with an exact formula balance.
tr_606ed659830dad,ginsenoside,,Dehydrated-protop anaxatriol+4Glc,Dehydrated-protop anaxatriol+3Glc,entity_43f5107d16cf2aa7,entity_a08a833a37a944f3,loss of reported glc component,literature_inferred,,,,1,"[{""coefficient"":1,""entity_id"":""entity_43f5107d16cf2aa7"",""role"":""substrate""}]","[{""coefficient"":1,""entity_id"":""entity_a08a833a37a944f3"",""role"":""product""}]",0,substrate,0,network_preflight,unary_literature_transformation,loss_of_reported_glc_component,C54H90O23 -> C48H80O18,"[""form_915be1a6ab8c1e4f""]","[""form_03ba0522adc84eb9""]",{},-162.052823,valid,unique_reported_entity,derivation_cd87a4007238a6,-162.052823,source_to_target,FALSE,1,real resolved network anchor,chunk_adad5f853e121b5f435a;chunk_1e766e15f6972121fe14;chunk_bb6f7a0fbb615d1d99ec;chunk_de99e4a819fb7f2362c1,candidate,Independent loss-mechanism evidence joined to co-reported entity component profiles with an exact formula balance.
tr_586aa6a81ab461,ginsenoside,,koryoginsenoside R1,Ginsenoside Rg1,entity_b506080fbc6bd6ae,entity_d96110b1470152a6,loss of reported but component,literature_inferred,,,,1,"[{""coefficient"":1,""entity_id"":""entity_b506080fbc6bd6ae"",""role"":""substrate""}]","[{""coefficient"":1,""entity_id"":""entity_d96110b1470152a6"",""role"":""product""}]",0,substrate,0,network_preflight,unary_literature_transformation,loss_of_reported_but_component,C46H76O15 -> C42H72O14,"[""form_10892323936e0d05""]","[""form_7e15527b576a6354""]",{},-68.026215,valid,unique_reported_entity,derivation_cf114e550e1e1a,-68.026215,source_to_target,FALSE,1,real resolved network anchor,chunk_a8a31155a0b2bb6655b5;chunk_15955d34e68303239283,candidate,Independent loss-mechanism evidence joined to co-reported entity component profiles with an exact formula balance.
tr_b3b98bbbdad591,ginsenoside,,20-glc-G-Rf,ginsenoside Rf,entity_1e9c9158b2d9f931,entity_aa500cbc70ff655a,loss of reported glc component,literature_inferred,,,,1,"[{""coefficient"":1,""entity_id"":""entity_1e9c9158b2d9f931"",""role"":""substrate""}]","[{""coefficient"":1,""entity_id"":""entity_aa500cbc70ff655a"",""role"":""product""}]",0,substrate,0,network_preflight,unary_literature_transformation,loss_of_reported_glc_component,C48H82O19 -> C42H72O14,"[""form_33560fce01591579""]","[""form_27b1c936bea52cc8""]",{},-162.052823,valid,unique_reported_entity,derivation_c73a0ef20d5d15,-162.052823,source_to_target,FALSE,1,real resolved network anchor,chunk_adad5f853e121b5f435a;chunk_882470a12bfb0084bea7,candidate,Independent loss-mechanism evidence joined to co-reported entity component profiles with an exact formula balance.
tr_8ead973a15a97c,ginsenoside,,Ginsenoside Rb1,G-Rd,entity_496674d5f8dd7a78,entity_3c1dfb232de48c72,loss of reported glc component,literature_inferred,,,,1,"[{""coefficient"":1,""entity_id"":""entity_496674d5f8dd7a78"",""role"":""substrate""}]","[{""coefficient"":1,""entity_id"":""entity_3c1dfb232de48c72"",""role"":""product""}]",0,substrate,0,network_preflight,unary_literature_transformation,loss_of_reported_glc_component,C54H92O23 -> C48H82O18,"[""form_14296387449fa48c""]","[""form_67c0aea2428db18b""]",{},-162.052823,valid,unique_reported_entity,derivation_c03b948a37c2f1,-162.052823,source_to_target,FALSE,1,real resolved network anchor,chunk_adad5f853e121b5f435a;chunk_784ca4f837c7a19c3aad,candidate,Independent loss-mechanism evidence joined to co-reported entity component profiles with an exact formula balance.
tr_77859f2abc36b3,ginsenoside,,ginsenoside Ra2,Ginsenoside Rb3,entity_d09e71bd59bbe9fe,entity_51ddcb86ca8d9896,loss of reported ara(f) component,literature_inferred,,,,1,"[{""coefficient"":1,""entity_id"":""entity_d09e71bd59bbe9fe"",""role"":""substrate""}]","[{""coefficient"":1,""entity_id"":""entity_51ddcb86ca8d9896"",""role"":""product""}]",0,substrate,0,network_preflight,unary_literature_transformation,loss_of_reported_ara_f_component,C58H98O26 -> C53H90O22,"[""form_f9b6e85a0cb108eb""]","[""form_d296c75372b86da0""]",{},-132.042259,valid,unique_reported_entity,derivation_77c0798e5a8730,-132.042259,source_to_target,FALSE,1,real resolved network anchor,chunk_adad5f853e121b5f435a;chunk_784ca4f837c7a19c3aad,candidate,Independent loss-mechanism evidence joined to co-reported entity component profiles with an exact formula balance.
tr_a5c2cf4d67e952,ginsenoside,,G-Re3,G-Rg1,entity_1cda1359c9338194,entity_11d5cf053633d1b5,loss of reported glc component,literature_inferred,,,,1,"[{""coefficient"":1,""entity_id"":""entity_1cda1359c9338194"",""role"":""substrate""}]","[{""coefficient"":1,""entity_id"":""entity_11d5cf053633d1b5"",""role"":""product""}]",0,substrate,0,network_preflight,unary_literature_transformation,loss_of_reported_glc_component,C48H82O19 -> C42H72O14,"[""form_6722dbee8c924ec7""]","[""form_f8fd40e1318431a4""]",{},-162.052823,valid,unique_reported_entity,derivation_d4648f3378da6c,-162.052823,source_to_target,FALSE,1,real resolved network anchor,chunk_adad5f853e121b5f435a;chunk_15955d34e68303239283;chunk_1c1e6578ab8c9a02d5a4;chunk_882470a12bfb0084bea7;chunk_acc6e934be5d2cae972b;chunk_b9378f3b91b1ce003c5a,candidate,Independent loss-mechanism evidence joined to co-reported entity component profiles with an exact formula balance.
tr_afc780da1ef454,ginsenoside,,ginsenoside Rf,ginsenoside Rh1,entity_aa500cbc70ff655a,entity_62384753ece5380a,loss of reported glc component,literature_inferred,,,,1,"[{""coefficient"":1,""entity_id"":""entity_aa500cbc70ff655a"",""role"":""substrate""}]","[{""coefficient"":1,""entity_id"":""entity_62384753ece5380a"",""role"":""product""}]",0,substrate,0,network_preflight,unary_literature_transformation,loss_of_reported_glc_component,C42H72O14 -> C36H62O9,"[""form_27b1c936bea52cc8""]","[""form_1c95210068583a55""]",{},-162.052823,valid,unique_reported_entity,derivation_85a0a40a6762e2,-162.052823,source_to_target,FALSE,1,real resolved network anchor,chunk_adad5f853e121b5f435a;chunk_15955d34e68303239283,candidate,Independent loss-mechanism evidence joined to co-reported entity component profiles with an exact formula balance.
tr_82db666f5d7365,ginsenoside,,Pseudo-G-RC1,Acetyl-Ginsenoside Rg3,entity_2442bddd18492c1e,entity_6fb97f378aaa39ff,loss of reported glc component,literature_inferred,,,,1,"[{""coefficient"":1,""entity_id"":""entity_2442bddd18492c1e"",""role"":""substrate""}]","[{""coefficient"":1,""entity_id"":""entity_6fb97f378aaa39ff"",""role"":""product""}]",0,substrate,0,network_preflight,unary_literature_transformation,loss_of_reported_glc_component,C50H84O19 -> C44H74O14,"[""form_7a58cf35d8353728""]","[""form_a534b78873d22276""]",{},-162.052823,valid,unique_reported_entity,derivation_0f6d01ad8ee626,-162.052823,source_to_target,FALSE,1,real resolved network anchor,chunk_adad5f853e121b5f435a;chunk_61004029bc1f218b90c1;chunk_654d2a4219b13a49d8a1;chunk_8d91bddac5b66a96dcd3,candidate,Independent loss-mechanism evidence joined to co-reported entity component profiles with an exact formula balance.
tr_153de3368d6bb4,ginsenoside,,Malonyl-ginsenosid e Ra1/,Ginsenoside Ra1 isomer/Ginsenoside,entity_18617b4a01d0a79b,entity_287cdcbacd4855f5,loss of reported malonyl component,literature_inferred,,,,1,"[{""coefficient"":1,""entity_id"":""entity_18617b4a01d0a79b"",""role"":""substrate""}]","[{""coefficient"":1,""entity_id"":""entity_287cdcbacd4855f5"",""role"":""product""}]",0,substrate,0,network_preflight,unary_literature_transformation,loss_of_reported_malonyl_component,C61H100O29 -> C58H98O26,"[""form_63f4ffc376fedaf9""]","[""form_d52facb96b7f6a6e""]",{},-86.000394,valid,unique_reported_entity,derivation_1abd3064368783,-86.000394,source_to_target,FALSE,1,real resolved network anchor,chunk_772144b2e1305d68f4bc;chunk_18f822eeef9be289989a;chunk_296efb1406e5dc703bcc;chunk_6cd549351d3ab4c51a02;chunk_84232ac5b40e12637240;chunk_e14520e195f2ba1a644f,candidate,Independent loss-mechanism evidence joined to co-reported entity component profiles with an exact formula balance.
tr_22eaf4e4398c6d,ginsenoside,,ginsenoside Re6,G-Rf,entity_52e69b9be833c34b,entity_fc7578bb143494c5,loss of reported but component,literature_inferred,,,,1,"[{""coefficient"":1,""entity_id"":""entity_52e69b9be833c34b"",""role"":""substrate""}]","[{""coefficient"":1,""entity_id"":""entity_fc7578bb143494c5"",""role"":""product""}]",0,substrate,0,network_preflight,unary_literature_transformation,loss_of_reported_but_component,C46H76O15 -> C42H72O14,"[""form_0af0834bfc9aaae9""]","[""form_3892af7899663cbb""]",{},-68.026215,valid,unique_reported_entity,derivation_a8cc71dc553869,-68.026215,source_to_target,FALSE,1,real resolved network anchor,chunk_a8a31155a0b2bb6655b5;chunk_15955d34e68303239283;chunk_3fbcfd2a032f66b908a5;chunk_882470a12bfb0084bea7;chunk_cede274bcb6c91cff19e,candidate,Independent loss-mechanism evidence joined to co-reported entity component profiles with an exact formula balance.
tr_0eafdd9be10c48,ginsenoside,,G-Rb1,Ginsenoside Rd,entity_8a8de1145f59f199,entity_6cf53cd8e18ecbba,loss of reported glc component,literature_inferred,,,,1,"[{""coefficient"":1,""entity_id"":""entity_8a8de1145f59f199"",""role"":""substrate""}]","[{""coefficient"":1,""entity_id"":""entity_6cf53cd8e18ecbba"",""role"":""product""}]",0,substrate,0,network_preflight,unary_literature_transformation,loss_of_reported_glc_component,C54H92O23 -> C48H82O18,"[""form_f255d9982516474c""]","[""form_301a8c7f3bc70122""]",{},-162.052823,valid,unique_reported_entity,derivation_d6abbca4390b11,-162.052823,source_to_target,FALSE,1,real resolved network anchor,chunk_adad5f853e121b5f435a;chunk_784ca4f837c7a19c3aad,candidate,Independent loss-mechanism evidence joined to co-reported entity component profiles with an exact formula balance.
tr_28d9808492de54,ginsenoside,,ginsenoside Re1,G-Rg1,entity_2ec6b6cd03228d6e,entity_11d5cf053633d1b5,loss of reported glc component,literature_inferred,,,,1,"[{""coefficient"":1,""entity_id"":""entity_2ec6b6cd03228d6e"",""role"":""substrate""}]","[{""coefficient"":1,""entity_id"":""entity_11d5cf053633d1b5"",""role"":""product""}]",0,substrate,0,network_preflight,unary_literature_transformation,loss_of_reported_glc_component,C48H82O19 -> C42H72O14,"[""form_ee6afa69e4cbce36""]","[""form_f8fd40e1318431a4""]",{},-162.052823,valid,unique_reported_entity,derivation_7ed30fea8f43c6,-162.052823,source_to_target,FALSE,1,real resolved network anchor,chunk_adad5f853e121b5f435a;chunk_15955d34e68303239283;chunk_17559ab5861cab223c30;chunk_1c1e6578ab8c9a02d5a4;chunk_882470a12bfb0084bea7;chunk_ce301891eaa5f1eecc48,candidate,Independent loss-mechanism evidence joined to co-reported entity component profiles with an exact formula balance.
tr_8209c9540aa9f3,ginsenoside,,koryoginsenoside,G-Re2,entity_ad12e53dcb453643,entity_a5d5bef04f6534de,loss of reported glc component,literature_inferred,,,,1,"[{""coefficient"":1,""entity_id"":""entity_ad12e53dcb453643"",""role"":""substrate""}]","[{""coefficient"":1,""entity_id"":""entity_a5d5bef04f6534de"",""role"":""product""}]",0,substrate,0,network_preflight,unary_literature_transformation,loss_of_reported_glc_component,C54H92O24 -> C48H82O19,"[""form_fb90cd582faea142""]","[""form_1257a0f8cf0ddf8a""]",{},-162.052823,valid,unique_reported_entity,derivation_3e3ca9f0424bfe,-162.052823,source_to_target,FALSE,1,real resolved network anchor,chunk_adad5f853e121b5f435a;chunk_1c1e6578ab8c9a02d5a4,candidate,Independent loss-mechanism evidence joined to co-reported entity component profiles with an exact formula balance.
tr_15a142125305a2,ginsenoside,,G-Re,G-Rf,entity_6c49b2d9ef82cc1f,entity_fc7578bb143494c5,loss of reported rha component,literature_inferred,,,,1,"[{""coefficient"":1,""entity_id"":""entity_6c49b2d9ef82cc1f"",""role"":""substrate""}]","[{""coefficient"":1,""entity_id"":""entity_fc7578bb143494c5"",""role"":""product""}]",0,substrate,0,network_preflight,unary_literature_transformation,loss_of_reported_rha_component,C48H82O18 -> C42H72O14,"[""form_a97c57706d000e7e""]","[""form_3892af7899663cbb""]",{},-146.057909,valid,unique_reported_entity,derivation_22ba4e90f27e09,-146.057909,source_to_target,FALSE,1,real resolved network anchor,chunk_adad5f853e121b5f435a;chunk_882470a12bfb0084bea7,candidate,Independent loss-mechanism evidence joined to co-reported entity component profiles with an exact formula balance.
tr_4997b2e7b89b65,ginsenoside,,Pseudo-G-RC1,Acetyl G-Rg3,entity_2442bddd18492c1e,entity_9937b8eeb9981bdd,loss of reported glc component,literature_inferred,,,,1,"[{""coefficient"":1,""entity_id"":""entity_2442bddd18492c1e"",""role"":""substrate""}]","[{""coefficient"":1,""entity_id"":""entity_9937b8eeb9981bdd"",""role"":""product""}]",0,substrate,0,network_preflight,unary_literature_transformation,loss_of_reported_glc_component,C50H84O19 -> C44H74O14,"[""form_7a58cf35d8353728""]","[""form_d9b81a85dbf20814""]",{},-162.052823,valid,unique_reported_entity,derivation_fb233920ca377c,-162.052823,source_to_target,FALSE,1,real resolved network anchor,chunk_adad5f853e121b5f435a;chunk_61004029bc1f218b90c1;chunk_654d2a4219b13a49d8a1;chunk_8d91bddac5b66a96dcd3,candidate,Independent loss-mechanism evidence joined to co-reported entity component profiles with an exact formula balance.
tr_ef99e5683f4459,ginsenoside,,Ginsenoside Rf2,Double bond hydrated-protopana xatriol+Glc,entity_5447cf75ba9ef3ed,entity_ff84d9a02d61ca07,loss of reported rha component,literature_inferred,,,,1,"[{""coefficient"":1,""entity_id"":""entity_5447cf75ba9ef3ed"",""role"":""substrate""}]","[{""coefficient"":1,""entity_id"":""entity_ff84d9a02d61ca07"",""role"":""product""}]",0,substrate,0,network_preflight,unary_literature_transformation,loss_of_reported_rha_component,C42H74O14 -> C36H64O10,"[""form_0b616a90f4e2b631""]","[""form_0c1bab0699de6161""]",{},-146.057909,valid,unique_reported_entity,derivation_b59e45cd0a3ecc,-146.057909,source_to_target,FALSE,1,real resolved network anchor,chunk_adad5f853e121b5f435a;chunk_c1077fde30e2da8f2a3b;chunk_ddf20c4304c1d86a4b32,candidate,Independent loss-mechanism evidence joined to co-reported entity component profiles with an exact formula balance.
tr_131d1dbed320e6,ginsenoside,,Malonyl-ginsenosid e Rc/,Protopanaxadio+Xy l/Ara+Glc+malonyl,entity_43795b417674fdb1,entity_f3c36782a47b23a8,loss of reported glc component,literature_inferred,,,,1,"[{""coefficient"":1,""entity_id"":""entity_43795b417674fdb1"",""role"":""substrate""}]","[{""coefficient"":1,""entity_id"":""entity_f3c36782a47b23a8"",""role"":""product""}]",0,substrate,0,network_preflight,unary_literature_transformation,loss_of_reported_glc_component,C56H92O25 -> C50H82O20,"[""form_e722006d8237a59d""]","[""form_5eac1b938a448d4e""]",{},-162.052823,valid,unique_reported_entity,derivation_60e9348451f604,-162.052823,source_to_target,FALSE,1,real resolved network anchor,chunk_adad5f853e121b5f435a;chunk_1e0fe7dfbd0154011493;chunk_2dcc00c6d0a251ab5e2b;chunk_38304d052dd5fcd54dde;chunk_544962d9e757af72b5fb;chunk_f20c1da1fa3bf8f85bc2,candidate,Independent loss-mechanism evidence joined to co-reported entity component profiles with an exact formula balance.
tr_7ee5ce2305bd1f,ginsenoside,,Oxidated-protopan axatriol+Acetyl Glc,Oxidated-protopan axatriol+Glc,entity_336893c6700357cc,entity_523d29e7fb0d53f4,loss of reported ac component,literature_inferred,,,,1,"[{""coefficient"":1,""entity_id"":""entity_336893c6700357cc"",""role"":""substrate""}]","[{""coefficient"":1,""entity_id"":""entity_523d29e7fb0d53f4"",""role"":""product""}]",0,substrate,0,network_preflight,unary_literature_transformation,loss_of_reported_ac_component,C38H64O11 -> C36H62O10,"[""form_5c221e72c22a2308""]","[""form_4f453f5ee457eaf5""]",{},-42.010565,valid,unique_reported_entity,derivation_db2965fd4a2c1c,-42.010565,source_to_target,FALSE,1,real resolved network anchor,chunk_a8a31155a0b2bb6655b5;chunk_8b0d4fd16f7534c1e694;chunk_d2ee36efb85368dc23d1,candidate,Independent loss-mechanism evidence joined to co-reported entity component profiles with an exact formula balance.
tr_5fe9c5aeb6256b,ginsenoside,,G-Ra2,Ginsenoside Rc,entity_bbd09d34df0fc1f1,entity_56af8ed5402cfe0b,loss of reported xyl component,literature_inferred,,,,1,"[{""coefficient"":1,""entity_id"":""entity_bbd09d34df0fc1f1"",""role"":""substrate""}]","[{""coefficient"":1,""entity_id"":""entity_56af8ed5402cfe0b"",""role"":""product""}]",0,substrate,0,network_preflight,unary_literature_transformation,loss_of_reported_xyl_component,C58H98O26 -> C53H90O22,"[""form_9e0989db1043a7f6""]","[""form_1be600cfda8b63c2""]",{},-132.042259,valid,unique_reported_entity,derivation_3af3bdf3bbd87c,-132.042259,source_to_target,FALSE,1,real resolved network anchor,chunk_adad5f853e121b5f435a;chunk_784ca4f837c7a19c3aad,candidate,Independent loss-mechanism evidence joined to co-reported entity component profiles with an exact formula balance.
tr_dedd5736258eb4,ginsenoside,,Malonyl-ginsenosid e Rc,Protopanaxadio+Xy l/Ara+Glc+ malonyl,entity_b5f4fb671cd32779,entity_67e56912990bbf73,loss of reported glc component,literature_inferred,,,,1,"[{""coefficient"":1,""entity_id"":""entity_b5f4fb671cd32779"",""role"":""substrate""}]","[{""coefficient"":1,""entity_id"":""entity_67e56912990bbf73"",""role"":""product""}]",0,substrate,0,network_preflight,unary_literature_transformation,loss_of_reported_glc_component,C56H92O25 -> C50H82O20,"[""form_4fcf4f3f1c3dd3e7""]","[""form_e9c950c38b126a22""]",{},-162.052823,valid,unique_reported_entity,derivation_d0c1edaee32914,-162.052823,source_to_target,FALSE,1,real resolved network anchor,chunk_adad5f853e121b5f435a;chunk_1e0fe7dfbd0154011493;chunk_2dcc00c6d0a251ab5e2b;chunk_38304d052dd5fcd54dde;chunk_544962d9e757af72b5fb;chunk_f20c1da1fa3bf8f85bc2,candidate,Independent loss-mechanism evidence joined to co-reported entity component profiles with an exact formula balance.
tr_b23ae515741b29,ginsenoside,,20-glu-G-Rf,G-Rf,entity_8be63c29ef8b44ca,entity_fc7578bb143494c5,loss of reported glc component,literature_inferred,,,,1,"[{""coefficient"":1,""entity_id"":""entity_8be63c29ef8b44ca"",""role"":""substrate""}]","[{""coefficient"":1,""entity_id"":""entity_fc7578bb143494c5"",""role"":""product""}]",0,substrate,0,network_preflight,unary_literature_transformation,loss_of_reported_glc_component,C48H82O19 -> C42H72O14,"[""form_81ff0e1e7859804e""]","[""form_3892af7899663cbb""]",{},-162.052823,valid,unique_reported_entity,derivation_d3198ea0ac0c50,-162.052823,source_to_target,FALSE,1,real resolved network anchor,chunk_adad5f853e121b5f435a;chunk_882470a12bfb0084bea7,candidate,Independent loss-mechanism evidence joined to co-reported entity component profiles with an exact formula balance.
tr_0e8ce154600095,ginsenoside,,ginsenoside Re6,G-Rg1,entity_52e69b9be833c34b,entity_11d5cf053633d1b5,loss of reported but component,literature_inferred,,,,1,"[{""coefficient"":1,""entity_id"":""entity_52e69b9be833c34b"",""role"":""substrate""}]","[{""coefficient"":1,""entity_id"":""entity_11d5cf053633d1b5"",""role"":""product""}]",0,substrate,0,network_preflight,unary_literature_transformation,loss_of_reported_but_component,C46H76O15 -> C42H72O14,"[""form_0af0834bfc9aaae9""]","[""form_f8fd40e1318431a4""]",{},-68.026215,valid,unique_reported_entity,derivation_10d49a897179d6,-68.026215,source_to_target,FALSE,1,real resolved network anchor,chunk_a8a31155a0b2bb6655b5;chunk_15955d34e68303239283;chunk_3fbcfd2a032f66b908a5;chunk_882470a12bfb0084bea7;chunk_cede274bcb6c91cff19e,candidate,Independent loss-mechanism evidence joined to co-reported entity component profiles with an exact formula balance.
tr_459e3844a18462,ginsenoside,,Malonyl-ginsenosid e Rc,Protopanaxadio+Xy l/Ara+Glc+malonyl,entity_b5f4fb671cd32779,entity_f3c36782a47b23a8,loss of reported glc component,literature_inferred,,,,1,"[{""coefficient"":1,""entity_id"":""entity_b5f4fb671cd32779"",""role"":""substrate""}]","[{""coefficient"":1,""entity_id"":""entity_f3c36782a47b23a8"",""role"":""product""}]",0,substrate,0,network_preflight,unary_literature_transformation,loss_of_reported_glc_component,C56H92O25 -> C50H82O20,"[""form_4fcf4f3f1c3dd3e7""]","[""form_5eac1b938a448d4e""]",{},-162.052823,valid,unique_reported_entity,derivation_41c2fba18b36be,-162.052823,source_to_target,FALSE,1,real resolved network anchor,chunk_adad5f853e121b5f435a;chunk_1e0fe7dfbd0154011493;chunk_2dcc00c6d0a251ab5e2b;chunk_38304d052dd5fcd54dde;chunk_544962d9e757af72b5fb;chunk_f20c1da1fa3bf8f85bc2,candidate,Independent loss-mechanism evidence joined to co-reported entity component profiles with an exact formula balance.
tr_ec7125e3a089fc,ginsenoside,,ginsenoside Ra2,Ginsenoside Rc,entity_d09e71bd59bbe9fe,entity_56af8ed5402cfe0b,loss of reported xyl component,literature_inferred,,,,1,"[{""coefficient"":1,""entity_id"":""entity_d09e71bd59bbe9fe"",""role"":""substrate""}]","[{""coefficient"":1,""entity_id"":""entity_56af8ed5402cfe0b"",""role"":""product""}]",0,substrate,0,network_preflight,unary_literature_transformation,loss_of_reported_xyl_component,C58H98O26 -> C53H90O22,"[""form_f9b6e85a0cb108eb""]","[""form_1be600cfda8b63c2""]",{},-132.042259,valid,unique_reported_entity,derivation_9cfd864f5e5711,-132.042259,source_to_target,FALSE,1,real resolved network anchor,chunk_adad5f853e121b5f435a;chunk_784ca4f837c7a19c3aad,candidate,Independent loss-mechanism evidence joined to co-reported entity component profiles with an exact formula balance.
tr_7ded494c62d8c1,ginsenoside,,Acetyl-vina-ginseno side R16,Gypenoside IXisomer/,entity_1347846343382be1,entity_616e3ba2e69000c3,loss of reported ac component,literature_inferred,,,,1,"[{""coefficient"":1,""entity_id"":""entity_1347846343382be1"",""role"":""substrate""}]","[{""coefficient"":1,""entity_id"":""entity_616e3ba2e69000c3"",""role"":""product""}]",0,substrate,0,network_preflight,unary_literature_transformation,loss_of_reported_ac_component,C49H82O18 -> C47H80O17,"[""form_073468e4ee10c65b""]","[""form_bbbcde7445c668ec""]",{},-42.010565,valid,unique_reported_entity,derivation_f2519f43ccceb3,-42.010565,source_to_target,FALSE,1,real resolved network anchor,chunk_a8a31155a0b2bb6655b5;chunk_3eef6471b6cdf081af4a;chunk_8e3994ffa45c83dc56d6;chunk_c4c9fa68428f6a783677,candidate,Independent loss-mechanism evidence joined to co-reported entity component profiles with an exact formula balance.
tr_af87eb9cc4ec85,ginsenoside,,Oxidated-protopan axatriol+2Glc+Rha,Oxidated-protopan axatriol+Glc+Rha,entity_917f002d97355ffc,entity_ee685836be12c16e,loss of reported glc component,literature_inferred,,,,1,"[{""coefficient"":1,""entity_id"":""entity_917f002d97355ffc"",""role"":""substrate""}]","[{""coefficient"":1,""entity_id"":""entity_ee685836be12c16e"",""role"":""product""}]",0,substrate,0,network_preflight,unary_literature_transformation,loss_of_reported_glc_component,C48H82O19 -> C42H72O14,"[""form_584252fc79e8f921""]","[""form_964f9b73ec20faf8""]",{},-162.052823,valid,unique_reported_entity,derivation_fc0a2651529c51,-162.052823,source_to_target,FALSE,1,real resolved network anchor,chunk_adad5f853e121b5f435a;chunk_4dd89b5e4919fe11247e;chunk_558f277475b24d9fc2fa;chunk_631615057193b28c35a3;chunk_854dc94d845782282241;chunk_c1077fde30e2da8f2a3b;chunk_c978f98109b764eb4405,candidate,Independent loss-mechanism evidence joined to co-reported entity component profiles with an exact formula balance.
tr_0cb94be57f2f07,ginsenoside,,Rs2,G-Rc,entity_b01a4a2f9665cb89,entity_1f50137473f79c32,loss of reported ac component,literature_inferred,,,,1,"[{""coefficient"":1,""entity_id"":""entity_b01a4a2f9665cb89"",""role"":""substrate""}]","[{""coefficient"":1,""entity_id"":""entity_1f50137473f79c32"",""role"":""product""}]",0,substrate,0,network_preflight,unary_literature_transformation,loss_of_reported_ac_component,C55H92O23 -> C53H90O22,"[""form_d803829f4642916a""]","[""form_f7158d1a82dd7d29""]",{},-42.010565,valid,unique_reported_entity,derivation_7a92f016555c27,-42.010565,source_to_target,FALSE,1,real resolved network anchor,chunk_a8a31155a0b2bb6655b5;chunk_1c1e6578ab8c9a02d5a4;chunk_2c82b7e414372849f471;chunk_422e82f9c16efd5c8866;chunk_784ca4f837c7a19c3aad;chunk_882470a12bfb0084bea7,candidate,Independent loss-mechanism evidence joined to co-reported entity component profiles with an exact formula balance.
tr_d5695ac58b2cdf,ginsenoside,,G-Re4,G-Rf,entity_7aa68b2901925572,entity_fc7578bb143494c5,loss of reported ara(f) component,literature_inferred,,,,1,"[{""coefficient"":1,""entity_id"":""entity_7aa68b2901925572"",""role"":""substrate""}]","[{""coefficient"":1,""entity_id"":""entity_fc7578bb143494c5"",""role"":""product""}]",0,substrate,0,network_preflight,unary_literature_transformation,loss_of_reported_ara_f_component,C47H80O18 -> C42H72O14,"[""form_55780ba9cf454424""]","[""form_3892af7899663cbb""]",{},-132.042259,valid,unique_reported_entity,derivation_bec49e6d50b95d,-132.042259,source_to_target,FALSE,1,real resolved network anchor,chunk_adad5f853e121b5f435a;chunk_882470a12bfb0084bea7,candidate,Independent loss-mechanism evidence joined to co-reported entity component profiles with an exact formula balance.
tr_d6f3360fff6d0c,ginsenoside,,G-Rf,ginsenoside Rh1,entity_fc7578bb143494c5,entity_62384753ece5380a,loss of reported glc component,literature_inferred,,,,1,"[{""coefficient"":1,""entity_id"":""entity_fc7578bb143494c5"",""role"":""substrate""}]","[{""coefficient"":1,""entity_id"":""entity_62384753ece5380a"",""role"":""product""}]",0,substrate,0,network_preflight,unary_literature_transformation,loss_of_reported_glc_component,C42H72O14 -> C36H62O9,"[""form_3892af7899663cbb""]","[""form_1c95210068583a55""]",{},-162.052823,valid,unique_reported_entity,derivation_3af47fe19cfdb6,-162.052823,source_to_target,FALSE,1,real resolved network anchor,chunk_adad5f853e121b5f435a;chunk_15955d34e68303239283,candidate,Independent loss-mechanism evidence joined to co-reported entity component profiles with an exact formula balance.
tr_2c2dd626870d5f,ginsenoside,,Yesanchinoside D,G-Rg1,entity_30007aebe52b5a0a,entity_11d5cf053633d1b5,loss of reported ac component,literature_inferred,,,,1,"[{""coefficient"":1,""entity_id"":""entity_30007aebe52b5a0a"",""role"":""substrate""}]","[{""coefficient"":1,""entity_id"":""entity_11d5cf053633d1b5"",""role"":""product""}]",0,substrate,0,network_preflight,unary_literature_transformation,loss_of_reported_ac_component,C44H74O15 -> C42H72O14,"[""form_45fcaa75143a02d1""]","[""form_f8fd40e1318431a4""]",{},-42.010565,valid,unique_reported_entity,derivation_99923e478ea909,-42.010565,source_to_target,FALSE,1,real resolved network anchor,chunk_a8a31155a0b2bb6655b5;chunk_15955d34e68303239283,candidate,Independent loss-mechanism evidence joined to co-reported entity component profiles with an exact formula balance.
tr_0d7a4dc3931b6a,ginsenoside,,ginsenoside Re2,G-Rg1,entity_2af02e68b59fb4dc,entity_11d5cf053633d1b5,loss of reported glc component,literature_inferred,,,,1,"[{""coefficient"":1,""entity_id"":""entity_2af02e68b59fb4dc"",""role"":""substrate""}]","[{""coefficient"":1,""entity_id"":""entity_11d5cf053633d1b5"",""role"":""product""}]",0,substrate,0,network_preflight,unary_literature_transformation,loss_of_reported_glc_component,C48H82O19 -> C42H72O14,"[""form_1d86d569ecd7ff09""]","[""form_f8fd40e1318431a4""]",{},-162.052823,valid,unique_reported_entity,derivation_28852c95edd260,-162.052823,source_to_target,FALSE,1,real resolved network anchor,chunk_adad5f853e121b5f435a;chunk_15955d34e68303239283;chunk_1c1e6578ab8c9a02d5a4;chunk_3be07d61de6906fe57fe;chunk_830bcd489bd464af970b;chunk_882470a12bfb0084bea7,candidate,Independent loss-mechanism evidence joined to co-reported entity component profiles with an exact formula balance.
tr_98e8790048595f,ginsenoside,,G-Rb1,gypenoside ⅩⅦ,entity_8a8de1145f59f199,entity_e936a9ddb823d0a8,loss of reported glc component,literature_inferred,,,,1,"[{""coefficient"":1,""entity_id"":""entity_8a8de1145f59f199"",""role"":""substrate""}]","[{""coefficient"":1,""entity_id"":""entity_e936a9ddb823d0a8"",""role"":""product""}]",0,substrate,0,network_preflight,unary_literature_transformation,loss_of_reported_glc_component,C54H92O23 -> C48H82O18,"[""form_f255d9982516474c""]","[""form_120250660ca40ee0""]",{},-162.052823,valid,unique_reported_entity,derivation_7f1d3e5d5ca51f,-162.052823,source_to_target,FALSE,1,real resolved network anchor,chunk_adad5f853e121b5f435a;chunk_1c1e6578ab8c9a02d5a4;chunk_654d2a4219b13a49d8a1;chunk_784ca4f837c7a19c3aad;chunk_a1805dae0ab969b92d9b;chunk_b30b2c401321bfd9dbf3,candidate,Independent loss-mechanism evidence joined to co-reported entity component profiles with an exact formula balance.
tr_f08a8977bc8b8e,ginsenoside,,Ginsenoside Rb1,gypenoside ⅩⅦ,entity_496674d5f8dd7a78,entity_e936a9ddb823d0a8,loss of reported glc component,literature_inferred,,,,1,"[{""coefficient"":1,""entity_id"":""entity_496674d5f8dd7a78"",""role"":""substrate""}]","[{""coefficient"":1,""entity_id"":""entity_e936a9ddb823d0a8"",""role"":""product""}]",0,substrate,0,network_preflight,unary_literature_transformation,loss_of_reported_glc_component,C54H92O23 -> C48H82O18,"[""form_14296387449fa48c""]","[""form_120250660ca40ee0""]",{},-162.052823,valid,unique_reported_entity,derivation_8e83d47d62083e,-162.052823,source_to_target,FALSE,1,real resolved network anchor,chunk_adad5f853e121b5f435a;chunk_1c1e6578ab8c9a02d5a4;chunk_654d2a4219b13a49d8a1;chunk_784ca4f837c7a19c3aad;chunk_a1805dae0ab969b92d9b;chunk_b30b2c401321bfd9dbf3,candidate,Independent loss-mechanism evidence joined to co-reported entity component profiles with an exact formula balance.
tr_8304e451eb9ec2,ginsenoside,,ginsenoside Ra3,Rb2 isomer,entity_07c8a311d6e0ea6e,entity_a6c8b635b58c6e4e,loss of reported glc component,literature_inferred,,,,1,"[{""coefficient"":1,""entity_id"":""entity_07c8a311d6e0ea6e"",""role"":""substrate""}]","[{""coefficient"":1,""entity_id"":""entity_a6c8b635b58c6e4e"",""role"":""product""}]",0,substrate,0,network_preflight,unary_literature_transformation,loss_of_reported_glc_component,C59H100O27 -> C53H90O22,"[""form_735649b75e950554""]","[""form_990b20bb52c17240""]",{},-162.052823,valid,unique_reported_entity,derivation_6bea84b96e21ab,-162.052823,source_to_target,FALSE,1,real resolved network anchor,chunk_adad5f853e121b5f435a;chunk_12d1a11942713862ae06;chunk_3ec41a792319248b1652;chunk_6b867ae00b2fa55f6add;chunk_aca53f9764a6bda613c7;chunk_c3f9bf4aafc2ed711f09,candidate,Independent loss-mechanism evidence joined to co-reported entity component profiles with an exact formula balance.
tr_155865cf7e9be8,ginsenoside,,G-Rb3,Vina-ginsenoside,entity_38d79c2f72ee3833,entity_e6fc8f55fdc2bbc6,loss of reported glc component,literature_inferred,,,,1,"[{""coefficient"":1,""entity_id"":""entity_38d79c2f72ee3833"",""role"":""substrate""}]","[{""coefficient"":1,""entity_id"":""entity_e6fc8f55fdc2bbc6"",""role"":""product""}]",0,substrate,0,network_preflight,unary_literature_transformation,loss_of_reported_glc_component,C53H90O22 -> C47H80O17,"[""form_bc23e7afc30d5b9d""]","[""form_6de90b65c2f8cc3f""]",{},-162.052823,valid,unique_reported_entity,derivation_8b8217876ebecd,-162.052823,source_to_target,FALSE,1,real resolved network anchor,chunk_adad5f853e121b5f435a;chunk_1c1e6578ab8c9a02d5a4;chunk_3b867ed59739d5a22268;chunk_784ca4f837c7a19c3aad,candidate,Independent loss-mechanism evidence joined to co-reported entity component profiles with an exact formula balance.
tr_3cc7075658d976,ginsenoside,,Dehydrated-protop anaxatriol+3Glc,Dehydrated-protop anaxatriol+2Glc,entity_a08a833a37a944f3,entity_8f61c40c974c0a01,loss of reported glc component,literature_inferred,,,,1,"[{""coefficient"":1,""entity_id"":""entity_a08a833a37a944f3"",""role"":""substrate""}]","[{""coefficient"":1,""entity_id"":""entity_8f61c40c974c0a01"",""role"":""product""}]",0,substrate,0,network_preflight,unary_literature_transformation,loss_of_reported_glc_component,C48H80O18 -> C42H70O13,"[""form_03ba0522adc84eb9""]","[""form_ef7843dfb8ccff5f""]",{},-162.052823,valid,unique_reported_entity,derivation_1b7ba07707a9b1,-162.052823,source_to_target,FALSE,1,real resolved network anchor,chunk_adad5f853e121b5f435a;chunk_8e3994ffa45c83dc56d6;chunk_987ee19feda74f49d5ba;chunk_de99e4a819fb7f2362c1,candidate,Independent loss-mechanism evidence joined to co-reported entity component profiles with an exact formula balance.
tr_a2a0d9f9e91b63,ginsenoside,,NG-R2,ginsenoside Rh1,entity_dfd4ca17350dd52c,entity_62384753ece5380a,loss of reported xyl component,literature_inferred,,,,1,"[{""coefficient"":1,""entity_id"":""entity_dfd4ca17350dd52c"",""role"":""substrate""}]","[{""coefficient"":1,""entity_id"":""entity_62384753ece5380a"",""role"":""product""}]",0,substrate,0,network_preflight,unary_literature_transformation,loss_of_reported_xyl_component,C41H70O13 -> C36H62O9,"[""form_01ef2f55a0deb9f3""]","[""form_1c95210068583a55""]",{},-132.042259,valid,unique_reported_entity,derivation_bfb22c87d968d7,-132.042259,source_to_target,FALSE,1,real resolved network anchor,chunk_adad5f853e121b5f435a;chunk_15955d34e68303239283,candidate,Independent loss-mechanism evidence joined to co-reported entity component profiles with an exact formula balance.
tr_a2709e6f581dc5,ginsenoside,,Ginsenoside Rc,gypenoside ⅩⅦ,entity_56af8ed5402cfe0b,entity_e936a9ddb823d0a8,loss of reported ara(f) component,literature_inferred,,,,1,"[{""coefficient"":1,""entity_id"":""entity_56af8ed5402cfe0b"",""role"":""substrate""}]","[{""coefficient"":1,""entity_id"":""entity_e936a9ddb823d0a8"",""role"":""product""}]",0,substrate,0,network_preflight,unary_literature_transformation,loss_of_reported_ara_f_component,C53H90O22 -> C48H82O18,"[""form_1be600cfda8b63c2""]","[""form_120250660ca40ee0""]",{},-132.042259,valid,unique_reported_entity,derivation_3e27678d1dd45f,-132.042259,source_to_target,FALSE,1,real resolved network anchor,chunk_adad5f853e121b5f435a;chunk_1c1e6578ab8c9a02d5a4;chunk_2c82b7e414372849f471;chunk_422e82f9c16efd5c8866;chunk_654d2a4219b13a49d8a1;chunk_784ca4f837c7a19c3aad,candidate,Independent loss-mechanism evidence joined to co-reported entity component profiles with an exact formula balance.
tr_99f4957c2b8517,ginsenoside,,Ginsenoside Rb3,Gypenoside,entity_51ddcb86ca8d9896,entity_72b5e9a9dba187d9,loss of reported xyl component,literature_inferred,,,,1,"[{""coefficient"":1,""entity_id"":""entity_51ddcb86ca8d9896"",""role"":""substrate""}]","[{""coefficient"":1,""entity_id"":""entity_72b5e9a9dba187d9"",""role"":""product""}]",0,substrate,0,network_preflight,unary_literature_transformation,loss_of_reported_xyl_component,C53H90O22 -> C48H82O18,"[""form_d296c75372b86da0""]","[""form_2f75fb8072ace89b""]",{},-132.042259,valid,unique_reported_entity,derivation_c50f3e920c2bea,-132.042259,source_to_target,FALSE,1,real resolved network anchor,chunk_adad5f853e121b5f435a;chunk_1c1e6578ab8c9a02d5a4;chunk_3b867ed59739d5a22268;chunk_654d2a4219b13a49d8a1;chunk_784ca4f837c7a19c3aad,candidate,Independent loss-mechanism evidence joined to co-reported entity component profiles with an exact formula balance.
tr_257dc6222b298d,ginsenoside,,notoginsenoside N,Ginsenoside Rg1,entity_2cff75a5b5896862,entity_d96110b1470152a6,loss of reported glc component,literature_inferred,,,,1,"[{""coefficient"":1,""entity_id"":""entity_2cff75a5b5896862"",""role"":""substrate""}]","[{""coefficient"":1,""entity_id"":""entity_d96110b1470152a6"",""role"":""product""}]",0,substrate,0,network_preflight,unary_literature_transformation,loss_of_reported_glc_component,C48H82O19 -> C42H72O14,"[""form_8bc5ff1fc84e1b76""]","[""form_7e15527b576a6354""]",{},-162.052823,valid,unique_reported_entity,derivation_ba9dcc06d4a1bb,-162.052823,source_to_target,FALSE,1,real resolved network anchor,chunk_adad5f853e121b5f435a;chunk_15955d34e68303239283,candidate,Independent loss-mechanism evidence joined to co-reported entity component profiles with an exact formula balance.
tr_a5a13ff757abcf,ginsenoside,,pseudoginsenosid,G-Rd,entity_47dbc528370f3c1f,entity_3c1dfb232de48c72,loss of reported ac component,literature_inferred,,,,1,"[{""coefficient"":1,""entity_id"":""entity_47dbc528370f3c1f"",""role"":""substrate""}]","[{""coefficient"":1,""entity_id"":""entity_3c1dfb232de48c72"",""role"":""product""}]",0,substrate,0,network_preflight,unary_literature_transformation,loss_of_reported_ac_component,C50H84O19 -> C48H82O18,"[""form_9848c2e2ea3acb86""]","[""form_67c0aea2428db18b""]",{},-42.010565,valid,unique_reported_entity,derivation_d04b54539dbe29,-42.010565,source_to_target,FALSE,1,real resolved network anchor,chunk_a8a31155a0b2bb6655b5;chunk_1c1e6578ab8c9a02d5a4;chunk_295b7f0143835428ee5d;chunk_784ca4f837c7a19c3aad;chunk_999e859800fb40cc99ff,candidate,Independent loss-mechanism evidence joined to co-reported entity component profiles with an exact formula balance.
tr_eed3feb6243da2,ginsenoside,,pseudoginsenosid,gypenoside ⅩⅦ,entity_47dbc528370f3c1f,entity_e936a9ddb823d0a8,loss of reported ac component,literature_inferred,,,,1,"[{""coefficient"":1,""entity_id"":""entity_47dbc528370f3c1f"",""role"":""substrate""}]","[{""coefficient"":1,""entity_id"":""entity_e936a9ddb823d0a8"",""role"":""product""}]",0,substrate,0,network_preflight,unary_literature_transformation,loss_of_reported_ac_component,C50H84O19 -> C48H82O18,"[""form_9848c2e2ea3acb86""]","[""form_120250660ca40ee0""]",{},-42.010565,valid,unique_reported_entity,derivation_14f4130ddb097e,-42.010565,source_to_target,FALSE,1,real resolved network anchor,chunk_a8a31155a0b2bb6655b5;chunk_1c1e6578ab8c9a02d5a4,candidate,Independent loss-mechanism evidence joined to co-reported entity component profiles with an exact formula balance.
tr_b5307886c6ac9b,ginsenoside,,NG-N,ginsenoside Rf,entity_a6832f070a739024,entity_aa500cbc70ff655a,loss of reported glc component,literature_inferred,,,,1,"[{""coefficient"":1,""entity_id"":""entity_a6832f070a739024"",""role"":""substrate""}]","[{""coefficient"":1,""entity_id"":""entity_aa500cbc70ff655a"",""role"":""product""}]",0,substrate,0,network_preflight,unary_literature_transformation,loss_of_reported_glc_component,C48H82O19 -> C42H72O14,"[""form_0f642e553e5dd867""]","[""form_27b1c936bea52cc8""]",{},-162.052823,valid,unique_reported_entity,derivation_917094bae9d59b,-162.052823,source_to_target,FALSE,1,real resolved network anchor,chunk_adad5f853e121b5f435a;chunk_15955d34e68303239283,candidate,Independent loss-mechanism evidence joined to co-reported entity component profiles with an exact formula balance.
tr_f6126081ff5db6,ginsenoside,,G-Re3,ginsenoside Rf,entity_1cda1359c9338194,entity_aa500cbc70ff655a,loss of reported glc component,literature_inferred,,,,1,"[{""coefficient"":1,""entity_id"":""entity_1cda1359c9338194"",""role"":""substrate""}]","[{""coefficient"":1,""entity_id"":""entity_aa500cbc70ff655a"",""role"":""product""}]",0,substrate,0,network_preflight,unary_literature_transformation,loss_of_reported_glc_component,C48H82O19 -> C42H72O14,"[""form_6722dbee8c924ec7""]","[""form_27b1c936bea52cc8""]",{},-162.052823,valid,unique_reported_entity,derivation_8c17473963280c,-162.052823,source_to_target,FALSE,1,real resolved network anchor,chunk_adad5f853e121b5f435a;chunk_15955d34e68303239283;chunk_1c1e6578ab8c9a02d5a4;chunk_882470a12bfb0084bea7;chunk_acc6e934be5d2cae972b;chunk_b9378f3b91b1ce003c5a,candidate,Independent loss-mechanism evidence joined to co-reported entity component profiles with an exact formula balance.
tr_bee9dacaccccdb,ginsenoside,,G-Re6,G-Rf,entity_c50614a27df04861,entity_fc7578bb143494c5,loss of reported but component,literature_inferred,,,,1,"[{""coefficient"":1,""entity_id"":""entity_c50614a27df04861"",""role"":""substrate""}]","[{""coefficient"":1,""entity_id"":""entity_fc7578bb143494c5"",""role"":""product""}]",0,substrate,0,network_preflight,unary_literature_transformation,loss_of_reported_but_component,C46H76O15 -> C42H72O14,"[""form_677909a2ad214ea5""]","[""form_3892af7899663cbb""]",{},-68.026215,valid,unique_reported_entity,derivation_3c44fc7c1b4b14,-68.026215,source_to_target,FALSE,1,real resolved network anchor,chunk_a8a31155a0b2bb6655b5;chunk_15955d34e68303239283;chunk_3fbcfd2a032f66b908a5;chunk_882470a12bfb0084bea7;chunk_cede274bcb6c91cff19e,candidate,Independent loss-mechanism evidence joined to co-reported entity component profiles with an exact formula balance.
tr_a121ff1ae6d6d3,ginsenoside,,G-Ra2,G-Rb2/G-Rb3/G-Rc,entity_bbd09d34df0fc1f1,entity_3aad3305041f63e9,loss of reported xyl component,literature_inferred,,,,1,"[{""coefficient"":1,""entity_id"":""entity_bbd09d34df0fc1f1"",""role"":""substrate""}]","[{""coefficient"":1,""entity_id"":""entity_3aad3305041f63e9"",""role"":""product""}]",0,substrate,0,network_preflight,unary_literature_transformation,loss_of_reported_xyl_component,C58H98O26 -> C53H90O22,"[""form_9e0989db1043a7f6""]","[""form_f54bf7ca8bf4d9b1""]",{},-132.042259,valid,unique_reported_entity,derivation_bc92aec695fde1,-132.042259,source_to_target,FALSE,1,real resolved network anchor,chunk_adad5f853e121b5f435a;chunk_784ca4f837c7a19c3aad,candidate,Independent loss-mechanism evidence joined to co-reported entity component profiles with an exact formula balance.
tr_1bbb86d6b5d985,ginsenoside,,G-Rc,Gypenoside,entity_1f50137473f79c32,entity_72b5e9a9dba187d9,loss of reported ara(f) component,literature_inferred,,,,1,"[{""coefficient"":1,""entity_id"":""entity_1f50137473f79c32"",""role"":""substrate""}]","[{""coefficient"":1,""entity_id"":""entity_72b5e9a9dba187d9"",""role"":""product""}]",0,substrate,0,network_preflight,unary_literature_transformation,loss_of_reported_ara_f_component,C53H90O22 -> C48H82O18,"[""form_f7158d1a82dd7d29""]","[""form_2f75fb8072ace89b""]",{},-132.042259,valid,unique_reported_entity,derivation_461756dc702560,-132.042259,source_to_target,FALSE,1,real resolved network anchor,chunk_adad5f853e121b5f435a;chunk_1c1e6578ab8c9a02d5a4;chunk_2c82b7e414372849f471;chunk_422e82f9c16efd5c8866;chunk_654d2a4219b13a49d8a1;chunk_784ca4f837c7a19c3aad,candidate,Independent loss-mechanism evidence joined to co-reported entity component profiles with an exact formula balance.
tr_e8c8f28c8ea247,ginsenoside,,Ginsenoside Rg5,Rh3 isomer,entity_7de542b596420380,entity_1e2610c2da8f778e,loss of reported glc component,literature_inferred,,,,1,"[{""coefficient"":1,""entity_id"":""entity_7de542b596420380"",""role"":""substrate""}]","[{""coefficient"":1,""entity_id"":""entity_1e2610c2da8f778e"",""role"":""product""}]",0,substrate,0,network_preflight,unary_literature_transformation,loss_of_reported_glc_component,C42H70O12 -> C36H60O7,"[""form_f0c1243bf0f23510""]","[""form_c6d6737fe98a483b""]",{},-162.052823,valid,unique_reported_entity,derivation_f111b45fa3caec,-162.052823,source_to_target,FALSE,1,real resolved network anchor,chunk_adad5f853e121b5f435a;chunk_2cb662e303c135aead81;chunk_faf9b1ecb71f26beda53;chunk_fd890ca0e95c605dce18,candidate,Independent loss-mechanism evidence joined to co-reported entity component profiles with an exact formula balance.
tr_cfddabcd01727f,ginsenoside,,Double bond hydrated-protopana xatriol+4Glc,Double bond hydrated-protopana xatriol+3Glc,entity_c49a38d3daea8f66,entity_6eace709e876403a,loss of reported glc component,literature_inferred,,,,1,"[{""coefficient"":1,""entity_id"":""entity_c49a38d3daea8f66"",""role"":""substrate""}]","[{""coefficient"":1,""entity_id"":""entity_6eace709e876403a"",""role"":""product""}]",0,substrate,0,network_preflight,unary_literature_transformation,loss_of_reported_glc_component,C54H94O25 -> C48H84O20,"[""form_0c20c52ef60cfc92""]","[""form_d49a673b52b79083""]",{},-162.052823,valid,unique_reported_entity,derivation_7e9188e123db3e,-162.052823,source_to_target,FALSE,1,real resolved network anchor,chunk_adad5f853e121b5f435a;chunk_33ccc43f84d5c18f8719;chunk_b6c97d33f4173f2f6c15;chunk_e5369181e2b751ff7b26,candidate,Independent loss-mechanism evidence joined to co-reported entity component profiles with an exact formula balance.
tr_6daa6a6a2f1386,ginsenoside,,G-Rg6,G-Rh4 isomer,entity_a31690c8af03fe4d,entity_b1be0331ce00b772,loss of reported rha component,literature_inferred,,,,1,"[{""coefficient"":1,""entity_id"":""entity_a31690c8af03fe4d"",""role"":""substrate""}]","[{""coefficient"":1,""entity_id"":""entity_b1be0331ce00b772"",""role"":""product""}]",0,substrate,0,network_preflight,unary_literature_transformation,loss_of_reported_rha_component,C42H70O12 -> C36H60O8,"[""form_394e725c4975a764""]","[""form_8a4e86d1037d82d8""]",{},-146.057909,valid,unique_reported_entity,derivation_49bc959896e18c,-146.057909,source_to_target,FALSE,1,real resolved network anchor,chunk_adad5f853e121b5f435a;chunk_0a3bb7915b3faba443f9;chunk_4914115598a0916296c0;chunk_95f9f0c8cef7f2db7ca5;chunk_cd666b06466a5a2b5984,candidate,Independent loss-mechanism evidence joined to co-reported entity component profiles with an exact formula balance.
tr_89d4125780b908,ginsenoside,,Ginsenoside Rb2,G-Rd,entity_b3a6760e99a1e624,entity_3c1dfb232de48c72,loss of reported ara(p) component,literature_inferred,,,,1,"[{""coefficient"":1,""entity_id"":""entity_b3a6760e99a1e624"",""role"":""substrate""}]","[{""coefficient"":1,""entity_id"":""entity_3c1dfb232de48c72"",""role"":""product""}]",0,substrate,0,network_preflight,unary_literature_transformation,loss_of_reported_ara_p_component,C53H90O22 -> C48H82O18,"[""form_eddfee3534aed8e5""]","[""form_67c0aea2428db18b""]",{},-132.042259,valid,unique_reported_entity,derivation_1fdadf55b1a18e,-132.042259,source_to_target,FALSE,1,real resolved network anchor,chunk_adad5f853e121b5f435a;chunk_784ca4f837c7a19c3aad,candidate,Independent loss-mechanism evidence joined to co-reported entity component profiles with an exact formula balance.
tr_51d62e02102a9d,ginsenoside,,ginsenoside Rh14 isomer,PPT-C17-V5-RH7,entity_3088f392a11c2407,entity_39f9ab8e25ad326c,loss of reported glc component,literature_inferred,,,,1,"[{""coefficient"":1,""entity_id"":""entity_3088f392a11c2407"",""role"":""substrate""}]","[{""coefficient"":1,""entity_id"":""entity_39f9ab8e25ad326c"",""role"":""product""}]",0,substrate,0,network_preflight,unary_literature_transformation,loss_of_reported_glc_component,C42H70O13 -> C36H60O8,"[""form_3c016ccdd1fb8ad4""]","[""form_83dc3a1535394748""]",{},-162.052823,valid,unique_reported_entity,derivation_9fb5fab49e06af,-162.052823,source_to_target,FALSE,1,real resolved network anchor,chunk_adad5f853e121b5f435a;chunk_157d55759a9451cc187a;chunk_6e93d7bd9f2e29bfd809,candidate,Independent loss-mechanism evidence joined to co-reported entity component profiles with an exact formula balance.
tr_bfb5e4f52ea0ec,ginsenoside,,ginsenoside Ra1,Ginsenoside Rb2,entity_2885adcc4e7f5c46,entity_b3a6760e99a1e624,loss of reported xyl component,literature_inferred,,,,1,"[{""coefficient"":1,""entity_id"":""entity_2885adcc4e7f5c46"",""role"":""substrate""}]","[{""coefficient"":1,""entity_id"":""entity_b3a6760e99a1e624"",""role"":""product""}]",0,substrate,0,network_preflight,unary_literature_transformation,loss_of_reported_xyl_component,C58H98O26 -> C53H90O22,"[""form_35dcbbd778c74549""]","[""form_eddfee3534aed8e5""]",{},-132.042259,valid,unique_reported_entity,derivation_76158407f0e1ef,-132.042259,source_to_target,FALSE,1,real resolved network anchor,chunk_adad5f853e121b5f435a;chunk_44d4a4e6539fd0f822c9;chunk_784ca4f837c7a19c3aad;chunk_aca53f9764a6bda613c7;chunk_e67625aea59d74264f63,candidate,Independent loss-mechanism evidence joined to co-reported entity component profiles with an exact formula balance.
tr_fabfe98a3feade,ginsenoside,,Malonyl-ginsenosid e Ro,Ginsenoside Ro,entity_da488d21825f8671,entity_3444d71e6edab1e3,loss of reported malonyl component,literature_inferred,,,,1,"[{""coefficient"":1,""entity_id"":""entity_da488d21825f8671"",""role"":""substrate""}]","[{""coefficient"":1,""entity_id"":""entity_3444d71e6edab1e3"",""role"":""product""}]",0,substrate,0,network_preflight,unary_literature_transformation,loss_of_reported_malonyl_component,C51H78O22 -> C48H76O19,"[""form_7ab302dfc2937bf7""]","[""form_edb43d1ad7c3f740""]",{},-86.000394,valid,unique_reported_entity,derivation_e1c09b020b1147,-86.000394,source_to_target,FALSE,1,real resolved network anchor,chunk_772144b2e1305d68f4bc;chunk_0edb26f83e294661a107;chunk_3b867ed59739d5a22268;chunk_3fefbadade88466595c7;chunk_52d793746aa180be918e;chunk_953c5cfe21b731593fac,candidate,Independent loss-mechanism evidence joined to co-reported entity component profiles with an exact formula balance.
tr_c666446fd4fa5f,ginsenoside,,NG-R1,ginsenoside Rf,entity_1ee60b1343a52861,entity_aa500cbc70ff655a,loss of reported xyl component,literature_inferred,,,,1,"[{""coefficient"":1,""entity_id"":""entity_1ee60b1343a52861"",""role"":""substrate""}]","[{""coefficient"":1,""entity_id"":""entity_aa500cbc70ff655a"",""role"":""product""}]",0,substrate,0,network_preflight,unary_literature_transformation,loss_of_reported_xyl_component,C47H80O18 -> C42H72O14,"[""form_dc88233ef5b85141""]","[""form_27b1c936bea52cc8""]",{},-132.042259,valid,unique_reported_entity,derivation_6bf90f462b18d0,-132.042259,source_to_target,FALSE,1,real resolved network anchor,chunk_adad5f853e121b5f435a;chunk_15955d34e68303239283,candidate,Independent loss-mechanism evidence joined to co-reported entity component profiles with an exact formula balance.
tr_d5da09e340d852,ginsenoside,,KG-R1,Ginsenoside Rg1,entity_80c445e36e544b55,entity_d96110b1470152a6,loss of reported but component,literature_inferred,,,,1,"[{""coefficient"":1,""entity_id"":""entity_80c445e36e544b55"",""role"":""substrate""}]","[{""coefficient"":1,""entity_id"":""entity_d96110b1470152a6"",""role"":""product""}]",0,substrate,0,network_preflight,unary_literature_transformation,loss_of_reported_but_component,C46H76O15 -> C42H72O14,"[""form_73eca803b9372fbb""]","[""form_7e15527b576a6354""]",{},-68.026215,valid,unique_reported_entity,derivation_2e3b6d2a88c9fa,-68.026215,source_to_target,FALSE,1,real resolved network anchor,chunk_a8a31155a0b2bb6655b5;chunk_15955d34e68303239283,candidate,Independent loss-mechanism evidence joined to co-reported entity component profiles with an exact formula balance.
tr_11fe9c64480132,ginsenoside,,Notoginsenoside R4,Ginsenoside Rb3,entity_dfddba6f5833334d,entity_51ddcb86ca8d9896,loss of reported glc component,literature_inferred,,,,1,"[{""coefficient"":1,""entity_id"":""entity_dfddba6f5833334d"",""role"":""substrate""}]","[{""coefficient"":1,""entity_id"":""entity_51ddcb86ca8d9896"",""role"":""product""}]",0,substrate,0,network_preflight,unary_literature_transformation,loss_of_reported_glc_component,C59H100O27 -> C53H90O22,"[""form_c107e3b50b1181cf""]","[""form_d296c75372b86da0""]",{},-162.052823,valid,unique_reported_entity,derivation_f2205270760f04,-162.052823,source_to_target,FALSE,1,real resolved network anchor,chunk_adad5f853e121b5f435a;chunk_3b867ed59739d5a22268;chunk_56a9ba062b7ea0fc54cf;chunk_784ca4f837c7a19c3aad;chunk_9331c6d9d26aff836f3d;chunk_d3acabfeb9313aceb0ea;chunk_fc56392a85f26eec157f,candidate,Independent loss-mechanism evidence joined to co-reported entity component profiles with an exact formula balance.
tr_403a9e73484ee5,ginsenoside,,NG-R1,G-Rg1,entity_1ee60b1343a52861,entity_11d5cf053633d1b5,loss of reported xyl component,literature_inferred,,,,1,"[{""coefficient"":1,""entity_id"":""entity_1ee60b1343a52861"",""role"":""substrate""}]","[{""coefficient"":1,""entity_id"":""entity_11d5cf053633d1b5"",""role"":""product""}]",0,substrate,0,network_preflight,unary_literature_transformation,loss_of_reported_xyl_component,C47H80O18 -> C42H72O14,"[""form_dc88233ef5b85141""]","[""form_f8fd40e1318431a4""]",{},-132.042259,valid,unique_reported_entity,derivation_d68331facfd859,-132.042259,source_to_target,FALSE,1,real resolved network anchor,chunk_adad5f853e121b5f435a;chunk_15955d34e68303239283,candidate,Independent loss-mechanism evidence joined to co-reported entity component profiles with an exact formula balance.
tr_3f97a2cbf9f562,ginsenoside,,G-Rb2/G-Rb3/G-Rc,gypenoside ⅩⅦ,entity_3aad3305041f63e9,entity_e936a9ddb823d0a8,loss of reported ara(f) component,literature_inferred,,,,1,"[{""coefficient"":1,""entity_id"":""entity_3aad3305041f63e9"",""role"":""substrate""}]","[{""coefficient"":1,""entity_id"":""entity_e936a9ddb823d0a8"",""role"":""product""}]",0,substrate,0,network_preflight,unary_literature_transformation,loss_of_reported_ara_f_component,C53H90O22 -> C48H82O18,"[""form_f54bf7ca8bf4d9b1""]","[""form_120250660ca40ee0""]",{},-132.042259,valid,unique_reported_entity,derivation_2e01c343a3b00c,-132.042259,source_to_target,FALSE,1,real resolved network anchor,chunk_adad5f853e121b5f435a;chunk_1c1e6578ab8c9a02d5a4;chunk_2c82b7e414372849f471;chunk_422e82f9c16efd5c8866;chunk_654d2a4219b13a49d8a1;chunk_784ca4f837c7a19c3aad,candidate,Independent loss-mechanism evidence joined to co-reported entity component profiles with an exact formula balance.
tr_c2bc9525b93bca,ginsenoside,,Malonyl-ginsenosid e Rb1 isomer,Malonyl-ginsenosid e Rd isomer,entity_4e0ec03c69fa4a2a,entity_f5a35bdebdc9fae4,loss of reported glc component,literature_inferred,,,,1,"[{""coefficient"":1,""entity_id"":""entity_4e0ec03c69fa4a2a"",""role"":""substrate""}]","[{""coefficient"":1,""entity_id"":""entity_f5a35bdebdc9fae4"",""role"":""product""}]",0,substrate,0,network_preflight,unary_literature_transformation,loss_of_reported_glc_component,C57H94O26 -> C51H84O21,"[""form_55df19b691f1ba63""]","[""form_fe4c2564759a91a8""]",{},-162.052823,valid,unique_reported_entity,derivation_4d70e8e0e4a129,-162.052823,source_to_target,FALSE,1,real resolved network anchor,chunk_adad5f853e121b5f435a;chunk_0ec2daa7eb2f44db7743;chunk_33135719a72e1757a14d;chunk_5841c168bd2ba0ca31fe;chunk_9f93d616b48dc6c4b28a;chunk_9fc4fbb94f5978da5fa7,candidate,Independent loss-mechanism evidence joined to co-reported entity component profiles with an exact formula balance.
tr_29e06a6f589a87,ginsenoside,,koryoginsenoside,G-Re3,entity_ad12e53dcb453643,entity_1cda1359c9338194,loss of reported glc component,literature_inferred,,,,1,"[{""coefficient"":1,""entity_id"":""entity_ad12e53dcb453643"",""role"":""substrate""}]","[{""coefficient"":1,""entity_id"":""entity_1cda1359c9338194"",""role"":""product""}]",0,substrate,0,network_preflight,unary_literature_transformation,loss_of_reported_glc_component,C54H92O24 -> C48H82O19,"[""form_fb90cd582faea142""]","[""form_6722dbee8c924ec7""]",{},-162.052823,valid,unique_reported_entity,derivation_0cefb3f9a986d6,-162.052823,source_to_target,FALSE,1,real resolved network anchor,chunk_adad5f853e121b5f435a;chunk_1c1e6578ab8c9a02d5a4,candidate,Independent loss-mechanism evidence joined to co-reported entity component profiles with an exact formula balance.
tr_15459ab371eb87,ginsenoside,,Double bond hydrated-protopana xatriol+2Glc+Acetyl,Double bond hydrated-protopana xatriol+3Glc+Xyl/Ar,entity_6c1b103ec4f83a93,entity_df92473a3cde64b5,loss of reported ac component,literature_inferred,,,,1,"[{""coefficient"":1,""entity_id"":""entity_6c1b103ec4f83a93"",""role"":""substrate""}]","[{""coefficient"":1,""entity_id"":""entity_df92473a3cde64b5"",""role"":""product""}]",0,substrate,0,network_preflight,unary_literature_transformation,loss_of_reported_ac_component,C50H86O21 -> C53H92O24,"[""form_e834d9ddec192301""]","[""form_1d3d2baa71a223fd""]",{},90.031694,valid,unique_reported_entity,derivation_c45d5c5dae601b,90.031694,source_to_target,FALSE,1,real resolved network anchor,chunk_a8a31155a0b2bb6655b5;chunk_1a27d566f407cc291cd9;chunk_2ee26889a566d55b31ef;chunk_62763fcbed0ade364055;chunk_8b0d4fd16f7534c1e694,candidate,Independent loss-mechanism evidence joined to co-reported entity component profiles with an exact formula balance.
tr_4e866217041a7d,ginsenoside,,G-Ra2,G-Rc,entity_bbd09d34df0fc1f1,entity_1f50137473f79c32,loss of reported xyl component,literature_inferred,,,,1,"[{""coefficient"":1,""entity_id"":""entity_bbd09d34df0fc1f1"",""role"":""substrate""}]","[{""coefficient"":1,""entity_id"":""entity_1f50137473f79c32"",""role"":""product""}]",0,substrate,0,network_preflight,unary_literature_transformation,loss_of_reported_xyl_component,C58H98O26 -> C53H90O22,"[""form_9e0989db1043a7f6""]","[""form_f7158d1a82dd7d29""]",{},-132.042259,valid,unique_reported_entity,derivation_0fb7bdeb393455,-132.042259,source_to_target,FALSE,1,real resolved network anchor,chunk_adad5f853e121b5f435a;chunk_784ca4f837c7a19c3aad,candidate,Independent loss-mechanism evidence joined to co-reported entity component profiles with an exact formula balance.
tr_49f4508c88a286,ginsenoside,,koryoginsenoside,20-glc-G-Rf,entity_ad12e53dcb453643,entity_1e9c9158b2d9f931,loss of reported glc component,literature_inferred,,,,1,"[{""coefficient"":1,""entity_id"":""entity_ad12e53dcb453643"",""role"":""substrate""}]","[{""coefficient"":1,""entity_id"":""entity_1e9c9158b2d9f931"",""role"":""product""}]",0,substrate,0,network_preflight,unary_literature_transformation,loss_of_reported_glc_component,C54H92O24 -> C48H82O19,"[""form_fb90cd582faea142""]","[""form_33560fce01591579""]",{},-162.052823,valid,unique_reported_entity,derivation_c1d380d6906147,-162.052823,source_to_target,FALSE,1,real resolved network anchor,chunk_adad5f853e121b5f435a;chunk_1c1e6578ab8c9a02d5a4;chunk_4d4bb0ef118d03837386;chunk_882470a12bfb0084bea7,candidate,Independent loss-mechanism evidence joined to co-reported entity component profiles with an exact formula balance.
tr_99253bd18c7672,ginsenoside,,koryoginsenoside R1,G-Rg1,entity_b506080fbc6bd6ae,entity_11d5cf053633d1b5,loss of reported but component,literature_inferred,,,,1,"[{""coefficient"":1,""entity_id"":""entity_b506080fbc6bd6ae"",""role"":""substrate""}]","[{""coefficient"":1,""entity_id"":""entity_11d5cf053633d1b5"",""role"":""product""}]",0,substrate,0,network_preflight,unary_literature_transformation,loss_of_reported_but_component,C46H76O15 -> C42H72O14,"[""form_10892323936e0d05""]","[""form_f8fd40e1318431a4""]",{},-68.026215,valid,unique_reported_entity,derivation_0b215e426947ae,-68.026215,source_to_target,FALSE,1,real resolved network anchor,chunk_a8a31155a0b2bb6655b5;chunk_15955d34e68303239283,candidate,Independent loss-mechanism evidence joined to co-reported entity component profiles with an exact formula balance.
tr_8a2d72035acbaa,ginsenoside,,Ginsenoside Rc,Gypenoside,entity_56af8ed5402cfe0b,entity_72b5e9a9dba187d9,loss of reported ara(f) component,literature_inferred,,,,1,"[{""coefficient"":1,""entity_id"":""entity_56af8ed5402cfe0b"",""role"":""substrate""}]","[{""coefficient"":1,""entity_id"":""entity_72b5e9a9dba187d9"",""role"":""product""}]",0,substrate,0,network_preflight,unary_literature_transformation,loss_of_reported_ara_f_component,C53H90O22 -> C48H82O18,"[""form_1be600cfda8b63c2""]","[""form_2f75fb8072ace89b""]",{},-132.042259,valid,unique_reported_entity,derivation_ac78f48c889035,-132.042259,source_to_target,FALSE,1,real resolved network anchor,chunk_adad5f853e121b5f435a;chunk_1c1e6578ab8c9a02d5a4;chunk_2c82b7e414372849f471;chunk_422e82f9c16efd5c8866;chunk_654d2a4219b13a49d8a1;chunk_784ca4f837c7a19c3aad,candidate,Independent loss-mechanism evidence joined to co-reported entity component profiles with an exact formula balance.
tr_b72605128aab45,ginsenoside,,Malonyl-Rb2/Rb3/Rc,Protopanaxadio+Xy l/Ara+Glc+ malonyl,entity_48de595c2dc89f4e,entity_67e56912990bbf73,loss of reported glc component,literature_inferred,,,,1,"[{""coefficient"":1,""entity_id"":""entity_48de595c2dc89f4e"",""role"":""substrate""}]","[{""coefficient"":1,""entity_id"":""entity_67e56912990bbf73"",""role"":""product""}]",0,substrate,0,network_preflight,unary_literature_transformation,loss_of_reported_glc_component,C56H92O25 -> C50H82O20,"[""form_8cfe12cbd748730a""]","[""form_e9c950c38b126a22""]",{},-162.052823,valid,unique_reported_entity,derivation_6d98d34ee2d10a,-162.052823,source_to_target,FALSE,1,real resolved network anchor,chunk_adad5f853e121b5f435a;chunk_1e0fe7dfbd0154011493;chunk_2dcc00c6d0a251ab5e2b;chunk_38304d052dd5fcd54dde;chunk_544962d9e757af72b5fb;chunk_f20c1da1fa3bf8f85bc2,candidate,Independent loss-mechanism evidence joined to co-reported entity component profiles with an exact formula balance.
tr_33509de5d42295,ginsenoside,,G-Rg5,Rh3 isomer,entity_3300b2e306bd76cf,entity_1e2610c2da8f778e,loss of reported glc component,literature_inferred,,,,1,"[{""coefficient"":1,""entity_id"":""entity_3300b2e306bd76cf"",""role"":""substrate""}]","[{""coefficient"":1,""entity_id"":""entity_1e2610c2da8f778e"",""role"":""product""}]",0,substrate,0,network_preflight,unary_literature_transformation,loss_of_reported_glc_component,C42H70O12 -> C36H60O7,"[""form_9fbcdb985b8084bd""]","[""form_c6d6737fe98a483b""]",{},-162.052823,valid,unique_reported_entity,derivation_086bb031abe6ef,-162.052823,source_to_target,FALSE,1,real resolved network anchor,chunk_adad5f853e121b5f435a;chunk_2cb662e303c135aead81;chunk_faf9b1ecb71f26beda53;chunk_fd890ca0e95c605dce18,candidate,Independent loss-mechanism evidence joined to co-reported entity component profiles with an exact formula balance.
tr_e5d805ee5217b0,ginsenoside,,Q-R1,pseudoginsenosid,entity_a123d095eb2b78c4,entity_47dbc528370f3c1f,loss of reported glc component,literature_inferred,,,,1,"[{""coefficient"":1,""entity_id"":""entity_a123d095eb2b78c4"",""role"":""substrate""}]","[{""coefficient"":1,""entity_id"":""entity_47dbc528370f3c1f"",""role"":""product""}]",0,substrate,0,network_preflight,unary_literature_transformation,loss_of_reported_glc_component,C56H94O24 -> C50H84O19,"[""form_ac51f75a7d1353b4""]","[""form_9848c2e2ea3acb86""]",{},-162.052823,valid,unique_reported_entity,derivation_052c7c6e6d9496,-162.052823,source_to_target,FALSE,1,real resolved network anchor,chunk_adad5f853e121b5f435a;chunk_1c1e6578ab8c9a02d5a4,candidate,Independent loss-mechanism evidence joined to co-reported entity component profiles with an exact formula balance.
tr_e3a597a8d42ea3,ginsenoside,,Ginsenoside Rb2,gypenoside ⅩⅦ,entity_b3a6760e99a1e624,entity_e936a9ddb823d0a8,loss of reported ara(p) component,literature_inferred,,,,1,"[{""coefficient"":1,""entity_id"":""entity_b3a6760e99a1e624"",""role"":""substrate""}]","[{""coefficient"":1,""entity_id"":""entity_e936a9ddb823d0a8"",""role"":""product""}]",0,substrate,0,network_preflight,unary_literature_transformation,loss_of_reported_ara_p_component,C53H90O22 -> C48H82O18,"[""form_eddfee3534aed8e5""]","[""form_120250660ca40ee0""]",{},-132.042259,valid,unique_reported_entity,derivation_1d8e9b2c3bbbcf,-132.042259,source_to_target,FALSE,1,real resolved network anchor,chunk_adad5f853e121b5f435a;chunk_1c1e6578ab8c9a02d5a4;chunk_44d4a4e6539fd0f822c9;chunk_654d2a4219b13a49d8a1;chunk_784ca4f837c7a19c3aad,candidate,Independent loss-mechanism evidence joined to co-reported entity component profiles with an exact formula balance.
tr_58af79f68d2749,ginsenoside,,PPT-C17-V5-RH-2GX,PPT-C17-V5-Rh-GX1,entity_fc13e16b869cfca3,entity_489361796bbe3a7b,loss of reported glc component,literature_inferred,,,,1,"[{""coefficient"":1,""entity_id"":""entity_fc13e16b869cfca3"",""role"":""substrate""}]","[{""coefficient"":1,""entity_id"":""entity_489361796bbe3a7b"",""role"":""product""}]",0,substrate,0,network_preflight,unary_literature_transformation,loss_of_reported_glc_component,C47H78O18 -> C41H68O13,"[""form_e9cd1cfd45163eeb""]","[""form_7e096519fc6b085c""]",{},-162.052823,valid,unique_reported_entity,derivation_fe5d85d55277bc,-162.052823,source_to_target,FALSE,1,real resolved network anchor,chunk_adad5f853e121b5f435a;chunk_5699e63d6069811addaa;chunk_a7ee5fc6673d86e31551,candidate,Independent loss-mechanism evidence joined to co-reported entity component profiles with an exact formula balance.
tr_34f76962c62ce9,ginsenoside,,G-Re,ginsenoside Rf,entity_6c49b2d9ef82cc1f,entity_aa500cbc70ff655a,loss of reported rha component,literature_inferred,,,,1,"[{""coefficient"":1,""entity_id"":""entity_6c49b2d9ef82cc1f"",""role"":""substrate""}]","[{""coefficient"":1,""entity_id"":""entity_aa500cbc70ff655a"",""role"":""product""}]",0,substrate,0,network_preflight,unary_literature_transformation,loss_of_reported_rha_component,C48H82O18 -> C42H72O14,"[""form_a97c57706d000e7e""]","[""form_27b1c936bea52cc8""]",{},-146.057909,valid,unique_reported_entity,derivation_c387be5732de3a,-146.057909,source_to_target,FALSE,1,real resolved network anchor,chunk_adad5f853e121b5f435a;chunk_882470a12bfb0084bea7,candidate,Independent loss-mechanism evidence joined to co-reported entity component profiles with an exact formula balance.
tr_9fd38b7d18d058,ginsenoside,,Acetyl malonyl-ginsenosid e Rd,Malonyl-ginsenosid e Rd isomer,entity_a2b20bf18c50d7c5,entity_f5a35bdebdc9fae4,loss of reported ac component,literature_inferred,,,,1,"[{""coefficient"":1,""entity_id"":""entity_a2b20bf18c50d7c5"",""role"":""substrate""}]","[{""coefficient"":1,""entity_id"":""entity_f5a35bdebdc9fae4"",""role"":""product""}]",0,substrate,0,network_preflight,unary_literature_transformation,loss_of_reported_ac_component,C53H86O22 -> C51H84O21,"[""form_cee8af351b85c7d2""]","[""form_fe4c2564759a91a8""]",{},-42.010565,valid,unique_reported_entity,derivation_c98725090b2315,-42.010565,source_to_target,FALSE,1,real resolved network anchor,chunk_a8a31155a0b2bb6655b5;chunk_078952a531a177152e4d;chunk_4635eda5be96c6c9674b;chunk_5841c168bd2ba0ca31fe;chunk_6e58798f789a38e57e65;chunk_9f93d616b48dc6c4b28a,candidate,Independent loss-mechanism evidence joined to co-reported entity component profiles with an exact formula balance.
tr_6d739c30fb1ae0,ginsenoside,,Ginsenoside Rb1,Ginsenoside Rd,entity_496674d5f8dd7a78,entity_6cf53cd8e18ecbba,loss of reported glc component,literature_inferred,,,,1,"[{""coefficient"":1,""entity_id"":""entity_496674d5f8dd7a78"",""role"":""substrate""}]","[{""coefficient"":1,""entity_id"":""entity_6cf53cd8e18ecbba"",""role"":""product""}]",0,substrate,0,network_preflight,unary_literature_transformation,loss_of_reported_glc_component,C54H92O23 -> C48H82O18,"[""form_14296387449fa48c""]","[""form_301a8c7f3bc70122""]",{},-162.052823,valid,unique_reported_entity,derivation_319ebb0e99164d,-162.052823,source_to_target,FALSE,1,real resolved network anchor,chunk_adad5f853e121b5f435a;chunk_784ca4f837c7a19c3aad,candidate,Independent loss-mechanism evidence joined to co-reported entity component profiles with an exact formula balance.
tr_79933ecd95e2a5,ginsenoside,,pseudoginsenosid,Ginsenoside Rd,entity_47dbc528370f3c1f,entity_6cf53cd8e18ecbba,loss of reported ac component,literature_inferred,,,,1,"[{""coefficient"":1,""entity_id"":""entity_47dbc528370f3c1f"",""role"":""substrate""}]","[{""coefficient"":1,""entity_id"":""entity_6cf53cd8e18ecbba"",""role"":""product""}]",0,substrate,0,network_preflight,unary_literature_transformation,loss_of_reported_ac_component,C50H84O19 -> C48H82O18,"[""form_9848c2e2ea3acb86""]","[""form_301a8c7f3bc70122""]",{},-42.010565,valid,unique_reported_entity,derivation_007c48d9abf37e,-42.010565,source_to_target,FALSE,1,real resolved network anchor,chunk_a8a31155a0b2bb6655b5;chunk_1c1e6578ab8c9a02d5a4;chunk_295b7f0143835428ee5d;chunk_784ca4f837c7a19c3aad;chunk_999e859800fb40cc99ff,candidate,Independent loss-mechanism evidence joined to co-reported entity component profiles with an exact formula balance.
tr_31d682b3020107,ginsenoside,,Rs4 isomer,Ginsenoside Rg5,entity_84f4a4ade2fac997,entity_7de542b596420380,loss of reported ac component,literature_inferred,,,,1,"[{""coefficient"":1,""entity_id"":""entity_84f4a4ade2fac997"",""role"":""substrate""}]","[{""coefficient"":1,""entity_id"":""entity_7de542b596420380"",""role"":""product""}]",0,substrate,0,network_preflight,unary_literature_transformation,loss_of_reported_ac_component,C44H72O13 -> C42H70O12,"[""form_38adc4cafdb440c5""]","[""form_f0c1243bf0f23510""]",{},-42.010565,valid,unique_reported_entity,derivation_8e2b43a35c8ae7,-42.010565,source_to_target,FALSE,1,real resolved network anchor,chunk_a8a31155a0b2bb6655b5;chunk_2cb662e303c135aead81;chunk_4a0355c3c5b01ec326e6;chunk_fd890ca0e95c605dce18,candidate,Independent loss-mechanism evidence joined to co-reported entity component profiles with an exact formula balance.
tr_5999e0c55ca75f,ginsenoside,,G-Rb2,gypenoside ⅩⅦ,entity_54bdab51a5ed7d7c,entity_e936a9ddb823d0a8,loss of reported ara(p) component,literature_inferred,,,,1,"[{""coefficient"":1,""entity_id"":""entity_54bdab51a5ed7d7c"",""role"":""substrate""}]","[{""coefficient"":1,""entity_id"":""entity_e936a9ddb823d0a8"",""role"":""product""}]",0,substrate,0,network_preflight,unary_literature_transformation,loss_of_reported_ara_p_component,C53H90O22 -> C48H82O18,"[""form_f66295bbcdc4b08d""]","[""form_120250660ca40ee0""]",{},-132.042259,valid,unique_reported_entity,derivation_118d4aefca43ca,-132.042259,source_to_target,FALSE,1,real resolved network anchor,chunk_adad5f853e121b5f435a;chunk_1c1e6578ab8c9a02d5a4;chunk_44d4a4e6539fd0f822c9;chunk_654d2a4219b13a49d8a1;chunk_784ca4f837c7a19c3aad,candidate,Independent loss-mechanism evidence joined to co-reported entity component profiles with an exact formula balance.
tr_8fef7fecf143a0,ginsenoside,,ginsenoside Rs2,G-Rb2/G-Rb3/G-Rc,entity_65badd991c896f99,entity_3aad3305041f63e9,loss of reported ac component,literature_inferred,,,,1,"[{""coefficient"":1,""entity_id"":""entity_65badd991c896f99"",""role"":""substrate""}]","[{""coefficient"":1,""entity_id"":""entity_3aad3305041f63e9"",""role"":""product""}]",0,substrate,0,network_preflight,unary_literature_transformation,loss_of_reported_ac_component,C55H92O23 -> C53H90O22,"[""form_919a469420f7e72a""]","[""form_f54bf7ca8bf4d9b1""]",{},-42.010565,valid,unique_reported_entity,derivation_b64f3a58473121,-42.010565,source_to_target,FALSE,1,real resolved network anchor,chunk_a8a31155a0b2bb6655b5;chunk_1c1e6578ab8c9a02d5a4;chunk_2c82b7e414372849f471;chunk_422e82f9c16efd5c8866;chunk_784ca4f837c7a19c3aad;chunk_882470a12bfb0084bea7,candidate,Independent loss-mechanism evidence joined to co-reported entity component profiles with an exact formula balance.
tr_306fe851ee6812,ginsenoside,,20-glc-G-Rf,G-Rg1,entity_1e9c9158b2d9f931,entity_11d5cf053633d1b5,loss of reported glc component,literature_inferred,,,,1,"[{""coefficient"":1,""entity_id"":""entity_1e9c9158b2d9f931"",""role"":""substrate""}]","[{""coefficient"":1,""entity_id"":""entity_11d5cf053633d1b5"",""role"":""product""}]",0,substrate,0,network_preflight,unary_literature_transformation,loss_of_reported_glc_component,C48H82O19 -> C42H72O14,"[""form_33560fce01591579""]","[""form_f8fd40e1318431a4""]",{},-162.052823,valid,unique_reported_entity,derivation_024d9569ed02fd,-162.052823,source_to_target,FALSE,1,real resolved network anchor,chunk_adad5f853e121b5f435a;chunk_882470a12bfb0084bea7,candidate,Independent loss-mechanism evidence joined to co-reported entity component profiles with an exact formula balance.
tr_8505b61ca1afd5,ginsenoside,,Ginsenoside Rf2 isomer,Double bond hydrated-protopana xatriol+Glc,entity_239a9af2ce5db79c,entity_ff84d9a02d61ca07,loss of reported rha component,literature_inferred,,,,1,"[{""coefficient"":1,""entity_id"":""entity_239a9af2ce5db79c"",""role"":""substrate""}]","[{""coefficient"":1,""entity_id"":""entity_ff84d9a02d61ca07"",""role"":""product""}]",0,substrate,0,network_preflight,unary_literature_transformation,loss_of_reported_rha_component,C42H74O14 -> C36H64O10,"[""form_c6271eb2975c29d0""]","[""form_0c1bab0699de6161""]",{},-146.057909,valid,unique_reported_entity,derivation_bb1386c2c29cb8,-146.057909,source_to_target,FALSE,1,real resolved network anchor,chunk_adad5f853e121b5f435a;chunk_51c27bdc1cfcb8cc92a8;chunk_ddf20c4304c1d86a4b32,candidate,Independent loss-mechanism evidence joined to co-reported entity component profiles with an exact formula balance.
tr_7fa9d9d1b408c4,ginsenoside,,Double bond hydrated-protopana,Double bond hydrated-protopana xatriol+Glc,entity_ae807d31818cf16c,entity_ff84d9a02d61ca07,loss of reported glc component,literature_inferred,,,,1,"[{""coefficient"":1,""entity_id"":""entity_ae807d31818cf16c"",""role"":""substrate""}]","[{""coefficient"":1,""entity_id"":""entity_ff84d9a02d61ca07"",""role"":""product""}]",0,substrate,0,network_preflight,unary_literature_transformation,loss_of_reported_glc_component,C42H74O15 -> C36H64O10,"[""form_54331024ff79862b""]","[""form_0c1bab0699de6161""]",{},-162.052823,valid,unique_reported_entity,derivation_b979eabab5f23b,-162.052823,source_to_target,FALSE,1,real resolved network anchor,chunk_adad5f853e121b5f435a;chunk_8281cfafbfbe15063f30;chunk_c6453aa8bd4c6ba90fc5;chunk_ddf20c4304c1d86a4b32,candidate,Independent loss-mechanism evidence joined to co-reported entity component profiles with an exact formula balance.
tr_12aec4b838a9bb,ginsenoside,,Malonyl G-Rb1,Malonyl-ginsenosid e Rd isomer,entity_5db822ad20f2067a,entity_f5a35bdebdc9fae4,loss of reported glc component,literature_inferred,,,,1,"[{""coefficient"":1,""entity_id"":""entity_5db822ad20f2067a"",""role"":""substrate""}]","[{""coefficient"":1,""entity_id"":""entity_f5a35bdebdc9fae4"",""role"":""product""}]",0,substrate,0,network_preflight,unary_literature_transformation,loss_of_reported_glc_component,C57H94O26 -> C51H84O21,"[""form_1cf0e85b8ea4a928""]","[""form_fe4c2564759a91a8""]",{},-162.052823,valid,unique_reported_entity,derivation_5cfda702a90bd3,-162.052823,source_to_target,FALSE,1,real resolved network anchor,chunk_adad5f853e121b5f435a;chunk_5841c168bd2ba0ca31fe;chunk_839826e4934886ac02b2;chunk_9f93d616b48dc6c4b28a;chunk_e36fff589d05b0bd4f96,candidate,Independent loss-mechanism evidence joined to co-reported entity component profiles with an exact formula balance.
tr_f9cddee821d2b2,ginsenoside,,ginsenoside Ra1,Ginsenoside Rb3,entity_2885adcc4e7f5c46,entity_51ddcb86ca8d9896,loss of reported ara(p) component,literature_inferred,,,,1,"[{""coefficient"":1,""entity_id"":""entity_2885adcc4e7f5c46"",""role"":""substrate""}]","[{""coefficient"":1,""entity_id"":""entity_51ddcb86ca8d9896"",""role"":""product""}]",0,substrate,0,network_preflight,unary_literature_transformation,loss_of_reported_ara_p_component,C58H98O26 -> C53H90O22,"[""form_35dcbbd778c74549""]","[""form_d296c75372b86da0""]",{},-132.042259,valid,unique_reported_entity,derivation_1c00b99761e8df,-132.042259,source_to_target,FALSE,1,real resolved network anchor,chunk_adad5f853e121b5f435a;chunk_3b867ed59739d5a22268;chunk_784ca4f837c7a19c3aad;chunk_aca53f9764a6bda613c7;chunk_e67625aea59d74264f63,candidate,Independent loss-mechanism evidence joined to co-reported entity component profiles with an exact formula balance.
tr_a0aa629bba2162,ginsenoside,,Malonyl-ginsenosid e Rb3,Ginsenoside Rb3,entity_b84a691072c9c3c4,entity_51ddcb86ca8d9896,loss of reported malonyl component,literature_inferred,,,,1,"[{""coefficient"":1,""entity_id"":""entity_b84a691072c9c3c4"",""role"":""substrate""}]","[{""coefficient"":1,""entity_id"":""entity_51ddcb86ca8d9896"",""role"":""product""}]",0,substrate,0,network_preflight,unary_literature_transformation,loss_of_reported_malonyl_component,C56H92O25 -> C53H90O22,"[""form_20c5c3f6fe0bc45c""]","[""form_d296c75372b86da0""]",{},-86.000394,valid,unique_reported_entity,derivation_6b77cde0ac9012,-86.000394,source_to_target,FALSE,1,real resolved network anchor,chunk_772144b2e1305d68f4bc;chunk_2f6f8a757f20e58b3e80;chunk_3b867ed59739d5a22268;chunk_784ca4f837c7a19c3aad,candidate,Independent loss-mechanism evidence joined to co-reported entity component profiles with an exact formula balance.
tr_bfd37f89fedb92,ginsenoside,,Notoginsenoside R4,G-Rb3,entity_dfddba6f5833334d,entity_38d79c2f72ee3833,loss of reported glc component,literature_inferred,,,,1,"[{""coefficient"":1,""entity_id"":""entity_dfddba6f5833334d"",""role"":""substrate""}]","[{""coefficient"":1,""entity_id"":""entity_38d79c2f72ee3833"",""role"":""product""}]",0,substrate,0,network_preflight,unary_literature_transformation,loss_of_reported_glc_component,C59H100O27 -> C53H90O22,"[""form_c107e3b50b1181cf""]","[""form_bc23e7afc30d5b9d""]",{},-162.052823,valid,unique_reported_entity,derivation_6dba9306e51399,-162.052823,source_to_target,FALSE,1,real resolved network anchor,chunk_adad5f853e121b5f435a;chunk_3b867ed59739d5a22268;chunk_56a9ba062b7ea0fc54cf;chunk_784ca4f837c7a19c3aad;chunk_9331c6d9d26aff836f3d;chunk_d3acabfeb9313aceb0ea;chunk_fc56392a85f26eec157f,candidate,Independent loss-mechanism evidence joined to co-reported entity component profiles with an exact formula balance.
tr_bad9550d3f98c5,ginsenoside,,Acetyl gypenoside,Acetyl G-Rg3,entity_caf9176368c9f933,entity_9937b8eeb9981bdd,loss of reported glc component,literature_inferred,,,,1,"[{""coefficient"":1,""entity_id"":""entity_caf9176368c9f933"",""role"":""substrate""}]","[{""coefficient"":1,""entity_id"":""entity_9937b8eeb9981bdd"",""role"":""product""}]",0,substrate,0,network_preflight,unary_literature_transformation,loss_of_reported_glc_component,C50H84O19 -> C44H74O14,"[""form_8672bf959e1ebc91""]","[""form_d9b81a85dbf20814""]",{},-162.052823,valid,unique_reported_entity,derivation_6c879bd6df18f7,-162.052823,source_to_target,FALSE,1,real resolved network anchor,chunk_adad5f853e121b5f435a;chunk_61004029bc1f218b90c1;chunk_9d87269f94909f211bfd,candidate,Independent loss-mechanism evidence joined to co-reported entity component profiles with an exact formula balance.
tr_f1fd63063c106e,ginsenoside,,ginsenoside Re4,G-Rg1,entity_6a4dd182e0ce4718,entity_11d5cf053633d1b5,loss of reported ara(f) component,literature_inferred,,,,1,"[{""coefficient"":1,""entity_id"":""entity_6a4dd182e0ce4718"",""role"":""substrate""}]","[{""coefficient"":1,""entity_id"":""entity_11d5cf053633d1b5"",""role"":""product""}]",0,substrate,0,network_preflight,unary_literature_transformation,loss_of_reported_ara_f_component,C47H80O18 -> C42H72O14,"[""form_2142377cb9d1d762""]","[""form_f8fd40e1318431a4""]",{},-132.042259,valid,unique_reported_entity,derivation_a284afcd49b541,-132.042259,source_to_target,FALSE,1,real resolved network anchor,chunk_adad5f853e121b5f435a;chunk_882470a12bfb0084bea7,candidate,Independent loss-mechanism evidence joined to co-reported entity component profiles with an exact formula balance.
tr_b4246df8b85e67,ginsenoside,,Ginsenoside Re,20-(R)-ginsenoside,entity_23d34ff9f882b214,entity_e664126c0e257d7d,loss of reported glc component,literature_inferred,,,,1,"[{""coefficient"":1,""entity_id"":""entity_23d34ff9f882b214"",""role"":""substrate""}]","[{""coefficient"":1,""entity_id"":""entity_e664126c0e257d7d"",""role"":""product""}]",0,substrate,0,network_preflight,unary_literature_transformation,loss_of_reported_glc_component,C48H82O18 -> C42H72O13,"[""form_db88fdae80105092""]","[""form_95732d1d763cd9d6""]",{},-162.052823,valid,unique_reported_entity,derivation_9b523eb04f1e27,-162.052823,source_to_target,FALSE,1,real resolved network anchor,chunk_adad5f853e121b5f435a;chunk_15955d34e68303239283;chunk_1c1e6578ab8c9a02d5a4;chunk_882470a12bfb0084bea7,candidate,Independent loss-mechanism evidence joined to co-reported entity component profiles with an exact formula balance.
tr_275d5c9e1f0a21,ginsenoside,,Malonyl-Rb2/Rb3/Rc,Protopanaxadio+Xy l/Ara+Glc+malonyl,entity_48de595c2dc89f4e,entity_f3c36782a47b23a8,loss of reported glc component,literature_inferred,,,,1,"[{""coefficient"":1,""entity_id"":""entity_48de595c2dc89f4e"",""role"":""substrate""}]","[{""coefficient"":1,""entity_id"":""entity_f3c36782a47b23a8"",""role"":""product""}]",0,substrate,0,network_preflight,unary_literature_transformation,loss_of_reported_glc_component,C56H92O25 -> C50H82O20,"[""form_8cfe12cbd748730a""]","[""form_5eac1b938a448d4e""]",{},-162.052823,valid,unique_reported_entity,derivation_51c80cc608a498,-162.052823,source_to_target,FALSE,1,real resolved network anchor,chunk_adad5f853e121b5f435a;chunk_1e0fe7dfbd0154011493;chunk_2dcc00c6d0a251ab5e2b;chunk_38304d052dd5fcd54dde;chunk_544962d9e757af72b5fb;chunk_f20c1da1fa3bf8f85bc2,candidate,Independent loss-mechanism evidence joined to co-reported entity component profiles with an exact formula balance.
tr_6e49ee0c9bfb08,ginsenoside,,koryoginsenoside R1,ginsenoside Rf,entity_b506080fbc6bd6ae,entity_aa500cbc70ff655a,loss of reported but component,literature_inferred,,,,1,"[{""coefficient"":1,""entity_id"":""entity_b506080fbc6bd6ae"",""role"":""substrate""}]","[{""coefficient"":1,""entity_id"":""entity_aa500cbc70ff655a"",""role"":""product""}]",0,substrate,0,network_preflight,unary_literature_transformation,loss_of_reported_but_component,C46H76O15 -> C42H72O14,"[""form_10892323936e0d05""]","[""form_27b1c936bea52cc8""]",{},-68.026215,valid,unique_reported_entity,derivation_569726d791f466,-68.026215,source_to_target,FALSE,1,real resolved network anchor,chunk_a8a31155a0b2bb6655b5;chunk_15955d34e68303239283,candidate,Independent loss-mechanism evidence joined to co-reported entity component profiles with an exact formula balance.
tr_603a9a2cdb8acd,ginsenoside,,G-Rg2,G-Rh1,entity_b028c328a2c35c86,entity_785007943bc3cf09,loss of reported rha component,literature_inferred,,,,1,"[{""coefficient"":1,""entity_id"":""entity_b028c328a2c35c86"",""role"":""substrate""}]","[{""coefficient"":1,""entity_id"":""entity_785007943bc3cf09"",""role"":""product""}]",0,substrate,0,network_preflight,unary_literature_transformation,loss_of_reported_rha_component,C42H72O13 -> C36H62O9,"[""form_d1230e2f1b1cd4c4""]","[""form_725ff54cb6e1c03e""]",{},-146.057909,valid,unique_reported_entity,derivation_4393d17311579b,-146.057909,source_to_target,FALSE,1,real resolved network anchor,chunk_adad5f853e121b5f435a;chunk_15955d34e68303239283,candidate,Independent loss-mechanism evidence joined to co-reported entity component profiles with an exact formula balance.
tr_db65fa68691e3e,ginsenoside,,Ginsenoside Rg1,ginsenoside Rh1,entity_d96110b1470152a6,entity_62384753ece5380a,loss of reported glc component,literature_inferred,,,,1,"[{""coefficient"":1,""entity_id"":""entity_d96110b1470152a6"",""role"":""substrate""}]","[{""coefficient"":1,""entity_id"":""entity_62384753ece5380a"",""role"":""product""}]",0,substrate,0,network_preflight,unary_literature_transformation,loss_of_reported_glc_component,C42H72O14 -> C36H62O9,"[""form_7e15527b576a6354""]","[""form_1c95210068583a55""]",{},-162.052823,valid,unique_reported_entity,derivation_c29987d9d777be,-162.052823,source_to_target,FALSE,1,real resolved network anchor,chunk_adad5f853e121b5f435a;chunk_15955d34e68303239283,candidate,Independent loss-mechanism evidence joined to co-reported entity component profiles with an exact formula balance.
tr_dba8ca88fb9c70,ginsenoside,,Quinquenoside R1,pseudoginsenosid,entity_18b749064f08c778,entity_47dbc528370f3c1f,loss of reported glc component,literature_inferred,,,,1,"[{""coefficient"":1,""entity_id"":""entity_18b749064f08c778"",""role"":""substrate""}]","[{""coefficient"":1,""entity_id"":""entity_47dbc528370f3c1f"",""role"":""product""}]",0,substrate,0,network_preflight,unary_literature_transformation,loss_of_reported_glc_component,C56H94O24 -> C50H84O19,"[""form_d9af9bd70a3593b8""]","[""form_9848c2e2ea3acb86""]",{},-162.052823,valid,unique_reported_entity,derivation_e24512d565d755,-162.052823,source_to_target,FALSE,1,real resolved network anchor,chunk_adad5f853e121b5f435a;chunk_1c1e6578ab8c9a02d5a4,candidate,Independent loss-mechanism evidence joined to co-reported entity component profiles with an exact formula balance.
tr_456df456d90f25,ginsenoside,,20-Gluco-ginsenosi de Rf,G-Rg1,entity_cac1b3640c78d11c,entity_11d5cf053633d1b5,loss of reported glc component,literature_inferred,,,,1,"[{""coefficient"":1,""entity_id"":""entity_cac1b3640c78d11c"",""role"":""substrate""}]","[{""coefficient"":1,""entity_id"":""entity_11d5cf053633d1b5"",""role"":""product""}]",0,substrate,0,network_preflight,unary_literature_transformation,loss_of_reported_glc_component,C48H82O19 -> C42H72O14,"[""form_66da91efb8fdb792""]","[""form_f8fd40e1318431a4""]",{},-162.052823,valid,unique_reported_entity,derivation_348bb5b7040d0f,-162.052823,source_to_target,FALSE,1,real resolved network anchor,chunk_adad5f853e121b5f435a;chunk_882470a12bfb0084bea7,candidate,Independent loss-mechanism evidence joined to co-reported entity component profiles with an exact formula balance.
tr_733aaa0cde16bd,ginsenoside,,Double bond hydrated-protopana xatriol+2Glc,Double bond hydrated-protopana xatriol+Glc,entity_a27d067bb081f725,entity_ff84d9a02d61ca07,loss of reported glc component,literature_inferred,,,,1,"[{""coefficient"":1,""entity_id"":""entity_a27d067bb081f725"",""role"":""substrate""}]","[{""coefficient"":1,""entity_id"":""entity_ff84d9a02d61ca07"",""role"":""product""}]",0,substrate,0,network_preflight,unary_literature_transformation,loss_of_reported_glc_component,C42H74O15 -> C36H64O10,"[""form_0bcfc477bb48daaa""]","[""form_0c1bab0699de6161""]",{},-162.052823,valid,unique_reported_entity,derivation_192c77ff3d8902,-162.052823,source_to_target,FALSE,1,real resolved network anchor,chunk_adad5f853e121b5f435a;chunk_2a111a871f7ba342e31b;chunk_ddf20c4304c1d86a4b32,candidate,Independent loss-mechanism evidence joined to co-reported entity component profiles with an exact formula balance.
tr_3f8320c57e47db,ginsenoside,,G-Rb2/G-Rb3/G-Rc,G-Rd,entity_3aad3305041f63e9,entity_3c1dfb232de48c72,loss of reported ara(f) component,literature_inferred,,,,1,"[{""coefficient"":1,""entity_id"":""entity_3aad3305041f63e9"",""role"":""substrate""}]","[{""coefficient"":1,""entity_id"":""entity_3c1dfb232de48c72"",""role"":""product""}]",0,substrate,0,network_preflight,unary_literature_transformation,loss_of_reported_ara_f_component,C53H90O22 -> C48H82O18,"[""form_f54bf7ca8bf4d9b1""]","[""form_67c0aea2428db18b""]",{},-132.042259,valid,unique_reported_entity,derivation_c43273b8f319d3,-132.042259,source_to_target,FALSE,1,real resolved network anchor,chunk_adad5f853e121b5f435a;chunk_784ca4f837c7a19c3aad,candidate,Independent loss-mechanism evidence joined to co-reported entity component profiles with an exact formula balance.
tr_ae4f457069c2b5,ginsenoside,,20-(R)-ginsenoside,G-Rh1,entity_e664126c0e257d7d,entity_785007943bc3cf09,loss of reported rha component,literature_inferred,,,,1,"[{""coefficient"":1,""entity_id"":""entity_e664126c0e257d7d"",""role"":""substrate""}]","[{""coefficient"":1,""entity_id"":""entity_785007943bc3cf09"",""role"":""product""}]",0,substrate,0,network_preflight,unary_literature_transformation,loss_of_reported_rha_component,C42H72O13 -> C36H62O9,"[""form_95732d1d763cd9d6""]","[""form_725ff54cb6e1c03e""]",{},-146.057909,valid,unique_reported_entity,derivation_8bccb8f521bda0,-146.057909,source_to_target,FALSE,1,real resolved network anchor,chunk_adad5f853e121b5f435a;chunk_15955d34e68303239283,candidate,Independent loss-mechanism evidence joined to co-reported entity component profiles with an exact formula balance.
tr_50ee6db21e1f6f,ginsenoside,,20-glc-G-Rf,G-Rf,entity_1e9c9158b2d9f931,entity_fc7578bb143494c5,loss of reported glc component,literature_inferred,,,,1,"[{""coefficient"":1,""entity_id"":""entity_1e9c9158b2d9f931"",""role"":""substrate""}]","[{""coefficient"":1,""entity_id"":""entity_fc7578bb143494c5"",""role"":""product""}]",0,substrate,0,network_preflight,unary_literature_transformation,loss_of_reported_glc_component,C48H82O19 -> C42H72O14,"[""form_33560fce01591579""]","[""form_3892af7899663cbb""]",{},-162.052823,valid,unique_reported_entity,derivation_159b19b44eccd7,-162.052823,source_to_target,FALSE,1,real resolved network anchor,chunk_adad5f853e121b5f435a;chunk_882470a12bfb0084bea7,candidate,Independent loss-mechanism evidence joined to co-reported entity component profiles with an exact formula balance.
tr_92e98ed45d2140,ginsenoside,,G-Rb2,Ginsenoside Rd,entity_54bdab51a5ed7d7c,entity_6cf53cd8e18ecbba,loss of reported ara(p) component,literature_inferred,,,,1,"[{""coefficient"":1,""entity_id"":""entity_54bdab51a5ed7d7c"",""role"":""substrate""}]","[{""coefficient"":1,""entity_id"":""entity_6cf53cd8e18ecbba"",""role"":""product""}]",0,substrate,0,network_preflight,unary_literature_transformation,loss_of_reported_ara_p_component,C53H90O22 -> C48H82O18,"[""form_f66295bbcdc4b08d""]","[""form_301a8c7f3bc70122""]",{},-132.042259,valid,unique_reported_entity,derivation_5dc01bc8b3c21b,-132.042259,source_to_target,FALSE,1,real resolved network anchor,chunk_adad5f853e121b5f435a;chunk_784ca4f837c7a19c3aad,candidate,Independent loss-mechanism evidence joined to co-reported entity component profiles with an exact formula balance.
tr_c6fb924c0866d7,ginsenoside,,G-Rg1,ginsenoside Rh1,entity_11d5cf053633d1b5,entity_62384753ece5380a,loss of reported glc component,literature_inferred,,,,1,"[{""coefficient"":1,""entity_id"":""entity_11d5cf053633d1b5"",""role"":""substrate""}]","[{""coefficient"":1,""entity_id"":""entity_62384753ece5380a"",""role"":""product""}]",0,substrate,0,network_preflight,unary_literature_transformation,loss_of_reported_glc_component,C42H72O14 -> C36H62O9,"[""form_f8fd40e1318431a4""]","[""form_1c95210068583a55""]",{},-162.052823,valid,unique_reported_entity,derivation_2107f1befc7eda,-162.052823,source_to_target,FALSE,1,real resolved network anchor,chunk_adad5f853e121b5f435a;chunk_15955d34e68303239283,candidate,Independent loss-mechanism evidence joined to co-reported entity component profiles with an exact formula balance.
tr_41fd9295bf7465,ginsenoside,,Yesanchinoside D,ginsenoside Rf,entity_30007aebe52b5a0a,entity_aa500cbc70ff655a,loss of reported ac component,literature_inferred,,,,1,"[{""coefficient"":1,""entity_id"":""entity_30007aebe52b5a0a"",""role"":""substrate""}]","[{""coefficient"":1,""entity_id"":""entity_aa500cbc70ff655a"",""role"":""product""}]",0,substrate,0,network_preflight,unary_literature_transformation,loss_of_reported_ac_component,C44H74O15 -> C42H72O14,"[""form_45fcaa75143a02d1""]","[""form_27b1c936bea52cc8""]",{},-42.010565,valid,unique_reported_entity,derivation_d6d76d9d91feff,-42.010565,source_to_target,FALSE,1,real resolved network anchor,chunk_a8a31155a0b2bb6655b5;chunk_15955d34e68303239283,candidate,Independent loss-mechanism evidence joined to co-reported entity component profiles with an exact formula balance.
tr_2bccb6ae35a3a9,ginsenoside,,Notoginsenoside R1,Ginsenoside Rg1,entity_1c128e71fedcf015,entity_d96110b1470152a6,loss of reported xyl component,literature_inferred,,,,1,"[{""coefficient"":1,""entity_id"":""entity_1c128e71fedcf015"",""role"":""substrate""}]","[{""coefficient"":1,""entity_id"":""entity_d96110b1470152a6"",""role"":""product""}]",0,substrate,0,network_preflight,unary_literature_transformation,loss_of_reported_xyl_component,C47H80O18 -> C42H72O14,"[""form_3a4457373a7d4f42""]","[""form_7e15527b576a6354""]",{},-132.042259,valid,unique_reported_entity,derivation_507f85dd00e494,-132.042259,source_to_target,FALSE,1,real resolved network anchor,chunk_adad5f853e121b5f435a;chunk_15955d34e68303239283,candidate,Independent loss-mechanism evidence joined to co-reported entity component profiles with an exact formula balance.
tr_ff73fec38c9707,ginsenoside,,ginsenoside Re2,Ginsenoside Rg1,entity_2af02e68b59fb4dc,entity_d96110b1470152a6,loss of reported glc component,literature_inferred,,,,1,"[{""coefficient"":1,""entity_id"":""entity_2af02e68b59fb4dc"",""role"":""substrate""}]","[{""coefficient"":1,""entity_id"":""entity_d96110b1470152a6"",""role"":""product""}]",0,substrate,0,network_preflight,unary_literature_transformation,loss_of_reported_glc_component,C48H82O19 -> C42H72O14,"[""form_1d86d569ecd7ff09""]","[""form_7e15527b576a6354""]",{},-162.052823,valid,unique_reported_entity,derivation_3531c384a5aa12,-162.052823,source_to_target,FALSE,1,real resolved network anchor,chunk_adad5f853e121b5f435a;chunk_15955d34e68303239283;chunk_1c1e6578ab8c9a02d5a4;chunk_3be07d61de6906fe57fe;chunk_830bcd489bd464af970b;chunk_882470a12bfb0084bea7,candidate,Independent loss-mechanism evidence joined to co-reported entity component profiles with an exact formula balance.
tr_a1b2d39d4b78fe,ginsenoside,,G-Rs2,pseudoginsenosid,entity_2782aa795f2975f1,entity_47dbc528370f3c1f,loss of reported ara(f) component,literature_inferred,,,,1,"[{""coefficient"":1,""entity_id"":""entity_2782aa795f2975f1"",""role"":""substrate""}]","[{""coefficient"":1,""entity_id"":""entity_47dbc528370f3c1f"",""role"":""product""}]",0,substrate,0,network_preflight,unary_literature_transformation,loss_of_reported_ara_f_component,C55H92O23 -> C50H84O19,"[""form_d5d3812ffe8c5f7b""]","[""form_9848c2e2ea3acb86""]",{},-132.042259,valid,unique_reported_entity,derivation_3cebb909b70ec0,-132.042259,source_to_target,FALSE,1,real resolved network anchor,chunk_adad5f853e121b5f435a;chunk_1c1e6578ab8c9a02d5a4,candidate,Independent loss-mechanism evidence joined to co-reported entity component profiles with an exact formula balance.
tr_f9d4d1e31391ac,ginsenoside,,Notoginsenoside R1,G-Rf,entity_1c128e71fedcf015,entity_fc7578bb143494c5,loss of reported xyl component,literature_inferred,,,,1,"[{""coefficient"":1,""entity_id"":""entity_1c128e71fedcf015"",""role"":""substrate""}]","[{""coefficient"":1,""entity_id"":""entity_fc7578bb143494c5"",""role"":""product""}]",0,substrate,0,network_preflight,unary_literature_transformation,loss_of_reported_xyl_component,C47H80O18 -> C42H72O14,"[""form_3a4457373a7d4f42""]","[""form_3892af7899663cbb""]",{},-132.042259,valid,unique_reported_entity,derivation_99520720a20928,-132.042259,source_to_target,FALSE,1,real resolved network anchor,chunk_adad5f853e121b5f435a;chunk_15955d34e68303239283,candidate,Independent loss-mechanism evidence joined to co-reported entity component profiles with an exact formula balance.
tr_805d7eb926818f,ginsenoside,,G-Rb2/G-Rb3/G-Rc,Gypenoside,entity_3aad3305041f63e9,entity_72b5e9a9dba187d9,loss of reported ara(f) component,literature_inferred,,,,1,"[{""coefficient"":1,""entity_id"":""entity_3aad3305041f63e9"",""role"":""substrate""}]","[{""coefficient"":1,""entity_id"":""entity_72b5e9a9dba187d9"",""role"":""product""}]",0,substrate,0,network_preflight,unary_literature_transformation,loss_of_reported_ara_f_component,C53H90O22 -> C48H82O18,"[""form_f54bf7ca8bf4d9b1""]","[""form_2f75fb8072ace89b""]",{},-132.042259,valid,unique_reported_entity,derivation_6359f37a3a572d,-132.042259,source_to_target,FALSE,1,real resolved network anchor,chunk_adad5f853e121b5f435a;chunk_1c1e6578ab8c9a02d5a4;chunk_2c82b7e414372849f471;chunk_422e82f9c16efd5c8866;chunk_654d2a4219b13a49d8a1;chunk_784ca4f837c7a19c3aad,candidate,Independent loss-mechanism evidence joined to co-reported entity component profiles with an exact formula balance.
tr_0ba5ab85bd408b,ginsenoside,,Dehydrated-protop anaxatriol+3Glc+Xyl,Dehydrated-protop anaxatriol+Xyl/Ara+,entity_01cef50a93581451,entity_0872f7980baff56a,loss of reported glc component,literature_inferred,,,,1,"[{""coefficient"":1,""entity_id"":""entity_01cef50a93581451"",""role"":""substrate""}]","[{""coefficient"":1,""entity_id"":""entity_0872f7980baff56a"",""role"":""product""}]",0,substrate,0,network_preflight,unary_literature_transformation,loss_of_reported_glc_component,C53H88O22 -> C47H78O17,"[""form_ae90b75f26f9abcd""]","[""form_cf92b986b18c7270""]",{},-162.052823,valid,unique_reported_entity,derivation_450696eec5d5a0,-162.052823,source_to_target,FALSE,1,real resolved network anchor,chunk_adad5f853e121b5f435a;chunk_2d345f4b12c50d054ab9;chunk_61d5b07d3c76866a378e;chunk_88e8e2b26c7dc04926aa;chunk_8d1f745d2917756178b6;chunk_ac99fe31e42f34b62171;chunk_c978f98109b764eb4405,candidate,Independent loss-mechanism evidence joined to co-reported entity component profiles with an exact formula balance.
tr_5dd6a900ff1b2c,ginsenoside,,Ginsenoside Rb1,Gypenoside,entity_496674d5f8dd7a78,entity_72b5e9a9dba187d9,loss of reported glc component,literature_inferred,,,,1,"[{""coefficient"":1,""entity_id"":""entity_496674d5f8dd7a78"",""role"":""substrate""}]","[{""coefficient"":1,""entity_id"":""entity_72b5e9a9dba187d9"",""role"":""product""}]",0,substrate,0,network_preflight,unary_literature_transformation,loss_of_reported_glc_component,C54H92O23 -> C48H82O18,"[""form_14296387449fa48c""]","[""form_2f75fb8072ace89b""]",{},-162.052823,valid,unique_reported_entity,derivation_a069b624a93641,-162.052823,source_to_target,FALSE,1,real resolved network anchor,chunk_adad5f853e121b5f435a;chunk_1c1e6578ab8c9a02d5a4;chunk_654d2a4219b13a49d8a1;chunk_784ca4f837c7a19c3aad;chunk_a1805dae0ab969b92d9b;chunk_b30b2c401321bfd9dbf3,candidate,Independent loss-mechanism evidence joined to co-reported entity component profiles with an exact formula balance.
tr_bd9be2415aaa24,ginsenoside,,G-Re2,G-Rg1,entity_a5d5bef04f6534de,entity_11d5cf053633d1b5,loss of reported glc component,literature_inferred,,,,1,"[{""coefficient"":1,""entity_id"":""entity_a5d5bef04f6534de"",""role"":""substrate""}]","[{""coefficient"":1,""entity_id"":""entity_11d5cf053633d1b5"",""role"":""product""}]",0,substrate,0,network_preflight,unary_literature_transformation,loss_of_reported_glc_component,C48H82O19 -> C42H72O14,"[""form_1257a0f8cf0ddf8a""]","[""form_f8fd40e1318431a4""]",{},-162.052823,valid,unique_reported_entity,derivation_04da6ce8183aac,-162.052823,source_to_target,FALSE,1,real resolved network anchor,chunk_adad5f853e121b5f435a;chunk_15955d34e68303239283;chunk_1c1e6578ab8c9a02d5a4;chunk_3be07d61de6906fe57fe;chunk_830bcd489bd464af970b;chunk_882470a12bfb0084bea7,candidate,Independent loss-mechanism evidence joined to co-reported entity component profiles with an exact formula balance.
tr_3105bc16b7c1bf,ginsenoside,,G-Re3,Ginsenoside Rg1,entity_1cda1359c9338194,entity_d96110b1470152a6,loss of reported glc component,literature_inferred,,,,1,"[{""coefficient"":1,""entity_id"":""entity_1cda1359c9338194"",""role"":""substrate""}]","[{""coefficient"":1,""entity_id"":""entity_d96110b1470152a6"",""role"":""product""}]",0,substrate,0,network_preflight,unary_literature_transformation,loss_of_reported_glc_component,C48H82O19 -> C42H72O14,"[""form_6722dbee8c924ec7""]","[""form_7e15527b576a6354""]",{},-162.052823,valid,unique_reported_entity,derivation_636e863a7bde9f,-162.052823,source_to_target,FALSE,1,real resolved network anchor,chunk_adad5f853e121b5f435a;chunk_15955d34e68303239283;chunk_1c1e6578ab8c9a02d5a4;chunk_882470a12bfb0084bea7;chunk_acc6e934be5d2cae972b;chunk_b9378f3b91b1ce003c5a,candidate,Independent loss-mechanism evidence joined to co-reported entity component profiles with an exact formula balance.
tr_f1e853c5ebd138,ginsenoside,,ginsenoside Ra1,G-Rb3,entity_2885adcc4e7f5c46,entity_38d79c2f72ee3833,loss of reported ara(p) component,literature_inferred,,,,1,"[{""coefficient"":1,""entity_id"":""entity_2885adcc4e7f5c46"",""role"":""substrate""}]","[{""coefficient"":1,""entity_id"":""entity_38d79c2f72ee3833"",""role"":""product""}]",0,substrate,0,network_preflight,unary_literature_transformation,loss_of_reported_ara_p_component,C58H98O26 -> C53H90O22,"[""form_35dcbbd778c74549""]","[""form_bc23e7afc30d5b9d""]",{},-132.042259,valid,unique_reported_entity,derivation_2280ba7a02444a,-132.042259,source_to_target,FALSE,1,real resolved network anchor,chunk_adad5f853e121b5f435a;chunk_3b867ed59739d5a22268;chunk_784ca4f837c7a19c3aad;chunk_aca53f9764a6bda613c7;chunk_e67625aea59d74264f63,candidate,Independent loss-mechanism evidence joined to co-reported entity component profiles with an exact formula balance.
tr_8f87b7b43f7cb1,ginsenoside,,G-Re4,G-Rg1,entity_7aa68b2901925572,entity_11d5cf053633d1b5,loss of reported ara(f) component,literature_inferred,,,,1,"[{""coefficient"":1,""entity_id"":""entity_7aa68b2901925572"",""role"":""substrate""}]","[{""coefficient"":1,""entity_id"":""entity_11d5cf053633d1b5"",""role"":""product""}]",0,substrate,0,network_preflight,unary_literature_transformation,loss_of_reported_ara_f_component,C47H80O18 -> C42H72O14,"[""form_55780ba9cf454424""]","[""form_f8fd40e1318431a4""]",{},-132.042259,valid,unique_reported_entity,derivation_6ed010de563ee2,-132.042259,source_to_target,FALSE,1,real resolved network anchor,chunk_adad5f853e121b5f435a;chunk_882470a12bfb0084bea7,candidate,Independent loss-mechanism evidence joined to co-reported entity component profiles with an exact formula balance.
tr_e123ab113cd6cd,ginsenoside,,Malonyl-ginsenosid e Ro,G-Ro,entity_da488d21825f8671,entity_b985f8b5f4accb8e,loss of reported malonyl component,literature_inferred,,,,1,"[{""coefficient"":1,""entity_id"":""entity_da488d21825f8671"",""role"":""substrate""}]","[{""coefficient"":1,""entity_id"":""entity_b985f8b5f4accb8e"",""role"":""product""}]",0,substrate,0,network_preflight,unary_literature_transformation,loss_of_reported_malonyl_component,C51H78O22 -> C48H76O19,"[""form_7ab302dfc2937bf7""]","[""form_03e8b5f326ac6efa""]",{},-86.000394,valid,unique_reported_entity,derivation_9682c8a4d96217,-86.000394,source_to_target,FALSE,1,real resolved network anchor,chunk_772144b2e1305d68f4bc;chunk_0edb26f83e294661a107;chunk_3b867ed59739d5a22268;chunk_3fefbadade88466595c7;chunk_52d793746aa180be918e;chunk_953c5cfe21b731593fac,candidate,Independent loss-mechanism evidence joined to co-reported entity component profiles with an exact formula balance.
tr_72d8275ad22f6e,ginsenoside,,Malonyl-ginsenosid e Ra3,Notoginsenoside R4 isomer/Ginsenoside,entity_e22e69c021568ad1,entity_438085b12c5a5dee,loss of reported malonyl component,literature_inferred,,,,1,"[{""coefficient"":1,""entity_id"":""entity_e22e69c021568ad1"",""role"":""substrate""}]","[{""coefficient"":1,""entity_id"":""entity_438085b12c5a5dee"",""role"":""product""}]",0,substrate,0,network_preflight,unary_literature_transformation,loss_of_reported_malonyl_component,C62H102O30 -> C59H100O27,"[""form_523d488a7471a3f0""]","[""form_d7c72d37e5a96945""]",{},-86.000394,valid,unique_reported_entity,derivation_bd4d44a92f3a5a,-86.000394,source_to_target,FALSE,1,real resolved network anchor,chunk_772144b2e1305d68f4bc;chunk_89a49526eff8480e1436;chunk_8c98e6ef368ab19e849d;chunk_aaf6976db5293e1e4958,candidate,Independent loss-mechanism evidence joined to co-reported entity component profiles with an exact formula balance.
tr_7036892e818df0,ginsenoside,,ginsenoside Re6,ginsenoside Rf,entity_52e69b9be833c34b,entity_aa500cbc70ff655a,loss of reported but component,literature_inferred,,,,1,"[{""coefficient"":1,""entity_id"":""entity_52e69b9be833c34b"",""role"":""substrate""}]","[{""coefficient"":1,""entity_id"":""entity_aa500cbc70ff655a"",""role"":""product""}]",0,substrate,0,network_preflight,unary_literature_transformation,loss_of_reported_but_component,C46H76O15 -> C42H72O14,"[""form_0af0834bfc9aaae9""]","[""form_27b1c936bea52cc8""]",{},-68.026215,valid,unique_reported_entity,derivation_086a4035b9c140,-68.026215,source_to_target,FALSE,1,real resolved network anchor,chunk_a8a31155a0b2bb6655b5;chunk_15955d34e68303239283;chunk_3fbcfd2a032f66b908a5;chunk_882470a12bfb0084bea7;chunk_cede274bcb6c91cff19e,candidate,Independent loss-mechanism evidence joined to co-reported entity component profiles with an exact formula balance.
tr_7f6a56549cbd21,ginsenoside,,G-Rb2/G-Rb3/G-Rc,Ginsenoside Rd,entity_3aad3305041f63e9,entity_6cf53cd8e18ecbba,loss of reported ara(f) component,literature_inferred,,,,1,"[{""coefficient"":1,""entity_id"":""entity_3aad3305041f63e9"",""role"":""substrate""}]","[{""coefficient"":1,""entity_id"":""entity_6cf53cd8e18ecbba"",""role"":""product""}]",0,substrate,0,network_preflight,unary_literature_transformation,loss_of_reported_ara_f_component,C53H90O22 -> C48H82O18,"[""form_f54bf7ca8bf4d9b1""]","[""form_301a8c7f3bc70122""]",{},-132.042259,valid,unique_reported_entity,derivation_d82828ba0c44e6,-132.042259,source_to_target,FALSE,1,real resolved network anchor,chunk_adad5f853e121b5f435a;chunk_784ca4f837c7a19c3aad,candidate,Independent loss-mechanism evidence joined to co-reported entity component profiles with an exact formula balance.
tr_c9c10f63a5a9ae,ginsenoside,,G-F4,G-Rh4 isomer,entity_761c5531a22bc05a,entity_b1be0331ce00b772,loss of reported rha component,literature_inferred,,,,1,"[{""coefficient"":1,""entity_id"":""entity_761c5531a22bc05a"",""role"":""substrate""}]","[{""coefficient"":1,""entity_id"":""entity_b1be0331ce00b772"",""role"":""product""}]",0,substrate,0,network_preflight,unary_literature_transformation,loss_of_reported_rha_component,C42H70O12 -> C36H60O8,"[""form_bbcb3b6637239e4f""]","[""form_8a4e86d1037d82d8""]",{},-146.057909,valid,unique_reported_entity,derivation_6cb1a23e1dfd48,-146.057909,source_to_target,FALSE,1,real resolved network anchor,chunk_adad5f853e121b5f435a;chunk_0a3bb7915b3faba443f9;chunk_441cb21f8494a5e0c20e;chunk_4914115598a0916296c0;chunk_cd666b06466a5a2b5984,candidate,Independent loss-mechanism evidence joined to co-reported entity component profiles with an exact formula balance.
tr_4890e4bdc2e90f,ginsenoside,,mRd isomer,mRg1,entity_06141030d1292ecd,entity_df43eb72b24410a6,loss of reported rha component,literature_inferred,,,,1,"[{""coefficient"":1,""entity_id"":""entity_06141030d1292ecd"",""role"":""substrate""}]","[{""coefficient"":1,""entity_id"":""entity_df43eb72b24410a6"",""role"":""product""}]",0,substrate,0,network_preflight,unary_literature_transformation,loss_of_reported_rha_component,C51H84O21 -> C45H74O17,"[""form_4fa922792fc4ae6e""]","[""form_ef0e98a691c8a2dd""]",{},-146.057909,valid,unique_reported_entity,derivation_9031f355a2875a,-146.057909,source_to_target,FALSE,1,real resolved network anchor,chunk_adad5f853e121b5f435a;chunk_147b2c6a8f28383b8529,candidate,Independent loss-mechanism evidence joined to co-reported entity component profiles with an exact formula balance.
tr_0217d88f07e9a9,ginsenoside,,Ginsenoside Rs4,G-Rg5,entity_51b5d8a847bfa805,entity_3300b2e306bd76cf,loss of reported ac component,literature_inferred,,,,1,"[{""coefficient"":1,""entity_id"":""entity_51b5d8a847bfa805"",""role"":""substrate""}]","[{""coefficient"":1,""entity_id"":""entity_3300b2e306bd76cf"",""role"":""product""}]",0,substrate,0,network_preflight,unary_literature_transformation,loss_of_reported_ac_component,C44H72O13 -> C42H70O12,"[""form_d9331d0fec02ff1c""]","[""form_9fbcdb985b8084bd""]",{},-42.010565,valid,unique_reported_entity,derivation_39eeb3693855df,-42.010565,source_to_target,FALSE,1,real resolved network anchor,chunk_a8a31155a0b2bb6655b5;chunk_2cb662e303c135aead81;chunk_6b0d64bd980aea95f64b;chunk_9f3933945423aa330977;chunk_fd890ca0e95c605dce18,candidate,Independent loss-mechanism evidence joined to co-reported entity component profiles with an exact formula balance.
tr_af887de235bd40,ginsenoside,,G-Rb2,G-Rd,entity_54bdab51a5ed7d7c,entity_3c1dfb232de48c72,loss of reported ara(p) component,literature_inferred,,,,1,"[{""coefficient"":1,""entity_id"":""entity_54bdab51a5ed7d7c"",""role"":""substrate""}]","[{""coefficient"":1,""entity_id"":""entity_3c1dfb232de48c72"",""role"":""product""}]",0,substrate,0,network_preflight,unary_literature_transformation,loss_of_reported_ara_p_component,C53H90O22 -> C48H82O18,"[""form_f66295bbcdc4b08d""]","[""form_67c0aea2428db18b""]",{},-132.042259,valid,unique_reported_entity,derivation_523deea4fa79cf,-132.042259,source_to_target,FALSE,1,real resolved network anchor,chunk_adad5f853e121b5f435a;chunk_784ca4f837c7a19c3aad,candidate,Independent loss-mechanism evidence joined to co-reported entity component profiles with an exact formula balance.
tr_c92c19c7310124,ginsenoside,,PQ-R1,G-Rb1,entity_792f5e28b491b856,entity_8a8de1145f59f199,loss of reported ac component,literature_inferred,,,,1,"[{""coefficient"":1,""entity_id"":""entity_792f5e28b491b856"",""role"":""substrate""}]","[{""coefficient"":1,""entity_id"":""entity_8a8de1145f59f199"",""role"":""product""}]",0,substrate,0,network_preflight,unary_literature_transformation,loss_of_reported_ac_component,C56H94O24 -> C54H92O23,"[""form_a98a86d8bcacca82""]","[""form_f255d9982516474c""]",{},-42.010565,valid,unique_reported_entity,derivation_f22c92d62f430d,-42.010565,source_to_target,FALSE,1,real resolved network anchor,chunk_a8a31155a0b2bb6655b5;chunk_1c1e6578ab8c9a02d5a4;chunk_39550165b91703d596a2;chunk_784ca4f837c7a19c3aad;chunk_a1805dae0ab969b92d9b;chunk_b30b2c401321bfd9dbf3;chunk_c8e9107bce1afd08ab84,candidate,Independent loss-mechanism evidence joined to co-reported entity component profiles with an exact formula balance.
tr_32d88185b58c88,ginsenoside,,G-Rb1,Gypenoside,entity_8a8de1145f59f199,entity_72b5e9a9dba187d9,loss of reported glc component,literature_inferred,,,,1,"[{""coefficient"":1,""entity_id"":""entity_8a8de1145f59f199"",""role"":""substrate""}]","[{""coefficient"":1,""entity_id"":""entity_72b5e9a9dba187d9"",""role"":""product""}]",0,substrate,0,network_preflight,unary_literature_transformation,loss_of_reported_glc_component,C54H92O23 -> C48H82O18,"[""form_f255d9982516474c""]","[""form_2f75fb8072ace89b""]",{},-162.052823,valid,unique_reported_entity,derivation_404bb2b7020b4a,-162.052823,source_to_target,FALSE,1,real resolved network anchor,chunk_adad5f853e121b5f435a;chunk_1c1e6578ab8c9a02d5a4;chunk_654d2a4219b13a49d8a1;chunk_784ca4f837c7a19c3aad;chunk_a1805dae0ab969b92d9b;chunk_b30b2c401321bfd9dbf3,candidate,Independent loss-mechanism evidence joined to co-reported entity component profiles with an exact formula balance.
tr_6bc6a984d8255e,ginsenoside,,G-Re,G-Rg2,entity_6c49b2d9ef82cc1f,entity_b028c328a2c35c86,loss of reported glc component,literature_inferred,,,,1,"[{""coefficient"":1,""entity_id"":""entity_6c49b2d9ef82cc1f"",""role"":""substrate""}]","[{""coefficient"":1,""entity_id"":""entity_b028c328a2c35c86"",""role"":""product""}]",0,substrate,0,network_preflight,unary_literature_transformation,loss_of_reported_glc_component,C48H82O18 -> C42H72O13,"[""form_a97c57706d000e7e""]","[""form_d1230e2f1b1cd4c4""]",{},-162.052823,valid,unique_reported_entity,derivation_7a18c06451496b,-162.052823,source_to_target,FALSE,1,real resolved network anchor,chunk_adad5f853e121b5f435a;chunk_882470a12bfb0084bea7,candidate,Independent loss-mechanism evidence joined to co-reported entity component profiles with an exact formula balance.
tr_1b2b37be1ba39b,ginsenoside,,Rs2,Ginsenoside Rc,entity_b01a4a2f9665cb89,entity_56af8ed5402cfe0b,loss of reported ac component,literature_inferred,,,,1,"[{""coefficient"":1,""entity_id"":""entity_b01a4a2f9665cb89"",""role"":""substrate""}]","[{""coefficient"":1,""entity_id"":""entity_56af8ed5402cfe0b"",""role"":""product""}]",0,substrate,0,network_preflight,unary_literature_transformation,loss_of_reported_ac_component,C55H92O23 -> C53H90O22,"[""form_d803829f4642916a""]","[""form_1be600cfda8b63c2""]",{},-42.010565,valid,unique_reported_entity,derivation_0b899512c257b2,-42.010565,source_to_target,FALSE,1,real resolved network anchor,chunk_a8a31155a0b2bb6655b5;chunk_1c1e6578ab8c9a02d5a4;chunk_2c82b7e414372849f471;chunk_422e82f9c16efd5c8866;chunk_784ca4f837c7a19c3aad;chunk_882470a12bfb0084bea7,candidate,Independent loss-mechanism evidence joined to co-reported entity component profiles with an exact formula balance.
tr_3ccfbe35475f2c,ginsenoside,,notoginsenoside N,G-Rf,entity_2cff75a5b5896862,entity_fc7578bb143494c5,loss of reported glc component,literature_inferred,,,,1,"[{""coefficient"":1,""entity_id"":""entity_2cff75a5b5896862"",""role"":""substrate""}]","[{""coefficient"":1,""entity_id"":""entity_fc7578bb143494c5"",""role"":""product""}]",0,substrate,0,network_preflight,unary_literature_transformation,loss_of_reported_glc_component,C48H82O19 -> C42H72O14,"[""form_8bc5ff1fc84e1b76""]","[""form_3892af7899663cbb""]",{},-162.052823,valid,unique_reported_entity,derivation_89e9378c2bd164,-162.052823,source_to_target,FALSE,1,real resolved network anchor,chunk_adad5f853e121b5f435a;chunk_15955d34e68303239283,candidate,Independent loss-mechanism evidence joined to co-reported entity component profiles with an exact formula balance.
tr_1ce696d601b390,ginsenoside,,Malonyl-ginsenosid e Rb3,G-Rb3,entity_b84a691072c9c3c4,entity_38d79c2f72ee3833,loss of reported malonyl component,literature_inferred,,,,1,"[{""coefficient"":1,""entity_id"":""entity_b84a691072c9c3c4"",""role"":""substrate""}]","[{""coefficient"":1,""entity_id"":""entity_38d79c2f72ee3833"",""role"":""product""}]",0,substrate,0,network_preflight,unary_literature_transformation,loss_of_reported_malonyl_component,C56H92O25 -> C53H90O22,"[""form_20c5c3f6fe0bc45c""]","[""form_bc23e7afc30d5b9d""]",{},-86.000394,valid,unique_reported_entity,derivation_e1aa95c67bd847,-86.000394,source_to_target,FALSE,1,real resolved network anchor,chunk_772144b2e1305d68f4bc;chunk_2f6f8a757f20e58b3e80;chunk_3b867ed59739d5a22268;chunk_784ca4f837c7a19c3aad,candidate,Independent loss-mechanism evidence joined to co-reported entity component profiles with an exact formula balance.
tr_23fe6d5d07ec20,ginsenoside,,NG-N,Ginsenoside Rg1,entity_a6832f070a739024,entity_d96110b1470152a6,loss of reported glc component,literature_inferred,,,,1,"[{""coefficient"":1,""entity_id"":""entity_a6832f070a739024"",""role"":""substrate""}]","[{""coefficient"":1,""entity_id"":""entity_d96110b1470152a6"",""role"":""product""}]",0,substrate,0,network_preflight,unary_literature_transformation,loss_of_reported_glc_component,C48H82O19 -> C42H72O14,"[""form_0f642e553e5dd867""]","[""form_7e15527b576a6354""]",{},-162.052823,valid,unique_reported_entity,derivation_8268e291e21747,-162.052823,source_to_target,FALSE,1,real resolved network anchor,chunk_adad5f853e121b5f435a;chunk_15955d34e68303239283,candidate,Independent loss-mechanism evidence joined to co-reported entity component profiles with an exact formula balance.
tr_52188edaa7820f,ginsenoside,,Ginsenoside Rc,G-Rd,entity_56af8ed5402cfe0b,entity_3c1dfb232de48c72,loss of reported ara(f) component,literature_inferred,,,,1,"[{""coefficient"":1,""entity_id"":""entity_56af8ed5402cfe0b"",""role"":""substrate""}]","[{""coefficient"":1,""entity_id"":""entity_3c1dfb232de48c72"",""role"":""product""}]",0,substrate,0,network_preflight,unary_literature_transformation,loss_of_reported_ara_f_component,C53H90O22 -> C48H82O18,"[""form_1be600cfda8b63c2""]","[""form_67c0aea2428db18b""]",{},-132.042259,valid,unique_reported_entity,derivation_b094bd444698c0,-132.042259,source_to_target,FALSE,1,real resolved network anchor,chunk_adad5f853e121b5f435a;chunk_784ca4f837c7a19c3aad,candidate,Independent loss-mechanism evidence joined to co-reported entity component profiles with an exact formula balance.
tr_75377bfdaeb694,ginsenoside,,20-glu-G-Rf,G-Rg1,entity_8be63c29ef8b44ca,entity_11d5cf053633d1b5,loss of reported glc component,literature_inferred,,,,1,"[{""coefficient"":1,""entity_id"":""entity_8be63c29ef8b44ca"",""role"":""substrate""}]","[{""coefficient"":1,""entity_id"":""entity_11d5cf053633d1b5"",""role"":""product""}]",0,substrate,0,network_preflight,unary_literature_transformation,loss_of_reported_glc_component,C48H82O19 -> C42H72O14,"[""form_81ff0e1e7859804e""]","[""form_f8fd40e1318431a4""]",{},-162.052823,valid,unique_reported_entity,derivation_bb7372e2f5c284,-162.052823,source_to_target,FALSE,1,real resolved network anchor,chunk_adad5f853e121b5f435a;chunk_882470a12bfb0084bea7,candidate,Independent loss-mechanism evidence joined to co-reported entity component profiles with an exact formula balance.
tr_6e54c6d940031e,ginsenoside,,G-Re4,ginsenoside Rf,entity_7aa68b2901925572,entity_aa500cbc70ff655a,loss of reported ara(f) component,literature_inferred,,,,1,"[{""coefficient"":1,""entity_id"":""entity_7aa68b2901925572"",""role"":""substrate""}]","[{""coefficient"":1,""entity_id"":""entity_aa500cbc70ff655a"",""role"":""product""}]",0,substrate,0,network_preflight,unary_literature_transformation,loss_of_reported_ara_f_component,C47H80O18 -> C42H72O14,"[""form_55780ba9cf454424""]","[""form_27b1c936bea52cc8""]",{},-132.042259,valid,unique_reported_entity,derivation_b6b3f3ba6d68e4,-132.042259,source_to_target,FALSE,1,real resolved network anchor,chunk_adad5f853e121b5f435a;chunk_882470a12bfb0084bea7,candidate,Independent loss-mechanism evidence joined to co-reported entity component profiles with an exact formula balance.
tr_cc9e7ab678b236,ginsenoside,,G-Rc,gypenoside ⅩⅦ,entity_1f50137473f79c32,entity_e936a9ddb823d0a8,loss of reported ara(f) component,literature_inferred,,,,1,"[{""coefficient"":1,""entity_id"":""entity_1f50137473f79c32"",""role"":""substrate""}]","[{""coefficient"":1,""entity_id"":""entity_e936a9ddb823d0a8"",""role"":""product""}]",0,substrate,0,network_preflight,unary_literature_transformation,loss_of_reported_ara_f_component,C53H90O22 -> C48H82O18,"[""form_f7158d1a82dd7d29""]","[""form_120250660ca40ee0""]",{},-132.042259,valid,unique_reported_entity,derivation_709caf52e39212,-132.042259,source_to_target,FALSE,1,real resolved network anchor,chunk_adad5f853e121b5f435a;chunk_1c1e6578ab8c9a02d5a4;chunk_2c82b7e414372849f471;chunk_422e82f9c16efd5c8866;chunk_654d2a4219b13a49d8a1;chunk_784ca4f837c7a19c3aad,candidate,Independent loss-mechanism evidence joined to co-reported entity component profiles with an exact formula balance.
tr_767411c95e7ba9,ginsenoside,,ginsenoside Re2,ginsenoside Rf,entity_2af02e68b59fb4dc,entity_aa500cbc70ff655a,loss of reported glc component,literature_inferred,,,,1,"[{""coefficient"":1,""entity_id"":""entity_2af02e68b59fb4dc"",""role"":""substrate""}]","[{""coefficient"":1,""entity_id"":""entity_aa500cbc70ff655a"",""role"":""product""}]",0,substrate,0,network_preflight,unary_literature_transformation,loss_of_reported_glc_component,C48H82O19 -> C42H72O14,"[""form_1d86d569ecd7ff09""]","[""form_27b1c936bea52cc8""]",{},-162.052823,valid,unique_reported_entity,derivation_a6e8f8f93af82b,-162.052823,source_to_target,FALSE,1,real resolved network anchor,chunk_adad5f853e121b5f435a;chunk_15955d34e68303239283;chunk_1c1e6578ab8c9a02d5a4;chunk_3be07d61de6906fe57fe;chunk_830bcd489bd464af970b;chunk_882470a12bfb0084bea7,candidate,Independent loss-mechanism evidence joined to co-reported entity component profiles with an exact formula balance.
tr_071ef3f390646c,ginsenoside,,G-Re1,G-Rg1,entity_b8ed38e87c37b24f,entity_11d5cf053633d1b5,loss of reported glc component,literature_inferred,,,,1,"[{""coefficient"":1,""entity_id"":""entity_b8ed38e87c37b24f"",""role"":""substrate""}]","[{""coefficient"":1,""entity_id"":""entity_11d5cf053633d1b5"",""role"":""product""}]",0,substrate,0,network_preflight,unary_literature_transformation,loss_of_reported_glc_component,C48H82O19 -> C42H72O14,"[""form_f27de16efb5164e9""]","[""form_f8fd40e1318431a4""]",{},-162.052823,valid,unique_reported_entity,derivation_f45f6456d7d2af,-162.052823,source_to_target,FALSE,1,real resolved network anchor,chunk_adad5f853e121b5f435a;chunk_15955d34e68303239283;chunk_17559ab5861cab223c30;chunk_1c1e6578ab8c9a02d5a4;chunk_882470a12bfb0084bea7;chunk_ce301891eaa5f1eecc48,candidate,Independent loss-mechanism evidence joined to co-reported entity component profiles with an exact formula balance.
tr_7e1d0d95737bca,ginsenoside,,G-Re4,Ginsenoside Rg1,entity_7aa68b2901925572,entity_d96110b1470152a6,loss of reported ara(f) component,literature_inferred,,,,1,"[{""coefficient"":1,""entity_id"":""entity_7aa68b2901925572"",""role"":""substrate""}]","[{""coefficient"":1,""entity_id"":""entity_d96110b1470152a6"",""role"":""product""}]",0,substrate,0,network_preflight,unary_literature_transformation,loss_of_reported_ara_f_component,C47H80O18 -> C42H72O14,"[""form_55780ba9cf454424""]","[""form_7e15527b576a6354""]",{},-132.042259,valid,unique_reported_entity,derivation_7f484aae4deb14,-132.042259,source_to_target,FALSE,1,real resolved network anchor,chunk_adad5f853e121b5f435a;chunk_882470a12bfb0084bea7,candidate,Independent loss-mechanism evidence joined to co-reported entity component profiles with an exact formula balance.
tr_1c33a5dd0d3737,ginsenoside,,20-glu-G-Rf,ginsenoside Rf,entity_8be63c29ef8b44ca,entity_aa500cbc70ff655a,loss of reported glc component,literature_inferred,,,,1,"[{""coefficient"":1,""entity_id"":""entity_8be63c29ef8b44ca"",""role"":""substrate""}]","[{""coefficient"":1,""entity_id"":""entity_aa500cbc70ff655a"",""role"":""product""}]",0,substrate,0,network_preflight,unary_literature_transformation,loss_of_reported_glc_component,C48H82O19 -> C42H72O14,"[""form_81ff0e1e7859804e""]","[""form_27b1c936bea52cc8""]",{},-162.052823,valid,unique_reported_entity,derivation_b1a3e9e9430745,-162.052823,source_to_target,FALSE,1,real resolved network anchor,chunk_adad5f853e121b5f435a;chunk_882470a12bfb0084bea7,candidate,Independent loss-mechanism evidence joined to co-reported entity component profiles with an exact formula balance.
tr_dcec9f0e47a47a,ginsenoside,,G-Re,G-Rg1,entity_6c49b2d9ef82cc1f,entity_11d5cf053633d1b5,loss of reported rha component,literature_inferred,,,,1,"[{""coefficient"":1,""entity_id"":""entity_6c49b2d9ef82cc1f"",""role"":""substrate""}]","[{""coefficient"":1,""entity_id"":""entity_11d5cf053633d1b5"",""role"":""product""}]",0,substrate,0,network_preflight,unary_literature_transformation,loss_of_reported_rha_component,C48H82O18 -> C42H72O14,"[""form_a97c57706d000e7e""]","[""form_f8fd40e1318431a4""]",{},-146.057909,valid,unique_reported_entity,derivation_bc4f544a9ef53f,-146.057909,source_to_target,FALSE,1,real resolved network anchor,chunk_adad5f853e121b5f435a;chunk_882470a12bfb0084bea7,candidate,Independent loss-mechanism evidence joined to co-reported entity component profiles with an exact formula balance.
tr_aa77251a7c8eda,ginsenoside,,Ginsenoside Re5 isomer/Ginsenjilinol isomer,Oxidated-protopan axatriol+Glc,entity_443528f53e34c9a2,entity_523d29e7fb0d53f4,loss of reported glc component,literature_inferred,,,,1,"[{""coefficient"":1,""entity_id"":""entity_443528f53e34c9a2"",""role"":""substrate""}]","[{""coefficient"":1,""entity_id"":""entity_523d29e7fb0d53f4"",""role"":""product""}]",0,substrate,0,network_preflight,unary_literature_transformation,loss_of_reported_glc_component,C42H72O15 -> C36H62O10,"[""form_685f29fc419a3296""]","[""form_4f453f5ee457eaf5""]",{},-162.052823,valid,unique_reported_entity,derivation_6ab507166fc98b,-162.052823,source_to_target,FALSE,1,real resolved network anchor,chunk_adad5f853e121b5f435a;chunk_54af3f448b1464d459b9;chunk_558f277475b24d9fc2fa;chunk_8b0d4fd16f7534c1e694;chunk_fbd928d3aa8d261e9dea,candidate,Independent loss-mechanism evidence joined to co-reported entity component profiles with an exact formula balance.
tr_a20ccbda70cc3c,ginsenoside,,ginsenoside Ra2,G-Rb2/G-Rb3/G-Rc,entity_d09e71bd59bbe9fe,entity_3aad3305041f63e9,loss of reported xyl component,literature_inferred,,,,1,"[{""coefficient"":1,""entity_id"":""entity_d09e71bd59bbe9fe"",""role"":""substrate""}]","[{""coefficient"":1,""entity_id"":""entity_3aad3305041f63e9"",""role"":""product""}]",0,substrate,0,network_preflight,unary_literature_transformation,loss_of_reported_xyl_component,C58H98O26 -> C53H90O22,"[""form_f9b6e85a0cb108eb""]","[""form_f54bf7ca8bf4d9b1""]",{},-132.042259,valid,unique_reported_entity,derivation_d25b05b533a837,-132.042259,source_to_target,FALSE,1,real resolved network anchor,chunk_adad5f853e121b5f435a;chunk_784ca4f837c7a19c3aad,candidate,Independent loss-mechanism evidence joined to co-reported entity component profiles with an exact formula balance.
tr_6b173ca807bc00,ginsenoside,,Ginsenoside F4,G-Rh4 isomer,entity_16ef09efd21cef38,entity_b1be0331ce00b772,loss of reported rha component,literature_inferred,,,,1,"[{""coefficient"":1,""entity_id"":""entity_16ef09efd21cef38"",""role"":""substrate""}]","[{""coefficient"":1,""entity_id"":""entity_b1be0331ce00b772"",""role"":""product""}]",0,substrate,0,network_preflight,unary_literature_transformation,loss_of_reported_rha_component,C42H70O12 -> C36H60O8,"[""form_5878c122d72614e1""]","[""form_8a4e86d1037d82d8""]",{},-146.057909,valid,unique_reported_entity,derivation_8ec37d41b8d569,-146.057909,source_to_target,FALSE,1,real resolved network anchor,chunk_adad5f853e121b5f435a;chunk_0a3bb7915b3faba443f9;chunk_441cb21f8494a5e0c20e;chunk_4914115598a0916296c0;chunk_cd666b06466a5a2b5984,candidate,Independent loss-mechanism evidence joined to co-reported entity component profiles with an exact formula balance.
tr_94fa2851655b27,ginsenoside,,20-gluco-ginsenoside,G-Rg1,entity_9427c164145f6329,entity_11d5cf053633d1b5,loss of reported glc component,literature_inferred,,,,1,"[{""coefficient"":1,""entity_id"":""entity_9427c164145f6329"",""role"":""substrate""}]","[{""coefficient"":1,""entity_id"":""entity_11d5cf053633d1b5"",""role"":""product""}]",0,substrate,0,network_preflight,unary_literature_transformation,loss_of_reported_glc_component,C48H82O19 -> C42H72O14,"[""form_ebb02692f6bece6f""]","[""form_f8fd40e1318431a4""]",{},-162.052823,valid,unique_reported_entity,derivation_6cd8ec079daece,-162.052823,source_to_target,FALSE,1,real resolved network anchor,chunk_adad5f853e121b5f435a;chunk_15955d34e68303239283,candidate,Independent loss-mechanism evidence joined to co-reported entity component profiles with an exact formula balance.
tr_3bc1dc4fc03938,ginsenoside,,Acetyl G-Rd,Acetyl-Ginsenoside Rg3,entity_e8b01c71e6588d19,entity_6fb97f378aaa39ff,loss of reported glc component,literature_inferred,,,,1,"[{""coefficient"":1,""entity_id"":""entity_e8b01c71e6588d19"",""role"":""substrate""}]","[{""coefficient"":1,""entity_id"":""entity_6fb97f378aaa39ff"",""role"":""product""}]",0,substrate,0,network_preflight,unary_literature_transformation,loss_of_reported_glc_component,C50H84O19 -> C44H74O14,"[""form_1bba0ae175205c6d""]","[""form_a534b78873d22276""]",{},-162.052823,valid,unique_reported_entity,derivation_4b3884fd53ac38,-162.052823,source_to_target,FALSE,1,real resolved network anchor,chunk_adad5f853e121b5f435a;chunk_3fbcfd2a032f66b908a5;chunk_61004029bc1f218b90c1,candidate,Independent loss-mechanism evidence joined to co-reported entity component profiles with an exact formula balance.
tr_6de1ef02a2ad7c,ginsenoside,,G-Rb2,Gypenoside,entity_54bdab51a5ed7d7c,entity_72b5e9a9dba187d9,loss of reported ara(p) component,literature_inferred,,,,1,"[{""coefficient"":1,""entity_id"":""entity_54bdab51a5ed7d7c"",""role"":""substrate""}]","[{""coefficient"":1,""entity_id"":""entity_72b5e9a9dba187d9"",""role"":""product""}]",0,substrate,0,network_preflight,unary_literature_transformation,loss_of_reported_ara_p_component,C53H90O22 -> C48H82O18,"[""form_f66295bbcdc4b08d""]","[""form_2f75fb8072ace89b""]",{},-132.042259,valid,unique_reported_entity,derivation_e3aaaf5c81a46d,-132.042259,source_to_target,FALSE,1,real resolved network anchor,chunk_adad5f853e121b5f435a;chunk_1c1e6578ab8c9a02d5a4;chunk_44d4a4e6539fd0f822c9;chunk_654d2a4219b13a49d8a1;chunk_784ca4f837c7a19c3aad,candidate,Independent loss-mechanism evidence joined to co-reported entity component profiles with an exact formula balance.
tr_c6bdd677e0e91b,ginsenoside,,20-glu-G-Rf,Ginsenoside Rg1,entity_8be63c29ef8b44ca,entity_d96110b1470152a6,loss of reported glc component,literature_inferred,,,,1,"[{""coefficient"":1,""entity_id"":""entity_8be63c29ef8b44ca"",""role"":""substrate""}]","[{""coefficient"":1,""entity_id"":""entity_d96110b1470152a6"",""role"":""product""}]",0,substrate,0,network_preflight,unary_literature_transformation,loss_of_reported_glc_component,C48H82O19 -> C42H72O14,"[""form_81ff0e1e7859804e""]","[""form_7e15527b576a6354""]",{},-162.052823,valid,unique_reported_entity,derivation_5db6d3d670bea2,-162.052823,source_to_target,FALSE,1,real resolved network anchor,chunk_adad5f853e121b5f435a;chunk_882470a12bfb0084bea7,candidate,Independent loss-mechanism evidence joined to co-reported entity component profiles with an exact formula balance.
tr_2a6dad74e7728e,ginsenoside,,Yesanchinoside D,G-Rf,entity_30007aebe52b5a0a,entity_fc7578bb143494c5,loss of reported ac component,literature_inferred,,,,1,"[{""coefficient"":1,""entity_id"":""entity_30007aebe52b5a0a"",""role"":""substrate""}]","[{""coefficient"":1,""entity_id"":""entity_fc7578bb143494c5"",""role"":""product""}]",0,substrate,0,network_preflight,unary_literature_transformation,loss_of_reported_ac_component,C44H74O15 -> C42H72O14,"[""form_45fcaa75143a02d1""]","[""form_3892af7899663cbb""]",{},-42.010565,valid,unique_reported_entity,derivation_389cdb04efc287,-42.010565,source_to_target,FALSE,1,real resolved network anchor,chunk_a8a31155a0b2bb6655b5;chunk_15955d34e68303239283,candidate,Independent loss-mechanism evidence joined to co-reported entity component profiles with an exact formula balance.
tr_760c7dad9561de,ginsenoside,,Vinaginsenoside R6 isomer,M-R2/isomer,entity_b7fd69ca9d7fe24d,entity_daa7f69c9c14d3bb,loss of reported glc component,literature_inferred,,,,1,"[{""coefficient"":1,""entity_id"":""entity_b7fd69ca9d7fe24d"",""role"":""substrate""}]","[{""coefficient"":1,""entity_id"":""entity_daa7f69c9c14d3bb"",""role"":""product""}]",0,substrate,0,network_preflight,unary_literature_transformation,loss_of_reported_glc_component,C47H80O19 -> C41H70O14,"[""form_7aba270e794e72b9""]","[""form_0bfa20577d504dda""]",{},-162.052823,valid,unique_reported_entity,derivation_31a87426c718b3,-162.052823,source_to_target,FALSE,1,real resolved network anchor,chunk_adad5f853e121b5f435a;chunk_397e7cef57a0f3241565;chunk_91f00c4cf64b08e38be4;chunk_9268bf6887017374787a,candidate,Independent loss-mechanism evidence joined to co-reported entity component profiles with an exact formula balance.
tr_f9adb24094aaf1,ginsenoside,,Ginsenoside Re5 isomer/Ginsenjilinol,Oxidated-protopan axatriol+Glc,entity_4cc5bb5a7c7bb599,entity_523d29e7fb0d53f4,loss of reported glc component,literature_inferred,,,,1,"[{""coefficient"":1,""entity_id"":""entity_4cc5bb5a7c7bb599"",""role"":""substrate""}]","[{""coefficient"":1,""entity_id"":""entity_523d29e7fb0d53f4"",""role"":""product""}]",0,substrate,0,network_preflight,unary_literature_transformation,loss_of_reported_glc_component,C42H72O15 -> C36H62O10,"[""form_6dbaffa6d30b5980""]","[""form_4f453f5ee457eaf5""]",{},-162.052823,valid,unique_reported_entity,derivation_29f8bfd226d94e,-162.052823,source_to_target,FALSE,1,real resolved network anchor,chunk_adad5f853e121b5f435a;chunk_3d27563a435c41911294;chunk_8b0d4fd16f7534c1e694,candidate,Independent loss-mechanism evidence joined to co-reported entity component profiles with an exact formula balance.
tr_121b6163c4e0e7,ginsenoside,,notoginsenoside N,G-Rg1,entity_2cff75a5b5896862,entity_11d5cf053633d1b5,loss of reported glc component,literature_inferred,,,,1,"[{""coefficient"":1,""entity_id"":""entity_2cff75a5b5896862"",""role"":""substrate""}]","[{""coefficient"":1,""entity_id"":""entity_11d5cf053633d1b5"",""role"":""product""}]",0,substrate,0,network_preflight,unary_literature_transformation,loss_of_reported_glc_component,C48H82O19 -> C42H72O14,"[""form_8bc5ff1fc84e1b76""]","[""form_f8fd40e1318431a4""]",{},-162.052823,valid,unique_reported_entity,derivation_064edeec444fee,-162.052823,source_to_target,FALSE,1,real resolved network anchor,chunk_adad5f853e121b5f435a;chunk_15955d34e68303239283,candidate,Independent loss-mechanism evidence joined to co-reported entity component profiles with an exact formula balance.
tr_de58c5da0add36,ginsenoside,,NG-N,G-Rg1,entity_a6832f070a739024,entity_11d5cf053633d1b5,loss of reported glc component,literature_inferred,,,,1,"[{""coefficient"":1,""entity_id"":""entity_a6832f070a739024"",""role"":""substrate""}]","[{""coefficient"":1,""entity_id"":""entity_11d5cf053633d1b5"",""role"":""product""}]",0,substrate,0,network_preflight,unary_literature_transformation,loss_of_reported_glc_component,C48H82O19 -> C42H72O14,"[""form_0f642e553e5dd867""]","[""form_f8fd40e1318431a4""]",{},-162.052823,valid,unique_reported_entity,derivation_d660652297c9af,-162.052823,source_to_target,FALSE,1,real resolved network anchor,chunk_adad5f853e121b5f435a;chunk_15955d34e68303239283,candidate,Independent loss-mechanism evidence joined to co-reported entity component profiles with an exact formula balance.
tr_f71a7aad258bc9,ginsenoside,,G-Ra1,Ginsenoside Rb2,entity_0e0a32a9e1a4d4c1,entity_b3a6760e99a1e624,loss of reported xyl component,literature_inferred,,,,1,"[{""coefficient"":1,""entity_id"":""entity_0e0a32a9e1a4d4c1"",""role"":""substrate""}]","[{""coefficient"":1,""entity_id"":""entity_b3a6760e99a1e624"",""role"":""product""}]",0,substrate,0,network_preflight,unary_literature_transformation,loss_of_reported_xyl_component,C58H98O26 -> C53H90O22,"[""form_e60310999e8e4879""]","[""form_eddfee3534aed8e5""]",{},-132.042259,valid,unique_reported_entity,derivation_50df223bea7f1a,-132.042259,source_to_target,FALSE,1,real resolved network anchor,chunk_adad5f853e121b5f435a;chunk_44d4a4e6539fd0f822c9;chunk_784ca4f837c7a19c3aad;chunk_aca53f9764a6bda613c7;chunk_e67625aea59d74264f63,candidate,Independent loss-mechanism evidence joined to co-reported entity component profiles with an exact formula balance.
tr_d8825dba95da41,ginsenoside,,KG-R1,ginsenoside Rf,entity_80c445e36e544b55,entity_aa500cbc70ff655a,loss of reported but component,literature_inferred,,,,1,"[{""coefficient"":1,""entity_id"":""entity_80c445e36e544b55"",""role"":""substrate""}]","[{""coefficient"":1,""entity_id"":""entity_aa500cbc70ff655a"",""role"":""product""}]",0,substrate,0,network_preflight,unary_literature_transformation,loss_of_reported_but_component,C46H76O15 -> C42H72O14,"[""form_73eca803b9372fbb""]","[""form_27b1c936bea52cc8""]",{},-68.026215,valid,unique_reported_entity,derivation_9a2e33949b27dd,-68.026215,source_to_target,FALSE,1,real resolved network anchor,chunk_a8a31155a0b2bb6655b5;chunk_15955d34e68303239283,candidate,Independent loss-mechanism evidence joined to co-reported entity component profiles with an exact formula balance.
tr_a29791867d3d99,ginsenoside,,ginsenoside Rg2,G-Rh1,entity_52946a3c681989c1,entity_785007943bc3cf09,loss of reported rha component,literature_inferred,,,,1,"[{""coefficient"":1,""entity_id"":""entity_52946a3c681989c1"",""role"":""substrate""}]","[{""coefficient"":1,""entity_id"":""entity_785007943bc3cf09"",""role"":""product""}]",0,substrate,0,network_preflight,unary_literature_transformation,loss_of_reported_rha_component,C42H72O13 -> C36H62O9,"[""form_3393305ea80a2dd7""]","[""form_725ff54cb6e1c03e""]",{},-146.057909,valid,unique_reported_entity,derivation_da300941c32cc8,-146.057909,source_to_target,FALSE,1,real resolved network anchor,chunk_adad5f853e121b5f435a;chunk_15955d34e68303239283,candidate,Independent loss-mechanism evidence joined to co-reported entity component profiles with an exact formula balance.
tr_9551c00e01bb8a,ginsenoside,,koryoginsenoside,notoginsenoside N,entity_ad12e53dcb453643,entity_2cff75a5b5896862,loss of reported glc component,literature_inferred,,,,1,"[{""coefficient"":1,""entity_id"":""entity_ad12e53dcb453643"",""role"":""substrate""}]","[{""coefficient"":1,""entity_id"":""entity_2cff75a5b5896862"",""role"":""product""}]",0,substrate,0,network_preflight,unary_literature_transformation,loss_of_reported_glc_component,C54H92O24 -> C48H82O19,"[""form_fb90cd582faea142""]","[""form_8bc5ff1fc84e1b76""]",{},-162.052823,valid,unique_reported_entity,derivation_f14525658bb069,-162.052823,source_to_target,FALSE,1,real resolved network anchor,chunk_adad5f853e121b5f435a;chunk_15955d34e68303239283;chunk_1c1e6578ab8c9a02d5a4,candidate,Independent loss-mechanism evidence joined to co-reported entity component profiles with an exact formula balance.
tr_216e71abdb2053,ginsenoside,,G-Rf,G-Rh1,entity_fc7578bb143494c5,entity_785007943bc3cf09,loss of reported glc component,literature_inferred,,,,1,"[{""coefficient"":1,""entity_id"":""entity_fc7578bb143494c5"",""role"":""substrate""}]","[{""coefficient"":1,""entity_id"":""entity_785007943bc3cf09"",""role"":""product""}]",0,substrate,0,network_preflight,unary_literature_transformation,loss_of_reported_glc_component,C42H72O14 -> C36H62O9,"[""form_3892af7899663cbb""]","[""form_725ff54cb6e1c03e""]",{},-162.052823,valid,unique_reported_entity,derivation_1e55a87b543c79,-162.052823,source_to_target,FALSE,1,real resolved network anchor,chunk_adad5f853e121b5f435a;chunk_15955d34e68303239283,candidate,Independent loss-mechanism evidence joined to co-reported entity component profiles with an exact formula balance.
tr_925a52f61d41b1,ginsenoside,,Q-R1,Ginsenoside Rb1,entity_a123d095eb2b78c4,entity_496674d5f8dd7a78,loss of reported ac component,literature_inferred,,,,1,"[{""coefficient"":1,""entity_id"":""entity_a123d095eb2b78c4"",""role"":""substrate""}]","[{""coefficient"":1,""entity_id"":""entity_496674d5f8dd7a78"",""role"":""product""}]",0,substrate,0,network_preflight,unary_literature_transformation,loss_of_reported_ac_component,C56H94O24 -> C54H92O23,"[""form_ac51f75a7d1353b4""]","[""form_14296387449fa48c""]",{},-42.010565,valid,unique_reported_entity,derivation_baf4a5190c2737,-42.010565,source_to_target,FALSE,1,real resolved network anchor,chunk_a8a31155a0b2bb6655b5;chunk_1c1e6578ab8c9a02d5a4;chunk_39550165b91703d596a2;chunk_784ca4f837c7a19c3aad;chunk_a1805dae0ab969b92d9b;chunk_b30b2c401321bfd9dbf3;chunk_c8e9107bce1afd08ab84,candidate,Independent loss-mechanism evidence joined to co-reported entity component profiles with an exact formula balance.
tr_dc1086904f4aff,ginsenoside,,koryoginsenoside,ginsenoside Re2,entity_ad12e53dcb453643,entity_2af02e68b59fb4dc,loss of reported glc component,literature_inferred,,,,1,"[{""coefficient"":1,""entity_id"":""entity_ad12e53dcb453643"",""role"":""substrate""}]","[{""coefficient"":1,""entity_id"":""entity_2af02e68b59fb4dc"",""role"":""product""}]",0,substrate,0,network_preflight,unary_literature_transformation,loss_of_reported_glc_component,C54H92O24 -> C48H82O19,"[""form_fb90cd582faea142""]","[""form_1d86d569ecd7ff09""]",{},-162.052823,valid,unique_reported_entity,derivation_eb7f0f47b98019,-162.052823,source_to_target,FALSE,1,real resolved network anchor,chunk_adad5f853e121b5f435a;chunk_1c1e6578ab8c9a02d5a4,candidate,Independent loss-mechanism evidence joined to co-reported entity component profiles with an exact formula balance.
tr_9c376b6e1cf8d8,ginsenoside,,ginsenoside Re4,G-Rf,entity_6a4dd182e0ce4718,entity_fc7578bb143494c5,loss of reported ara(f) component,literature_inferred,,,,1,"[{""coefficient"":1,""entity_id"":""entity_6a4dd182e0ce4718"",""role"":""substrate""}]","[{""coefficient"":1,""entity_id"":""entity_fc7578bb143494c5"",""role"":""product""}]",0,substrate,0,network_preflight,unary_literature_transformation,loss_of_reported_ara_f_component,C47H80O18 -> C42H72O14,"[""form_2142377cb9d1d762""]","[""form_3892af7899663cbb""]",{},-132.042259,valid,unique_reported_entity,derivation_43d930c33ae2bc,-132.042259,source_to_target,FALSE,1,real resolved network anchor,chunk_adad5f853e121b5f435a;chunk_882470a12bfb0084bea7,candidate,Independent loss-mechanism evidence joined to co-reported entity component profiles with an exact formula balance.
tr_926fdec5567d66,ginsenoside,,Rs4,G-Rg5,entity_7ad01b718f29eb18,entity_3300b2e306bd76cf,loss of reported ac component,literature_inferred,,,,1,"[{""coefficient"":1,""entity_id"":""entity_7ad01b718f29eb18"",""role"":""substrate""}]","[{""coefficient"":1,""entity_id"":""entity_3300b2e306bd76cf"",""role"":""product""}]",0,substrate,0,network_preflight,unary_literature_transformation,loss_of_reported_ac_component,C44H72O13 -> C42H70O12,"[""form_19d464bf40ebadfd""]","[""form_9fbcdb985b8084bd""]",{},-42.010565,valid,unique_reported_entity,derivation_19d6bc132e7cf4,-42.010565,source_to_target,FALSE,1,real resolved network anchor,chunk_a8a31155a0b2bb6655b5;chunk_2cb662e303c135aead81;chunk_6b0d64bd980aea95f64b;chunk_9f3933945423aa330977;chunk_fd890ca0e95c605dce18,candidate,Independent loss-mechanism evidence joined to co-reported entity component profiles with an exact formula balance.
tr_f7f870e97ab98a,ginsenoside,,G-Re6,Ginsenoside Rg1,entity_c50614a27df04861,entity_d96110b1470152a6,loss of reported but component,literature_inferred,,,,1,"[{""coefficient"":1,""entity_id"":""entity_c50614a27df04861"",""role"":""substrate""}]","[{""coefficient"":1,""entity_id"":""entity_d96110b1470152a6"",""role"":""product""}]",0,substrate,0,network_preflight,unary_literature_transformation,loss_of_reported_but_component,C46H76O15 -> C42H72O14,"[""form_677909a2ad214ea5""]","[""form_7e15527b576a6354""]",{},-68.026215,valid,unique_reported_entity,derivation_84376809764fea,-68.026215,source_to_target,FALSE,1,real resolved network anchor,chunk_a8a31155a0b2bb6655b5;chunk_15955d34e68303239283;chunk_3fbcfd2a032f66b908a5;chunk_882470a12bfb0084bea7;chunk_cede274bcb6c91cff19e,candidate,Independent loss-mechanism evidence joined to co-reported entity component profiles with an exact formula balance.
tr_dd71236e487af6,ginsenoside,,G-Rb3,Gypenoside,entity_38d79c2f72ee3833,entity_72b5e9a9dba187d9,loss of reported xyl component,literature_inferred,,,,1,"[{""coefficient"":1,""entity_id"":""entity_38d79c2f72ee3833"",""role"":""substrate""}]","[{""coefficient"":1,""entity_id"":""entity_72b5e9a9dba187d9"",""role"":""product""}]",0,substrate,0,network_preflight,unary_literature_transformation,loss_of_reported_xyl_component,C53H90O22 -> C48H82O18,"[""form_bc23e7afc30d5b9d""]","[""form_2f75fb8072ace89b""]",{},-132.042259,valid,unique_reported_entity,derivation_f29c450f387363,-132.042259,source_to_target,FALSE,1,real resolved network anchor,chunk_adad5f853e121b5f435a;chunk_1c1e6578ab8c9a02d5a4;chunk_3b867ed59739d5a22268;chunk_654d2a4219b13a49d8a1;chunk_784ca4f837c7a19c3aad,candidate,Independent loss-mechanism evidence joined to co-reported entity component profiles with an exact formula balance.
tr_9c625aedd08722,ginsenoside,,Ginsenoside Rb3,gypenoside ⅩⅦ,entity_51ddcb86ca8d9896,entity_e936a9ddb823d0a8,loss of reported xyl component,literature_inferred,,,,1,"[{""coefficient"":1,""entity_id"":""entity_51ddcb86ca8d9896"",""role"":""substrate""}]","[{""coefficient"":1,""entity_id"":""entity_e936a9ddb823d0a8"",""role"":""product""}]",0,substrate,0,network_preflight,unary_literature_transformation,loss_of_reported_xyl_component,C53H90O22 -> C48H82O18,"[""form_d296c75372b86da0""]","[""form_120250660ca40ee0""]",{},-132.042259,valid,unique_reported_entity,derivation_d8f521b910dcf5,-132.042259,source_to_target,FALSE,1,real resolved network anchor,chunk_adad5f853e121b5f435a;chunk_1c1e6578ab8c9a02d5a4;chunk_3b867ed59739d5a22268;chunk_654d2a4219b13a49d8a1;chunk_784ca4f837c7a19c3aad,candidate,Independent loss-mechanism evidence joined to co-reported entity component profiles with an exact formula balance.
tr_71af7625737e3f,ginsenoside,,G-Re,ginsenoside Rg2,entity_6c49b2d9ef82cc1f,entity_52946a3c681989c1,loss of reported glc component,literature_inferred,,,,1,"[{""coefficient"":1,""entity_id"":""entity_6c49b2d9ef82cc1f"",""role"":""substrate""}]","[{""coefficient"":1,""entity_id"":""entity_52946a3c681989c1"",""role"":""product""}]",0,substrate,0,network_preflight,unary_literature_transformation,loss_of_reported_glc_component,C48H82O18 -> C42H72O13,"[""form_a97c57706d000e7e""]","[""form_3393305ea80a2dd7""]",{},-162.052823,valid,unique_reported_entity,derivation_3da11a0e9e814e,-162.052823,source_to_target,FALSE,1,real resolved network anchor,chunk_adad5f853e121b5f435a;chunk_882470a12bfb0084bea7,candidate,Independent loss-mechanism evidence joined to co-reported entity component profiles with an exact formula balance.
tr_f7915183648c39,ginsenoside,,Ginsenoside Re,G-Rg1,entity_23d34ff9f882b214,entity_11d5cf053633d1b5,loss of reported rha component,literature_inferred,,,,1,"[{""coefficient"":1,""entity_id"":""entity_23d34ff9f882b214"",""role"":""substrate""}]","[{""coefficient"":1,""entity_id"":""entity_11d5cf053633d1b5"",""role"":""product""}]",0,substrate,0,network_preflight,unary_literature_transformation,loss_of_reported_rha_component,C48H82O18 -> C42H72O14,"[""form_db88fdae80105092""]","[""form_f8fd40e1318431a4""]",{},-146.057909,valid,unique_reported_entity,derivation_d02e069f58fef4,-146.057909,source_to_target,FALSE,1,real resolved network anchor,chunk_adad5f853e121b5f435a;chunk_882470a12bfb0084bea7,candidate,Independent loss-mechanism evidence joined to co-reported entity component profiles with an exact formula balance.
tr_53b22a82f4519a,ginsenoside,,20-(R)-ginsenoside,ginsenoside Rh1,entity_e664126c0e257d7d,entity_62384753ece5380a,loss of reported rha component,literature_inferred,,,,1,"[{""coefficient"":1,""entity_id"":""entity_e664126c0e257d7d"",""role"":""substrate""}]","[{""coefficient"":1,""entity_id"":""entity_62384753ece5380a"",""role"":""product""}]",0,substrate,0,network_preflight,unary_literature_transformation,loss_of_reported_rha_component,C42H72O13 -> C36H62O9,"[""form_95732d1d763cd9d6""]","[""form_1c95210068583a55""]",{},-146.057909,valid,unique_reported_entity,derivation_383e460192dcfc,-146.057909,source_to_target,FALSE,1,real resolved network anchor,chunk_adad5f853e121b5f435a;chunk_15955d34e68303239283,candidate,Independent loss-mechanism evidence joined to co-reported entity component profiles with an exact formula balance.
tr_0de7a42e8385cf,ginsenoside,,Oxidated-protopan axatriol+Glc+Rha,Oxidated-protopan axatriol+Glc,entity_ee685836be12c16e,entity_523d29e7fb0d53f4,loss of reported rha component,literature_inferred,,,,1,"[{""coefficient"":1,""entity_id"":""entity_ee685836be12c16e"",""role"":""substrate""}]","[{""coefficient"":1,""entity_id"":""entity_523d29e7fb0d53f4"",""role"":""product""}]",0,substrate,0,network_preflight,unary_literature_transformation,loss_of_reported_rha_component,C42H72O14 -> C36H62O10,"[""form_964f9b73ec20faf8""]","[""form_4f453f5ee457eaf5""]",{},-146.057909,valid,unique_reported_entity,derivation_62a6e19184ec89,-146.057909,source_to_target,FALSE,1,real resolved network anchor,chunk_adad5f853e121b5f435a;chunk_854dc94d845782282241;chunk_8b0d4fd16f7534c1e694;chunk_c1077fde30e2da8f2a3b,candidate,Independent loss-mechanism evidence joined to co-reported entity component profiles with an exact formula balance.
tr_752db404eb885c,ginsenoside,,notoginsenoside R2,ginsenoside Rh1,entity_9a56f24d40f60377,entity_62384753ece5380a,loss of reported xyl component,literature_inferred,,,,1,"[{""coefficient"":1,""entity_id"":""entity_9a56f24d40f60377"",""role"":""substrate""}]","[{""coefficient"":1,""entity_id"":""entity_62384753ece5380a"",""role"":""product""}]",0,substrate,0,network_preflight,unary_literature_transformation,loss_of_reported_xyl_component,C41H70O13 -> C36H62O9,"[""form_9cd8e06e3537bc21""]","[""form_1c95210068583a55""]",{},-132.042259,valid,unique_reported_entity,derivation_99df315148c35f,-132.042259,source_to_target,FALSE,1,real resolved network anchor,chunk_adad5f853e121b5f435a;chunk_15955d34e68303239283,candidate,Independent loss-mechanism evidence joined to co-reported entity component profiles with an exact formula balance.
tr_b7d0272b8f35c0,ginsenoside,,Double bond hydrated-protopana xatriol+2Glc+Malon yl Glc+Xyl/Ara,Double bond hydrated-protopana xatriol+3Glc+Xyl/Ar,entity_44a6eb09ecdda725,entity_df92473a3cde64b5,loss of reported malonyl component,literature_inferred,,,,1,"[{""coefficient"":1,""entity_id"":""entity_44a6eb09ecdda725"",""role"":""substrate""}]","[{""coefficient"":1,""entity_id"":""entity_df92473a3cde64b5"",""role"":""product""}]",0,substrate,0,network_preflight,unary_literature_transformation,loss_of_reported_malonyl_component,C56H94O27 -> C53H92O24,"[""form_4797412c949a5a7b""]","[""form_1d3d2baa71a223fd""]",{},-86.000394,valid,unique_reported_entity,derivation_c71007c578b3b6,-86.000394,source_to_target,FALSE,1,real resolved network anchor,chunk_772144b2e1305d68f4bc;chunk_2ee26889a566d55b31ef;chunk_8b0d4fd16f7534c1e694;chunk_8bdacd1fb3e8babbc78b,candidate,Independent loss-mechanism evidence joined to co-reported entity component profiles with an exact formula balance.
tr_203bad397c1d2c,ginsenoside,,G-Re,20-(R)-ginsenoside,entity_6c49b2d9ef82cc1f,entity_e664126c0e257d7d,loss of reported glc component,literature_inferred,,,,1,"[{""coefficient"":1,""entity_id"":""entity_6c49b2d9ef82cc1f"",""role"":""substrate""}]","[{""coefficient"":1,""entity_id"":""entity_e664126c0e257d7d"",""role"":""product""}]",0,substrate,0,network_preflight,unary_literature_transformation,loss_of_reported_glc_component,C48H82O18 -> C42H72O13,"[""form_a97c57706d000e7e""]","[""form_95732d1d763cd9d6""]",{},-162.052823,valid,unique_reported_entity,derivation_8cefe0c1f63539,-162.052823,source_to_target,FALSE,1,real resolved network anchor,chunk_adad5f853e121b5f435a;chunk_15955d34e68303239283;chunk_1c1e6578ab8c9a02d5a4;chunk_882470a12bfb0084bea7,candidate,Independent loss-mechanism evidence joined to co-reported entity component profiles with an exact formula balance.
tr_1bbdc447c09692,ginsenoside,,NG-R1,G-Rf,entity_1ee60b1343a52861,entity_fc7578bb143494c5,loss of reported xyl component,literature_inferred,,,,1,"[{""coefficient"":1,""entity_id"":""entity_1ee60b1343a52861"",""role"":""substrate""}]","[{""coefficient"":1,""entity_id"":""entity_fc7578bb143494c5"",""role"":""product""}]",0,substrate,0,network_preflight,unary_literature_transformation,loss_of_reported_xyl_component,C47H80O18 -> C42H72O14,"[""form_dc88233ef5b85141""]","[""form_3892af7899663cbb""]",{},-132.042259,valid,unique_reported_entity,derivation_820841a9874039,-132.042259,source_to_target,FALSE,1,real resolved network anchor,chunk_adad5f853e121b5f435a;chunk_15955d34e68303239283,candidate,Independent loss-mechanism evidence joined to co-reported entity component profiles with an exact formula balance.
tr_e8622fee664c69,ginsenoside,,Ginsenoside Re,Ginsenoside Rg1,entity_23d34ff9f882b214,entity_d96110b1470152a6,loss of reported rha component,literature_inferred,,,,1,"[{""coefficient"":1,""entity_id"":""entity_23d34ff9f882b214"",""role"":""substrate""}]","[{""coefficient"":1,""entity_id"":""entity_d96110b1470152a6"",""role"":""product""}]",0,substrate,0,network_preflight,unary_literature_transformation,loss_of_reported_rha_component,C48H82O18 -> C42H72O14,"[""form_db88fdae80105092""]","[""form_7e15527b576a6354""]",{},-146.057909,valid,unique_reported_entity,derivation_a9565ac7f64f4d,-146.057909,source_to_target,FALSE,1,real resolved network anchor,chunk_adad5f853e121b5f435a;chunk_882470a12bfb0084bea7,candidate,Independent loss-mechanism evidence joined to co-reported entity component profiles with an exact formula balance.
tr_531e6c51b597c7,ginsenoside,,G-Rg6 isomer,G-Rh4 isomer,entity_33eec038f7516ba2,entity_b1be0331ce00b772,loss of reported rha component,literature_inferred,,,,1,"[{""coefficient"":1,""entity_id"":""entity_33eec038f7516ba2"",""role"":""substrate""}]","[{""coefficient"":1,""entity_id"":""entity_b1be0331ce00b772"",""role"":""product""}]",0,substrate,0,network_preflight,unary_literature_transformation,loss_of_reported_rha_component,C42H70O12 -> C36H60O8,"[""form_606c8c7a39ed855e""]","[""form_8a4e86d1037d82d8""]",{},-146.057909,valid,unique_reported_entity,derivation_1ec5e1f2ec0966,-146.057909,source_to_target,FALSE,1,real resolved network anchor,chunk_adad5f853e121b5f435a;chunk_0a3bb7915b3faba443f9;chunk_78f14995cf874219e7db;chunk_cd666b06466a5a2b5984,candidate,Independent loss-mechanism evidence joined to co-reported entity component profiles with an exact formula balance.
tr_c1e77f1acb06aa,ginsenoside,,koryoginsenoside,20-Gluco-ginsenosi de Rf,entity_ad12e53dcb453643,entity_cac1b3640c78d11c,loss of reported glc component,literature_inferred,,,,1,"[{""coefficient"":1,""entity_id"":""entity_ad12e53dcb453643"",""role"":""substrate""}]","[{""coefficient"":1,""entity_id"":""entity_cac1b3640c78d11c"",""role"":""product""}]",0,substrate,0,network_preflight,unary_literature_transformation,loss_of_reported_glc_component,C54H92O24 -> C48H82O19,"[""form_fb90cd582faea142""]","[""form_66da91efb8fdb792""]",{},-162.052823,valid,unique_reported_entity,derivation_8fff1b69d31c79,-162.052823,source_to_target,FALSE,1,real resolved network anchor,chunk_adad5f853e121b5f435a;chunk_1c1e6578ab8c9a02d5a4;chunk_4d4bb0ef118d03837386;chunk_882470a12bfb0084bea7,candidate,Independent loss-mechanism evidence joined to co-reported entity component profiles with an exact formula balance.
tr_604f020a428c48,ginsenoside,,ginsenoside Re3,G-Rg1,entity_6853db04e14ae862,entity_11d5cf053633d1b5,loss of reported glc component,literature_inferred,,,,1,"[{""coefficient"":1,""entity_id"":""entity_6853db04e14ae862"",""role"":""substrate""}]","[{""coefficient"":1,""entity_id"":""entity_11d5cf053633d1b5"",""role"":""product""}]",0,substrate,0,network_preflight,unary_literature_transformation,loss_of_reported_glc_component,C48H82O19 -> C42H72O14,"[""form_d9656570fb5502cc""]","[""form_f8fd40e1318431a4""]",{},-162.052823,valid,unique_reported_entity,derivation_aabfae279f5de5,-162.052823,source_to_target,FALSE,1,real resolved network anchor,chunk_adad5f853e121b5f435a;chunk_15955d34e68303239283;chunk_1c1e6578ab8c9a02d5a4;chunk_882470a12bfb0084bea7;chunk_acc6e934be5d2cae972b;chunk_b9378f3b91b1ce003c5a,candidate,Independent loss-mechanism evidence joined to co-reported entity component profiles with an exact formula balance.
tr_276dd35d5918ee,ginsenoside,,ginsenoside Rs2,Ginsenoside Rc,entity_65badd991c896f99,entity_56af8ed5402cfe0b,loss of reported ac component,literature_inferred,,,,1,"[{""coefficient"":1,""entity_id"":""entity_65badd991c896f99"",""role"":""substrate""}]","[{""coefficient"":1,""entity_id"":""entity_56af8ed5402cfe0b"",""role"":""product""}]",0,substrate,0,network_preflight,unary_literature_transformation,loss_of_reported_ac_component,C55H92O23 -> C53H90O22,"[""form_919a469420f7e72a""]","[""form_1be600cfda8b63c2""]",{},-42.010565,valid,unique_reported_entity,derivation_646a062cc7aca5,-42.010565,source_to_target,FALSE,1,real resolved network anchor,chunk_a8a31155a0b2bb6655b5;chunk_1c1e6578ab8c9a02d5a4;chunk_2c82b7e414372849f471;chunk_422e82f9c16efd5c8866;chunk_784ca4f837c7a19c3aad;chunk_882470a12bfb0084bea7,candidate,Independent loss-mechanism evidence joined to co-reported entity component profiles with an exact formula balance.
tr_dfe14c579a6b80,ginsenoside,,ginsenoside Re3,Ginsenoside Rg1,entity_6853db04e14ae862,entity_d96110b1470152a6,loss of reported glc component,literature_inferred,,,,1,"[{""coefficient"":1,""entity_id"":""entity_6853db04e14ae862"",""role"":""substrate""}]","[{""coefficient"":1,""entity_id"":""entity_d96110b1470152a6"",""role"":""product""}]",0,substrate,0,network_preflight,unary_literature_transformation,loss_of_reported_glc_component,C48H82O19 -> C42H72O14,"[""form_d9656570fb5502cc""]","[""form_7e15527b576a6354""]",{},-162.052823,valid,unique_reported_entity,derivation_689c1c95d8d427,-162.052823,source_to_target,FALSE,1,real resolved network anchor,chunk_adad5f853e121b5f435a;chunk_15955d34e68303239283;chunk_1c1e6578ab8c9a02d5a4;chunk_882470a12bfb0084bea7;chunk_acc6e934be5d2cae972b;chunk_b9378f3b91b1ce003c5a,candidate,Independent loss-mechanism evidence joined to co-reported entity component profiles with an exact formula balance.
tr_6c3cf7d4687dcb,ginsenoside,,G-Ra1,G-Rb2,entity_0e0a32a9e1a4d4c1,entity_54bdab51a5ed7d7c,loss of reported xyl component,literature_inferred,,,,1,"[{""coefficient"":1,""entity_id"":""entity_0e0a32a9e1a4d4c1"",""role"":""substrate""}]","[{""coefficient"":1,""entity_id"":""entity_54bdab51a5ed7d7c"",""role"":""product""}]",0,substrate,0,network_preflight,unary_literature_transformation,loss_of_reported_xyl_component,C58H98O26 -> C53H90O22,"[""form_e60310999e8e4879""]","[""form_f66295bbcdc4b08d""]",{},-132.042259,valid,unique_reported_entity,derivation_de8c6591df4764,-132.042259,source_to_target,FALSE,1,real resolved network anchor,chunk_adad5f853e121b5f435a;chunk_44d4a4e6539fd0f822c9;chunk_784ca4f837c7a19c3aad;chunk_aca53f9764a6bda613c7;chunk_e67625aea59d74264f63,candidate,Independent loss-mechanism evidence joined to co-reported entity component profiles with an exact formula balance.
tr_b23ad20fe0979a,ginsenoside,,ginsenoside Re1,Ginsenoside Rg1,entity_2ec6b6cd03228d6e,entity_d96110b1470152a6,loss of reported glc component,literature_inferred,,,,1,"[{""coefficient"":1,""entity_id"":""entity_2ec6b6cd03228d6e"",""role"":""substrate""}]","[{""coefficient"":1,""entity_id"":""entity_d96110b1470152a6"",""role"":""product""}]",0,substrate,0,network_preflight,unary_literature_transformation,loss_of_reported_glc_component,C48H82O19 -> C42H72O14,"[""form_ee6afa69e4cbce36""]","[""form_7e15527b576a6354""]",{},-162.052823,valid,unique_reported_entity,derivation_3ee8f1af10f8a0,-162.052823,source_to_target,FALSE,1,real resolved network anchor,chunk_adad5f853e121b5f435a;chunk_15955d34e68303239283;chunk_17559ab5861cab223c30;chunk_1c1e6578ab8c9a02d5a4;chunk_882470a12bfb0084bea7;chunk_ce301891eaa5f1eecc48,candidate,Independent loss-mechanism evidence joined to co-reported entity component profiles with an exact formula balance.
tr_dd08dabd916b79,ginsenoside,,ginsenjilinol,Oxidated-protopan axatriol+Glc,entity_baae10626edc3407,entity_523d29e7fb0d53f4,loss of reported glc component,literature_inferred,,,,1,"[{""coefficient"":1,""entity_id"":""entity_baae10626edc3407"",""role"":""substrate""}]","[{""coefficient"":1,""entity_id"":""entity_523d29e7fb0d53f4"",""role"":""product""}]",0,substrate,0,network_preflight,unary_literature_transformation,loss_of_reported_glc_component,C42H72O15 -> C36H62O10,"[""form_a0e2aba22878f881""]","[""form_4f453f5ee457eaf5""]",{},-162.052823,valid,unique_reported_entity,derivation_8b6aef8630a15d,-162.052823,source_to_target,FALSE,1,real resolved network anchor,chunk_adad5f853e121b5f435a;chunk_48ab71a520d8f796381f;chunk_8b0d4fd16f7534c1e694,candidate,Independent loss-mechanism evidence joined to co-reported entity component profiles with an exact formula balance.
tr_2ed7dbdd62c7d0,ginsenoside,,Notoginsenoside R1,ginsenoside Rf,entity_1c128e71fedcf015,entity_aa500cbc70ff655a,loss of reported xyl component,literature_inferred,,,,1,"[{""coefficient"":1,""entity_id"":""entity_1c128e71fedcf015"",""role"":""substrate""}]","[{""coefficient"":1,""entity_id"":""entity_aa500cbc70ff655a"",""role"":""product""}]",0,substrate,0,network_preflight,unary_literature_transformation,loss_of_reported_xyl_component,C47H80O18 -> C42H72O14,"[""form_3a4457373a7d4f42""]","[""form_27b1c936bea52cc8""]",{},-132.042259,valid,unique_reported_entity,derivation_943e42e3983bd6,-132.042259,source_to_target,FALSE,1,real resolved network anchor,chunk_adad5f853e121b5f435a;chunk_15955d34e68303239283,candidate,Independent loss-mechanism evidence joined to co-reported entity component profiles with an exact formula balance.
tr_7c98104c5902f9,ginsenoside,,pseudoginsenosid,Gypenoside,entity_47dbc528370f3c1f,entity_72b5e9a9dba187d9,loss of reported ac component,literature_inferred,,,,1,"[{""coefficient"":1,""entity_id"":""entity_47dbc528370f3c1f"",""role"":""substrate""}]","[{""coefficient"":1,""entity_id"":""entity_72b5e9a9dba187d9"",""role"":""product""}]",0,substrate,0,network_preflight,unary_literature_transformation,loss_of_reported_ac_component,C50H84O19 -> C48H82O18,"[""form_9848c2e2ea3acb86""]","[""form_2f75fb8072ace89b""]",{},-42.010565,valid,unique_reported_entity,derivation_985667eeca155b,-42.010565,source_to_target,FALSE,1,real resolved network anchor,chunk_a8a31155a0b2bb6655b5;chunk_1c1e6578ab8c9a02d5a4,candidate,Independent loss-mechanism evidence joined to co-reported entity component profiles with an exact formula balance.
tr_06e5321708e0df,ginsenoside,,20-glc-G-Rf,Ginsenoside Rg1,entity_1e9c9158b2d9f931,entity_d96110b1470152a6,loss of reported glc component,literature_inferred,,,,1,"[{""coefficient"":1,""entity_id"":""entity_1e9c9158b2d9f931"",""role"":""substrate""}]","[{""coefficient"":1,""entity_id"":""entity_d96110b1470152a6"",""role"":""product""}]",0,substrate,0,network_preflight,unary_literature_transformation,loss_of_reported_glc_component,C48H82O19 -> C42H72O14,"[""form_33560fce01591579""]","[""form_7e15527b576a6354""]",{},-162.052823,valid,unique_reported_entity,derivation_35c274de0f4635,-162.052823,source_to_target,FALSE,1,real resolved network anchor,chunk_adad5f853e121b5f435a;chunk_882470a12bfb0084bea7,candidate,Independent loss-mechanism evidence joined to co-reported entity component profiles with an exact formula balance.
tr_a08878838406ae,ginsenoside,,Yesanchinoside D,Ginsenoside Rg1,entity_30007aebe52b5a0a,entity_d96110b1470152a6,loss of reported ac component,literature_inferred,,,,1,"[{""coefficient"":1,""entity_id"":""entity_30007aebe52b5a0a"",""role"":""substrate""}]","[{""coefficient"":1,""entity_id"":""entity_d96110b1470152a6"",""role"":""product""}]",0,substrate,0,network_preflight,unary_literature_transformation,loss_of_reported_ac_component,C44H74O15 -> C42H72O14,"[""form_45fcaa75143a02d1""]","[""form_7e15527b576a6354""]",{},-42.010565,valid,unique_reported_entity,derivation_c8f29974270698,-42.010565,source_to_target,FALSE,1,real resolved network anchor,chunk_a8a31155a0b2bb6655b5;chunk_15955d34e68303239283,candidate,Independent loss-mechanism evidence joined to co-reported entity component profiles with an exact formula balance.
tr_29cafa3a16e8fe,ginsenoside,,ginsenoside Rf,G-Rh1,entity_aa500cbc70ff655a,entity_785007943bc3cf09,loss of reported glc component,literature_inferred,,,,1,"[{""coefficient"":1,""entity_id"":""entity_aa500cbc70ff655a"",""role"":""substrate""}]","[{""coefficient"":1,""entity_id"":""entity_785007943bc3cf09"",""role"":""product""}]",0,substrate,0,network_preflight,unary_literature_transformation,loss_of_reported_glc_component,C42H72O14 -> C36H62O9,"[""form_27b1c936bea52cc8""]","[""form_725ff54cb6e1c03e""]",{},-162.052823,valid,unique_reported_entity,derivation_09b5e430c6d11f,-162.052823,source_to_target,FALSE,1,real resolved network anchor,chunk_adad5f853e121b5f435a;chunk_15955d34e68303239283,candidate,Independent loss-mechanism evidence joined to co-reported entity component profiles with an exact formula balance.
tr_868459786ed72e,ginsenoside,,G-Rg1,G-Rh1,entity_11d5cf053633d1b5,entity_785007943bc3cf09,loss of reported glc component,literature_inferred,,,,1,"[{""coefficient"":1,""entity_id"":""entity_11d5cf053633d1b5"",""role"":""substrate""}]","[{""coefficient"":1,""entity_id"":""entity_785007943bc3cf09"",""role"":""product""}]",0,substrate,0,network_preflight,unary_literature_transformation,loss_of_reported_glc_component,C42H72O14 -> C36H62O9,"[""form_f8fd40e1318431a4""]","[""form_725ff54cb6e1c03e""]",{},-162.052823,valid,unique_reported_entity,derivation_c2654a5266502c,-162.052823,source_to_target,FALSE,1,real resolved network anchor,chunk_adad5f853e121b5f435a;chunk_15955d34e68303239283,candidate,Independent loss-mechanism evidence joined to co-reported entity component profiles with an exact formula balance.
tr_c63e2d1e1aea3f,ginsenoside,,Ginsenoside Rs4,Ginsenoside Rg5,entity_51b5d8a847bfa805,entity_7de542b596420380,loss of reported ac component,literature_inferred,,,,1,"[{""coefficient"":1,""entity_id"":""entity_51b5d8a847bfa805"",""role"":""substrate""}]","[{""coefficient"":1,""entity_id"":""entity_7de542b596420380"",""role"":""product""}]",0,substrate,0,network_preflight,unary_literature_transformation,loss_of_reported_ac_component,C44H72O13 -> C42H70O12,"[""form_d9331d0fec02ff1c""]","[""form_f0c1243bf0f23510""]",{},-42.010565,valid,unique_reported_entity,derivation_e0dd49f81c20e1,-42.010565,source_to_target,FALSE,1,real resolved network anchor,chunk_a8a31155a0b2bb6655b5;chunk_2cb662e303c135aead81;chunk_6b0d64bd980aea95f64b;chunk_9f3933945423aa330977;chunk_fd890ca0e95c605dce18,candidate,Independent loss-mechanism evidence joined to co-reported entity component profiles with an exact formula balance.
tr_3540f4bc44b189,ginsenoside,,PQ-R1,pseudoginsenosid,entity_792f5e28b491b856,entity_47dbc528370f3c1f,loss of reported glc component,literature_inferred,,,,1,"[{""coefficient"":1,""entity_id"":""entity_792f5e28b491b856"",""role"":""substrate""}]","[{""coefficient"":1,""entity_id"":""entity_47dbc528370f3c1f"",""role"":""product""}]",0,substrate,0,network_preflight,unary_literature_transformation,loss_of_reported_glc_component,C56H94O24 -> C50H84O19,"[""form_a98a86d8bcacca82""]","[""form_9848c2e2ea3acb86""]",{},-162.052823,valid,unique_reported_entity,derivation_a354454e1a68b4,-162.052823,source_to_target,FALSE,1,real resolved network anchor,chunk_adad5f853e121b5f435a;chunk_1c1e6578ab8c9a02d5a4,candidate,Independent loss-mechanism evidence joined to co-reported entity component profiles with an exact formula balance.
tr_1664d3f293a8b5,ginsenoside,,20Z-ginsenoside-Rs4 isomer,Ginsenoside Rg5,entity_a3c49a9d80873e03,entity_7de542b596420380,loss of reported ac component,literature_inferred,,,,1,"[{""coefficient"":1,""entity_id"":""entity_a3c49a9d80873e03"",""role"":""substrate""}]","[{""coefficient"":1,""entity_id"":""entity_7de542b596420380"",""role"":""product""}]",0,substrate,0,network_preflight,unary_literature_transformation,loss_of_reported_ac_component,C44H72O13 -> C42H70O12,"[""form_18b78ae35b505ca1""]","[""form_f0c1243bf0f23510""]",{},-42.010565,valid,unique_reported_entity,derivation_5351fd3a01d58b,-42.010565,source_to_target,FALSE,1,real resolved network anchor,chunk_a8a31155a0b2bb6655b5;chunk_2cb662e303c135aead81;chunk_51982da1a04a240f3299;chunk_fd890ca0e95c605dce18,candidate,Independent loss-mechanism evidence joined to co-reported entity component profiles with an exact formula balance.
tr_5fce90ae4091b8,ginsenoside,,koryoginsenoside R1,G-Rf,entity_b506080fbc6bd6ae,entity_fc7578bb143494c5,loss of reported but component,literature_inferred,,,,1,"[{""coefficient"":1,""entity_id"":""entity_b506080fbc6bd6ae"",""role"":""substrate""}]","[{""coefficient"":1,""entity_id"":""entity_fc7578bb143494c5"",""role"":""product""}]",0,substrate,0,network_preflight,unary_literature_transformation,loss_of_reported_but_component,C46H76O15 -> C42H72O14,"[""form_10892323936e0d05""]","[""form_3892af7899663cbb""]",{},-68.026215,valid,unique_reported_entity,derivation_54ffb4886ae804,-68.026215,source_to_target,FALSE,1,real resolved network anchor,chunk_a8a31155a0b2bb6655b5;chunk_15955d34e68303239283,candidate,Independent loss-mechanism evidence joined to co-reported entity component profiles with an exact formula balance.
tr_0631173152f278,ginsenoside,,Rs2,G-Rb2/G-Rb3/G-Rc,entity_b01a4a2f9665cb89,entity_3aad3305041f63e9,loss of reported ac component,literature_inferred,,,,1,"[{""coefficient"":1,""entity_id"":""entity_b01a4a2f9665cb89"",""role"":""substrate""}]","[{""coefficient"":1,""entity_id"":""entity_3aad3305041f63e9"",""role"":""product""}]",0,substrate,0,network_preflight,unary_literature_transformation,loss_of_reported_ac_component,C55H92O23 -> C53H90O22,"[""form_d803829f4642916a""]","[""form_f54bf7ca8bf4d9b1""]",{},-42.010565,valid,unique_reported_entity,derivation_52aa0720646055,-42.010565,source_to_target,FALSE,1,real resolved network anchor,chunk_a8a31155a0b2bb6655b5;chunk_1c1e6578ab8c9a02d5a4;chunk_2c82b7e414372849f471;chunk_422e82f9c16efd5c8866;chunk_784ca4f837c7a19c3aad;chunk_882470a12bfb0084bea7,candidate,Independent loss-mechanism evidence joined to co-reported entity component profiles with an exact formula balance.
tr_a39ed9172cf8ca,ginsenoside,,NG-N,G-Rf,entity_a6832f070a739024,entity_fc7578bb143494c5,loss of reported glc component,literature_inferred,,,,1,"[{""coefficient"":1,""entity_id"":""entity_a6832f070a739024"",""role"":""substrate""}]","[{""coefficient"":1,""entity_id"":""entity_fc7578bb143494c5"",""role"":""product""}]",0,substrate,0,network_preflight,unary_literature_transformation,loss_of_reported_glc_component,C48H82O19 -> C42H72O14,"[""form_0f642e553e5dd867""]","[""form_3892af7899663cbb""]",{},-162.052823,valid,unique_reported_entity,derivation_3f00cef2d7da92,-162.052823,source_to_target,FALSE,1,real resolved network anchor,chunk_adad5f853e121b5f435a;chunk_15955d34e68303239283,candidate,Independent loss-mechanism evidence joined to co-reported entity component profiles with an exact formula balance.
tr_6595c6583988fb,ginsenoside,,koryoginsenoside,ginsenoside Re3,entity_ad12e53dcb453643,entity_6853db04e14ae862,loss of reported glc component,literature_inferred,,,,1,"[{""coefficient"":1,""entity_id"":""entity_ad12e53dcb453643"",""role"":""substrate""}]","[{""coefficient"":1,""entity_id"":""entity_6853db04e14ae862"",""role"":""product""}]",0,substrate,0,network_preflight,unary_literature_transformation,loss_of_reported_glc_component,C54H92O24 -> C48H82O19,"[""form_fb90cd582faea142""]","[""form_d9656570fb5502cc""]",{},-162.052823,valid,unique_reported_entity,derivation_c9391fca1b9635,-162.052823,source_to_target,FALSE,1,real resolved network anchor,chunk_adad5f853e121b5f435a;chunk_1c1e6578ab8c9a02d5a4,candidate,Independent loss-mechanism evidence joined to co-reported entity component profiles with an exact formula balance.
tr_05d009a1cb376c,ginsenoside,,notoginsenoside N,ginsenoside Rf,entity_2cff75a5b5896862,entity_aa500cbc70ff655a,loss of reported glc component,literature_inferred,,,,1,"[{""coefficient"":1,""entity_id"":""entity_2cff75a5b5896862"",""role"":""substrate""}]","[{""coefficient"":1,""entity_id"":""entity_aa500cbc70ff655a"",""role"":""product""}]",0,substrate,0,network_preflight,unary_literature_transformation,loss_of_reported_glc_component,C48H82O19 -> C42H72O14,"[""form_8bc5ff1fc84e1b76""]","[""form_27b1c936bea52cc8""]",{},-162.052823,valid,unique_reported_entity,derivation_0f70fbdc737e15,-162.052823,source_to_target,FALSE,1,real resolved network anchor,chunk_adad5f853e121b5f435a;chunk_15955d34e68303239283,candidate,Independent loss-mechanism evidence joined to co-reported entity component profiles with an exact formula balance.
tr_cfd9fbdbcbbd8a,ginsenoside,,G-Re6,G-Rg1,entity_c50614a27df04861,entity_11d5cf053633d1b5,loss of reported but component,literature_inferred,,,,1,"[{""coefficient"":1,""entity_id"":""entity_c50614a27df04861"",""role"":""substrate""}]","[{""coefficient"":1,""entity_id"":""entity_11d5cf053633d1b5"",""role"":""product""}]",0,substrate,0,network_preflight,unary_literature_transformation,loss_of_reported_but_component,C46H76O15 -> C42H72O14,"[""form_677909a2ad214ea5""]","[""form_f8fd40e1318431a4""]",{},-68.026215,valid,unique_reported_entity,derivation_940f78f90f704d,-68.026215,source_to_target,FALSE,1,real resolved network anchor,chunk_a8a31155a0b2bb6655b5;chunk_15955d34e68303239283;chunk_3fbcfd2a032f66b908a5;chunk_882470a12bfb0084bea7;chunk_cede274bcb6c91cff19e,candidate,Independent loss-mechanism evidence joined to co-reported entity component profiles with an exact formula balance.
tr_2138cffe28eeac,ginsenoside,,koryoginsenoside,ginsenoside Re1,entity_ad12e53dcb453643,entity_2ec6b6cd03228d6e,loss of reported glc component,literature_inferred,,,,1,"[{""coefficient"":1,""entity_id"":""entity_ad12e53dcb453643"",""role"":""substrate""}]","[{""coefficient"":1,""entity_id"":""entity_2ec6b6cd03228d6e"",""role"":""product""}]",0,substrate,0,network_preflight,unary_literature_transformation,loss_of_reported_glc_component,C54H92O24 -> C48H82O19,"[""form_fb90cd582faea142""]","[""form_ee6afa69e4cbce36""]",{},-162.052823,valid,unique_reported_entity,derivation_a1f7cd543d5793,-162.052823,source_to_target,FALSE,1,real resolved network anchor,chunk_adad5f853e121b5f435a;chunk_1c1e6578ab8c9a02d5a4,candidate,Independent loss-mechanism evidence joined to co-reported entity component profiles with an exact formula balance.
tr_54bfeebe7b70e1,ginsenoside,,Ginsenoside Re,ginsenoside Rg2,entity_23d34ff9f882b214,entity_52946a3c681989c1,loss of reported glc component,literature_inferred,,,,1,"[{""coefficient"":1,""entity_id"":""entity_23d34ff9f882b214"",""role"":""substrate""}]","[{""coefficient"":1,""entity_id"":""entity_52946a3c681989c1"",""role"":""product""}]",0,substrate,0,network_preflight,unary_literature_transformation,loss_of_reported_glc_component,C48H82O18 -> C42H72O13,"[""form_db88fdae80105092""]","[""form_3393305ea80a2dd7""]",{},-162.052823,valid,unique_reported_entity,derivation_1cea9e5ee6d747,-162.052823,source_to_target,FALSE,1,real resolved network anchor,chunk_adad5f853e121b5f435a;chunk_882470a12bfb0084bea7,candidate,Independent loss-mechanism evidence joined to co-reported entity component profiles with an exact formula balance.
tr_eaf9603820d008,ginsenoside,,G-Rc,Ginsenoside Rd,entity_1f50137473f79c32,entity_6cf53cd8e18ecbba,loss of reported ara(f) component,literature_inferred,,,,1,"[{""coefficient"":1,""entity_id"":""entity_1f50137473f79c32"",""role"":""substrate""}]","[{""coefficient"":1,""entity_id"":""entity_6cf53cd8e18ecbba"",""role"":""product""}]",0,substrate,0,network_preflight,unary_literature_transformation,loss_of_reported_ara_f_component,C53H90O22 -> C48H82O18,"[""form_f7158d1a82dd7d29""]","[""form_301a8c7f3bc70122""]",{},-132.042259,valid,unique_reported_entity,derivation_3770044ec759ce,-132.042259,source_to_target,FALSE,1,real resolved network anchor,chunk_adad5f853e121b5f435a;chunk_784ca4f837c7a19c3aad,candidate,Independent loss-mechanism evidence joined to co-reported entity component profiles with an exact formula balance.
tr_3b6794066da8db,ginsenoside,,ginsenoside Re6,Ginsenoside Rg1,entity_52e69b9be833c34b,entity_d96110b1470152a6,loss of reported but component,literature_inferred,,,,1,"[{""coefficient"":1,""entity_id"":""entity_52e69b9be833c34b"",""role"":""substrate""}]","[{""coefficient"":1,""entity_id"":""entity_d96110b1470152a6"",""role"":""product""}]",0,substrate,0,network_preflight,unary_literature_transformation,loss_of_reported_but_component,C46H76O15 -> C42H72O14,"[""form_0af0834bfc9aaae9""]","[""form_7e15527b576a6354""]",{},-68.026215,valid,unique_reported_entity,derivation_1ed491f3a85b84,-68.026215,source_to_target,FALSE,1,real resolved network anchor,chunk_a8a31155a0b2bb6655b5;chunk_15955d34e68303239283;chunk_3fbcfd2a032f66b908a5;chunk_882470a12bfb0084bea7;chunk_cede274bcb6c91cff19e,candidate,Independent loss-mechanism evidence joined to co-reported entity component profiles with an exact formula balance.
tr_7f4ed62dd43c17,ginsenoside,,Ginsenoside Rb3,Vina-ginsenoside,entity_51ddcb86ca8d9896,entity_e6fc8f55fdc2bbc6,loss of reported glc component,literature_inferred,,,,1,"[{""coefficient"":1,""entity_id"":""entity_51ddcb86ca8d9896"",""role"":""substrate""}]","[{""coefficient"":1,""entity_id"":""entity_e6fc8f55fdc2bbc6"",""role"":""product""}]",0,substrate,0,network_preflight,unary_literature_transformation,loss_of_reported_glc_component,C53H90O22 -> C47H80O17,"[""form_d296c75372b86da0""]","[""form_6de90b65c2f8cc3f""]",{},-162.052823,valid,unique_reported_entity,derivation_3250da38dd44e0,-162.052823,source_to_target,FALSE,1,real resolved network anchor,chunk_adad5f853e121b5f435a;chunk_1c1e6578ab8c9a02d5a4;chunk_3b867ed59739d5a22268;chunk_784ca4f837c7a19c3aad,candidate,Independent loss-mechanism evidence joined to co-reported entity component profiles with an exact formula balance.
tr_48e050f7ea10af,ginsenoside,,Pseudoginsenoside Rc1,Acetyl-Ginsenoside Rg3,entity_3619e1049b80d09d,entity_6fb97f378aaa39ff,loss of reported glc component,literature_inferred,,,,1,"[{""coefficient"":1,""entity_id"":""entity_3619e1049b80d09d"",""role"":""substrate""}]","[{""coefficient"":1,""entity_id"":""entity_6fb97f378aaa39ff"",""role"":""product""}]",0,substrate,0,network_preflight,unary_literature_transformation,loss_of_reported_glc_component,C50H84O19 -> C44H74O14,"[""form_c693ebf974be9821""]","[""form_a534b78873d22276""]",{},-162.052823,valid,unique_reported_entity,derivation_dc0d442b4bed6d,-162.052823,source_to_target,FALSE,1,real resolved network anchor,chunk_adad5f853e121b5f435a;chunk_61004029bc1f218b90c1;chunk_654d2a4219b13a49d8a1;chunk_8d91bddac5b66a96dcd3,candidate,Independent loss-mechanism evidence joined to co-reported entity component profiles with an exact formula balance.
tr_efc45d7f7fedae,ginsenoside,,Dehydrated-protop anaxatriol+Xyl/Ara+,noto-T5 isomer,entity_0872f7980baff56a,entity_2da943f01efac484,loss of reported glc component,literature_inferred,,,,1,"[{""coefficient"":1,""entity_id"":""entity_0872f7980baff56a"",""role"":""substrate""}]","[{""coefficient"":1,""entity_id"":""entity_2da943f01efac484"",""role"":""product""}]",0,substrate,0,network_preflight,unary_literature_transformation,loss_of_reported_glc_component,C47H78O17 -> C41H68O12,"[""form_cf92b986b18c7270""]","[""form_9943d2739f73f8fd""]",{},-162.052823,valid,unique_reported_entity,derivation_b1cd35790dd9d5,-162.052823,source_to_target,FALSE,1,real resolved network anchor,chunk_adad5f853e121b5f435a;chunk_61d5b07d3c76866a378e;chunk_88e8e2b26c7dc04926aa;chunk_c978f98109b764eb4405;chunk_cd666b06466a5a2b5984,candidate,Independent loss-mechanism evidence joined to co-reported entity component profiles with an exact formula balance.
tr_cb664577400608,ginsenoside,,Acetyl gypenoside,Acetyl-Ginsenoside Rg3,entity_caf9176368c9f933,entity_6fb97f378aaa39ff,loss of reported glc component,literature_inferred,,,,1,"[{""coefficient"":1,""entity_id"":""entity_caf9176368c9f933"",""role"":""substrate""}]","[{""coefficient"":1,""entity_id"":""entity_6fb97f378aaa39ff"",""role"":""product""}]",0,substrate,0,network_preflight,unary_literature_transformation,loss_of_reported_glc_component,C50H84O19 -> C44H74O14,"[""form_8672bf959e1ebc91""]","[""form_a534b78873d22276""]",{},-162.052823,valid,unique_reported_entity,derivation_ca1c4c64f7b8a0,-162.052823,source_to_target,FALSE,1,real resolved network anchor,chunk_adad5f853e121b5f435a;chunk_61004029bc1f218b90c1;chunk_9d87269f94909f211bfd,candidate,Independent loss-mechanism evidence joined to co-reported entity component profiles with an exact formula balance.
tr_5a842c1dc8f279,ginsenoside,,ginsenoside Re4,Ginsenoside Rg1,entity_6a4dd182e0ce4718,entity_d96110b1470152a6,loss of reported ara(f) component,literature_inferred,,,,1,"[{""coefficient"":1,""entity_id"":""entity_6a4dd182e0ce4718"",""role"":""substrate""}]","[{""coefficient"":1,""entity_id"":""entity_d96110b1470152a6"",""role"":""product""}]",0,substrate,0,network_preflight,unary_literature_transformation,loss_of_reported_ara_f_component,C47H80O18 -> C42H72O14,"[""form_2142377cb9d1d762""]","[""form_7e15527b576a6354""]",{},-132.042259,valid,unique_reported_entity,derivation_1736fdda5b634e,-132.042259,source_to_target,FALSE,1,real resolved network anchor,chunk_adad5f853e121b5f435a;chunk_882470a12bfb0084bea7,candidate,Independent loss-mechanism evidence joined to co-reported entity component profiles with an exact formula balance.
tr_f7ac2a7695b2ef,ginsenoside,,ginsenoside Rs2,pseudoginsenosid,entity_65badd991c896f99,entity_47dbc528370f3c1f,loss of reported ara(f) component,literature_inferred,,,,1,"[{""coefficient"":1,""entity_id"":""entity_65badd991c896f99"",""role"":""substrate""}]","[{""coefficient"":1,""entity_id"":""entity_47dbc528370f3c1f"",""role"":""product""}]",0,substrate,0,network_preflight,unary_literature_transformation,loss_of_reported_ara_f_component,C55H92O23 -> C50H84O19,"[""form_919a469420f7e72a""]","[""form_9848c2e2ea3acb86""]",{},-132.042259,valid,unique_reported_entity,derivation_d27a0a06a99def,-132.042259,source_to_target,FALSE,1,real resolved network anchor,chunk_adad5f853e121b5f435a;chunk_1c1e6578ab8c9a02d5a4,candidate,Independent loss-mechanism evidence joined to co-reported entity component profiles with an exact formula balance.
tr_2589c11490a1dd,ginsenoside,,Acetyl malonyl-ginsenosid e Re,Malonyl-ginsenosid e Re isomer,entity_a480425d92864418,entity_ce1f217c857b8b8e,loss of reported ac component,literature_inferred,,,,1,"[{""coefficient"":1,""entity_id"":""entity_a480425d92864418"",""role"":""substrate""}]","[{""coefficient"":1,""entity_id"":""entity_ce1f217c857b8b8e"",""role"":""product""}]",0,substrate,0,network_preflight,unary_literature_transformation,loss_of_reported_ac_component,C53H86O22 -> C51H84O21,"[""form_ca9c23fbd7177d4a""]","[""form_5055068c58f04786""]",{},-42.010565,valid,unique_reported_entity,derivation_c1723fc5f59311,-42.010565,source_to_target,FALSE,1,real resolved network anchor,chunk_a8a31155a0b2bb6655b5;chunk_3d617d8ad57e62b642c7;chunk_93badd385d996c9aed5c;chunk_996fc906ea2c371394fd;chunk_d2ee36efb85368dc23d1,candidate,Independent loss-mechanism evidence joined to co-reported entity component profiles with an exact formula balance.
tr_c2347e7528e21c,ginsenoside,,G-Rs2,Ginsenoside Rc,entity_2782aa795f2975f1,entity_56af8ed5402cfe0b,loss of reported ac component,literature_inferred,,,,1,"[{""coefficient"":1,""entity_id"":""entity_2782aa795f2975f1"",""role"":""substrate""}]","[{""coefficient"":1,""entity_id"":""entity_56af8ed5402cfe0b"",""role"":""product""}]",0,substrate,0,network_preflight,unary_literature_transformation,loss_of_reported_ac_component,C55H92O23 -> C53H90O22,"[""form_d5d3812ffe8c5f7b""]","[""form_1be600cfda8b63c2""]",{},-42.010565,valid,unique_reported_entity,derivation_9ff71bd7acdc4f,-42.010565,source_to_target,FALSE,1,real resolved network anchor,chunk_a8a31155a0b2bb6655b5;chunk_1c1e6578ab8c9a02d5a4;chunk_2c82b7e414372849f471;chunk_422e82f9c16efd5c8866;chunk_784ca4f837c7a19c3aad;chunk_882470a12bfb0084bea7,candidate,Independent loss-mechanism evidence joined to co-reported entity component profiles with an exact formula balance.
tr_7e4facc649ea7e,ginsenoside,,ginsenoside Re5,Oxidated-protopan axatriol+Glc,entity_f4ede85d52949b36,entity_523d29e7fb0d53f4,loss of reported glc component,literature_inferred,,,,1,"[{""coefficient"":1,""entity_id"":""entity_f4ede85d52949b36"",""role"":""substrate""}]","[{""coefficient"":1,""entity_id"":""entity_523d29e7fb0d53f4"",""role"":""product""}]",0,substrate,0,network_preflight,unary_literature_transformation,loss_of_reported_glc_component,C42H72O15 -> C36H62O10,"[""form_eb63fa93cd069529""]","[""form_4f453f5ee457eaf5""]",{},-162.052823,valid,unique_reported_entity,derivation_bc85295d39a3fa,-162.052823,source_to_target,FALSE,1,real resolved network anchor,chunk_adad5f853e121b5f435a;chunk_48ab71a520d8f796381f;chunk_8b0d4fd16f7534c1e694,candidate,Independent loss-mechanism evidence joined to co-reported entity component profiles with an exact formula balance.
tr_ef264bef569de3,ginsenoside,,G-Ra1,Ginsenoside Rb3,entity_0e0a32a9e1a4d4c1,entity_51ddcb86ca8d9896,loss of reported ara(p) component,literature_inferred,,,,1,"[{""coefficient"":1,""entity_id"":""entity_0e0a32a9e1a4d4c1"",""role"":""substrate""}]","[{""coefficient"":1,""entity_id"":""entity_51ddcb86ca8d9896"",""role"":""product""}]",0,substrate,0,network_preflight,unary_literature_transformation,loss_of_reported_ara_p_component,C58H98O26 -> C53H90O22,"[""form_e60310999e8e4879""]","[""form_d296c75372b86da0""]",{},-132.042259,valid,unique_reported_entity,derivation_dc462c3f0d7370,-132.042259,source_to_target,FALSE,1,real resolved network anchor,chunk_adad5f853e121b5f435a;chunk_3b867ed59739d5a22268;chunk_784ca4f837c7a19c3aad;chunk_aca53f9764a6bda613c7;chunk_e67625aea59d74264f63,candidate,Independent loss-mechanism evidence joined to co-reported entity component profiles with an exact formula balance.
tr_9a7544abd00e5b,ginsenoside,,Dehydrogenated-pr otopanaxatriol+3Glc,Protopanaxadiol+Gl u A+3Glc,entity_c9402a61578a6ecc,entity_faf1432c24f744da,loss of reported malonyl component,literature_inferred,,,,1,"[{""coefficient"":1,""entity_id"":""entity_c9402a61578a6ecc"",""role"":""substrate""}]","[{""coefficient"":1,""entity_id"":""entity_faf1432c24f744da"",""role"":""product""}]",0,substrate,0,network_preflight,unary_literature_transformation,loss_of_reported_malonyl_component,C57H92O27 -> C54H90O24,"[""form_0917668b7db1a71f""]","[""form_6a6fb08e97bfb198""]",{},-86.000394,valid,unique_reported_entity,derivation_4437c5b59d011c,-86.000394,source_to_target,FALSE,1,real resolved network anchor,chunk_772144b2e1305d68f4bc;chunk_0b019fc789cec76173a6;chunk_550e85352df64c6bed8f;chunk_70ee31f1ea683e9c98f8;chunk_7c2cbe98b4fa28c580ef;chunk_95f9f0c8cef7f2db7ca5;chunk_cfb39ba3355e1c430b34,candidate,Independent loss-mechanism evidence joined to co-reported entity component profiles with an exact formula balance.
tr_8efcc0be0c060a,ginsenoside,,G-Rb3,Ginsenoside Rd,entity_38d79c2f72ee3833,entity_6cf53cd8e18ecbba,loss of reported xyl component,literature_inferred,,,,1,"[{""coefficient"":1,""entity_id"":""entity_38d79c2f72ee3833"",""role"":""substrate""}]","[{""coefficient"":1,""entity_id"":""entity_6cf53cd8e18ecbba"",""role"":""product""}]",0,substrate,0,network_preflight,unary_literature_transformation,loss_of_reported_xyl_component,C53H90O22 -> C48H82O18,"[""form_bc23e7afc30d5b9d""]","[""form_301a8c7f3bc70122""]",{},-132.042259,valid,unique_reported_entity,derivation_f0b507f448cee9,-132.042259,source_to_target,FALSE,1,real resolved network anchor,chunk_adad5f853e121b5f435a;chunk_784ca4f837c7a19c3aad,candidate,Independent loss-mechanism evidence joined to co-reported entity component profiles with an exact formula balance.
tr_7588b222333263,ginsenoside,,Quinquenoside R1,G-Rb1,entity_18b749064f08c778,entity_8a8de1145f59f199,loss of reported ac component,literature_inferred,,,,1,"[{""coefficient"":1,""entity_id"":""entity_18b749064f08c778"",""role"":""substrate""}]","[{""coefficient"":1,""entity_id"":""entity_8a8de1145f59f199"",""role"":""product""}]",0,substrate,0,network_preflight,unary_literature_transformation,loss_of_reported_ac_component,C56H94O24 -> C54H92O23,"[""form_d9af9bd70a3593b8""]","[""form_f255d9982516474c""]",{},-42.010565,valid,unique_reported_entity,derivation_27ada9e9256586,-42.010565,source_to_target,FALSE,1,real resolved network anchor,chunk_a8a31155a0b2bb6655b5;chunk_1c1e6578ab8c9a02d5a4;chunk_39550165b91703d596a2;chunk_784ca4f837c7a19c3aad;chunk_a1805dae0ab969b92d9b;chunk_b30b2c401321bfd9dbf3;chunk_c8e9107bce1afd08ab84,candidate,Independent loss-mechanism evidence joined to co-reported entity component profiles with an exact formula balance.
tr_c7c09febfbeeff,ginsenoside,,ginsenoside Re1,G-Rf,entity_2ec6b6cd03228d6e,entity_fc7578bb143494c5,loss of reported glc component,literature_inferred,,,,1,"[{""coefficient"":1,""entity_id"":""entity_2ec6b6cd03228d6e"",""role"":""substrate""}]","[{""coefficient"":1,""entity_id"":""entity_fc7578bb143494c5"",""role"":""product""}]",0,substrate,0,network_preflight,unary_literature_transformation,loss_of_reported_glc_component,C48H82O19 -> C42H72O14,"[""form_ee6afa69e4cbce36""]","[""form_3892af7899663cbb""]",{},-162.052823,valid,unique_reported_entity,derivation_d107a4f235ff0e,-162.052823,source_to_target,FALSE,1,real resolved network anchor,chunk_adad5f853e121b5f435a;chunk_15955d34e68303239283;chunk_17559ab5861cab223c30;chunk_1c1e6578ab8c9a02d5a4;chunk_882470a12bfb0084bea7;chunk_ce301891eaa5f1eecc48,candidate,Independent loss-mechanism evidence joined to co-reported entity component profiles with an exact formula balance.
tr_ca52894b1ff7e2,ginsenoside,,Notoginsenoside R1,notoginsenoside R2,entity_1c128e71fedcf015,entity_9a56f24d40f60377,loss of reported glc component,literature_inferred,,,,1,"[{""coefficient"":1,""entity_id"":""entity_1c128e71fedcf015"",""role"":""substrate""}]","[{""coefficient"":1,""entity_id"":""entity_9a56f24d40f60377"",""role"":""product""}]",0,substrate,0,network_preflight,unary_literature_transformation,loss_of_reported_glc_component,C47H80O18 -> C41H70O13,"[""form_3a4457373a7d4f42""]","[""form_9cd8e06e3537bc21""]",{},-162.052823,valid,unique_reported_entity,derivation_2f7b3d6549a310,-162.052823,source_to_target,FALSE,1,real resolved network anchor,chunk_adad5f853e121b5f435a;chunk_15955d34e68303239283;chunk_350cbe9d67e78502c37e,candidate,Independent loss-mechanism evidence joined to co-reported entity component profiles with an exact formula balance.
tr_47a355dcb50303,ginsenoside,,G-Re1,G-Rf,entity_b8ed38e87c37b24f,entity_fc7578bb143494c5,loss of reported glc component,literature_inferred,,,,1,"[{""coefficient"":1,""entity_id"":""entity_b8ed38e87c37b24f"",""role"":""substrate""}]","[{""coefficient"":1,""entity_id"":""entity_fc7578bb143494c5"",""role"":""product""}]",0,substrate,0,network_preflight,unary_literature_transformation,loss_of_reported_glc_component,C48H82O19 -> C42H72O14,"[""form_f27de16efb5164e9""]","[""form_3892af7899663cbb""]",{},-162.052823,valid,unique_reported_entity,derivation_22f272564d144d,-162.052823,source_to_target,FALSE,1,real resolved network anchor,chunk_adad5f853e121b5f435a;chunk_15955d34e68303239283;chunk_17559ab5861cab223c30;chunk_1c1e6578ab8c9a02d5a4;chunk_882470a12bfb0084bea7;chunk_ce301891eaa5f1eecc48,candidate,Independent loss-mechanism evidence joined to co-reported entity component profiles with an exact formula balance.
tr_e3f87854a5b34d,ginsenoside,,Malonyl-ginsenosid e Rb3,Malonyl-ginsenosid e Rd isomer,entity_b84a691072c9c3c4,entity_f5a35bdebdc9fae4,loss of reported xyl component,literature_inferred,,,,1,"[{""coefficient"":1,""entity_id"":""entity_b84a691072c9c3c4"",""role"":""substrate""}]","[{""coefficient"":1,""entity_id"":""entity_f5a35bdebdc9fae4"",""role"":""product""}]",0,substrate,0,network_preflight,unary_literature_transformation,loss_of_reported_xyl_component,C56H92O25 -> C51H84O21,"[""form_20c5c3f6fe0bc45c""]","[""form_fe4c2564759a91a8""]",{},-132.042259,valid,unique_reported_entity,derivation_fd7412ca06122d,-132.042259,source_to_target,FALSE,1,real resolved network anchor,chunk_adad5f853e121b5f435a;chunk_2f6f8a757f20e58b3e80;chunk_5841c168bd2ba0ca31fe;chunk_9f93d616b48dc6c4b28a,candidate,Independent loss-mechanism evidence joined to co-reported entity component profiles with an exact formula balance.
tr_01323ff9494ef1,ginsenoside,,Malonyl-notoginsen oside R4,Malonyl-ginsenosid e Rb3,entity_8fb3b025548f6bb4,entity_b84a691072c9c3c4,loss of reported glc component,literature_inferred,,,,1,"[{""coefficient"":1,""entity_id"":""entity_8fb3b025548f6bb4"",""role"":""substrate""}]","[{""coefficient"":1,""entity_id"":""entity_b84a691072c9c3c4"",""role"":""product""}]",0,substrate,0,network_preflight,unary_literature_transformation,loss_of_reported_glc_component,C62H102O30 -> C56H92O25,"[""form_bfbaf7fa1d593bfe""]","[""form_20c5c3f6fe0bc45c""]",{},-162.052823,valid,unique_reported_entity,derivation_d781ccdbf62e95,-162.052823,source_to_target,FALSE,1,real resolved network anchor,chunk_adad5f853e121b5f435a;chunk_2f6f8a757f20e58b3e80;chunk_3082f555030cfe0b794f;chunk_ddbc558f38b12054945a,candidate,Independent loss-mechanism evidence joined to co-reported entity component profiles with an exact formula balance.
tr_613245548c6509,ginsenoside,,ginsenoside Ra1,G-Rb2,entity_2885adcc4e7f5c46,entity_54bdab51a5ed7d7c,loss of reported xyl component,literature_inferred,,,,1,"[{""coefficient"":1,""entity_id"":""entity_2885adcc4e7f5c46"",""role"":""substrate""}]","[{""coefficient"":1,""entity_id"":""entity_54bdab51a5ed7d7c"",""role"":""product""}]",0,substrate,0,network_preflight,unary_literature_transformation,loss_of_reported_xyl_component,C58H98O26 -> C53H90O22,"[""form_35dcbbd778c74549""]","[""form_f66295bbcdc4b08d""]",{},-132.042259,valid,unique_reported_entity,derivation_99b755cc65aba7,-132.042259,source_to_target,FALSE,1,real resolved network anchor,chunk_adad5f853e121b5f435a;chunk_44d4a4e6539fd0f822c9;chunk_784ca4f837c7a19c3aad;chunk_aca53f9764a6bda613c7;chunk_e67625aea59d74264f63,candidate,Independent loss-mechanism evidence joined to co-reported entity component profiles with an exact formula balance.
tr_f42db96d692634,ginsenoside,,koryoginsenoside,20-gluco-ginsenoside,entity_ad12e53dcb453643,entity_9427c164145f6329,loss of reported glc component,literature_inferred,,,,1,"[{""coefficient"":1,""entity_id"":""entity_ad12e53dcb453643"",""role"":""substrate""}]","[{""coefficient"":1,""entity_id"":""entity_9427c164145f6329"",""role"":""product""}]",0,substrate,0,network_preflight,unary_literature_transformation,loss_of_reported_glc_component,C54H92O24 -> C48H82O19,"[""form_fb90cd582faea142""]","[""form_ebb02692f6bece6f""]",{},-162.052823,valid,unique_reported_entity,derivation_f3a6bf4661186e,-162.052823,source_to_target,FALSE,1,real resolved network anchor,chunk_adad5f853e121b5f435a;chunk_15955d34e68303239283;chunk_1c1e6578ab8c9a02d5a4,candidate,Independent loss-mechanism evidence joined to co-reported entity component profiles with an exact formula balance.
tr_9ba9dd20d810a8,ginsenoside,,Rs4,Ginsenoside Rg5,entity_7ad01b718f29eb18,entity_7de542b596420380,loss of reported ac component,literature_inferred,,,,1,"[{""coefficient"":1,""entity_id"":""entity_7ad01b718f29eb18"",""role"":""substrate""}]","[{""coefficient"":1,""entity_id"":""entity_7de542b596420380"",""role"":""product""}]",0,substrate,0,network_preflight,unary_literature_transformation,loss_of_reported_ac_component,C44H72O13 -> C42H70O12,"[""form_19d464bf40ebadfd""]","[""form_f0c1243bf0f23510""]",{},-42.010565,valid,unique_reported_entity,derivation_e3678d3f3d61e5,-42.010565,source_to_target,FALSE,1,real resolved network anchor,chunk_a8a31155a0b2bb6655b5;chunk_2cb662e303c135aead81;chunk_6b0d64bd980aea95f64b;chunk_9f3933945423aa330977;chunk_fd890ca0e95c605dce18,candidate,Independent loss-mechanism evidence joined to co-reported entity component profiles with an exact formula balance.
tr_d0d39d221d54a2,ginsenoside,,ginsenoside Re3,ginsenoside Rf,entity_6853db04e14ae862,entity_aa500cbc70ff655a,loss of reported glc component,literature_inferred,,,,1,"[{""coefficient"":1,""entity_id"":""entity_6853db04e14ae862"",""role"":""substrate""}]","[{""coefficient"":1,""entity_id"":""entity_aa500cbc70ff655a"",""role"":""product""}]",0,substrate,0,network_preflight,unary_literature_transformation,loss_of_reported_glc_component,C48H82O19 -> C42H72O14,"[""form_d9656570fb5502cc""]","[""form_27b1c936bea52cc8""]",{},-162.052823,valid,unique_reported_entity,derivation_42bbe2be8b6a68,-162.052823,source_to_target,FALSE,1,real resolved network anchor,chunk_adad5f853e121b5f435a;chunk_15955d34e68303239283;chunk_1c1e6578ab8c9a02d5a4;chunk_882470a12bfb0084bea7;chunk_acc6e934be5d2cae972b;chunk_b9378f3b91b1ce003c5a,candidate,Independent loss-mechanism evidence joined to co-reported entity component profiles with an exact formula balance.
tr_e8e666d988ded4,ginsenoside,,Rg2 isomer,Ginsenoside F4,entity_193a93f5d8c84bcb,entity_16ef09efd21cef38,Dehydration of protopanaxatriol-type ginsenoside,literature_inferred,not_audited,literature_supported,allow_after_identity_gate,1,"[{""coefficient"":1,""entity_id"":""entity_193a93f5d8c84bcb"",""role"":""substrate""}]","[{""coefficient"":1,""entity_id"":""entity_16ef09efd21cef38"",""role"":""product""}]",0,substrate,0,network_preflight,Dehydration,condensation_h2o_loss,C42H72O13 -> C42H70O12,"[""form_c8afa3e79287ba7f""]","[""form_5878c122d72614e1""]","{""class_diagnostic_ids"":[],""core_fragment_evidence_ids"":[],""donor_fragment_evidence_ids"":[],""explicit_target_diagnostic_ids"":[],""reaction_fragment_evidence_ids"":[],""reported_target_fragment_ids"":[],""target_product_ion_ids"":[],""theoretical_catalog_ids"":[""fragment_32b977bf98720977"",""fragment_f699bf82e5e72acc""]}",-18.010565,valid,unique_reported_entity,derivation_09a525fdd5196e63,-18.010565,source_to_target,FALSE,1,exploratory_only_missing_target_fragments,reaction_fde2a80ac751aeed,candidate,Materialized from an evidence-backed variable-arity reaction template.
